country,year,y_true,y_pred,NRMSE,rRMSE,NMAE,nME,koppen_class
Lao People's Democratic Republic,1984,[1187.2],[1349.3721923828125],0.1366005663601857,13.66005663601857,0.1366005663601857,-0.1366005663601857,11
Lao People's Democratic Republic,1985,[1239.8],[1284.7911376953125],0.036289028629869775,3.6289028629869775,0.036289028629869775,-0.036289028629869775,11
Lao People's Democratic Republic,1986,[1406.7],[1293.19677734375],0.0806875827512974,8.068758275129738,0.0806875827512974,0.0806875827512974,11
Lao People's Democratic Republic,1987,[1442.6],[1265.989990234375],0.12242479534564323,12.242479534564323,0.12242479534564323,0.12242479534564323,11
Lao People's Democratic Republic,1988,[1344.0],[1508.21337890625],0.12218257359095983,12.218257359095983,0.12218257359095983,-0.12218257359095983,11
Lao People's Democratic Republic,1989,[1443.8],[1451.18310546875],0.0051136621891882846,0.5113662189188285,0.0051136621891882846,-0.0051136621891882846,11
Lao People's Democratic Republic,1990,[1815.3],[1516.6949462890625],0.16449350174127553,16.449350174127552,0.16449350174127553,0.16449350174127553,11
Lao People's Democratic Republic,1991,[2006.5],[1907.1513671875],0.04951339786319462,4.951339786319462,0.04951339786319462,0.04951339786319462,11
Lao People's Democratic Republic,1992,[1826.6],[2014.171630859375],0.10268894714736401,10.268894714736401,0.10268894714736401,-0.10268894714736401,11
Lao People's Democratic Republic,1993,[1753.6],[1858.25927734375],0.05968252585752173,5.968252585752173,0.05968252585752173,-0.05968252585752173,11
Lao People's Democratic Republic,1994,[1988.2],[1789.354248046875],0.10001295239569713,10.001295239569712,0.10001295239569713,0.10001295239569713,11
Lao People's Democratic Republic,1995,[1730.4],[1998.545654296875],0.1549616587476161,15.49616587476161,0.1549616587476161,-0.1549616587476161,11
Lao People's Democratic Republic,1996,[2089.2],[1758.8431396484375],0.15812601012424007,15.812601012424008,0.15812601012424007,0.15812601012424007,11
Lao People's Democratic Republic,1997,[2060.5],[1983.849365234375],0.03720001687242174,3.720001687242174,0.03720001687242174,0.03720001687242174,11
Lao People's Democratic Republic,1998,[2368.5],[2361.714111328125],0.0028650574928752374,0.28650574928752376,0.0028650574928752374,0.0028650574928752374,11
Lao People's Democratic Republic,1999,[2359.7],[2335.783935546875],0.010135213990390652,1.0135213990390652,0.010135213990390652,0.010135213990390652,11
Lao People's Democratic Republic,2000,[2387.8],[2751.8388671875],0.15245785542654317,15.245785542654316,0.15245785542654317,-0.15245785542654317,11
Lao People's Democratic Republic,2001,[2550.0],[2432.662353515625],0.04601476332720588,4.601476332720588,0.04601476332720588,0.04601476332720588,11
Lao People's Democratic Republic,2002,[2761.0],[2715.994140625],0.01630056478630931,1.6300564786309308,0.01630056478630931,0.01630056478630931,11
Lao People's Democratic Republic,2003,[2771.0],[2729.950439453125],0.0148139879274179,1.48139879274179,0.0148139879274179,0.0148139879274179,11
Lao People's Democratic Republic,2004,[3014.8],[2480.27734375],0.17729954101432935,17.729954101432934,0.17729954101432935,0.17729954101432935,11
Lao People's Democratic Republic,2005,[4332.1],[2719.9326171875],0.3721445448656541,37.214454486565415,0.3721445448656541,0.3721445448656541,11
Lao People's Democratic Republic,2006,[3953.3],[5141.43994140625],0.3005438346207598,30.05438346207598,0.3005438346207598,-0.3005438346207598,11
Lao People's Democratic Republic,2007,[4363.6],[4172.10400390625],0.043884864812024554,4.388486481202455,0.043884864812024554,0.043884864812024554,11
Lao People's Democratic Republic,2008,[4832.8],[5097.2666015625],0.05472326633887183,5.472326633887183,0.05472326633887183,-0.05472326633887183,11
Lao People's Democratic Republic,2009,[5464.3],[4834.1103515625],0.11532852303817509,11.53285230381751,0.11532852303817509,0.11532852303817509,11
Lao People's Democratic Republic,2010,[4798.6],[5444.3505859375],0.13457062183501428,13.457062183501428,0.13457062183501428,-0.13457062183501428,11
Lao People's Democratic Republic,2011,[5168.4],[5147.20361328125],0.004101150591817514,0.4101150591817514,0.004101150591817514,0.004101150591817514,11
Lao People's Democratic Republic,2012,[5718.5],[5118.9150390625],0.10485004125863426,10.485004125863426,0.10485004125863426,0.10485004125863426,11
Lao People's Democratic Republic,2013,[5726.0],[5825.4013671875],0.017359651971271393,1.7359651971271393,0.017359651971271393,-0.017359651971271393,11
Lao People's Democratic Republic,2014,[5803.3],[5428.6025390625],0.0645662745226854,6.45662745226854,0.0645662745226854,0.0645662745226854,11
Lao People's Democratic Republic,2015,[5968.9],[5459.3076171875],0.08537458875379042,8.537458875379041,0.08537458875379042,0.08537458875379042,11
Lao People's Democratic Republic,2016,[5995.8],[5916.8310546875],0.013170710382684575,1.3170710382684576,0.013170710382684575,0.013170710382684575,11
Lao People's Democratic Republic,2017,[5755.7],[5399.43115234375],0.06189843940029012,6.189843940029012,0.06189843940029012,0.06189843940029012,11
Lao People's Democratic Republic,2018,[5927.3],[5127.361328125],0.13495835740978188,13.495835740978187,0.13495835740978188,0.13495835740978188,11
Lao People's Democratic Republic,2019,[5230.2],[5173.51025390625],0.010838925106831444,1.0838925106831443,0.010838925106831444,0.010838925106831444,11
Lao People's Democratic Republic,2020,[5225.6],[5250.67578125],0.004798641543554737,0.4798641543554737,0.004798641543554737,-0.004798641543554737,11
Lao People's Democratic Republic,2021,[4826.0],[5336.37353515625],0.10575498034733734,10.575498034733734,0.10575498034733734,-0.10575498034733734,11
Lao People's Democratic Republic,2022,[4989.4],[5381.3310546875],0.0785527427521346,7.85527427521346,0.0785527427521346,-0.0785527427521346,11
El Salvador,1984,[2166.2],[2295.875],0.05986289354630237,5.986289354630237,0.05986289354630237,-0.05986289354630237,3
El Salvador,1985,[1954.4],[2122.61962890625],0.0860722620273485,8.60722620273485,0.0860722620273485,-0.0860722620273485,3
El Salvador,1986,[1696.0],[1910.77587890625],0.12663672105321344,12.663672105321345,0.12663672105321344,-0.12663672105321344,3
El Salvador,1987,[2073.8],[1814.9927978515625],0.12479853512799578,12.479853512799579,0.12479853512799578,0.12479853512799578,3
El Salvador,1988,[2113.7],[2026.1650390625],0.041413143273643295,4.14131432736433,0.041413143273643295,0.041413143273643295,3
El Salvador,1989,[2130.1],[2153.7021484375],0.011080300660767144,1.1080300660767144,0.011080300660767144,-0.011080300660767144,3
El Salvador,1990,[2138.3],[2030.339111328125],0.05048912157876592,5.048912157876592,0.05048912157876592,0.05048912157876592,3
El Salvador,1991,[1644.8],[2067.967041015625],0.25727568155132846,25.727568155132847,0.25727568155132846,-0.25727568155132846,3
El Salvador,1992,[2198.9],[1823.94189453125],0.17052076286722911,17.05207628672291,0.17052076286722911,0.17052076286722911,3
El Salvador,1993,[2048.2],[1959.397705078125],0.04335626155740398,4.335626155740398,0.04335626155740398,0.04335626155740398,3
El Salvador,1994,[1524.5],[1938.9344482421875],0.27184942488828306,27.184942488828305,0.27184942488828306,-0.27184942488828306,3
El Salvador,1995,[2197.2],[2079.77490234375],0.05344306283280986,5.344306283280986,0.05344306283280986,0.05344306283280986,3
El Salvador,1996,[2257.2],[2165.34423828125],0.0406945603928539,4.06945603928539,0.0406945603928539,0.0406945603928539,3
El Salvador,1997,[1658.2],[1953.4593505859375],0.17806015594375676,17.806015594375676,0.17806015594375676,-0.17806015594375676,3
El Salvador,1998,[1906.2],[2193.4814453125],0.15070897351405935,15.070897351405934,0.15070897351405935,-0.15070897351405935,3
El Salvador,1999,[2504.7],[2058.806884765625],0.17802256367404273,17.802256367404272,0.17802256367404273,0.17802256367404273,3
El Salvador,2000,[2247.5],[1651.3870849609375],0.26523377754796995,26.523377754796996,0.26523377754796995,0.26523377754796995,3
El Salvador,2001,[1943.1],[2125.57373046875],0.0939085638766662,9.39085638766662,0.0939085638766662,-0.0939085638766662,3
El Salvador,2002,[2604.1],[2045.7132568359375],0.2144259986805662,21.442599868056618,0.2144259986805662,0.2144259986805662,3
El Salvador,2003,[2747.1],[2925.49755859375],0.06494032201002879,6.494032201002879,0.06494032201002879,-0.06494032201002879,3
El Salvador,2004,[2764.1],[2994.5791015625],0.08338305472396082,8.338305472396081,0.08338305472396082,-0.08338305472396082,3
El Salvador,2005,[2943.4],[2984.072998046875],0.013818372646216928,1.3818372646216928,0.013818372646216928,-0.013818372646216928,3
El Salvador,2006,[3079.4],[2905.83984375],0.056361679629148564,5.636167962914857,0.056361679629148564,0.056361679629148564,3
El Salvador,2007,[2910.7],[2986.114013671875],0.025909236153459712,2.590923615345971,0.025909236153459712,-0.025909236153459712,3
El Salvador,2008,[3389.5],[2611.055419921875],0.22966354331852043,22.966354331852042,0.22966354331852043,0.22966354331852043,3
El Salvador,2009,[3004.1],[3160.101806640625],0.05192963171686199,5.192963171686199,0.05192963171686199,-0.05192963171686199,3
El Salvador,2010,[3025.3],[2890.09228515625],0.0446923329401217,4.469233294012169,0.0446923329401217,0.0446923329401217,3
El Salvador,2011,[2818.1],[3111.028076171875],0.10394523834210109,10.394523834210109,0.10394523834210109,-0.10394523834210109,3
El Salvador,2012,[3258.0],[2993.06494140625],0.08131831141612952,8.131831141612953,0.08131831141612952,0.08131831141612952,3
El Salvador,2013,[2946.1],[2928.276611328125],0.0060498247418196635,0.6049824741819664,0.0060498247418196635,0.0060498247418196635,3
El Salvador,2014,[2606.4],[2731.515380859375],0.04800313875820093,4.800313875820093,0.04800313875820093,-0.04800313875820093,3
El Salvador,2015,[2511.0],[2621.251220703125],0.043907296178066504,4.390729617806651,0.043907296178066504,-0.043907296178066504,3
El Salvador,2016,[3042.5],[2677.2470703125],0.12005026448233361,12.00502644823336,0.12005026448233361,0.12005026448233361,3
El Salvador,2017,[3186.7],[3035.479248046875],0.04745371448618471,4.745371448618471,0.04745371448618471,0.04745371448618471,3
El Salvador,2018,[2531.2],[3014.53369140625],0.19095041537857546,19.095041537857547,0.19095041537857546,-0.19095041537857546,3
El Salvador,2019,[2971.5],[2997.5361328125],0.008761949457344775,0.8761949457344774,0.008761949457344775,-0.008761949457344775,3
El Salvador,2020,[2949.4],[3011.414306640625],0.021026075351130706,2.1026075351130706,0.021026075351130706,-0.021026075351130706,3
El Salvador,2021,[3177.1],[2981.651123046875],0.061518012323541885,6.151801232354188,0.061518012323541885,0.061518012323541885,3
El Salvador,2022,[2896.6],[2774.5205078125],0.042145788920631054,4.2145788920631055,0.042145788920631054,0.042145788920631054,3
Ghana,1984,[961.3],[1257.001220703125],0.3076055557090659,30.76055557090659,0.3076055557090659,-0.3076055557090659,3
Ghana,1985,[1008.6],[1027.5919189453125],0.018829981107785523,1.8829981107785523,0.018829981107785523,-0.018829981107785523,3
Ghana,1986,[1184.5],[1106.3314208984375],0.0659928907569122,6.59928907569122,0.0659928907569122,0.0659928907569122,3
Ghana,1987,[1090.7],[1227.1676025390625],0.1251192835234826,12.511928352348258,0.1251192835234826,-0.1251192835234826,3
Ghana,1988,[1390.7],[1232.9842529296875],0.11340745456986592,11.340745456986593,0.11340745456986592,0.11340745456986592,3
Ghana,1989,[1261.0],[1423.504150390625],0.12886927073007534,12.886927073007534,0.12886927073007534,-0.12886927073007534,3
Ghana,1990,[1188.9],[1198.6424560546875],0.00819451262064716,0.819451262064716,0.00819451262064716,-0.00819451262064716,3
Ghana,1991,[1526.0],[1420.9010009765625],0.06887221430107307,6.887221430107307,0.06887221430107307,0.06887221430107307,3
Ghana,1992,[1204.0],[1504.414794921875],0.2495139492706603,24.95139492706603,0.2495139492706603,-0.2495139492706603,3
Ghana,1993,[1509.2],[1244.767822265625],0.17521347583777833,17.521347583777832,0.17521347583777833,0.17521347583777833,3
Ghana,1994,[1493.3],[1491.2681884765625],0.0013606184446778643,0.13606184446778644,0.0013606184446778643,0.0013606184446778643,3
Ghana,1995,[1502.0],[1553.1136474609375],0.03403039111913282,3.4030391119132823,0.03403039111913282,-0.03403039111913282,3
Ghana,1996,[1515.3],[1456.445556640625],0.03884012628481156,3.884012628481156,0.03884012628481156,0.03884012628481156,3
Ghana,1997,[1528.5],[1502.721435546875],0.016865269514638535,1.6865269514638535,0.016865269514638535,0.016865269514638535,3
Ghana,1998,[1485.0],[1423.978515625],0.04109190867003367,4.109190867003367,0.04109190867003367,0.04109190867003367,3
Ghana,1999,[1455.7],[1535.9351806640625],0.05511793684417288,5.511793684417288,0.05511793684417288,-0.05511793684417288,3
Ghana,2000,[1457.8],[1444.897216796875],0.008850859653673313,0.8850859653673313,0.008850859653673313,0.008850859653673313,3
Ghana,2001,[1315.0],[1430.1912841796875],0.08759793473740494,8.759793473740494,0.08759793473740494,-0.08759793473740494,3
Ghana,2002,[1490.0],[1384.98291015625],0.07048126835151007,7.048126835151007,0.07048126835151007,0.07048126835151007,3
Ghana,2003,[1627.2],[1527.5792236328125],0.06122220769861575,6.122220769861575,0.06122220769861575,0.06122220769861575,3
Ghana,2004,[1579.4],[1566.7724609375],0.007995149463403881,0.7995149463403881,0.007995149463403881,0.007995149463403881,3
Ghana,2005,[1561.3],[1489.096435546875],0.04624579802288155,4.624579802288155,0.04624579802288155,0.04624579802288155,3
Ghana,2006,[1499.4],[1531.8067626953125],0.021613153725031618,2.1613153725031617,0.021613153725031618,-0.021613153725031618,3
Ghana,2007,[1543.7],[1716.285400390625],0.11179983182653686,11.179983182653686,0.11179983182653686,-0.11179983182653686,3
Ghana,2008,[1737.1],[1627.371826171875],0.06316744794664954,6.316744794664954,0.06316744794664954,0.06316744794664954,3
Ghana,2009,[1696.9],[1807.5567626953125],0.0652111277596278,6.52111277596278,0.0652111277596278,-0.0652111277596278,3
Ghana,2010,[1887.4],[1737.876708984375],0.07922183480747329,7.922183480747329,0.07922183480747329,0.07922183480747329,3
Ghana,2011,[1645.8],[1821.9571533203125],0.10703436220701941,10.70343622070194,0.10703436220701941,-0.10703436220701941,3
Ghana,2012,[1871.2],[1766.328125],0.05604525171013256,5.604525171013256,0.05604525171013256,0.05604525171013256,3
Ghana,2013,[1724.0],[1801.8795166015625],0.04517373352758846,4.517373352758846,0.04517373352758846,-0.04517373352758846,3
Ghana,2014,[1729.1],[1704.036376953125],0.014495184226982193,1.4495184226982194,0.014495184226982193,0.014495184226982193,3
Ghana,2015,[1921.8],[1506.97314453125],0.21585329142925902,21.5853291429259,0.21585329142925902,0.21585329142925902,3
Ghana,2016,[1950.0],[2287.458251953125],0.1730555138221154,17.30555138221154,0.1730555138221154,-0.1730555138221154,3
Ghana,2017,[2011.2],[1942.69580078125],0.034061356015687175,3.4061356015687174,0.034061356015687175,0.034061356015687175,3
Ghana,2018,[2258.9],[2401.33837890625],0.06305652260226212,6.3056522602262115,0.06305652260226212,-0.06305652260226212,3
Ghana,2019,[2531.3],[2255.387451171875],0.10900033533288238,10.900033533288237,0.10900033533288238,0.10900033533288238,3
Ghana,2020,[2582.8],[2498.514404296875],0.03263341942973717,3.2633419429737174,0.03263341942973717,0.03263341942973717,3
Ghana,2021,[2530.0],[2532.198974609375],0.0008691599246541502,0.08691599246541502,0.0008691599246541502,-0.0008691599246541502,3
Ghana,2022,[2504.4],[2525.897216796875],0.00858377926723962,0.8583779267239621,0.00858377926723962,-0.00858377926723962,3
Botswana,1984,[148.5],[209.88978576660156],0.4133992307515257,41.33992307515257,0.4133992307515257,-0.4133992307515257,6
Botswana,1985,[181.6],[312.8800964355469],0.7229080200195312,72.29080200195312,0.7229080200195312,-0.7229080200195312,6
Botswana,1986,[409.1],[153.6550750732422],0.6244070518864772,62.44070518864772,0.6244070518864772,0.6244070518864772,6
Botswana,1987,[606.5],[260.8023376464844],0.5699879016546012,56.99879016546012,0.5699879016546012,0.5699879016546012,6
Botswana,1988,[232.2],[281.05743408203125],0.21041099949195205,21.041099949195203,0.21041099949195205,-0.21041099949195205,6
Botswana,1989,[377.9],[357.1586608886719],0.05488578753989972,5.488578753989972,0.05488578753989972,0.05488578753989972,6
Botswana,1990,[289.9],[304.70220947265625],0.051059708425858136,5.105970842585814,0.051059708425858136,-0.051059708425858136,6
Botswana,1991,[396.2],[342.3076171875],0.13602317721479049,13.602317721479048,0.13602317721479049,0.13602317721479049,6
Botswana,1992,[189.9],[278.4237365722656],0.4661597502488974,46.615975024889735,0.4661597502488974,-0.4661597502488974,6
Botswana,1993,[135.3],[161.33486938476562],0.19242327704926543,19.24232770492654,0.19242327704926543,-0.19242327704926543,6
Botswana,1994,[169.8],[179.3125762939453],0.056022239658099535,5.602223965809953,0.056022239658099535,-0.056022239658099535,6
Botswana,1995,[947.7],[331.5320739746094],0.6501719173001906,65.01719173001906,0.6501719173001906,0.6501719173001906,6
Botswana,1996,[246.3],[202.8880157470703],0.1762565337106362,17.62565337106362,0.1762565337106362,0.1762565337106362,6
Botswana,1997,[286.7],[290.7743225097656],0.01421110048749786,1.421110048749786,0.01421110048749786,-0.01421110048749786,6
Botswana,1998,[91.0],[167.27455139160156],0.838181883424193,83.81818834241929,0.838181883424193,-0.838181883424193,6
Botswana,1999,[111.1],[147.8516387939453],0.3307978289284007,33.07978289284007,0.3307978289284007,-0.3307978289284007,6
Botswana,2000,[112.3],[262.79473876953125],1.340113435169468,134.0113435169468,1.340113435169468,-1.340113435169468,6
Botswana,2001,[199.2],[227.30978393554688],0.1411133731704161,14.111337317041611,0.1411133731704161,-0.1411133731704161,6
Botswana,2002,[294.7],[212.9337921142578],0.27745574443753707,27.745574443753707,0.27745574443753707,0.27745574443753707,6
Botswana,2003,[214.4],[182.45162963867188],0.1490129214614185,14.90129214614185,0.1490129214614185,0.1490129214614185,6
Botswana,2004,[174.3],[233.14923095703125],0.33763184714303635,33.763184714303634,0.33763184714303635,-0.33763184714303635,6
Botswana,2005,[229.7],[207.2837371826172],0.0975893026442438,9.75893026442438,0.0975893026442438,0.0975893026442438,6
Botswana,2006,[251.1],[221.9217529296875],0.11620170079773992,11.620170079773992,0.11620170079773992,0.11620170079773992,6
Botswana,2007,[121.9],[226.7418212890625],0.86006416151815,86.006416151815,0.86006416151815,-0.86006416151815,6
Botswana,2008,[184.4],[191.62889099121094],0.03920222880266232,3.920222880266232,0.03920222880266232,-0.03920222880266232,6
Botswana,2009,[242.9],[245.6552734375],0.011343241817620395,1.1343241817620395,0.011343241817620395,-0.011343241817620395,6
Botswana,2010,[161.7],[306.29656982421875],0.8942273953260282,89.42273953260282,0.8942273953260282,-0.8942273953260282,6
Botswana,2011,[347.3],[231.34298706054688],0.33388140783027104,33.388140783027104,0.33388140783027104,0.33388140783027104,6
Botswana,2012,[137.0],[178.03573608398438],0.29953092032105383,29.95309203210538,0.29953092032105383,-0.29953092032105383,6
Botswana,2013,[84.9],[221.78904724121094],1.6123562690366422,161.2356269036642,1.6123562690366422,-1.6123562690366422,6
Botswana,2014,[274.0],[193.23187255859375],0.2947741877423586,29.477418774235858,0.2947741877423586,0.2947741877423586,6
Botswana,2015,[255.2],[219.25448608398438],0.14085232725711447,14.085232725711446,0.14085232725711447,0.14085232725711447,6
Botswana,2016,[250.3],[272.05279541015625],0.08690689336858265,8.690689336858265,0.08690689336858265,-0.08690689336858265,6
Botswana,2017,[240.3],[242.65277099609375],0.009790973766515765,0.9790973766515766,0.009790973766515765,-0.009790973766515765,6
Botswana,2018,[321.5],[189.48800659179688],0.4106127322183612,41.06127322183612,0.4106127322183612,0.4106127322183612,6
Botswana,2019,[202.9],[264.98016357421875],0.3059643350133994,30.59643350133994,0.3059643350133994,-0.3059643350133994,6
Botswana,2020,[667.0],[182.87794494628906],0.7258201724943193,72.58201724943193,0.7258201724943193,0.7258201724943193,6
Botswana,2021,[798.0],[639.1370239257812],0.19907641112057486,19.907641112057487,0.19907641112057486,0.19907641112057486,6
Botswana,2022,[502.7],[651.7574462890625],0.29651371849823455,29.651371849823455,0.29651371849823455,-0.29651371849823455,6
Egypt,1984,[4455.4],[4604.775390625],0.03352681928109718,3.352681928109718,0.03352681928109718,-0.03352681928109718,4
Egypt,1985,[4584.6],[4757.13623046875],0.03763386783334416,3.7633867833344157,0.03763386783334416,-0.03763386783334416,4
Egypt,1986,[4990.3],[4584.75634765625],0.0812663872600345,8.126638726003451,0.0812663872600345,0.0812663872600345,4
Egypt,1987,[4757.1],[5116.33642578125],0.0755158449015681,7.551584490156809,0.0755158449015681,-0.0755158449015681,4
Egypt,1988,[4965.0],[4782.3916015625],0.03677913362286002,3.677913362286002,0.03677913362286002,0.03677913362286002,4
Egypt,1989,[5380.4],[5009.3271484375],0.06896752129256183,6.896752129256183,0.06896752129256183,0.06896752129256183,4
Egypt,1990,[5780.3],[5375.98828125],0.06994649391035071,6.994649391035071,0.06994649391035071,0.06994649391035071,4
Egypt,1991,[5895.1],[5826.1982421875],0.011687970994978942,1.1687970994978942,0.011687970994978942,0.011687970994978942,4
Egypt,1992,[6134.6],[5868.59228515625],0.043361867903979126,4.336186790397913,0.043361867903979126,0.043361867903979126,4
Egypt,1993,[6078.0],[5932.23193359375],0.02398290003393386,2.3982900033933863,0.02398290003393386,0.02398290003393386,4
Egypt,1994,[5906.5],[7512.6943359375],0.27193673680479136,27.193673680479137,0.27193673680479136,-0.27193673680479136,4
Egypt,1995,[6163.0],[6019.40283203125],0.02329988122160474,2.329988122160474,0.02329988122160474,0.02329988122160474,4
Egypt,1996,[6952.3],[6241.76806640625],0.10220098867910622,10.220098867910622,0.10220098867910622,0.10220098867910622,4
Egypt,1997,[7129.8],[7143.99951171875],0.001991572234669951,0.1991572234669951,0.001991572234669951,-0.001991572234669951,4
Egypt,1998,[7225.7],[7541.623046875],0.04372213721507953,4.372213721507953,0.04372213721507953,-0.04372213721507953,4
Egypt,1999,[7517.4],[6460.95361328125],0.1405334805542807,14.053348055428069,0.1405334805542807,0.1405334805542807,4
Egypt,2000,[7680.0],[7314.5615234375],0.04758313496907552,4.758313496907552,0.04758313496907552,0.04758313496907552,4
Egypt,2001,[6979.8],[7728.0703125],0.1072051222814407,10.72051222814407,0.1072051222814407,-0.1072051222814407,4
Egypt,2002,[7765.6],[7553.46337890625],0.02731747979470361,2.731747979470361,0.02731747979470361,0.02731747979470361,4
Egypt,2003,[7829.3],[7802.20654296875],0.003460520995650975,0.3460520995650975,0.003460520995650975,0.003460520995650975,4
Egypt,2004,[7908.7],[8058.37158203125],0.018924928500417285,1.8924928500417284,0.018924928500417285,-0.018924928500417285,4
Egypt,2005,[8160.7],[8079.86376953125],0.009905551051839894,0.9905551051839894,0.009905551051839894,0.009905551051839894,4
Egypt,2006,[8370.5],[7985.7294921875],0.045967446127770144,4.596744612777014,0.045967446127770144,0.045967446127770144,4
Egypt,2007,[8046.3],[7945.6083984375],0.012514025274039022,1.2514025274039022,0.012514025274039022,0.012514025274039022,4
Egypt,2008,[7905.3],[4951.30126953125],0.37367319778740216,37.36731977874022,0.37367319778740216,0.37367319778740216,4
Egypt,2009,[7818.4],[7756.15673828125],0.007961125258204957,0.7961125258204957,0.007961125258204957,0.007961125258204957,4
Egypt,2010,[7270.0],[7242.06591796875],0.003842377170735901,0.38423771707359006,0.003842377170735901,0.003842377170735901,4
Egypt,2011,[7740.9],[7558.53173828125],0.023559051495142636,2.3559051495142636,0.023559051495142636,0.023559051495142636,4
Egypt,2012,[7772.3],[7884.0615234375],0.014379465980147423,1.4379465980147423,0.014379465980147423,-0.014379465980147423,4
Egypt,2013,[7722.3],[7756.6416015625],0.0044470690807790186,0.44470690807790186,0.0044470690807790186,-0.0044470690807790186,4
Egypt,2014,[7755.6],[7603.53173828125],0.0196075431583308,1.9607543158330802,0.0196075431583308,0.0196075431583308,4
Egypt,2015,[7354.6],[7733.0966796875],0.05146393817304811,5.146393817304811,0.05146393817304811,-0.05146393817304811,4
Egypt,2016,[7607.1],[7580.5341796875],0.0034922401851560205,0.34922401851560203,0.0034922401851560205,0.0034922401851560205,4
Egypt,2017,[7789.5],[7899.63671875],0.014139125585724372,1.4139125585724373,0.014139125585724372,-0.014139125585724372,4
Egypt,2018,[7516.2],[7804.62939453125],0.038374363977974266,3.8374363977974264,0.038374363977974266,-0.038374363977974266,4
Egypt,2019,[4951.3],[8007.953125],0.6173435511885766,61.734355118857664,0.6173435511885766,-0.6173435511885766,4
Egypt,2020,[7776.7],[7709.06494140625],0.008697141280202375,0.8697141280202375,0.008697141280202375,0.008697141280202375,4
Egypt,2021,[7827.6],[7757.75537109375],0.008922866383853334,0.8922866383853334,0.008922866383853334,0.008922866383853334,4
Egypt,2022,[8064.5],[7877.580078125],0.023178116668733338,2.3178116668733337,0.023178116668733338,0.023178116668733338,4
Ecuador,1984,[1329.4],[1015.5331420898438],0.23609662848665286,23.609662848665288,0.23609662848665286,0.23609662848665286,1
Ecuador,1985,[1621.4],[1165.648193359375],0.28108536242791726,28.108536242791725,0.28108536242791726,0.28108536242791726,1
Ecuador,1986,[973.7],[1233.42822265625],0.26674357877811433,26.674357877811435,0.26674357877811433,-0.26674357877811433,1
Ecuador,1987,[916.3],[1026.5623779296875],0.12033436421443583,12.033436421443582,0.12033436421443583,-0.12033436421443583,1
Ecuador,1988,[881.6],[1241.317138671875],0.40802760738642807,40.80276073864281,0.40802760738642807,-0.40802760738642807,1
Ecuador,1989,[1091.7],[1019.4845581054688],0.06614952999407464,6.614952999407464,0.06614952999407464,0.06614952999407464,1
Ecuador,1990,[1060.2],[1452.328125],0.3698624080362195,36.98624080362195,0.3698624080362195,-0.3698624080362195,1
Ecuador,1991,[1382.1],[1109.25341796875],0.19741450114409226,19.741450114409226,0.19741450114409226,0.19741450114409226,1
Ecuador,1992,[1041.6],[1084.4334716796875],0.041122764669438934,4.112276466943894,0.041122764669438934,-0.041122764669438934,1
Ecuador,1993,[1144.2],[1058.2525634765625],0.07511574595650895,7.511574595650895,0.07511574595650895,0.07511574595650895,1
Ecuador,1994,[1120.8],[1469.8778076171875],0.31145414669627725,31.145414669627726,0.31145414669627725,-0.31145414669627725,1
Ecuador,1995,[1155.1],[1086.3165283203125],0.05954763369378185,5.954763369378185,0.05954763369378185,0.05954763369378185,1
Ecuador,1996,[1142.5],[1329.4530029296875],0.16363501350519694,16.363501350519694,0.16363501350519694,-0.16363501350519694,1
Ecuador,1997,[1148.2],[1321.633544921875],0.15104820146479267,15.104820146479266,0.15104820146479267,-0.15104820146479267,1
Ecuador,1998,[1074.3],[1137.781494140625],0.05909103056932426,5.909103056932426,0.05909103056932426,-0.05909103056932426,1
Ecuador,1999,[1181.3],[1391.2918701171875],0.1777633709618112,17.77633709618112,0.1777633709618112,-0.1777633709618112,1
Ecuador,2000,[1461.4],[1117.8994140625],0.23504898449260989,23.50489844926099,0.23504898449260989,0.23504898449260989,1
Ecuador,2001,[764.2],[1470.8746337890625],0.9247247236182444,92.47247236182444,0.9247247236182444,-0.9247247236182444,1
Ecuador,2002,[1431.9],[1134.188232421875],0.20791379815498642,20.791379815498644,0.20791379815498642,0.20791379815498642,1
Ecuador,2003,[1689.8],[1157.2093505859375],0.31517969547524116,31.517969547524118,0.31517969547524116,0.31517969547524116,1
Ecuador,2004,[1884.1],[1302.6258544921875],0.30862170028544794,30.862170028544796,0.30862170028544794,0.30862170028544794,1
Ecuador,2005,[2123.2],[1787.691650390625],0.15802013451835664,15.802013451835665,0.15802013451835664,0.15802013451835664,1
Ecuador,2006,[1877.6],[2144.07373046875],0.14192252368382516,14.192252368382515,0.14192252368382516,-0.14192252368382516,1
Ecuador,2007,[2310.5],[1872.7545166015625],0.18945920077837589,18.945920077837588,0.18945920077837589,0.18945920077837589,1
Ecuador,2008,[2244.2],[2207.89453125],0.016177465800730692,1.6177465800730693,0.016177465800730692,0.016177465800730692,1
Ecuador,2009,[2200.3],[2054.06787109375],0.06646008676373684,6.646008676373684,0.06646008676373684,0.06646008676373684,1
Ecuador,2010,[2234.8],[2025.6473388671875],0.09358898386111181,9.35889838611118,0.09358898386111181,0.09358898386111181,1
Ecuador,2011,[1667.2],[2330.738525390625],0.39799575659226544,39.79957565922654,0.39799575659226544,-0.39799575659226544,1
Ecuador,2012,[2732.4],[1921.947021484375],0.2966084682021758,29.66084682021758,0.2966084682021758,0.2966084682021758,1
Ecuador,2013,[2370.2],[2750.16015625],0.16030721299890313,16.030721299890313,0.16030721299890313,-0.16030721299890313,1
Ecuador,2014,[3433.6],[2957.769287109375],0.13858070622397045,13.858070622397046,0.13858070622397045,0.13858070622397045,1
Ecuador,2015,[4466.9],[3457.260986328125],0.22602677778143113,22.602677778143114,0.22602677778143113,0.22602677778143113,1
Ecuador,2016,[3564.6],[3836.046875],0.07615072518655672,7.615072518655672,0.07615072518655672,-0.07615072518655672,1
Ecuador,2017,[4002.3],[3918.341796875],0.020977488725233036,2.0977488725233036,0.020977488725233036,0.020977488725233036,1
Ecuador,2018,[3624.5],[3705.746826171875],0.022416009428024554,2.2416009428024553,0.022416009428024554,-0.022416009428024554,1
Ecuador,2019,[4583.5],[4010.35009765625],0.12504634064443113,12.504634064443113,0.12504634064443113,0.12504634064443113,1
Ecuador,2020,[3823.3],[4270.22314453125],0.11689460532295394,11.689460532295394,0.11689460532295394,-0.11689460532295394,1
Ecuador,2021,[4641.3],[4511.966796875],0.02786572794798875,2.786572794798875,0.02786572794798875,0.02786572794798875,1
Ecuador,2022,[4527.6],[3873.90234375],0.14438061141664466,14.438061141664466,0.14438061141664466,0.14438061141664466,1
Zambia,1984,[1721.1],[2246.56787109375],0.3053093202566673,30.53093202566673,0.3053093202566673,-0.3053093202566673,11
Zambia,1985,[1928.9],[1941.494873046875],0.00652956246921816,0.652956246921816,0.00652956246921816,-0.00652956246921816,11
Zambia,1986,[2091.1],[2134.265869140625],0.02064266134600215,2.064266134600215,0.02064266134600215,-0.02064266134600215,11
Zambia,1987,[1744.7],[1745.38916015625],0.00039500209563246086,0.03950020956324608,0.00039500209563246086,-0.00039500209563246086,11
Zambia,1988,[2687.4],[1471.26708984375],0.4525314095989618,45.25314095989618,0.4525314095989618,0.4525314095989618,11
Zambia,1989,[1807.8],[2165.325927734375],0.19776851849450994,19.776851849450992,0.19776851849450994,-0.19776851849450994,11
Zambia,1990,[1431.6],[2414.821044921875],0.6867987181628075,68.67987181628075,0.6867987181628075,-0.6867987181628075,11
Zambia,1991,[1714.0],[2022.8126220703125],0.1801707246617926,18.01707246617926,0.1801707246617926,-0.1801707246617926,11
Zambia,1992,[731.1],[1745.6029052734375],1.3876390442804507,138.76390442804507,1.3876390442804507,-1.3876390442804507,11
Zambia,1993,[2522.8],[1772.4906005859375],0.2974113680886565,29.741136808865647,0.2974113680886565,0.2974113680886565,11
Zambia,1994,[1502.5],[1348.9068603515625],0.10222505134671381,10.222505134671382,0.10222505134671381,0.10222505134671381,11
Zambia,1995,[1418.5],[1813.1181640625],0.27819398241980964,27.819398241980963,0.27819398241980964,-0.27819398241980964,11
Zambia,1996,[2086.4],[1501.789794921875],0.28020044338483757,28.020044338483757,0.28020044338483757,0.28020044338483757,11
Zambia,1997,[1479.4],[1990.5531005859375],0.34551378977013475,34.55137897701348,0.34551378977013475,-0.34551378977013475,11
Zambia,1998,[1250.3],[1695.719970703125],0.3562504764481525,35.62504764481525,0.3562504764481525,-0.3562504764481525,11
Zambia,1999,[1375.9],[2200.21337890625],0.5991084954620611,59.910849546206116,0.5991084954620611,-0.5991084954620611,11
Zambia,2000,[1772.0],[1858.3204345703125],0.04871356352726439,4.87135635272644,0.04871356352726439,-0.04871356352726439,11
Zambia,2001,[1378.0],[1690.608154296875],0.22685642546943033,22.685642546943033,0.22685642546943033,-0.22685642546943033,11
Zambia,2002,[1670.9],[1635.1241455078125],0.021411128429102633,2.1411128429102635,0.021411128429102633,0.021411128429102633,11
Zambia,2003,[1725.6],[1560.9892578125],0.0953933369190426,9.53933369190426,0.0953933369190426,0.0953933369190426,11
Zambia,2004,[1923.9],[2016.2401123046875],0.047996315975200064,4.799631597520007,0.047996315975200064,-0.047996315975200064,11
Zambia,2005,[1859.4],[1444.5001220703125],0.22313642999337827,22.313642999337826,0.22313642999337827,0.22313642999337827,11
Zambia,2006,[2301.3],[1950.379150390625],0.15248809351643644,15.248809351643644,0.15248809351643644,0.15248809351643644,11
Zambia,2007,[2334.2],[2476.3720703125],0.06090826420722312,6.090826420722312,0.06090826420722312,-0.06090826420722312,11
Zambia,2008,[2244.2],[2252.621826171875],0.0037527075001671786,0.37527075001671784,0.0037527075001671786,-0.0037527075001671786,11
Zambia,2009,[2069.2],[2247.150390625],0.08599960884641417,8.599960884641417,0.08599960884641417,-0.08599960884641417,11
Zambia,2010,[2587.1],[2481.063232421875],0.04098672937966252,4.098672937966253,0.04098672937966252,0.04098672937966252,11
Zambia,2011,[2741.4],[2586.580078125],0.056474765402713976,5.647476540271398,0.056474765402713976,0.056474765402713976,11
Zambia,2012,[2654.5],[2569.66064453125],0.03196057843991335,3.196057843991335,0.03196057843991335,0.03196057843991335,11
Zambia,2013,[2538.2],[2584.738037109375],0.01833505520028965,1.833505520028965,0.01833505520028965,-0.01833505520028965,11
Zambia,2014,[2780.2],[2695.554931640625],0.030445675979920445,3.0445675979920446,0.030445675979920445,0.030445675979920445,11
Zambia,2015,[3031.0],[2506.189453125],0.1731476565077532,17.31476565077532,0.1731476565077532,0.1731476565077532,11
Zambia,2016,[2481.6],[2437.1875],0.017896719858155993,1.7896719858155992,0.017896719858155993,0.017896719858155993,11
Zambia,2017,[2515.1],[2365.558349609375],0.05945753663497472,5.945753663497472,0.05945753663497472,0.05945753663497472,11
Zambia,2018,[2205.2],[2434.361328125],0.10391861424133875,10.391861424133875,0.10391861424133875,-0.10391861424133875,11
Zambia,2019,[2381.4],[2556.834716796875],0.07366873133319682,7.3668731333196815,0.07366873133319682,-0.07366873133319682,11
Zambia,2020,[2540.2],[2166.187255859375],0.147237518361005,14.723751836100499,0.147237518361005,0.147237518361005,11
Zambia,2021,[2567.4],[2445.396728515625],0.04752016494678472,4.752016494678472,0.04752016494678472,0.04752016494678472,11
Zambia,2022,[2426.1],[2249.720703125],0.07270075300894437,7.270075300894437,0.07270075300894437,0.07270075300894437,11
Togo,1984,[929.4],[859.353271484375],0.07536768723437161,7.536768723437161,0.07536768723437161,0.07536768723437161,3
Togo,1985,[906.1],[958.2865600585938],0.057594702636125955,5.759470263612595,0.057594702636125955,-0.057594702636125955,3
Togo,1986,[645.4],[951.0704345703125],0.47361393642750627,47.36139364275063,0.47361393642750627,-0.47361393642750627,3
Togo,1987,[765.2],[984.7744140625],0.28695035815799785,28.695035815799784,0.28695035815799785,-0.28695035815799785,3
Togo,1988,[1109.9],[1006.2366333007812],0.09339883475918447,9.339883475918446,0.09339883475918447,0.09339883475918447,3
Togo,1989,[1073.4],[846.4138793945312],0.211464617668594,21.1464617668594,0.211464617668594,0.211464617668594,3
Togo,1990,[965.3],[968.6747436523438],0.003496056824141506,0.3496056824141506,0.003496056824141506,-0.003496056824141506,3
Togo,1991,[906.0],[1070.6402587890625],0.1817221399437776,18.17221399437776,0.1817221399437776,-0.1817221399437776,3
Togo,1992,[1014.0],[879.9627685546875],0.13218661878235946,13.218661878235945,0.13218661878235946,0.13218661878235946,3
Togo,1993,[1159.9],[949.1254272460938],0.18171788322605942,18.17178832260594,0.18171788322605942,0.18171788322605942,3
Togo,1994,[930.6],[1044.701904296875],0.12261111572842787,12.261111572842786,0.12261111572842787,-0.12261111572842787,3
Togo,1995,[855.3],[980.4140014648438],0.14628083884583631,14.628083884583631,0.14628083884583631,-0.14628083884583631,3
Togo,1996,[940.4],[939.1883544921875],0.0012884363120081639,0.12884363120081638,0.0012884363120081639,0.0012884363120081639,3
Togo,1997,[1067.6],[975.4948120117188],0.0862731247548531,8.62731247548531,0.0862731247548531,0.0862731247548531,3
Togo,1998,[867.3],[987.7838745117188],0.13891833795885944,13.891833795885944,0.13891833795885944,-0.13891833795885944,3
Togo,1999,[1197.9],[925.03662109375],0.22778477244031228,22.77847724403123,0.22778477244031228,0.22778477244031228,3
Togo,2000,[1202.0],[1128.135986328125],0.061450926515703,6.1450926515703,0.061450926515703,0.061450926515703,3
Togo,2001,[1307.1],[959.9068603515625],0.265620946865915,26.562094686591497,0.265620946865915,0.265620946865915,3
Togo,2002,[1265.2],[1213.0064697265625],0.04125318548327343,4.125318548327344,0.04125318548327343,0.04125318548327343,3
Togo,2003,[1272.8],[1103.593017578125],0.13294074671737505,13.294074671737505,0.13294074671737505,0.13294074671737505,3
Togo,2004,[1092.0],[1229.091064453125],0.12554126781421704,12.554126781421704,0.12554126781421704,-0.12554126781421704,3
Togo,2005,[1157.7],[1265.573486328125],0.0931791365017923,9.31791365017923,0.0931791365017923,-0.0931791365017923,3
Togo,2006,[1155.1],[1215.5828857421875],0.0523616013697408,5.23616013697408,0.0523616013697408,-0.0523616013697408,3
Togo,2007,[1166.4],[1254.4088134765625],0.0754533723221557,7.545337232215569,0.0754533723221557,-0.0754533723221557,3
Togo,2008,[1192.2],[1229.4525146484375],0.031246866841500968,3.1246866841500966,0.031246866841500968,-0.031246866841500968,3
Togo,2009,[1255.9],[1158.18310546875],0.07780627003045631,7.780627003045631,0.07780627003045631,0.07780627003045631,3
Togo,2010,[1193.7],[1203.9537353515625],0.008589876310264265,0.8589876310264265,0.008589876310264265,-0.008589876310264265,3
Togo,2011,[1245.3],[1263.054931640625],0.014257553714466431,1.425755371446643,0.014257553714466431,-0.014257553714466431,3
Togo,2012,[1191.4],[1230.3492431640625],0.032691995269483305,3.2691995269483307,0.032691995269483305,-0.032691995269483305,3
Togo,2013,[924.4],[1216.2418212890625],0.3157094561759655,31.570945617596553,0.3157094561759655,-0.3157094561759655,3
Togo,2014,[1195.9],[1260.27490234375],0.05382966999226516,5.382966999226516,0.05382966999226516,-0.05382966999226516,3
Togo,2015,[1389.5],[1200.4090576171875],0.13608560085125046,13.608560085125045,0.13608560085125046,0.13608560085125046,3
Togo,2016,[1223.5],[1226.0721435546875],0.00210228324862076,0.21022832486207602,0.00210228324862076,-0.00210228324862076,3
Togo,2017,[1230.8],[1322.96240234375],0.07488007990229936,7.488007990229936,0.07488007990229936,-0.07488007990229936,3
Togo,2018,[1239.6],[1208.04931640625],0.025452310094990247,2.545231009499025,0.025452310094990247,0.025452310094990247,3
Togo,2019,[1227.1],[1217.072021484375],0.008172095603964558,0.8172095603964558,0.008172095603964558,0.008172095603964558,3
Togo,2020,[1226.0],[1206.47607421875],0.015924898679649267,1.5924898679649266,0.015924898679649267,0.015924898679649267,3
Togo,2021,[1230.2],[1224.2476806640625],0.004838497265434519,0.4838497265434519,0.004838497265434519,0.004838497265434519,3
Togo,2022,[1253.8],[1147.8751220703125],0.08448307379939979,8.44830737993998,0.08448307379939979,0.08448307379939979,3
Philippines,1984,[1065.7],[1150.229736328125],0.07931851020749268,7.931851020749268,0.07931851020749268,-0.07931851020749268,1
Philippines,1985,[1117.1],[1065.701416015625],0.04601072776329327,4.601072776329327,0.04601072776329327,0.04601072776329327,1
Philippines,1986,[1148.2],[1123.73583984375],0.02130653209915524,2.1306532099155238,0.02130653209915524,0.02130653209915524,1
Philippines,1987,[1161.7],[1237.641845703125],0.06537130558933026,6.5371305589330255,0.06537130558933026,-0.06537130558933026,1
Philippines,1988,[1182.3],[1161.126953125],0.01790835394992807,1.7908353949928069,0.01790835394992807,0.01790835394992807,1
Philippines,1989,[1225.8],[1174.2877197265625],0.042023397188315756,4.202339718831576,0.042023397188315756,0.042023397188315756,1
Philippines,1990,[1335.8],[1216.9361572265625],0.08898326304344771,8.89832630434477,0.08898326304344771,0.08898326304344771,1
Philippines,1991,[1296.9],[1338.6448974609375],0.03218821610065341,3.2188216100653406,0.03218821610065341,-0.03218821610065341,1
Philippines,1992,[1386.5],[1318.0362548828125],0.04937882806865308,4.937882806865308,0.04937882806865308,0.04937882806865308,1
Philippines,1993,[1523.5],[1363.845458984375],0.10479457894035117,10.479457894035118,0.10479457894035117,0.10479457894035117,1
Philippines,1994,[1503.5],[1518.3524169921875],0.009878561351637845,0.9878561351637845,0.009878561351637845,-0.009878561351637845,1
Philippines,1995,[1533.4],[1512.5040283203125],0.013627215129573229,1.362721512957323,0.013627215129573229,0.013627215129573229,1
Philippines,1996,[1517.5],[1514.5260009765625],0.0019598016628912685,0.19598016628912684,0.0019598016628912685,0.0019598016628912685,1
Philippines,1997,[1589.4],[1532.554443359375],0.03576541879994028,3.576541879994028,0.03576541879994028,0.03576541879994028,1
Philippines,1998,[1624.0],[1588.852783203125],0.02164237487492303,2.164237487492303,0.02164237487492303,0.02164237487492303,1
Philippines,1999,[1735.1],[1622.289794921875],0.06501654376008582,6.501654376008583,0.06501654376008582,0.06501654376008582,1
Philippines,2000,[1797.0],[1722.9451904296875],0.0412102446134182,4.12102446134182,0.0412102446134182,0.0412102446134182,1
Philippines,2001,[1819.8],[1742.306396484375],0.04258358254512856,4.258358254512856,0.04258358254512856,0.04258358254512856,1
Philippines,2002,[1803.1],[1950.60791015625],0.08180794751053747,8.180794751053746,0.08180794751053747,-0.08180794751053747,1
Philippines,2003,[1915.3],[1844.9521484375],0.03672941657312168,3.6729416573121685,0.03672941657312168,0.03672941657312168,1
Philippines,2004,[2142.1],[1961.3447265625],0.08438227600835625,8.438227600835626,0.08438227600835625,0.08438227600835625,1
Philippines,2005,[2151.4],[1907.5048828125],0.11336576981849032,11.336576981849031,0.11336576981849032,0.11336576981849032,1
Philippines,2006,[2366.0],[2161.18896484375],0.08656425830779797,8.656425830779797,0.08656425830779797,0.08656425830779797,1
Philippines,2007,[2543.9],[2559.298828125],0.006053236418491257,0.6053236418491257,0.006053236418491257,-0.006053236418491257,1
Philippines,2008,[2603.6],[2620.530517578125],0.006502733744862917,0.6502733744862917,0.006502733744862917,-0.006502733744862917,1
Philippines,2009,[2620.8],[2602.97802734375],0.0068002032418537015,0.6800203241853702,0.0068002032418537015,0.0068002032418537015,1
Philippines,2010,[2551.7],[2451.472412109375],0.039278750593966696,3.9278750593966696,0.039278750593966696,0.039278750593966696,1
Philippines,2011,[2739.6],[2608.558349609375],0.047832402683101516,4.783240268310152,0.047832402683101516,0.047832402683101516,1
Philippines,2012,[2855.5],[2772.2158203125],0.02916623347487305,2.916623347487305,0.02916623347487305,0.02916623347487305,1
Philippines,2013,[2877.6],[2934.483642578125],0.019767737898987035,1.9767737898987034,0.019767737898987035,-0.019767737898987035,1
Philippines,2014,[2975.6],[2934.36962890625],0.013856153748403653,1.3856153748403652,0.013856153748403653,0.013856153748403653,1
Philippines,2015,[2934.8],[2983.56982421875],0.016617767554432946,1.6617767554432945,0.016617767554432946,-0.016617767554432946,1
Philippines,2016,[2905.6],[2973.825439453125],0.023480671617953294,2.3480671617953295,0.023480671617953294,-0.023480671617953294,1
Philippines,2017,[3100.7],[2935.876220703125],0.05315695787947071,5.315695787947071,0.05315695787947071,0.05315695787947071,1
Philippines,2018,[3094.6],[3096.36083984375],0.0005690040211174598,0.056900402111745976,0.0005690040211174598,-0.0005690040211174598,1
Philippines,2019,[3170.3],[3073.05908203125],0.03067246568739557,3.067246568739557,0.03067246568739557,0.03067246568739557,1
Philippines,2020,[3179.0],[3174.38134765625],0.0014528632726486317,0.14528632726486318,0.0014528632726486317,0.0014528632726486317,1
Philippines,2021,[3236.8],[3176.6953125],0.01856916939569951,1.8569169395699512,0.01856916939569951,0.01856916939569951,1
Philippines,2022,[3268.9],[3178.342041015625],0.027702884451765147,2.7702884451765146,0.027702884451765147,0.027702884451765147,1
Lesotho,1984,[680.0],[873.0316162109375],0.28387002383961396,28.387002383961395,0.28387002383961396,-0.28387002383961396,12
Lesotho,1985,[782.2],[775.4575805664062],0.008619815179741492,0.8619815179741492,0.008619815179741492,0.008619815179741492,12
Lesotho,1986,[708.9],[689.04345703125],0.028010358257511605,2.8010358257511605,0.028010358257511605,0.028010358257511605,12
Lesotho,1987,[666.4],[700.3805541992188],0.05099122778994414,5.099122778994413,0.05099122778994414,-0.05099122778994414,12
Lesotho,1988,[922.1],[1062.605712890625],0.15237578667240534,15.237578667240534,0.15237578667240534,-0.15237578667240534,12
Lesotho,1989,[1047.6],[856.1123657226562],0.1827869743006335,18.27869743006335,0.1827869743006335,0.1827869743006335,12
Lesotho,1990,[1100.0],[980.9894409179688],0.10819141734730113,10.819141734730113,0.10819141734730113,0.10819141734730113,12
Lesotho,1991,[540.8],[982.1973266601562],0.816193281546147,81.6193281546147,0.816193281546147,-0.816193281546147,12
Lesotho,1992,[579.2],[776.9967651367188],0.3414999398078707,34.149993980787066,0.3414999398078707,-0.3414999398078707,12
Lesotho,1993,[887.5],[916.0338134765625],0.032150775748239435,3.2150775748239435,0.032150775748239435,-0.032150775748239435,12
Lesotho,1994,[862.9],[891.691650390625],0.033366149485021465,3.3366149485021466,0.033366149485021465,-0.033366149485021465,12
Lesotho,1995,[812.6],[545.5836791992188],0.3285950292896644,32.859502928966435,0.3285950292896644,0.3285950292896644,12
Lesotho,1996,[1249.0],[1037.8323974609375],0.169069337501251,16.9069337501251,0.169069337501251,0.169069337501251,12
Lesotho,1997,[985.7],[607.6639404296875],0.3835204013090317,38.35204013090317,0.3835204013090317,0.3835204013090317,12
Lesotho,1998,[1317.1],[637.44482421875],0.5160239737159289,51.602397371592886,0.5160239737159289,0.5160239737159289,12
Lesotho,1999,[941.0],[748.087890625],0.20500755512752392,20.50075551275239,0.20500755512752392,0.20500755512752392,12
Lesotho,2000,[677.3],[932.4442138671875],0.3767078308979589,37.67078308979589,0.3767078308979589,-0.3767078308979589,12
Lesotho,2001,[891.3],[665.7568359375],0.25304966236115783,25.304966236115785,0.25304966236115783,0.25304966236115783,12
Lesotho,2002,[808.8],[938.4599609375],0.16031152440343727,16.031152440343728,0.16031152440343727,-0.16031152440343727,12
Lesotho,2003,[643.9],[668.3226318359375],0.037929230992293096,3.7929230992293097,0.037929230992293096,-0.037929230992293096,12
Lesotho,2004,[634.7],[750.4002075195312],0.18229117302588813,18.22911730258881,0.18229117302588813,-0.18229117302588813,12
Lesotho,2005,[701.1],[683.669189453125],0.02486208892722154,2.486208892722154,0.02486208892722154,0.02486208892722154,12
Lesotho,2006,[556.7],[807.6143798828125],0.4507174059328407,45.07174059328407,0.4507174059328407,-0.4507174059328407,12
Lesotho,2007,[487.7],[684.963623046875],0.40447738988491905,40.447738988491906,0.40447738988491905,-0.40447738988491905,12
Lesotho,2008,[434.9],[771.7066650390625],0.7744462291079847,77.44462291079847,0.7744462291079847,-0.7744462291079847,12
Lesotho,2009,[415.9],[728.8784790039062],0.7525330103484161,75.25330103484161,0.7525330103484161,-0.7525330103484161,12
Lesotho,2010,[907.1],[771.6644897460938],0.14930604151020424,14.930604151020423,0.14930604151020424,0.14930604151020424,12
Lesotho,2011,[634.4],[891.47412109375],0.4052240244226829,40.52240244226829,0.4052240244226829,-0.4052240244226829,12
Lesotho,2012,[695.2],[438.9419250488281],0.368610579619062,36.861057961906205,0.368610579619062,0.368610579619062,12
Lesotho,2013,[822.7],[697.9410400390625],0.1516457517453963,15.16457517453963,0.1516457517453963,0.1516457517453963,12
Lesotho,2014,[678.6],[794.7257690429688],0.17112550698934384,17.112550698934385,0.17112550698934384,-0.17112550698934384,12
Lesotho,2015,[657.1],[702.1830444335938],0.06860910734073007,6.860910734073007,0.06860910734073007,-0.06860910734073007,12
Lesotho,2016,[468.0],[854.6000366210938],0.8260684543185763,82.60684543185764,0.8260684543185763,-0.8260684543185763,12
Lesotho,2017,[1040.9],[743.23583984375],0.2859680662467577,28.596806624675768,0.2859680662467577,0.2859680662467577,12
Lesotho,2018,[868.4],[752.2448120117188],0.13375770150654218,13.375770150654217,0.13375770150654218,0.13375770150654218,12
Lesotho,2019,[768.8],[689.2005004882812],0.10353733027018562,10.353733027018562,0.10353733027018562,0.10353733027018562,12
Lesotho,2020,[456.9],[776.0802001953125],0.6985778073874207,69.85778073874206,0.6985778073874207,-0.6985778073874207,12
Lesotho,2021,[1025.2],[554.3787841796875],0.4592481621345226,45.92481621345226,0.4592481621345226,0.4592481621345226,12
Lesotho,2022,[804.6],[858.302490234375],0.06674433287891496,6.674433287891496,0.06674433287891496,-0.06674433287891496,12
South Africa,1984,[991.3],[2049.7216796875],1.0677107633284577,106.77107633284577,1.0677107633284577,-1.0677107633284577,7
South Africa,1985,[1875.6],[1997.3421630859375],0.06490838296328513,6.490838296328513,0.06490838296328513,-0.06490838296328513,7
South Africa,1986,[1780.9],[2060.402099609375],0.15694429760760004,15.694429760760004,0.15694429760760004,-0.15694429760760004,7
South Africa,1987,[1558.4],[1574.201416015625],0.010139512330354792,1.0139512330354792,0.010139512330354792,-0.010139512330354792,7
South Africa,1988,[1619.5],[2523.2275390625],0.5580287366857055,55.802873668570555,0.5580287366857055,-0.5580287366857055,7
South Africa,1989,[2840.5],[2378.7021484375],0.1625762547306812,16.25762547306812,0.1625762547306812,0.1625762547306812,7
South Africa,1990,[2205.1],[1522.0892333984375],0.3097414024767867,30.974140247678672,0.3097414024767867,0.3097414024767867,7
South Africa,1991,[2257.3],[1982.3140869140625],0.12182072081067544,12.182072081067544,0.12182072081067544,0.12182072081067544,7
South Africa,1992,[785.3],[1943.1962890625],1.4744636305392844,147.44636305392845,1.4744636305392844,-1.4744636305392844,7
South Africa,1993,[2284.0],[1890.54638671875],0.1722651546765543,17.226515467655428,0.1722651546765543,0.1722651546765543,7
South Africa,1994,[2848.1],[2100.962890625],0.26232825721533654,26.232825721533654,0.26232825721533654,0.26232825721533654,7
South Africa,1995,[1380.0],[2467.81396484375],0.7882709890172102,78.82709890172102,0.7882709890172102,-0.7882709890172102,7
South Africa,1996,[2704.3],[2678.453125],0.009557695152165138,0.9557695152165138,0.009557695152165138,0.009557695152165138,7
South Africa,1997,[2519.5],[2760.84814453125],0.09579207959168486,9.579207959168485,0.09579207959168486,-0.09579207959168486,7
South Africa,1998,[2161.1],[2634.122802734375],0.21888057134532188,21.888057134532186,0.21888057134532188,-0.21888057134532188,7
South Africa,1999,[2227.4],[2130.46630859375],0.04351876241638237,4.351876241638237,0.04351876241638237,0.04351876241638237,7
South Africa,2000,[2849.2],[2456.965576171875],0.13766475636253153,13.766475636253153,0.13766475636253153,0.13766475636253153,7
South Africa,2001,[2437.1],[3291.642822265625],0.3506392114667536,35.063921146675355,0.3506392114667536,-0.3506392114667536,7
South Africa,2002,[2851.6],[2448.983642578125],0.14118963298564838,14.118963298564838,0.14118963298564838,0.14118963298564838,7
South Africa,2003,[2658.2],[2825.211181640625],0.06282867415567872,6.282867415567872,0.06282867415567872,-0.06282867415567872,7
South Africa,2004,[3030.5],[2679.223876953125],0.11591358622236429,11.591358622236429,0.11591358622236429,0.11591358622236429,7
South Africa,2005,[3635.1],[2471.289306640625],0.32015919599443615,32.01591959944361,0.32015919599443615,0.32015919599443615,7
South Africa,2006,[3412.2],[2757.07666015625],0.19199441411516027,19.199441411516027,0.19199441411516027,0.19199441411516027,7
South Africa,2007,[2792.1],[4594.8798828125],0.6456716746579636,64.56716746579636,0.6456716746579636,-0.6456716746579636,7
South Africa,2008,[4537.3],[4530.85107421875],0.0014213135083089462,0.14213135083089462,0.0014213135083089462,0.0014213135083089462,7
South Africa,2009,[4964.0],[4683.5537109375],0.05649602922290491,5.649602922290491,0.05649602922290491,0.05649602922290491,7
South Africa,2010,[4673.6],[4959.6630859375],0.061208294663107586,6.1208294663107585,0.061208294663107586,-0.061208294663107586,7
South Africa,2011,[4367.1],[4693.8154296875],0.07481290322811468,7.481290322811468,0.07481290322811468,-0.07481290322811468,7
South Africa,2012,[4490.5],[4946.1435546875],0.10146833419162676,10.146833419162677,0.10146833419162676,-0.10146833419162676,7
South Africa,2013,[4246.6],[4435.3564453125],0.04444884032225772,4.444884032225771,0.04444884032225772,-0.04444884032225772,7
South Africa,2014,[5300.9],[5226.6474609375],0.014007534392744561,1.400753439274456,0.014007534392744561,0.014007534392744561,7
South Africa,2015,[3487.1],[4680.853515625],0.3423341790097789,34.23341790097789,0.3423341790097789,-0.3423341790097789,7
South Africa,2016,[3712.0],[4483.087890625],0.2077284188106142,20.77284188106142,0.2077284188106142,-0.2077284188106142,7
South Africa,2017,[5859.6],[5240.34130859375],0.1056827584487423,10.568275844874229,0.1056827584487423,0.1056827584487423,7
South Africa,2018,[4975.5],[4606.494140625],0.07416457830871269,7.416457830871269,0.07416457830871269,0.07416457830871269,7
South Africa,2019,[4553.9],[5030.46044921875],0.10464886124393386,10.464886124393386,0.10464886124393386,-0.10464886124393386,7
South Africa,2020,[5447.8],[4980.06103515625],0.0858583216791641,8.58583216791641,0.0858583216791641,0.0858583216791641,7
South Africa,2021,[5436.1],[5375.7998046875],0.011092547104082036,1.1092547104082036,0.011092547104082036,0.011092547104082036,7
South Africa,2022,[5375.8],[3557.94580078125],0.33815510235104546,33.81551023510455,0.33815510235104546,0.33815510235104546,7
Malawi,1984,[1191.1],[1785.7860107421875],0.4992746291177799,49.927462911777994,0.4992746291177799,-0.4992746291177799,3
Malawi,1985,[1183.5],[1201.327880859375],0.015063693163814956,1.5063693163814955,0.015063693163814956,-0.015063693163814956,3
Malawi,1986,[1084.9],[1181.5968017578125],0.08912969099254531,8.91296909925453,0.08912969099254531,-0.08912969099254531,3
Malawi,1987,[1016.4],[1101.5758056640625],0.08380146169230866,8.380146169230866,0.08380146169230866,-0.08380146169230866,3
Malawi,1988,[1171.8],[1220.083251953125],0.041204345411439705,4.120434541143971,0.041204345411439705,-0.041204345411439705,3
Malawi,1989,[1187.8],[1008.4932250976562],0.15095704234916965,15.095704234916965,0.15095704234916965,0.15095704234916965,3
Malawi,1990,[999.3],[1154.28466796875],0.15509323323201246,15.509323323201246,0.15509323323201246,-0.15509323323201246,3
Malawi,1991,[1141.9],[1118.325439453125],0.02064503069172002,2.064503069172002,0.02064503069172002,0.02064503069172002,3
Malawi,1992,[480.2],[1051.129638671875],1.1889413550018222,118.89413550018222,1.1889413550018222,-1.1889413550018222,3
Malawi,1993,[1532.7],[965.455322265625],0.3700950464763979,37.00950464763979,0.3700950464763979,0.3700950464763979,3
Malawi,1994,[920.9],[915.2902221679688],0.006091625401271829,0.6091625401271828,0.006091625401271829,0.006091625401271829,3
Malawi,1995,[1351.7],[797.6972045898438],0.4098563256714924,40.98563256714924,0.4098563256714924,0.4098563256714924,3
Malawi,1996,[1443.3],[1124.0679931640625],0.2211820181777437,22.11820181777437,0.2211820181777437,0.2211820181777437,3
Malawi,1997,[1095.9],[1452.9970703125],0.3258482254881831,32.58482254881831,0.3258482254881831,-0.3258482254881831,3
Malawi,1998,[1371.1],[1251.544677734375],0.08719664668195239,8.71966466819524,0.08719664668195239,0.08719664668195239,3
Malawi,1999,[1810.9],[1416.31640625],0.2178936405930753,21.78936405930753,0.2178936405930753,0.2178936405930753,3
Malawi,2000,[1742.8],[1145.7232666015625],0.34259624363004215,34.259624363004214,0.34259624363004215,0.34259624363004215,3
Malawi,2001,[1184.5],[1320.9090576171875],0.11516172023401224,11.516172023401223,0.11516172023401224,-0.11516172023401224,3
Malawi,2002,[1046.0],[1279.4466552734375],0.22318035877001674,22.318035877001673,0.22318035877001674,-0.22318035877001674,3
Malawi,2003,[1225.9],[1268.515869140625],0.03476292449679819,3.4762924496798195,0.03476292449679819,-0.03476292449679819,3
Malawi,2004,[1046.0],[1114.529296875],0.06551558018642448,6.551558018642448,0.06551558018642448,-0.06551558018642448,3
Malawi,2005,[809.3],[614.404296875],0.24082009529840598,24.082009529840597,0.24082009529840598,0.24082009529840598,3
Malawi,2006,[1481.4],[1143.7174072265625],0.22794828727787064,22.794828727787063,0.22794828727787064,0.22794828727787064,3
Malawi,2007,[2654.7],[1136.3978271484375],0.5719298500213065,57.19298500213065,0.5719298500213065,0.5719298500213065,3
Malawi,2008,[1649.8],[2153.84716796875],0.30552016484952726,30.552016484952727,0.30552016484952726,-0.30552016484952726,3
Malawi,2009,[2226.5],[2288.32470703125],0.027767665408151808,2.776766540815181,0.027767665408151808,-0.027767665408151808,3
Malawi,2010,[2015.8],[2302.2265625],0.14209076421271954,14.209076421271954,0.14209076421271954,-0.14209076421271954,3
Malawi,2011,[2207.9],[2018.911865234375],0.08559632898483857,8.559632898483857,0.08559632898483857,0.08559632898483857,3
Malawi,2012,[2193.2],[1699.39697265625],0.2251518454056857,22.51518454056857,0.2251518454056857,0.2251518454056857,3
Malawi,2013,[2170.8],[2227.111328125],0.025940357529482132,2.5940357529482134,0.025940357529482132,-0.025940357529482132,3
Malawi,2014,[2333.9],[2172.068115234375],0.06933968240525519,6.933968240525519,0.06933968240525519,0.06933968240525519,3
Malawi,2015,[1656.3],[2178.849365234375],0.3154919792515698,31.54919792515698,0.3154919792515698,-0.3154919792515698,3
Malawi,2016,[1415.4],[1674.66064453125],0.1831712904700084,18.31712904700084,0.1831712904700084,-0.1831712904700084,3
Malawi,2017,[2007.8],[1644.8240966796875],0.18078289835656564,18.078289835656562,0.18078289835656564,0.18078289835656564,3
Malawi,2018,[1600.8],[2094.494384765625],0.3084047880844734,30.84047880844734,0.3084047880844734,-0.3084047880844734,3
Malawi,2019,[1957.8],[2019.670166015625],0.03160188273348914,3.1601882733489144,0.03160188273348914,-0.03160188273348914,3
Malawi,2020,[2095.5],[1676.20849609375],0.2000913881680983,20.00913881680983,0.2000913881680983,0.2000913881680983,3
Malawi,2021,[2462.9],[2054.880126953125],0.1656664391761237,16.56664391761237,0.1656664391761237,0.1656664391761237,3
Malawi,2022,[2124.0],[2121.809326171875],0.001031390691207627,0.1031390691207627,0.001031390691207627,0.001031390691207627,3
Nigeria,1984,[1139.0],[1276.3564453125],0.12059389404082528,12.059389404082529,0.12059389404082528,-0.12059389404082528,3
Nigeria,1985,[1173.5],[1255.677734375],0.0700278946527482,7.0027894652748195,0.0700278946527482,-0.0700278946527482,3
Nigeria,1986,[1267.9],[1176.9580078125],0.07172647068972324,7.172647068972323,0.07172647068972324,0.07172647068972324,3
Nigeria,1987,[1353.3],[1162.7919921875],0.14077293121443876,14.077293121443876,0.14077293121443876,0.14077293121443876,3
Nigeria,1988,[1640.1],[1162.96337890625],0.2909192251044143,29.09192251044143,0.2909192251044143,0.2909192251044143,3
Nigeria,1989,[1395.0],[1225.9283447265625],0.12119831919242832,12.119831919242833,0.12119831919242832,0.12119831919242832,3
Nigeria,1990,[1130.1],[1376.4586181640625],0.217997184465147,21.7997184465147,0.217997184465147,-0.217997184465147,3
Nigeria,1991,[1129.9],[1513.3685302734375],0.33938271552653987,33.93827155265399,0.33938271552653987,-0.33938271552653987,3
Nigeria,1992,[1118.1],[1377.677001953125],0.23215902151249898,23.2159021512499,0.23215902151249898,-0.23215902151249898,3
Nigeria,1993,[1184.8],[1464.586181640625],0.23614633831923115,23.614633831923115,0.23614633831923115,-0.23614633831923115,3
Nigeria,1994,[1272.0],[1459.6856689453125],0.14755162652933373,14.755162652933373,0.14755162652933373,-0.14755162652933373,3
Nigeria,1995,[1266.6],[1283.248046875],0.013143886684825589,1.314388668482559,0.013143886684825589,-0.013143886684825589,3
Nigeria,1996,[1326.1],[1254.3955078125],0.05407170815737872,5.407170815737872,0.05407170815737872,0.05407170815737872,3
Nigeria,1997,[1251.0],[1235.4246826171875],0.012450293671312949,1.2450293671312949,0.012450293671312949,0.012450293671312949,3
Nigeria,1998,[1320.0],[1497.2159423828125],0.134254501805161,13.4254501805161,0.134254501805161,-0.134254501805161,3
Nigeria,1999,[1599.8],[1382.6396484375],0.13574218749999997,13.574218749999996,0.13574218749999997,0.13574218749999997,3
Nigeria,2000,[1300.1],[1453.299072265625],0.11783637586772179,11.78363758677218,0.11783637586772179,-0.11783637586772179,3
Nigeria,2001,[1399.9],[1296.6170654296875],0.07377879460698092,7.377879460698092,0.07377879460698092,0.07377879460698092,3
Nigeria,2002,[1489.9],[1239.388916015625],0.16813952881695085,16.813952881695084,0.16813952881695085,0.16813952881695085,3
Nigeria,2003,[1499.9],[1512.4371337890625],0.008358646435803993,0.8358646435803992,0.008358646435803993,-0.008358646435803993,3
Nigeria,2004,[1600.2],[1377.648193359375],0.1390774944635827,13.90774944635827,0.1390774944635827,0.1390774944635827,3
Nigeria,2005,[1659.8],[1599.6307373046875],0.03625091137204028,3.6250911372040275,0.03625091137204028,0.03625091137204028,3
Nigeria,2006,[1818.2],[1658.1727294921875],0.08801411863811051,8.801411863811051,0.08801411863811051,0.08801411863811051,3
Nigeria,2007,[1704.9],[1841.9178466796875],0.0803670870313141,8.03670870313141,0.0803670870313141,-0.0803670870313141,3
Nigeria,2008,[1957.1],[1887.430908203125],0.035598125694586334,3.5598125694586336,0.035598125694586334,0.035598125694586334,3
Nigeria,2009,[2196.1],[1684.45068359375],0.2329808826584627,23.29808826584627,0.2329808826584627,0.2329808826584627,3
Nigeria,2010,[1850.2],[1871.310302734375],0.011409740965503705,1.1409740965503705,0.011409740965503705,-0.011409740965503705,3
Nigeria,2011,[1627.1],[1939.212158203125],0.19182112851276817,19.182112851276816,0.19182112851276817,-0.19182112851276817,3
Nigeria,2012,[1511.8],[1823.7066650390625],0.20631476719080735,20.631476719080734,0.20631476719080735,-0.20631476719080735,3
Nigeria,2013,[1461.6],[1713.7027587890625],0.17248409878835702,17.2484098788357,0.17248409878835702,-0.17248409878835702,3
Nigeria,2014,[1700.2],[1830.68359375],0.07674602620279965,7.674602620279964,0.07674602620279965,-0.07674602620279965,3
Nigeria,2015,[1718.8],[1610.6824951171875],0.06290290021108474,6.290290021108475,0.06290290021108474,0.06290290021108474,3
Nigeria,2016,[1783.7],[1686.18994140625],0.05466729752410722,5.466729752410722,0.05466729752410722,0.05466729752410722,3
Nigeria,2017,[1664.1],[1876.697998046875],0.12775554236336464,12.775554236336465,0.12775554236336464,-0.12775554236336464,3
Nigeria,2018,[1671.6],[1954.765380859375],0.16939781099507964,16.939781099507965,0.16939781099507964,-0.16939781099507964,3
Nigeria,2019,[1851.4],[1535.701904296875],0.17051857821277144,17.051857821277146,0.17051857821277144,0.17051857821277144,3
Nigeria,2020,[2050.6],[1961.4599609375],0.04347022289208032,4.347022289208033,0.04347022289208032,0.04347022289208032,3
Nigeria,2021,[2053.8],[1875.330810546875],0.0868970637126912,8.68970637126912,0.0868970637126912,0.0868970637126912,3
Nigeria,2022,[2232.6],[1930.68603515625],0.13522976119490726,13.522976119490727,0.13522976119490726,0.13522976119490726,3
Timor-Leste,1984,[1087.0],[1163.2601318359375],0.07015651502846136,7.015651502846136,0.07015651502846136,-0.07015651502846136,3
Timor-Leste,1985,[1067.0],[1110.5760498046875],0.0408397842593135,4.08397842593135,0.0408397842593135,-0.0408397842593135,3
Timor-Leste,1986,[1072.0],[1216.7823486328125],0.13505816103807136,13.505816103807136,0.13505816103807136,-0.13505816103807136,3
Timor-Leste,1987,[1140.0],[1195.8131103515625],0.04895886872944079,4.895886872944079,0.04895886872944079,-0.04895886872944079,3
Timor-Leste,1988,[1288.2],[1330.0789794921875],0.03250968754245261,3.250968754245261,0.03250968754245261,-0.03250968754245261,3
Timor-Leste,1989,[1269.2],[1412.29541015625],0.1127445715066577,11.27445715066577,0.1127445715066577,-0.1127445715066577,3
Timor-Leste,1990,[1327.5],[1232.7008056640625],0.07141182247528248,7.141182247528248,0.07141182247528248,0.07141182247528248,3
Timor-Leste,1991,[1392.1],[1395.0096435546875],0.002090111022690605,0.2090111022690605,0.002090111022690605,-0.002090111022690605,3
Timor-Leste,1992,[1409.5],[1527.428955078125],0.0836672260220823,8.366722602208231,0.0836672260220823,-0.0836672260220823,3
Timor-Leste,1993,[1800.0],[1477.2938232421875],0.17928120930989583,17.928120930989582,0.17928120930989583,0.17928120930989583,3
Timor-Leste,1994,[1882.3],[1305.8818359375],0.3062307623983956,30.62307623983956,0.3062307623983956,0.3062307623983956,3
Timor-Leste,1995,[1835.5],[1398.746337890625],0.23794805889914192,23.79480588991419,0.23794805889914192,0.23794805889914192,3
Timor-Leste,1996,[1834.6],[1400.5184326171875],0.23660828920898966,23.660828920898965,0.23660828920898966,0.23660828920898966,3
Timor-Leste,1997,[1577.0],[1712.2403564453125],0.08575799394122542,8.575799394122543,0.08575799394122542,-0.08575799394122542,3
Timor-Leste,1998,[1847.7],[1324.6966552734375],0.28305641864294123,28.305641864294124,0.28305641864294123,0.28305641864294123,3
Timor-Leste,1999,[1300.1],[1635.0863037109375],0.25766195193518776,25.766195193518776,0.25766195193518776,-0.25766195193518776,3
Timor-Leste,2000,[1608.2],[1405.9700927734375],0.1257492272270629,12.574922722706289,0.1257492272270629,0.1257492272270629,3
Timor-Leste,2001,[1215.6],[1539.744384765625],0.2666538209654698,26.66538209654698,0.2666538209654698,-0.2666538209654698,3
Timor-Leste,2002,[1755.1],[1444.0968017578125],0.17719970271904018,17.719970271904018,0.17719970271904018,0.17719970271904018,3
Timor-Leste,2003,[1392.4],[1673.7110595703125],0.2020332229031258,20.20332229031258,0.2020332229031258,-0.2020332229031258,3
Timor-Leste,2004,[1580.9],[1655.727294921875],0.04733208610403878,4.733208610403878,0.04733208610403878,-0.04733208610403878,3
Timor-Leste,2005,[1590.0],[1515.5179443359375],0.04684406016607704,4.684406016607704,0.04684406016607704,0.04684406016607704,3
Timor-Leste,2006,[1675.8],[1237.656005859375],0.26145363058874865,26.145363058874864,0.26145363058874865,0.26145363058874865,3
Timor-Leste,2007,[1128.2],[1325.4051513671875],0.1747962696039598,17.47962696039598,0.1747962696039598,-0.1747962696039598,3
Timor-Leste,2008,[1261.1],[2187.67529296875],0.7347357806428912,73.47357806428913,0.7347357806428912,-0.7347357806428912,3
Timor-Leste,2009,[1888.4],[1331.711181640625],0.2947939093197284,29.479390931972837,0.2947939093197284,0.2947939093197284,3
Timor-Leste,2010,[2119.3],[1199.6177978515625],0.43395564674583004,43.39556467458301,0.43395564674583004,0.43395564674583004,3
Timor-Leste,2011,[2294.3],[1450.41162109375],0.3678195436107964,36.78195436107964,0.3678195436107964,0.3678195436107964,3
Timor-Leste,2012,[1390.2],[2353.797607421875],0.6931359570003416,69.31359570003416,0.6931359570003416,-0.6931359570003416,3
Timor-Leste,2013,[2353.8],[1444.211181640625],0.38643419931998263,38.64341993199826,0.38643419931998263,0.38643419931998263,3
Timor-Leste,2014,[2772.5],[1779.2032470703125],0.35826753937950856,35.826753937950855,0.35826753937950856,0.35826753937950856,3
Timor-Leste,2015,[2397.0],[1663.5902099609375],0.30596987485985083,30.596987485985082,0.30596987485985083,0.30596987485985083,3
Timor-Leste,2016,[2314.6],[1966.529052734375],0.15038060453885116,15.038060453885116,0.15038060453885116,0.15038060453885116,3
Timor-Leste,2017,[2169.3],[2376.76318359375],0.09563600405372692,9.563600405372693,0.09563600405372692,-0.09563600405372692,3
Timor-Leste,2018,[2144.5],[2579.096435546875],0.2026563000918046,20.26563000918046,0.2026563000918046,-0.2026563000918046,3
Timor-Leste,2019,[2511.6],[2454.363525390625],0.022788849581690918,2.2788849581690918,0.022788849581690918,0.022788849581690918,3
Timor-Leste,2020,[2668.6],[2155.712890625],0.19219332585438054,19.219332585438053,0.19219332585438054,0.19219332585438054,3
Timor-Leste,2021,[972.1],[2340.300048828125],1.4074684176814372,140.74684176814372,1.4074684176814372,-1.4074684176814372,3
Timor-Leste,2022,[1784.5],[2195.86328125],0.23052019123003642,23.052019123003642,0.23052019123003642,-0.23052019123003642,3
Argentina,1984,[3140.7],[3827.75146484375],0.21875743141457327,21.875743141457328,0.21875743141457327,-0.21875743141457327,5
Argentina,1985,[3562.9],[3201.383056640625],0.10146704744993547,10.146704744993547,0.10146704744993547,0.10146704744993547,5
Argentina,1986,[3745.0],[3355.33984375],0.10404810580774365,10.404810580774365,0.10404810580774365,0.10404810580774365,5
Argentina,1987,[3189.7],[3773.39306640625],0.1829930922676898,18.29930922676898,0.1829930922676898,-0.1829930922676898,5
Argentina,1988,[3774.4],[3569.554931640625],0.05427222031564622,5.4272220315646225,0.05427222031564622,0.05427222031564622,5
Argentina,1989,[2910.3],[3880.900634765625],0.33350535503749607,33.350535503749605,0.33350535503749607,-0.33350535503749607,5
Argentina,1990,[3460.8],[3614.123291015625],0.04430284645620227,4.430284645620227,0.04430284645620227,-0.04430284645620227,5
Argentina,1991,[4044.4],[3593.324462890625],0.11153089138299255,11.153089138299254,0.11153089138299255,0.11153089138299255,5
Argentina,1992,[4523.7],[4071.7109375],0.09991579072440697,9.991579072440697,0.09991579072440697,0.09991579072440697,5
Argentina,1993,[4355.2],[4205.8779296875],0.03428592723927715,3.4285927239277147,0.03428592723927715,0.03428592723927715,5
Argentina,1994,[4237.1],[4065.947509765625],0.04039378117919694,4.039378117919694,0.04039378117919694,0.04039378117919694,5
Argentina,1995,[4522.3],[4251.05517578125],0.05997939637325037,5.997939637325037,0.05997939637325037,0.05997939637325037,5
Argentina,1996,[4039.7],[4311.333984375],0.06724112789934901,6.724112789934901,0.06724112789934901,-0.06724112789934901,5
Argentina,1997,[4555.7],[4083.697021484375],0.10360712481410647,10.360712481410648,0.10360712481410647,0.10360712481410647,5
Argentina,1998,[6078.0],[4556.31689453125],0.25035918155129155,25.035918155129156,0.25035918155129155,0.25035918155129155,5
Argentina,1999,[5370.2],[6723.892578125],0.2520748907163607,25.20748907163607,0.2520748907163607,-0.2520748907163607,5
Argentina,2000,[5432.9],[5470.1875],0.006863277439305043,0.6863277439305043,0.006863277439305043,-0.006863277439305043,5
Argentina,2001,[5455.3],[6060.2158203125],0.11088589450855128,11.088589450855128,0.11088589450855128,-0.11088589450855128,5
Argentina,2002,[6079.1],[5908.31494140625],0.028093806417685243,2.809380641768524,0.028093806417685243,0.028093806417685243,5
Argentina,2003,[6476.7],[7444.33349609375],0.14940224127931667,14.940224127931668,0.14940224127931667,-0.14940224127931667,5
Argentina,2004,[6393.1],[7270.185546875],0.13719252739281407,13.719252739281407,0.13719252739281407,-0.13719252739281407,5
Argentina,2005,[7358.7],[5714.71484375],0.22340700888064466,22.340700888064465,0.22340700888064466,0.22340700888064466,5
Argentina,2006,[5903.0],[6885.8154296875],0.16649422830552263,16.64942283055226,0.16649422830552263,-0.16649422830552263,5
Argentina,2007,[7665.5],[6678.7724609375],0.12872318036168548,12.872318036168547,0.12872318036168548,0.12872318036168548,5
Argentina,2008,[6452.5],[6560.5712890625],0.01674874685199535,1.674874685199535,0.01674874685199535,-0.01674874685199535,5
Argentina,2009,[5576.0],[7321.06103515625],0.3129592961184093,31.29592961184093,0.3129592961184093,-0.3129592961184093,5
Argentina,2010,[7804.0],[6632.77587890625],0.15007997451226934,15.007997451226935,0.15007997451226934,0.15007997451226934,5
Argentina,2011,[6350.3],[7396.28662109375],0.16471452074606707,16.471452074606706,0.16471452074606707,-0.16471452074606707,5
Argentina,2012,[5734.6],[6636.1767578125],0.15721702608943947,15.721702608943946,0.15721702608943947,-0.15721702608943947,5
Argentina,2013,[6603.7],[5662.9130859375],0.14246360586678677,14.246360586678678,0.14246360586678677,0.14246360586678677,5
Argentina,2014,[6840.9],[7342.86962890625],0.07337771768425944,7.337771768425943,0.07337771768425944,-0.07337771768425944,5
Argentina,2015,[7309.0],[7210.14990234375],0.013524435306642496,1.3524435306642495,0.013524435306642496,0.013524435306642496,5
Argentina,2016,[7442.7],[7087.83984375],0.04767895471401505,4.767895471401505,0.04767895471401505,0.04767895471401505,5
Argentina,2017,[7575.9],[6792.4970703125],0.1034072426625879,10.340724266258789,0.1034072426625879,0.1034072426625879,5
Argentina,2018,[6088.3],[7147.73291015625],0.17401128560620366,17.401128560620364,0.17401128560620366,-0.17401128560620366,5
Argentina,2019,[7861.5],[7403.55517578125],0.058251583567862364,5.825158356786236,0.058251583567862364,0.058251583567862364,5
Argentina,2020,[7553.9],[6521.3759765625],0.13668754198989921,13.668754198989921,0.13668754198989921,0.13668754198989921,5
Argentina,2021,[7429.6],[6597.7021484375],0.11197074560709867,11.197074560709867,0.11197074560709867,0.11197074560709867,5
Argentina,2022,[6732.9],[6624.03125],0.016169666859748348,1.6169666859748348,0.016169666859748348,0.016169666859748348,5
Paraguay,1984,[1434.5],[1738.98046875],0.21225546793307773,21.225546793307775,0.21225546793307773,-0.21225546793307773,3
Paraguay,1985,[1698.7],[1637.1978759765625],0.03620540650111117,3.620540650111117,0.03620540650111117,0.03620540650111117,3
Paraguay,1986,[1701.3],[1673.6976318359375],0.016224280352708197,1.6224280352708196,0.016224280352708197,0.016224280352708197,3
Paraguay,1987,[1804.6],[1753.77490234375],0.028164190211819744,2.8164190211819746,0.028164190211819744,0.028164190211819744,3
Paraguay,1988,[1902.0],[2004.158935546875],0.05371132257985016,5.371132257985016,0.05371132257985016,-0.05371132257985016,3
Paraguay,1989,[1988.9],[1812.75830078125],0.08856237076713262,8.856237076713262,0.08856237076713262,0.08856237076713262,3
Paraguay,1990,[2199.1],[1934.793701171875],0.12018839471971485,12.018839471971484,0.12018839471971485,0.12018839471971485,3
Paraguay,1991,[1650.2],[1954.69140625],0.1845178804084353,18.45178804084353,0.1845178804084353,-0.1845178804084353,3
Paraguay,1992,[1743.0],[2012.5008544921875],0.1546189641378012,15.46189641378012,0.1546189641378012,-0.1546189641378012,3
Paraguay,1993,[1763.0],[1723.658203125],0.022315256310266592,2.2315256310266594,0.022315256310266592,0.022315256310266592,3
Paraguay,1994,[2114.0],[1682.350830078125],0.2041859838797895,20.41859838797895,0.2041859838797895,0.2041859838797895,3
Paraguay,1995,[2466.0],[2164.847900390625],0.12212169489431265,12.212169489431265,0.12212169489431265,0.12212169489431265,3
Paraguay,1996,[2015.0],[2380.347900390625],0.18131409448666252,18.131409448666254,0.18131409448666252,-0.18131409448666252,3
Paraguay,1997,[2748.3],[2386.276611328125],0.131726299411227,13.172629941122699,0.131726299411227,0.131726299411227,3
Paraguay,1998,[2457.5],[2356.5244140625],0.04108874300610377,4.108874300610377,0.04108874300610377,0.04108874300610377,3
Paraguay,1999,[2291.7],[2450.064697265625],0.06910359002732697,6.910359002732696,0.06910359002732697,-0.06910359002732697,3
Paraguay,2000,[1951.2],[2229.966064453125],0.14286903672259377,14.286903672259378,0.14286903672259377,-0.14286903672259377,3
Paraguay,2001,[2330.8],[2397.102783203125],0.028446363138460964,2.844636313846096,0.028446363138460964,-0.028446363138460964,3
Paraguay,2002,[2344.2],[2389.995361328125],0.019535603330827225,1.9535603330827225,0.019535603330827225,-0.019535603330827225,3
Paraguay,2003,[2384.9],[2392.45458984375],0.003167675728017908,0.3167675728017908,0.003167675728017908,-0.003167675728017908,3
Paraguay,2004,[2545.5],[2217.951171875],0.12867759894912592,12.867759894912592,0.12867759894912592,0.12867759894912592,3
Paraguay,2005,[2075.0],[2630.36474609375],0.2676456607680723,26.764566076807228,0.2676456607680723,-0.2676456607680723,3
Paraguay,2006,[2682.9],[2376.085205078125],0.11435938533746136,11.435938533746135,0.11435938533746136,0.11435938533746136,3
Paraguay,2007,[2770.0],[2443.844970703125],0.11774549794111011,11.77454979411101,0.11774549794111011,0.11774549794111011,3
Paraguay,2008,[2880.4],[2136.53173828125],0.25825172257976325,25.825172257976327,0.25825172257976325,0.25825172257976325,3
Paraguay,2009,[2400.0],[2479.3544921875],0.03306437174479167,3.306437174479167,0.03306437174479167,-0.03306437174479167,3
Paraguay,2010,[3915.2],[2698.1328125],0.31085696452288514,31.085696452288513,0.31085696452288514,0.31085696452288514,3
Paraguay,2011,[3919.8],[3399.792724609375],0.13266168564483524,13.266168564483523,0.13266168564483524,0.13266168564483524,3
Paraguay,2012,[3095.0],[3945.848388671875],0.27491062638832797,27.491062638832798,0.27491062638832797,-0.27491062638832797,3
Paraguay,2013,[4000.0],[3892.4970703125],0.026875732421875,2.6875732421875,0.026875732421875,0.026875732421875,3
Paraguay,2014,[4000.0],[4218.302734375],0.05457568359375,5.457568359375,0.05457568359375,-0.05457568359375,3
Paraguay,2015,[5248.3],[4184.7353515625],0.20264936235304767,20.264936235304766,0.20264936235304767,0.20264936235304767,3
Paraguay,2016,[5367.0],[4905.67822265625],0.08595524079443824,8.595524079443823,0.08595524079443824,0.08595524079443824,3
Paraguay,2017,[5485.0],[4540.5654296875],0.1721849717980857,17.21849717980857,0.1721849717980857,0.1721849717980857,3
Paraguay,2018,[4995.0],[5318.6796875],0.06480073823823823,6.480073823823823,0.06480073823823823,-0.06480073823823823,3
Paraguay,2019,[5140.0],[5277.1015625],0.02667345573929961,2.667345573929961,0.02667345573929961,-0.02667345573929961,3
Paraguay,2020,[5304.2],[3832.55224609375],0.2774495218706402,27.74495218706402,0.2774495218706402,0.2774495218706402,3
Paraguay,2021,[4129.4],[5461.09619140625],0.3224914494614836,32.24914494614836,0.3224914494614836,-0.3224914494614836,3
Paraguay,2022,[5147.7],[4309.76318359375],0.16277887530474772,16.27788753047477,0.16277887530474772,0.16277887530474772,3
Rwanda,1984,[1198.8],[1572.8626708984375],0.31203092333870336,31.203092333870337,0.31203092333870336,-0.31203092333870336,3
Rwanda,1985,[1218.2],[1323.2197265625],0.08620893659702836,8.620893659702835,0.08620893659702836,-0.08620893659702836,3
Rwanda,1986,[1130.5],[1203.3487548828125],0.064439411661046,6.4439411661046,0.064439411661046,-0.064439411661046,3
Rwanda,1987,[1483.9],[1212.9017333984375],0.18262569351139737,18.26256935113974,0.18262569351139737,0.18262569351139737,3
Rwanda,1988,[1800.0],[1511.830078125],0.16009440104166667,16.009440104166668,0.16009440104166667,0.16009440104166667,3
Rwanda,1989,[1187.5],[1153.3951416015625],0.02871988075657895,2.871988075657895,0.02871988075657895,0.02871988075657895,3
Rwanda,1990,[1025.2],[1345.9283447265625],0.3128446593119025,31.284465931190248,0.3128446593119025,-0.3128446593119025,3
Rwanda,1991,[1155.6],[1341.83349609375],0.16115740402712886,16.115740402712888,0.16115740402712886,-0.16115740402712886,3
Rwanda,1992,[1225.0],[1189.40869140625],0.029054129464285715,2.9054129464285716,0.029054129464285715,0.029054129464285715,3
Rwanda,1993,[1740.0],[1064.2098388671875],0.388385150076329,38.8385150076329,0.388385150076329,0.388385150076329,3
Rwanda,1994,[1675.0],[1666.4910888671875],0.005079946944962686,0.5079946944962687,0.005079946944962686,0.005079946944962686,3
Rwanda,1995,[1120.0],[969.9343872070312],0.1339871542794364,13.398715427943639,0.1339871542794364,0.1339871542794364,3
Rwanda,1996,[1109.9],[961.5126953125],0.13369430100684754,13.369430100684754,0.13369430100684754,0.13369430100684754,3
Rwanda,1997,[1090.8],[1084.35498046875],0.005908525422854744,0.5908525422854743,0.005908525422854744,0.005908525422854744,3
Rwanda,1998,[823.1],[1483.9732666015625],0.8029076255637984,80.29076255637983,0.8029076255637984,-0.8029076255637984,3
Rwanda,1999,[755.6],[1054.5189208984375],0.395604712676598,39.5604712676598,0.395604712676598,-0.395604712676598,3
Rwanda,2000,[701.8],[1053.950927734375],0.5017824561618339,50.17824561618339,0.5017824561618339,-0.5017824561618339,3
Rwanda,2001,[767.1],[967.1370239257812],0.26077046529237546,26.077046529237546,0.26077046529237546,-0.26077046529237546,3
Rwanda,2002,[876.3],[1160.894287109375],0.3247681012317415,32.47681012317415,0.3247681012317415,-0.3247681012317415,3
Rwanda,2003,[767.2],[901.5526733398438],0.17512079423858667,17.51207942385867,0.17512079423858667,-0.17512079423858667,3
Rwanda,2004,[767.0],[772.044921875],0.006577473109517601,0.6577473109517601,0.006577473109517601,-0.006577473109517601,3
Rwanda,2005,[888.9],[871.3181762695312],0.019779304455471627,1.9779304455471627,0.019779304455471627,0.019779304455471627,3
Rwanda,2006,[853.1],[938.1725463867188],0.09972165793777837,9.972165793777837,0.09972165793777837,-0.09972165793777837,3
Rwanda,2007,[720.1],[1045.5469970703125],0.4519469477438029,45.19469477438029,0.4519469477438029,-0.4519469477438029,3
Rwanda,2008,[1151.5],[1917.4552001953125],0.6651803735955818,66.51803735955818,0.6651803735955818,-0.6651803735955818,3
Rwanda,2009,[1950.3],[1984.5194091796875],0.017545715623077243,1.7545715623077243,0.017545715623077243,-0.017545715623077243,3
Rwanda,2010,[2341.6],[2352.898193359375],0.004824988622896776,0.48249886228967764,0.004824988622896776,-0.004824988622896776,3
Rwanda,2011,[2352.9],[2275.55126953125],0.032873785740469244,3.2873785740469246,0.032873785740469244,0.032873785740469244,3
Rwanda,2012,[2258.7],[2252.498779296875],0.0027454822256717665,0.27454822256717665,0.0027454822256717665,0.0027454822256717665,3
Rwanda,2013,[2284.5],[1801.8699951171875],0.2112628605308875,21.126286053088748,0.2112628605308875,0.2112628605308875,3
Rwanda,2014,[1531.6],[1946.770751953125],0.2710699607946756,27.10699607946756,0.2710699607946756,-0.2710699607946756,3
Rwanda,2015,[1531.3],[1767.742431640625],0.15440634208882978,15.440634208882978,0.15440634208882978,-0.15440634208882978,3
Rwanda,2016,[1574.8],[1701.093994140625],0.08019684667299025,8.019684667299025,0.08019684667299025,-0.08019684667299025,3
Rwanda,2017,[1379.3],[1442.89794921875],0.046108859000036286,4.610885900003629,0.046108859000036286,-0.046108859000036286,3
Rwanda,2018,[1431.5],[1505.1854248046875],0.05147427509932763,5.147427509932763,0.05147427509932763,-0.05147427509932763,3
Rwanda,2019,[1461.0],[1441.2371826171875],0.013526911281870294,1.3526911281870293,0.013526911281870294,0.013526911281870294,3
Rwanda,2020,[1523.7],[1747.581787109375],0.14693298359872348,14.693298359872347,0.14693298359872348,-0.14693298359872348,3
Rwanda,2021,[1521.6],[1518.6839599609375],0.0019164300992786602,0.191643009927866,0.0019164300992786602,0.0019164300992786602,3
Rwanda,2022,[1528.6],[1427.969970703125],0.06583149895124618,6.583149895124619,0.06583149895124618,0.06583149895124618,3
Indonesia,1984,[1713.4],[1867.992919921875],0.09022581996140709,9.022581996140708,0.09022581996140709,-0.09022581996140709,1
Indonesia,1985,[1774.4],[1884.539794921875],0.062071570627747354,6.207157062774735,0.062071570627747354,-0.062071570627747354,1
Indonesia,1986,[1883.8],[1750.46875],0.07077781611636053,7.077781611636053,0.07077781611636053,0.07077781611636053,1
Indonesia,1987,[1963.3],[1888.298095703125],0.03820195807919063,3.8201958079190628,0.03820195807919063,0.03820195807919063,1
Indonesia,1988,[1953.1],[1978.5950927734375],0.013053654586778757,1.3053654586778758,0.013053654586778757,-0.013053654586778757,1
Indonesia,1989,[2103.3],[1967.772705078125],0.06443555123942146,6.443555123942146,0.06443555123942146,0.06443555123942146,1
Indonesia,1990,[2132.3],[2102.82177734375],0.013824613167120095,1.3824613167120094,0.013824613167120095,0.013824613167120095,1
Indonesia,1991,[2150.5],[2124.297607421875],0.01218432577452918,1.2184325774529179,0.01218432577452918,0.01218432577452918,1
Indonesia,1992,[2203.0],[2162.09326171875],0.01856865105821607,1.856865105821607,0.01856865105821607,0.01856865105821607,1
Indonesia,1993,[2197.5],[2166.326171875],0.014186042377701933,1.4186042377701933,0.014186042377701933,0.014186042377701933,1
Indonesia,1994,[2209.1],[2358.0078125],0.06740655131048848,6.740655131048848,0.06740655131048848,-0.06740655131048848,1
Indonesia,1995,[2258.0],[2221.15478515625],0.016317632791740477,1.6317632791740477,0.016317632791740477,0.016317632791740477,1
Indonesia,1996,[2486.2],[2237.782958984375],0.09991836578538527,9.991836578538527,0.09991836578538527,0.09991836578538527,1
Indonesia,1997,[2614.1],[2451.082763671875],0.062360749905560196,6.23607499055602,0.062360749905560196,0.062360749905560196,1
Indonesia,1998,[2652.6],[3046.553955078125],0.14851615587654568,14.851615587654567,0.14851615587654568,-0.14851615587654568,1
Indonesia,1999,[2662.9],[2629.24267578125],0.012639349663430879,1.2639349663430879,0.012639349663430879,0.012639349663430879,1
Indonesia,2000,[2764.9],[2638.235595703125],0.045811567976011824,4.581156797601182,0.045811567976011824,0.045811567976011824,1
Indonesia,2001,[2844.6],[2818.596923828125],0.00914120655694119,0.914120655694119,0.00914120655694119,0.00914120655694119,1
Indonesia,2002,[3065.5],[2881.453125],0.0600381259174686,6.003812591746859,0.0600381259174686,0.0600381259174686,1
Indonesia,2003,[3241.4],[3357.736328125],0.035890765757080244,3.5890765757080243,0.035890765757080244,-0.035890765757080244,1
Indonesia,2004,[3343.9],[3321.75439453125],0.006622687720550881,0.662268772055088,0.006622687720550881,0.006622687720550881,1
Indonesia,2005,[3453.9],[3515.877197265625],0.01794412034674568,1.7944120346745682,0.01794412034674568,-0.01794412034674568,1
Indonesia,2006,[3469.9],[3113.680419921875],0.10265989800228395,10.265989800228395,0.10265989800228395,0.10265989800228395,1
Indonesia,2007,[3660.1],[3441.52294921875],0.05971887401471269,5.971887401471268,0.05971887401471269,0.05971887401471269,1
Indonesia,2008,[4077.6],[4296.625],0.05371419462428882,5.371419462428882,0.05371419462428882,-0.05371419462428882,1
Indonesia,2009,[4237.2],[4283.79736328125],0.01099720647626975,1.099720647626975,0.01099720647626975,-0.01099720647626975,1
Indonesia,2010,[4435.9],[4691.6982421875],0.05766546635124786,5.7665466351247865,0.05766546635124786,-0.05766546635124786,1
Indonesia,2011,[4565.2],[4141.1748046875],0.09288206328583629,9.288206328583628,0.09288206328583629,0.09288206328583629,1
Indonesia,2012,[4898.7],[4504.9033203125],0.08038799675168919,8.038799675168919,0.08038799675168919,0.08038799675168919,1
Indonesia,2013,[4844.1],[4919.83447265625],0.015634374322629513,1.5634374322629512,0.015634374322629513,-0.015634374322629513,1
Indonesia,2014,[4954.0],[4791.3564453125],0.03283075387313282,3.283075387313282,0.03283075387313282,0.03283075387313282,1
Indonesia,2015,[5178.4],[3593.39208984375],0.30608062531983815,30.608062531983816,0.30608062531983815,0.30608062531983815,1
Indonesia,2016,[5305.2],[5120.14697265625],0.03488144223474135,3.488144223474135,0.03488144223474135,0.03488144223474135,1
Indonesia,2017,[5227.4],[5315.576171875],0.01686807435340712,1.6868074353407119,0.01686807435340712,-0.01686807435340712,1
Indonesia,2018,[5326.1],[5255.66650390625],0.013224215860338777,1.3224215860338777,0.013224215860338777,0.013224215860338777,1
Indonesia,2019,[5441.9],[5308.7216796875],0.0244727614091585,2.44727614091585,0.0244727614091585,0.0244727614091585,1
Indonesia,2020,[5680.4],[5414.30419921875],0.04684455333801311,4.684455333801311,0.04684455333801311,0.04684455333801311,1
Indonesia,2021,[5695.7],[5654.78515625],0.007183461865969033,0.7183461865969033,0.007183461865969033,0.007183461865969033,1
Indonesia,2022,[5793.6],[5630.32421875],0.028182094250552396,2.8182094250552394,0.028182094250552396,0.028182094250552396,1
Guinea,1984,[1055.8],[1061.5311279296875],0.0054282325532179826,0.5428232553217982,0.0054282325532179826,-0.0054282325532179826,3
Guinea,1985,[1111.1],[1101.2242431640625],0.00888827003504402,0.888827003504402,0.00888827003504402,0.00888827003504402,3
Guinea,1986,[1111.1],[1055.7952880859375],0.04977473847004087,4.977473847004087,0.04977473847004087,0.04977473847004087,3
Guinea,1987,[1000.0],[1332.87890625],0.33287890625,33.287890625,0.33287890625,-0.33287890625,3
Guinea,1988,[952.0],[1056.61767578125],0.10989251657694328,10.989251657694329,0.10989251657694328,-0.10989251657694328,3
Guinea,1989,[984.5],[1114.6220703125],0.13217071641696293,13.217071641696293,0.13217071641696293,-0.13217071641696293,3
Guinea,1990,[1017.9],[1041.612060546875],0.023295078639232757,2.3295078639232756,0.023295078639232757,-0.023295078639232757,3
Guinea,1991,[1052.7],[1066.1845703125],0.012809509178778336,1.2809509178778336,0.012809509178778336,-0.012809509178778336,3
Guinea,1992,[1088.5],[1079.734130859375],0.008053164116329812,0.8053164116329812,0.008053164116329812,0.008053164116329812,3
Guinea,1993,[1125.5],[1330.739501953125],0.18235406659540204,18.235406659540203,0.18235406659540204,-0.18235406659540204,3
Guinea,1994,[1163.9],[1201.246826171875],0.03208765888123972,3.208765888123972,0.03208765888123972,-0.03208765888123972,3
Guinea,1995,[1203.6],[1300.97509765625],0.08090320509824701,8.090320509824702,0.08090320509824701,-0.08090320509824701,3
Guinea,1996,[1244.6],[1101.7005615234375],0.11481555397441942,11.481555397441943,0.11481555397441942,0.11481555397441942,3
Guinea,1997,[1287.0],[1159.4552001953125],0.09910240855065074,9.910240855065073,0.09910240855065074,0.09910240855065074,3
Guinea,1998,[1330.8],[1415.4249267578125],0.06358951514713898,6.358951514713898,0.06358951514713898,-0.06358951514713898,3
Guinea,1999,[1376.1],[1355.422119140625],0.015026437656692763,1.5026437656692764,0.015026437656692763,0.015026437656692763,3
Guinea,2000,[1423.0],[1324.087646484375],0.06950973542911103,6.950973542911103,0.06950973542911103,0.06950973542911103,3
Guinea,2001,[1443.0],[1471.9344482421875],0.02005159268342862,2.005159268342862,0.02005159268342862,-0.02005159268342862,3
Guinea,2002,[1466.4],[1398.7196044921875],0.046154115867302635,4.615411586730263,0.046154115867302635,0.046154115867302635,3
Guinea,2003,[1490.1],[1479.625244140625],0.007029565706580035,0.7029565706580034,0.007029565706580035,0.007029565706580035,3
Guinea,2004,[1514.3],[1504.073974609375],0.0067529719280360265,0.6752971928036027,0.0067529719280360265,0.0067529719280360265,3
Guinea,2005,[1538.8],[1503.0614013671875],0.023224979615812616,2.3224979615812615,0.023224979615812616,0.023224979615812616,3
Guinea,2006,[1563.7],[1426.084228515625],0.08800650475434868,8.800650475434868,0.08800650475434868,0.08800650475434868,3
Guinea,2007,[1589.1],[1449.33203125],0.08795416823988415,8.795416823988415,0.08795416823988415,0.08795416823988415,3
Guinea,2008,[1079.3],[1629.0882568359375],0.5093933631390137,50.93933631390137,0.5093933631390137,-0.5093933631390137,3
Guinea,2009,[1631.8],[1628.439208984375],0.0020595606174929246,0.20595606174929246,0.0020595606174929246,0.0020595606174929246,3
Guinea,2010,[1631.3],[1364.0421142578125],0.16383123014907586,16.383123014907586,0.16383123014907586,0.16383123014907586,3
Guinea,2011,[1658.4],[1521.847900390625],0.08233966450155275,8.233966450155275,0.08233966450155275,0.08233966450155275,3
Guinea,2012,[1220.0],[1509.143798828125],0.23700311379354508,23.700311379354506,0.23700311379354508,-0.23700311379354508,3
Guinea,2013,[1250.0],[1348.7320556640625],0.07898564453125,7.898564453124999,0.07898564453125,-0.07898564453125,3
Guinea,2014,[1232.3],[1314.46337890625],0.06667481855574946,6.6674818555749455,0.06667481855574946,-0.06667481855574946,3
Guinea,2015,[1250.3],[1248.3658447265625],0.0015469529500419536,0.15469529500419535,0.0015469529500419536,0.0015469529500419536,3
Guinea,2016,[1226.5],[1449.2047119140625],0.18157742512357317,18.157742512357316,0.18157742512357317,-0.18157742512357317,3
Guinea,2017,[1350.0],[1284.4449462890625],0.048559299045138886,4.855929904513888,0.048559299045138886,0.048559299045138886,3
Guinea,2018,[1338.6],[1448.563232421875],0.08214793995358964,8.214793995358963,0.08214793995358964,-0.08214793995358964,3
Guinea,2019,[1450.0],[1319.259033203125],0.09016618399784483,9.016618399784484,0.09016618399784483,0.09016618399784483,3
Guinea,2020,[1420.0],[1421.452392578125],0.0010228116747359156,0.10228116747359156,0.0010228116747359156,-0.0010228116747359156,3
Guinea,2021,[1450.0],[1458.2469482421875],0.005687550511853448,0.5687550511853448,0.005687550511853448,-0.005687550511853448,3
Guinea,2022,[1500.0],[1264.009765625],0.15732682291666666,15.732682291666666,0.15732682291666666,0.15732682291666666,3
Benin,1984,[807.7],[758.2151489257812],0.061266374983556755,6.1266374983556755,0.061266374983556755,0.061266374983556755,3
Benin,1985,[889.0],[869.6436767578125],0.02177314200471035,2.177314200471035,0.02177314200471035,0.02177314200471035,3
Benin,1986,[854.3],[884.0781860351562],0.034856825512298135,3.4856825512298135,0.034856825512298135,-0.034856825512298135,3
Benin,1987,[707.5],[807.7012939453125],0.14162727059408128,14.162727059408128,0.14162727059408128,-0.14162727059408128,3
Benin,1988,[871.2],[878.1087646484375],0.007930170624928207,0.7930170624928207,0.007930170624928207,-0.007930170624928207,3
Benin,1989,[885.3],[882.954833984375],0.002649007133881119,0.2649007133881119,0.002649007133881119,0.002649007133881119,3
Benin,1990,[895.4],[814.2381591796875],0.09064311014106821,9.06431101410682,0.09064311014106821,0.09064311014106821,3
Benin,1991,[928.1],[933.5938110351562],0.005919417126555573,0.5919417126555573,0.005919417126555573,-0.005919417126555573,3
Benin,1992,[977.1],[981.779052734375],0.004788714291653851,0.47887142916538505,0.004788714291653851,-0.004788714291653851,3
Benin,1993,[977.8],[944.1981811523438],0.0343647155324772,3.4364715532477197,0.0343647155324772,0.0343647155324772,3
Benin,1994,[1022.8],[986.3192138671875],0.03566756563630471,3.566756563630471,0.03566756563630471,0.03566756563630471,3
Benin,1995,[1173.7],[1001.1700439453125],0.14699663973305577,14.699663973305576,0.14699663973305577,0.14699663973305577,3
Benin,1996,[1081.8],[1166.84619140625],0.07861544777800893,7.8615447778008924,0.07861544777800893,-0.07861544777800893,3
Benin,1997,[1202.0],[1153.464111328125],0.04037927510139351,4.037927510139351,0.04037927510139351,0.04037927510139351,3
Benin,1998,[1114.3],[1192.0216064453125],0.06974926540905729,6.974926540905729,0.06974926540905729,-0.06974926540905729,3
Benin,1999,[1251.8],[1178.7933349609375],0.05832134928827485,5.832134928827485,0.05832134928827485,0.05832134928827485,3
Benin,2000,[1148.1],[1110.8026123046875],0.03248618386491805,3.248618386491805,0.03248618386491805,0.03248618386491805,3
Benin,2001,[1100.2],[1204.411376953125],0.09472039352220046,9.472039352220046,0.09472039352220046,-0.09472039352220046,3
Benin,2002,[1164.4],[1177.204345703125],0.010996518123604353,1.0996518123604353,0.010996518123604353,-0.010996518123604353,3
Benin,2003,[1189.9],[1127.771728515625],0.052213019148142775,5.221301914814277,0.052213019148142775,0.052213019148142775,3
Benin,2004,[1179.0],[1222.1446533203125],0.036594277625371076,3.6594277625371077,0.036594277625371076,-0.036594277625371076,3
Benin,2005,[1144.7],[1137.9111328125],0.005930695542500258,0.5930695542500258,0.005930695542500258,0.005930695542500258,3
Benin,2006,[1227.3],[1115.055908203125],0.091456116513383,9.145611651338301,0.091456116513383,0.091456116513383,3
Benin,2007,[1334.4],[1137.250244140625],0.1477441215972535,14.774412159725351,0.1477441215972535,0.1477441215972535,3
Benin,2008,[1127.9],[1262.530517578125],0.11936387762933319,11.936387762933318,0.11936387762933319,-0.11936387762933319,3
Benin,2009,[1397.7],[1124.1981201171875],0.1956799598503345,19.567995985033452,0.1956799598503345,0.1956799598503345,3
Benin,2010,[1102.8],[1345.68017578125],0.22023955003740484,22.023955003740483,0.22023955003740484,-0.22023955003740484,3
Benin,2011,[1421.6],[1313.6256103515625],0.07595272203744895,7.595272203744894,0.07595272203744895,0.07595272203744895,3
Benin,2012,[1262.2],[1202.3829345703125],0.04739111506075704,4.739111506075704,0.04739111506075704,0.04739111506075704,3
Benin,2013,[1308.4],[1283.2081298828125],0.01925395148057749,1.925395148057749,0.01925395148057749,0.01925395148057749,3
Benin,2014,[1399.1],[1308.866455078125],0.06449399251081046,6.449399251081046,0.06449399251081046,0.06449399251081046,3
Benin,2015,[1281.3],[1384.09521484375],0.08022728076465313,8.022728076465313,0.08022728076465313,-0.08022728076465313,3
Benin,2016,[1376.2],[1323.361328125],0.038394616970643836,3.8394616970643836,0.038394616970643836,0.038394616970643836,3
Benin,2017,[1321.5],[1258.0906982421875],0.04798282388029701,4.798282388029701,0.04798282388029701,0.04798282388029701,3
Benin,2018,[1304.0],[1127.890625],0.13505320168711657,13.505320168711657,0.13505320168711657,0.13505320168711657,3
Benin,2019,[1075.2],[1309.0947265625],0.2175360180082775,21.75360180082775,0.2175360180082775,-0.2175360180082775,3
Benin,2020,[1271.8],[1143.378662109375],0.10097604803477352,10.097604803477351,0.10097604803477352,0.10097604803477352,3
Benin,2021,[1206.4],[1346.00634765625],0.11572144202275356,11.572144202275355,0.11572144202275356,-0.11572144202275356,3
Benin,2022,[1164.3],[1242.11865234375],0.06683728621811393,6.683728621811393,0.06683728621811393,-0.06683728621811393,3
Eswatini,1984,[1790.0],[1780.7252197265625],0.005181441493540503,0.5181441493540503,0.005181441493540503,0.005181441493540503,6
Eswatini,1985,[2022.0],[1151.50927734375],0.4305097540337537,43.05097540337537,0.4305097540337537,0.4305097540337537,6
Eswatini,1986,[1431.2],[1177.859619140625],0.17701256348475058,17.70125634847506,0.17701256348475058,0.17701256348475058,6
Eswatini,1987,[1238.5],[1624.462890625],0.3116373763625353,31.16373763625353,0.3116373763625353,-0.3116373763625353,6
Eswatini,1988,[1287.0],[1439.3116455078125],0.11834626690583722,11.834626690583722,0.11834626690583722,-0.11834626690583722,6
Eswatini,1989,[1018.8],[1127.5057373046875],0.10669978141410243,10.669978141410242,0.10669978141410243,-0.10669978141410243,6
Eswatini,1990,[1240.3],[1258.618896484375],0.014769730294586024,1.4769730294586023,0.014769730294586024,-0.014769730294586024,6
Eswatini,1991,[1010.5],[1394.9716796875],0.38047667460415635,38.04766746041564,0.38047667460415635,-0.38047667460415635,6
Eswatini,1992,[1543.5],[1027.12548828125],0.3345477886094914,33.45477886094914,0.3345477886094914,0.3345477886094914,6
Eswatini,1993,[1378.5],[1305.0103759765625],0.053311297804452304,5.33112978044523,0.053311297804452304,0.053311297804452304,6
Eswatini,1994,[1273.3],[1966.443115234375],0.5443674823171092,54.43674823171092,0.5443674823171092,-0.5443674823171092,6
Eswatini,1995,[2206.5],[1368.760009765625],0.379669154876218,37.9669154876218,0.379669154876218,0.379669154876218,6
Eswatini,1996,[1776.6],[1575.1038818359375],0.11341670503437039,11.341670503437038,0.11341670503437039,0.11341670503437039,6
Eswatini,1997,[1921.8],[1681.1376953125],0.12522754953038814,12.522754953038815,0.12522754953038814,0.12522754953038814,6
Eswatini,1998,[1917.8],[1337.6041259765625],0.30253200230651656,30.253200230651657,0.30253200230651656,0.30253200230651656,6
Eswatini,1999,[1645.6],[1368.45751953125],0.1684142443295758,16.84142443295758,0.1684142443295758,0.1684142443295758,6
Eswatini,2000,[1645.6],[1638.579345703125],0.004266318848368322,0.4266318848368322,0.004266318848368322,0.004266318848368322,6
Eswatini,2001,[1426.7],[1449.0966796875],0.015698240476273887,1.5698240476273888,0.015698240476273887,-0.015698240476273887,6
Eswatini,2002,[996.2],[1037.6441650390625],0.041602253602752916,4.160225360275292,0.041602253602752916,-0.041602253602752916,6
Eswatini,2003,[1023.5],[1138.3255615234375],0.11218911726764778,11.218911726764778,0.11218911726764778,-0.11218911726764778,6
Eswatini,2004,[1250.0],[1436.0040283203125],0.14880322265625,14.880322265625,0.14880322265625,-0.14880322265625,6
Eswatini,2005,[1321.0],[1013.1522827148438],0.2330414211091266,23.30414211091266,0.2330414211091266,0.2330414211091266,6
Eswatini,2006,[1429.1],[1365.471435546875],0.04452352141426416,4.452352141426416,0.04452352141426416,0.04452352141426416,6
Eswatini,2007,[552.0],[1020.7034301757812],0.849100416985111,84.9100416985111,0.849100416985111,-0.849100416985111,6
Eswatini,2008,[994.3],[1219.18310546875],0.22617228750754306,22.617228750754307,0.22617228750754306,-0.22617228750754306,6
Eswatini,2009,[1286.9],[1322.07861328125],0.027335933857525765,2.7335933857525765,0.027335933857525765,-0.027335933857525765,6
Eswatini,2010,[1204.0],[1493.28076171875],0.2402664133876661,24.02664133876661,0.2402664133876661,-0.2402664133876661,6
Eswatini,2011,[1345.2],[1223.2884521484375],0.09062707987775985,9.062707987775985,0.09062707987775985,0.09062707987775985,6
Eswatini,2012,[1337.5],[1290.824951171875],0.03489723276869159,3.489723276869159,0.03489723276869159,0.03489723276869159,6
Eswatini,2013,[1370.2],[1415.680419921875],0.033192541177838965,3.3192541177838963,0.033192541177838965,-0.033192541177838965,6
Eswatini,2014,[1365.2],[1331.6273193359375],0.02459176726052047,2.459176726052047,0.02459176726052047,0.02459176726052047,6
Eswatini,2015,[1260.8],[779.6514282226562],0.38162164639700485,38.162164639700485,0.38162164639700485,0.38162164639700485,6
Eswatini,2016,[1224.8],[1085.0283203125],0.11411796186112015,11.411796186112015,0.11411796186112015,0.11411796186112015,6
Eswatini,2017,[1238.7],[1166.7576904296875],0.05807888073812267,5.807888073812267,0.05807888073812267,0.05807888073812267,6
Eswatini,2018,[1268.9],[1724.4520263671875],0.35901333940199176,35.90133394019917,0.35901333940199176,-0.35901333940199176,6
Eswatini,2019,[1279.7],[1474.4033203125],0.15214762859459244,15.214762859459244,0.15214762859459244,-0.15214762859459244,6
Eswatini,2020,[1279.4],[1278.475830078125],0.0007223463513170947,0.07223463513170947,0.0007223463513170947,0.0007223463513170947,6
Eswatini,2021,[1428.6],[1276.505615234375],0.1064639400571363,10.64639400571363,0.1064639400571363,0.1064639400571363,6
Eswatini,2022,[1587.5],[1352.491455078125],0.1480368786909449,14.803687869094489,0.1480368786909449,0.1480368786909449,6
Zimbabwe,1984,[832.6],[1821.860595703125],1.1881582941425954,118.81582941425954,1.1881582941425954,-1.1881582941425954,6
Zimbabwe,1985,[2163.7],[1807.0106201171875],0.16485158750418835,16.485158750418837,0.16485158750418835,0.16485158750418835,6
Zimbabwe,1986,[1937.3],[2163.6982421875],0.11686276889872506,11.686276889872506,0.11686276889872506,-0.11686276889872506,6
Zimbabwe,1987,[917.3],[825.2512817382812],0.10034745259099391,10.034745259099392,0.10034745259099391,0.10034745259099391,6
Zimbabwe,1988,[1806.6],[1412.43017578125],0.21818323049858848,21.818323049858847,0.21818323049858848,0.21818323049858848,6
Zimbabwe,1989,[1707.9],[1542.0196533203125],0.09712532740774495,9.712532740774495,0.09712532740774495,0.09712532740774495,6
Zimbabwe,1990,[1720.6],[694.9452514648438],0.5961029574190144,59.61029574190144,0.5961029574190144,0.5961029574190144,6
Zimbabwe,1991,[1440.0],[938.8825073242188],0.34799825880262586,34.79982588026259,0.34799825880262586,0.34799825880262586,6
Zimbabwe,1992,[410.8],[855.7667236328125],1.0831711870321628,108.31711870321628,1.0831711870321628,-1.0831711870321628,6
Zimbabwe,1993,[1652.6],[1455.47265625],0.11928315608737741,11.92831560873774,0.11928315608737741,0.11928315608737741,6
Zimbabwe,1994,[1213.3],[630.8935546875],0.48001849939215363,48.00184993921536,0.48001849939215363,0.48001849939215363,6
Zimbabwe,1995,[594.9],[851.71826171875],0.43169988522230635,43.16998852223063,0.43169988522230635,-0.43169988522230635,6
Zimbabwe,1996,[1415.0],[1128.5174560546875],0.2024611617988074,20.24611617988074,0.2024611617988074,0.2024611617988074,6
Zimbabwe,1997,[1104.3],[1258.807861328125],0.13991475262892789,13.991475262892788,0.13991475262892789,-0.13991475262892789,6
Zimbabwe,1998,[1012.5],[1135.66357421875],0.1216430362654321,12.16430362654321,0.1216430362654321,-0.1216430362654321,6
Zimbabwe,1999,[1087.0],[1160.4498291015625],0.06757113992784039,6.757113992784039,0.06757113992784039,-0.06757113992784039,6
Zimbabwe,2000,[1179.5],[1536.3408203125],0.3025356679207291,30.25356679207291,0.3025356679207291,-0.3025356679207291,6
Zimbabwe,2001,[1230.9],[1149.951416015625],0.06576373709023892,6.576373709023891,0.06576373709023892,0.06576373709023892,6
Zimbabwe,2002,[455.4],[676.5528564453125],0.4856233123524649,48.56233123524649,0.4856233123524649,-0.4856233123524649,6
Zimbabwe,2003,[782.9],[845.9277954101562],0.08050555040254985,8.050555040254984,0.08050555040254985,-0.08050555040254985,6
Zimbabwe,2004,[1296.5],[1144.9183349609375],0.11691605479295218,11.691605479295218,0.11691605479295218,0.11691605479295218,6
Zimbabwe,2005,[619.5],[508.238037109375],0.17959961725686038,17.95996172568604,0.17959961725686038,0.17959961725686038,6
Zimbabwe,2006,[977.2],[1276.70654296875],0.30649462031186037,30.649462031186037,0.30649462031186037,-0.30649462031186037,6
Zimbabwe,2007,[865.1],[937.58251953125],0.08378513412466763,8.378513412466763,0.08378513412466763,-0.08378513412466763,6
Zimbabwe,2008,[286.7],[819.088134765625],1.8569519873234217,185.69519873234216,1.8569519873234217,-1.8569519873234217,6
Zimbabwe,2009,[464.2],[1235.18896484375],1.6608982439546531,166.0898243954653,1.6608982439546531,-1.6608982439546531,6
Zimbabwe,2010,[875.1],[1015.7069091796875],0.16067524760563076,16.067524760563074,0.16067524760563076,-0.16067524760563076,6
Zimbabwe,2011,[656.8],[898.671630859375],0.3682576596519109,36.82576596519109,0.3682576596519109,-0.3682576596519109,6
Zimbabwe,2012,[791.2],[464.850341796875],0.4124742899432824,41.24742899432824,0.4124742899432824,0.4124742899432824,6
Zimbabwe,2013,[744.9],[900.8050537109375],0.20929662197736276,20.929662197736278,0.20929662197736276,-0.20929662197736276,6
Zimbabwe,2014,[930.1],[1230.9598388671875],0.3234704213172642,32.347042131726425,0.3234704213172642,-0.3234704213172642,6
Zimbabwe,2015,[580.3],[647.3090209960938],0.11547306737221058,11.547306737221058,0.11547306737221058,-0.11547306737221058,6
Zimbabwe,2016,[440.5],[624.2704467773438],0.4171860312766033,41.71860312766033,0.4171860312766033,-0.4171860312766033,6
Zimbabwe,2017,[1393.3],[1306.284912109375],0.06245251409647955,6.245251409647954,0.06245251409647955,0.06245251409647955,6
Zimbabwe,2018,[1350.6],[639.4859619140625],0.5265171317088239,52.65171317088239,0.5265171317088239,0.5265171317088239,6
Zimbabwe,2019,[780.7],[847.1536254882812],0.08512056550311413,8.512056550311414,0.08512056550311413,-0.08512056550311413,6
Zimbabwe,2020,[1180.1],[1063.85498046875],0.09850438058745015,9.850438058745015,0.09850438058745015,0.09850438058745015,6
Zimbabwe,2021,[1534.4],[1244.917236328125],0.18866186370690502,18.866186370690503,0.18866186370690502,0.18866186370690502,6
Zimbabwe,2022,[1500.0],[1178.1715087890625],0.21455232747395833,21.455232747395833,0.21455232747395833,0.21455232747395833,6
