country,year,y_true,y_pred,NRMSE,rRMSE,NMAE,nME,koppen_class
Lao People's Democratic Republic,1984,[1187.2],[1731.2934764887164],0.4582997611933257,45.82997611933257,0.4582997611933257,-0.4582997611933257,11
Lao People's Democratic Republic,1985,[1239.8],[1513.9826496695978],0.22115070952540558,22.11507095254056,0.22115070952540558,-0.22115070952540558,11
Lao People's Democratic Republic,1986,[1406.7],[1810.955976395091],0.28737895528193,28.737895528193004,0.28737895528193,-0.28737895528193,11
Lao People's Democratic Republic,1987,[1442.6],[2068.2402011837776],0.43368931178689707,43.36893117868971,0.43368931178689707,-0.43368931178689707,11
Lao People's Democratic Republic,1988,[1344.0],[1953.9981885296029],0.4538676997988117,45.38676997988117,0.4538676997988117,-0.4538676997988117,11
Lao People's Democratic Republic,1989,[1443.8],[2737.5310840535108],0.8960597617769157,89.60597617769157,0.8960597617769157,-0.8960597617769157,11
Lao People's Democratic Republic,1990,[1815.3],[2351.4055606520046],0.2953261503068389,29.53261503068389,0.2953261503068389,-0.2953261503068389,11
Lao People's Democratic Republic,1991,[2006.5],[2449.2155329023008],0.2206406842274113,22.06406842274113,0.2206406842274113,-0.2206406842274113,11
Lao People's Democratic Republic,1992,[1826.6],[2849.7667720664012],0.5601482382932231,56.01482382932231,0.5601482382932231,-0.5601482382932231,11
Lao People's Democratic Republic,1993,[1753.6],[2955.1291244035983],0.6851785609053367,68.51785609053367,0.6851785609053367,-0.6851785609053367,11
Lao People's Democratic Republic,1994,[1988.2],[3092.1473000665374],0.5552496228078349,55.524962280783484,0.5552496228078349,-0.5552496228078349,11
Lao People's Democratic Republic,1995,[1730.4],[2726.2041620908403],0.5754762841486594,57.54762841486594,0.5754762841486594,-0.5754762841486594,11
Lao People's Democratic Republic,1996,[2089.2],[2645.202098048099],0.26613158053230856,26.613158053230855,0.26613158053230856,-0.26613158053230856,11
Lao People's Democratic Republic,1997,[2060.5],[2856.891151343761],0.38650383467302163,38.65038346730216,0.38650383467302163,-0.38650383467302163,11
Lao People's Democratic Republic,1998,[2368.5],[3243.496595467609],0.3694306926187921,36.94306926187921,0.3694306926187921,-0.3694306926187921,11
Lao People's Democratic Republic,1999,[2359.7],[2940.2258955664543],0.2460168222937045,24.60168222937045,0.2460168222937045,-0.2460168222937045,11
Lao People's Democratic Republic,2000,[2387.8],[3056.3681608479246],0.27999336663368973,27.99933666336897,0.27999336663368973,-0.27999336663368973,11
Lao People's Democratic Republic,2001,[2550.0],[2697.869523092216],0.05798804827145717,5.798804827145717,0.05798804827145717,-0.05798804827145717,11
Lao People's Democratic Republic,2002,[2761.0],[2545.74590912472],0.07796236540212961,7.796236540212961,0.07796236540212961,0.07796236540212961,11
Lao People's Democratic Republic,2003,[2771.0],[3105.2176576531965],0.12061265162511603,12.061265162511603,0.12061265162511603,-0.12061265162511603,11
Lao People's Democratic Republic,2004,[3014.8],[2499.8074239469934],0.17082147275209195,17.082147275209195,0.17082147275209195,0.17082147275209195,11
Lao People's Democratic Republic,2005,[4332.1],[3400.154139291429],0.21512565746602597,21.512565746602597,0.21512565746602597,0.21512565746602597,11
Lao People's Democratic Republic,2006,[3953.3],[3528.5525671903806],0.10744123461655314,10.744123461655313,0.10744123461655314,0.10744123461655314,11
Lao People's Democratic Republic,2007,[4363.6],[3880.261458136055],0.11076600556053383,11.076600556053382,0.11076600556053383,0.11076600556053383,11
Lao People's Democratic Republic,2008,[4832.8],[3429.705957229346],0.2903273553158943,29.03273553158943,0.2903273553158943,0.2903273553158943,11
Lao People's Democratic Republic,2009,[5464.3],[4310.21411159793],0.2112047084534286,21.120470845342858,0.2112047084534286,0.2112047084534286,11
Lao People's Democratic Republic,2010,[4798.6],[4423.3062441210695],0.07820901010272388,7.820901010272388,0.07820901010272388,0.07820901010272388,11
Lao People's Democratic Republic,2011,[5168.4],[3346.8363214102606],0.3524424732199016,35.24424732199016,0.3524424732199016,0.3524424732199016,11
Lao People's Democratic Republic,2012,[5718.5],[4223.193355109311],0.2614858170657846,26.14858170657846,0.2614858170657846,0.2614858170657846,11
Lao People's Democratic Republic,2013,[5726.0],[4278.400840426482],0.25281158916757207,25.281158916757207,0.25281158916757207,0.25281158916757207,11
Lao People's Democratic Republic,2014,[5803.3],[4331.540396438242],0.25360736194264605,25.360736194264604,0.25360736194264605,0.25360736194264605,11
Lao People's Democratic Republic,2015,[5968.9],[3866.4924897657356],0.3522269614559239,35.222696145592394,0.3522269614559239,0.3522269614559239,11
Lao People's Democratic Republic,2016,[5995.8],[4738.617374421529],0.209677211644563,20.9677211644563,0.209677211644563,0.209677211644563,11
Lao People's Democratic Republic,2017,[5755.7],[4891.317625131875],0.15017849694531077,15.017849694531076,0.15017849694531077,0.15017849694531077,11
Lao People's Democratic Republic,2018,[5927.3],[3531.5084106873355],0.40419610772403364,40.41961077240337,0.40419610772403364,0.40419610772403364,11
Lao People's Democratic Republic,2019,[5230.2],[4083.0515287100206],0.21933166442774257,21.933166442774258,0.21933166442774257,0.21933166442774257,11
Lao People's Democratic Republic,2020,[5225.6],[4828.677946345508],0.07595722092285911,7.595722092285912,0.07595722092285911,0.07595722092285911,11
Lao People's Democratic Republic,2021,[4826.0],[4873.099694869945],0.00975957208245853,0.9759572082458531,0.00975957208245853,-0.00975957208245853,11
Lao People's Democratic Republic,2022,[4989.4],[4895.887547845021],0.018742223945760764,1.8742223945760763,0.018742223945760764,0.018742223945760764,11
El Salvador,1984,[2166.2],[1925.1274269166329],0.11128823427355136,11.128823427355137,0.11128823427355136,0.11128823427355136,3
El Salvador,1985,[1954.4],[2197.969477662973],0.12462621656926574,12.462621656926574,0.12462621656926574,-0.12462621656926574,3
El Salvador,1986,[1696.0],[2215.674366852451],0.30641177290828475,30.641177290828477,0.30641177290828475,-0.30641177290828475,3
El Salvador,1987,[2073.8],[2115.2331329234453],0.0199793292137357,1.99793292137357,0.0199793292137357,-0.0199793292137357,3
El Salvador,1988,[2113.7],[2225.9693405651506],0.05311507809298895,5.311507809298895,0.05311507809298895,-0.05311507809298895,3
El Salvador,1989,[2130.1],[2275.3704835375806],0.0681989031207834,6.81989031207834,0.0681989031207834,-0.0681989031207834,3
El Salvador,1990,[2138.3],[2125.269531993934],0.006093844645777607,0.6093844645777607,0.006093844645777607,0.006093844645777607,3
El Salvador,1991,[1644.8],[2119.4104872529615],0.28855209584932,28.855209584932002,0.28855209584932,-0.28855209584932,3
El Salvador,1992,[2198.9],[1887.6085044341116],0.14156691780703462,14.156691780703461,0.14156691780703462,0.14156691780703462,3
El Salvador,1993,[2048.2],[2375.685380129045],0.15988935657115766,15.988935657115766,0.15988935657115766,-0.15988935657115766,3
El Salvador,1994,[1524.5],[2486.772409645563],0.6312052539492051,63.12052539492051,0.6312052539492051,-0.6312052539492051,3
El Salvador,1995,[2197.2],[2568.6640511173455],0.16906246637417882,16.906246637417883,0.16906246637417882,-0.16906246637417882,3
El Salvador,1996,[2257.2],[2552.7074920548753],0.13091772641098506,13.091772641098506,0.13091772641098506,-0.13091772641098506,3
El Salvador,1997,[1658.2],[2474.805887051803],0.4924652557301911,49.24652557301911,0.4924652557301911,-0.4924652557301911,3
El Salvador,1998,[1906.2],[2532.837658715342],0.32873657471164724,32.87365747116473,0.32873657471164724,-0.32873657471164724,3
El Salvador,1999,[2504.7],[2224.1955744615643],0.11199122670916098,11.199122670916099,0.11199122670916098,0.11199122670916098,3
El Salvador,2000,[2247.5],[2047.0013256523894],0.08920964375866991,8.92096437586699,0.08920964375866991,0.08920964375866991,3
El Salvador,2001,[1943.1],[2494.762343529583],0.2839083647416928,28.39083647416928,0.2839083647416928,-0.2839083647416928,3
El Salvador,2002,[2604.1],[2339.0061410384365],0.10179864788662626,10.179864788662627,0.10179864788662626,0.10179864788662626,3
El Salvador,2003,[2747.1],[2347.1728959139364],0.14558156022207547,14.558156022207546,0.14558156022207547,0.14558156022207547,3
El Salvador,2004,[2764.1],[2401.3395619672638],0.1312399833698984,13.123998336989839,0.1312399833698984,0.1312399833698984,3
El Salvador,2005,[2943.4],[2429.669905463982],0.17453628271251545,17.453628271251546,0.17453628271251545,0.17453628271251545,3
El Salvador,2006,[3079.4],[2456.6236573606834],0.20223950855339243,20.223950855339243,0.20223950855339243,0.20223950855339243,3
El Salvador,2007,[2910.7],[2756.3978116094586],0.05301205496634529,5.3012054966345294,0.05301205496634529,0.05301205496634529,3
El Salvador,2008,[3389.5],[2668.6995221423426],0.21265687501332273,21.265687501332273,0.21265687501332273,0.21265687501332273,3
El Salvador,2009,[3004.1],[2808.3510017006],0.06516061326167563,6.516061326167563,0.06516061326167563,0.06516061326167563,3
El Salvador,2010,[3025.3],[2835.10168990733],0.06286923944490463,6.286923944490463,0.06286923944490463,0.06286923944490463,3
El Salvador,2011,[2818.1],[3105.376514116103],0.10193978713179201,10.1939787131792,0.10193978713179201,-0.10193978713179201,3
El Salvador,2012,[3258.0],[2847.8848168490663],0.1258794300647433,12.587943006474331,0.1258794300647433,0.1258794300647433,3
El Salvador,2013,[2946.1],[2764.9353854441197],0.061493029617419724,6.149302961741973,0.061493029617419724,0.061493029617419724,3
El Salvador,2014,[2606.4],[2897.735238725312],0.11177687182524236,11.177687182524236,0.11177687182524236,-0.11177687182524236,3
El Salvador,2015,[2511.0],[3043.919705469974],0.21223405235761605,21.223405235761604,0.21223405235761605,-0.21223405235761605,3
El Salvador,2016,[3042.5],[2818.1977859128624],0.07372299559149963,7.372299559149963,0.07372299559149963,0.07372299559149963,3
El Salvador,2017,[3186.7],[2872.8050950494744],0.09850155488452801,9.8501554884528,0.09850155488452801,0.09850155488452801,3
El Salvador,2018,[2531.2],[2923.8867508509243],0.1551385709746067,15.51385709746067,0.1551385709746067,-0.1551385709746067,3
El Salvador,2019,[2971.5],[2846.822044232088],0.0419579188180757,4.19579188180757,0.0419579188180757,0.0419579188180757,3
El Salvador,2020,[2949.4],[3155.070941595699],0.06973314626557905,6.973314626557905,0.06973314626557905,-0.06973314626557905,3
El Salvador,2021,[3177.1],[2951.1976131220263],0.07110332909822595,7.110332909822595,0.07110332909822595,0.07110332909822595,3
El Salvador,2022,[2896.6],[3209.29262453673],0.10795160689661325,10.795160689661325,0.10795160689661325,-0.10795160689661325,3
Ghana,1984,[961.3],[1204.7412589303563],0.2532417132324522,25.32417132324522,0.2532417132324522,-0.2532417132324522,3
Ghana,1985,[1008.6],[984.4464818932537],0.02394756901323253,2.394756901323253,0.02394756901323253,0.02394756901323253,3
Ghana,1986,[1184.5],[1182.9064152809044],0.001345364895817297,0.1345364895817297,0.001345364895817297,0.001345364895817297,3
Ghana,1987,[1090.7],[1314.0323826317249],0.20476059652674872,20.47605965267487,0.20476059652674872,-0.20476059652674872,3
Ghana,1988,[1390.7],[1290.8216965846832],0.07181872683922977,7.181872683922977,0.07181872683922977,0.07181872683922977,3
Ghana,1989,[1261.0],[1307.5830483942168],0.03694135479319334,3.694135479319334,0.03694135479319334,-0.03694135479319334,3
Ghana,1990,[1188.9],[1221.2985135308531],0.027250831466778577,2.7250831466778576,0.027250831466778577,-0.027250831466778577,3
Ghana,1991,[1526.0],[1371.151575654721],0.10147341044906881,10.14734104490688,0.10147341044906881,0.10147341044906881,3
Ghana,1992,[1204.0],[1436.9649125101096],0.19349245225092157,19.349245225092158,0.19349245225092157,-0.19349245225092157,3
Ghana,1993,[1509.2],[1390.3057531504933],0.07877964938345267,7.877964938345267,0.07877964938345267,0.07877964938345267,3
Ghana,1994,[1493.3],[1477.2226823712385],0.010766301231340937,1.0766301231340936,0.010766301231340937,0.010766301231340937,3
Ghana,1995,[1502.0],[1559.4611844605954],0.038256447710116784,3.8256447710116785,0.038256447710116784,-0.038256447710116784,3
Ghana,1996,[1515.3],[1383.8956425650063],0.08671837750610024,8.671837750610024,0.08671837750610024,0.08671837750610024,3
Ghana,1997,[1528.5],[1543.952319124754],0.010109466224896313,1.0109466224896313,0.010109466224896313,-0.010109466224896313,3
Ghana,1998,[1485.0],[1656.668401980255],0.11560161749512128,11.560161749512128,0.11560161749512128,-0.11560161749512128,3
Ghana,1999,[1455.7],[1471.173196559933],0.010629385560165596,1.0629385560165596,0.010629385560165596,-0.010629385560165596,3
Ghana,2000,[1457.8],[1490.3510899887792],0.022328913423500664,2.2328913423500665,0.022328913423500664,-0.022328913423500664,3
Ghana,2001,[1315.0],[1412.2252002537423],0.07393551350094471,7.393551350094471,0.07393551350094471,-0.07393551350094471,3
Ghana,2002,[1490.0],[1462.6160232490395],0.01837850788655069,1.837850788655069,0.01837850788655069,0.01837850788655069,3
Ghana,2003,[1627.2],[1550.5417493890948],0.04711052766156912,4.711052766156912,0.04711052766156912,0.04711052766156912,3
Ghana,2004,[1579.4],[1559.2132166312076],0.012781298827904568,1.2781298827904568,0.012781298827904568,0.012781298827904568,3
Ghana,2005,[1561.3],[1541.195354512208],0.012876862542619556,1.2876862542619556,0.012876862542619556,0.012876862542619556,3
Ghana,2006,[1499.4],[1498.0226731702976],0.0009185853205965699,0.091858532059657,0.0009185853205965699,0.0009185853205965699,3
Ghana,2007,[1543.7],[1793.3938414528548],0.16175023738605604,16.175023738605603,0.16175023738605604,-0.16175023738605604,3
Ghana,2008,[1737.1],[1759.21067027144],0.01272849592507057,1.272849592507057,0.01272849592507057,-0.01272849592507057,3
Ghana,2009,[1696.9],[1756.0495483876373],0.03485741551513772,3.485741551513772,0.03485741551513772,-0.03485741551513772,3
Ghana,2010,[1887.4],[1929.7414879793303],0.02243376495672892,2.243376495672892,0.02243376495672892,-0.02243376495672892,3
Ghana,2011,[1645.8],[1747.704806154074],0.061918098282946955,6.191809828294695,0.061918098282946955,-0.061918098282946955,3
Ghana,2012,[1871.2],[1817.362029515328],0.028771895299632342,2.877189529963234,0.028771895299632342,0.028771895299632342,3
Ghana,2013,[1724.0],[1772.5858759041516],0.0281820625894151,2.81820625894151,0.0281820625894151,-0.0281820625894151,3
Ghana,2014,[1729.1],[1748.755647728194],0.011367559845118285,1.1367559845118285,0.011367559845118285,-0.011367559845118285,3
Ghana,2015,[1921.8],[1650.735327583607],0.1410472850538001,14.10472850538001,0.1410472850538001,0.1410472850538001,3
Ghana,2016,[1950.0],[2070.684413822992],0.061889442986149824,6.188944298614983,0.061889442986149824,-0.061889442986149824,3
Ghana,2017,[2011.2],[1890.9069282044748],0.059811590988228566,5.9811590988228565,0.059811590988228566,0.059811590988228566,3
Ghana,2018,[2258.9],[1969.5081287643768],0.12811185587481663,12.811185587481663,0.12811185587481663,0.12811185587481663,3
Ghana,2019,[2531.3],[1974.557213010687],0.219943423138037,21.9943423138037,0.219943423138037,0.219943423138037,3
Ghana,2020,[2582.8],[2014.9740082215073],0.2198489979009187,21.98489979009187,0.2198489979009187,0.2198489979009187,3
Ghana,2021,[2530.0],[1921.4528191096806],0.24053248256534362,24.053248256534363,0.24053248256534362,0.24053248256534362,3
Ghana,2022,[2504.4],[1963.718623119199],0.21589257981185156,21.589257981185156,0.21589257981185156,0.21589257981185156,3
Botswana,1984,[148.5],[38.624510041341466],0.7399022892838959,73.99022892838958,0.7399022892838959,0.7399022892838959,6
Botswana,1985,[181.6],[292.4004401237364],0.6101345821791654,61.013458217916536,0.6101345821791654,-0.6101345821791654,6
Botswana,1986,[409.1],[194.1763685691279],0.5253572022265268,52.535720222652685,0.5253572022265268,0.5253572022265268,6
Botswana,1987,[606.5],[221.35203150243984],0.6350337485532731,63.50337485532731,0.6350337485532731,0.6350337485532731,6
Botswana,1988,[232.2],[239.91438963692553],0.03322303891871467,3.322303891871467,0.03322303891871467,-0.03322303891871467,6
Botswana,1989,[377.9],[283.49842193368465],0.2498057106809085,24.98057106809085,0.2498057106809085,0.2498057106809085,6
Botswana,1990,[289.9],[393.756916019179],0.3582508313873027,35.82508313873027,0.3582508313873027,-0.3582508313873027,6
Botswana,1991,[396.2],[286.793562574042],0.2761394180362392,27.61394180362392,0.2761394180362392,0.2761394180362392,6
Botswana,1992,[189.9],[259.2094352232167],0.3649785951722838,36.497859517228385,0.3649785951722838,-0.3649785951722838,6
Botswana,1993,[135.3],[161.0473960985182],0.19029856687744404,19.029856687744402,0.19029856687744404,-0.19029856687744404,6
Botswana,1994,[169.8],[154.88675172047155],0.08782831731171059,8.78283173117106,0.08782831731171059,0.08782831731171059,6
Botswana,1995,[947.7],[239.18920283007358],0.7476108443282964,74.76108443282963,0.7476108443282964,0.7476108443282964,6
Botswana,1996,[246.3],[229.58520874741566],0.06786354548349309,6.786354548349309,0.06786354548349309,0.06786354548349309,6
Botswana,1997,[286.7],[209.9383961734581],0.26774190382470137,26.774190382470138,0.26774190382470137,0.26774190382470137,6
Botswana,1998,[91.0],[191.3281933877584],1.1025076196456967,110.25076196456966,1.1025076196456967,-1.1025076196456967,6
Botswana,1999,[111.1],[192.96794807618204],0.7368852212077592,73.68852212077593,0.7368852212077592,-0.7368852212077592,6
Botswana,2000,[112.3],[260.0369221093743],1.3155558513746597,131.55558513746598,1.3155558513746597,-1.3155558513746597,6
Botswana,2001,[199.2],[222.6887496254132],0.11791540976613063,11.791540976613064,0.11791540976613063,-0.11791540976613063,6
Botswana,2002,[294.7],[193.95289142204606],0.341863279870899,34.186327987089896,0.341863279870899,0.341863279870899,6
Botswana,2003,[214.4],[277.6310979610211],0.29492116586297157,29.492116586297158,0.29492116586297157,-0.29492116586297157,6
Botswana,2004,[174.3],[147.63946709782687],0.15295773323105646,15.295773323105646,0.15295773323105646,0.15295773323105646,6
Botswana,2005,[229.7],[198.92848715553657],0.1339639218304894,13.396392183048942,0.1339639218304894,0.1339639218304894,6
Botswana,2006,[251.1],[306.2772806223519],0.21974225656054122,21.974225656054124,0.21974225656054122,-0.21974225656054122,6
Botswana,2007,[121.9],[206.56825620007533],0.6945714208373693,69.45714208373694,0.6945714208373693,-0.6945714208373693,6
Botswana,2008,[184.4],[249.00512766756657],0.35035318691738915,35.035318691738915,0.35035318691738915,-0.35035318691738915,6
Botswana,2009,[242.9],[288.5595384563938],0.18797669187482005,18.797669187482004,0.18797669187482005,-0.18797669187482005,6
Botswana,2010,[161.7],[263.07529796879913],0.6269344339443361,62.693443394433615,0.6269344339443361,-0.6269344339443361,6
Botswana,2011,[347.3],[247.16708107742465],0.2883182232150169,28.831822321501686,0.2883182232150169,0.2883182232150169,6
Botswana,2012,[137.0],[269.93105066106284],0.9702996398617726,97.02996398617726,0.9702996398617726,-0.9702996398617726,6
Botswana,2013,[84.9],[236.17914013598389],1.7818508849939207,178.18508849939207,1.7818508849939207,-1.7818508849939207,6
Botswana,2014,[274.0],[198.58426316219783],0.2752399154664313,27.523991546643128,0.2752399154664313,0.2752399154664313,6
Botswana,2015,[255.2],[88.39516413940302],0.6536239649709913,65.36239649709913,0.6536239649709913,0.6536239649709913,6
Botswana,2016,[250.3],[204.81320355826142],0.1817291108339536,18.17291108339536,0.1817291108339536,0.1817291108339536,6
Botswana,2017,[240.3],[277.66396477552036],0.15548882553275215,15.548882553275215,0.15548882553275215,-0.15548882553275215,6
Botswana,2018,[321.5],[216.44582310713767],0.32676260308821875,32.676260308821874,0.32676260308821875,0.32676260308821875,6
Botswana,2019,[202.9],[315.1594125391107],0.5532745812671793,55.32745812671793,0.5532745812671793,-0.5532745812671793,6
Botswana,2020,[667.0],[194.27286603615295],0.7087363327793809,70.87363327793808,0.7087363327793809,0.7087363327793809,6
Botswana,2021,[798.0],[241.02905505281225],0.6979585776280548,69.79585776280548,0.6979585776280548,0.6979585776280548,6
Botswana,2022,[502.7],[225.63844673985744],0.5511469131890642,55.11469131890642,0.5511469131890642,0.5511469131890642,6
Egypt,1984,[4455.4],[6500.343903716737],0.45898099019543426,45.89809901954342,0.45898099019543426,-0.45898099019543426,4
Egypt,1985,[4584.6],[6305.009202738154],0.3752583001217454,37.52583001217454,0.3752583001217454,-0.3752583001217454,4
Egypt,1986,[4990.3],[6371.243498529228],0.27672554726754467,27.672554726754466,0.27672554726754467,-0.27672554726754467,4
Egypt,1987,[4757.1],[6461.9571511338045],0.3583816087813592,35.83816087813592,0.3583816087813592,-0.3583816087813592,4
Egypt,1988,[4965.0],[6379.3005194997095],0.2848540824772829,28.485408247728287,0.2848540824772829,-0.2848540824772829,4
Egypt,1989,[5380.4],[6425.88390163014],0.19431341566243038,19.431341566243038,0.19431341566243038,-0.19431341566243038,4
Egypt,1990,[5780.3],[6493.42351609811],0.12337136759305045,12.337136759305045,0.12337136759305045,-0.12337136759305045,4
Egypt,1991,[5895.1],[6165.049530407492],0.045792188496801015,4.579218849680101,0.045792188496801015,-0.045792188496801015,4
Egypt,1992,[6134.6],[5847.713018022955],0.04676539333893738,4.676539333893738,0.04676539333893738,0.04676539333893738,4
Egypt,1993,[6078.0],[6673.110592922006],0.09791223970417995,9.791223970417995,0.09791223970417995,-0.09791223970417995,4
Egypt,1994,[5906.5],[7066.132584886846],0.1963315982200705,19.633159822007052,0.1963315982200705,-0.1963315982200705,4
Egypt,1995,[6163.0],[6860.551567810681],0.11318376891297766,11.318376891297765,0.11318376891297766,-0.11318376891297766,4
Egypt,1996,[6952.3],[6709.682742365208],0.034897409150179456,3.4897409150179457,0.034897409150179456,0.034897409150179456,4
Egypt,1997,[7129.8],[6991.976716871698],0.019330595967390687,1.9330595967390687,0.019330595967390687,0.019330595967390687,4
Egypt,1998,[7225.7],[7432.229656566999],0.028582650340728183,2.858265034072818,0.028582650340728183,-0.028582650340728183,4
Egypt,1999,[7517.4],[7177.163323742317],0.045259887229319055,4.525988722931905,0.045259887229319055,0.045259887229319055,4
Egypt,2000,[7680.0],[6923.101800955189],0.09855445300062643,9.855445300062643,0.09855445300062643,0.09855445300062643,4
Egypt,2001,[6979.8],[7866.00892549071],0.12696766748197794,12.696766748197794,0.12696766748197794,-0.12696766748197794,4
Egypt,2002,[7765.6],[7487.991696112673],0.03574846810128355,3.574846810128355,0.03574846810128355,0.03574846810128355,4
Egypt,2003,[7829.3],[7416.253867793213],0.05275645743639747,5.275645743639747,0.05275645743639747,0.05275645743639747,4
Egypt,2004,[7908.7],[7225.523083837853],0.08638296005186022,8.638296005186023,0.08638296005186022,0.08638296005186022,4
Egypt,2005,[8160.7],[7331.460802934114],0.10161373375640392,10.161373375640393,0.10161373375640392,0.10161373375640392,4
Egypt,2006,[8370.5],[7430.997200264797],0.11223974669795145,11.223974669795144,0.11223974669795145,0.11223974669795145,4
Egypt,2007,[8046.3],[7566.028962669988],0.05968843286106812,5.968843286106812,0.05968843286106812,0.05968843286106812,4
Egypt,2008,[7905.3],[7759.1757263931],0.018484342606466524,1.8484342606466524,0.018484342606466524,0.018484342606466524,4
Egypt,2009,[7818.4],[7629.437347105849],0.0241689671664472,2.41689671664472,0.0241689671664472,0.0241689671664472,4
Egypt,2010,[7270.0],[7565.15035507398],0.040598398222005484,4.059839822200549,0.040598398222005484,-0.040598398222005484,4
Egypt,2011,[7740.9],[7589.05764057413],0.019615595011674262,1.9615595011674263,0.019615595011674262,0.019615595011674262,4
Egypt,2012,[7772.3],[7583.297045260923],0.024317506367365748,2.4317506367365747,0.024317506367365748,0.024317506367365748,4
Egypt,2013,[7722.3],[7454.704345994956],0.03465232560312909,3.4652325603129093,0.03465232560312909,0.03465232560312909,4
Egypt,2014,[7755.6],[7505.952964209614],0.032189261409869815,3.2189261409869814,0.032189261409869815,0.032189261409869815,4
Egypt,2015,[7354.6],[7576.159397623776],0.030125281813256466,3.0125281813256466,0.030125281813256466,-0.030125281813256466,4
Egypt,2016,[7607.1],[7500.665567716347],0.01399145959480659,1.399145959480659,0.01399145959480659,0.01399145959480659,4
Egypt,2017,[7789.5],[7966.818080834129],0.022763730770155907,2.2763730770155908,0.022763730770155907,-0.022763730770155907,4
Egypt,2018,[7516.2],[7647.28163374413],0.017439881022874613,1.7439881022874613,0.017439881022874613,-0.017439881022874613,4
Egypt,2019,[4951.3],[7735.31956057857],0.5622805244235999,56.22805244235999,0.5622805244235999,-0.5622805244235999,4
Egypt,2020,[7776.7],[7695.786971372602],0.010404545453392516,1.0404545453392515,0.010404545453392516,0.010404545453392516,4
Egypt,2021,[7827.6],[7889.449723659655],0.007901492623493146,0.7901492623493146,0.007901492623493146,-0.007901492623493146,4
Egypt,2022,[8064.5],[7801.463039519941],0.032616648332823975,3.2616648332823974,0.032616648332823975,0.032616648332823975,4
Ecuador,1984,[1329.4],[1130.1919809264818],0.14984806610013407,14.984806610013408,0.14984806610013407,0.14984806610013407,1
Ecuador,1985,[1621.4],[1396.0494706140735],0.1389851544257596,13.89851544257596,0.1389851544257596,0.1389851544257596,1
Ecuador,1986,[973.7],[1445.5789583290143],0.4846245849122052,48.462458491220524,0.4846245849122052,-0.4846245849122052,1
Ecuador,1987,[916.3],[1484.8255815091616],0.6204579084461003,62.045790844610025,0.6204579084461003,-0.6204579084461003,1
Ecuador,1988,[881.6],[1316.1772742922653],0.4929415543242574,49.29415543242574,0.4929415543242574,-0.4929415543242574,1
Ecuador,1989,[1091.7],[1511.2452081521733],0.3843044867199535,38.43044867199535,0.3843044867199535,-0.3843044867199535,1
Ecuador,1990,[1060.2],[1768.4386761972432],0.6680236523271488,66.80236523271488,0.6680236523271488,-0.6680236523271488,1
Ecuador,1991,[1382.1],[1621.9636241819812],0.17355012240936354,17.355012240936354,0.17355012240936354,-0.17355012240936354,1
Ecuador,1992,[1041.6],[1454.92692299071],0.39681924250260187,39.68192425026019,0.39681924250260187,-0.39681924250260187,1
Ecuador,1993,[1144.2],[1416.0478138206654],0.23758767157897687,23.758767157897687,0.23758767157897687,-0.23758767157897687,1
Ecuador,1994,[1120.8],[1286.1472186581605],0.14752606946659574,14.752606946659574,0.14752606946659574,-0.14752606946659574,1
Ecuador,1995,[1155.1],[1567.002517211482],0.35659468202881317,35.659468202881314,0.35659468202881317,-0.35659468202881317,1
Ecuador,1996,[1142.5],[1478.9728645340101],0.2945057895264859,29.450578952648588,0.2945057895264859,-0.2945057895264859,1
Ecuador,1997,[1148.2],[2010.3011883418753],0.7508284169499001,75.08284169499001,0.7508284169499001,-0.7508284169499001,1
Ecuador,1998,[1074.3],[1695.6446143100766],0.5783716041236867,57.83716041236867,0.5783716041236867,-0.5783716041236867,1
Ecuador,1999,[1181.3],[1072.575038301954],0.09203839981211034,9.203839981211035,0.09203839981211034,0.09203839981211034,1
Ecuador,2000,[1461.4],[1223.3043574705944],0.16292297969714364,16.292297969714365,0.16292297969714364,0.16292297969714364,1
Ecuador,2001,[764.2],[1549.4635462175374],1.0275628712608444,102.75628712608444,1.0275628712608444,-1.0275628712608444,1
Ecuador,2002,[1431.9],[1403.648488633706],0.019730086854036002,1.9730086854036002,0.019730086854036002,0.019730086854036002,1
Ecuador,2003,[1689.8],[1426.8138195395795],0.1556315424668129,15.563154246681291,0.1556315424668129,0.1556315424668129,1
Ecuador,2004,[1884.1],[1887.8785619214864],0.0020054996664117994,0.20054996664117994,0.0020054996664117994,-0.0020054996664117994,1
Ecuador,2005,[2123.2],[1919.0152431597978],0.09616840469112756,9.616840469112756,0.09616840469112756,0.09616840469112756,1
Ecuador,2006,[1877.6],[2029.2811447030053],0.08078458921123,8.078458921123,0.08078458921123,-0.08078458921123,1
Ecuador,2007,[2310.5],[2193.216478837129],0.050761099832447865,5.076109983244787,0.050761099832447865,0.050761099832447865,1
Ecuador,2008,[2244.2],[2138.9880261065136],0.046881727962519465,4.688172796251947,0.046881727962519465,0.046881727962519465,1
Ecuador,2009,[2200.3],[2410.112599122732],0.09535636009759196,9.535636009759196,0.09535636009759196,-0.09535636009759196,1
Ecuador,2010,[2234.8],[2291.2524958330114],0.025260647857978876,2.5260647857978875,0.025260647857978876,-0.025260647857978876,1
Ecuador,2011,[1667.2],[2633.0980228110934],0.5793534205920665,57.935342059206654,0.5793534205920665,-0.5793534205920665,1
Ecuador,2012,[2732.4],[2373.2187022596518],0.1314526781365643,13.14526781365643,0.1314526781365643,0.1314526781365643,1
Ecuador,2013,[2370.2],[2331.145712667204],0.01647721176811909,1.647721176811909,0.01647721176811909,0.01647721176811909,1
Ecuador,2014,[3433.6],[2674.0010620227717],0.2212252265777109,22.12252265777109,0.2212252265777109,0.2212252265777109,1
Ecuador,2015,[4466.9],[2859.9217729910506],0.3597524518142222,35.975245181422224,0.3597524518142222,0.3597524518142222,1
Ecuador,2016,[3564.6],[2816.517809219726],0.20986427391019294,20.986427391019294,0.20986427391019294,0.20986427391019294,1
Ecuador,2017,[4002.3],[2302.2388003446044],0.424771056556329,42.477105655632904,0.424771056556329,0.424771056556329,1
Ecuador,2018,[3624.5],[2701.0697549750275],0.2547745192509236,25.47745192509236,0.2547745192509236,0.2547745192509236,1
Ecuador,2019,[4583.5],[2664.5434914081566],0.41866619583109926,41.86661958310992,0.41866619583109926,0.41866619583109926,1
Ecuador,2020,[3823.3],[2868.755585463098],0.2496650575515659,24.96650575515659,0.2496650575515659,0.2496650575515659,1
Ecuador,2021,[4641.3],[2675.435713260749],0.42355897846276935,42.35589784627693,0.42355897846276935,0.42355897846276935,1
Ecuador,2022,[4527.6],[2986.7251634168033],0.3403292774501274,34.03292774501274,0.3403292774501274,0.3403292774501274,1
Zambia,1984,[1721.1],[1610.3892117419878],0.06432559889489986,6.432559889489986,0.06432559889489986,0.06432559889489986,11
Zambia,1985,[1928.9],[1614.6374405341478],0.1629231994742352,16.29231994742352,0.1629231994742352,0.1629231994742352,11
Zambia,1986,[2091.1],[1819.5504807327088],0.12985965246391426,12.985965246391427,0.12985965246391426,0.12985965246391426,11
Zambia,1987,[1744.7],[1611.1190846750442],0.07656383064421153,7.656383064421153,0.07656383064421153,0.07656383064421153,11
Zambia,1988,[2687.4],[1704.5831158715753],0.36571291364457276,36.571291364457274,0.36571291364457276,0.36571291364457276,11
Zambia,1989,[1807.8],[1991.3916673185993],0.1015552977755279,10.15552977755279,0.1015552977755279,-0.1015552977755279,11
Zambia,1990,[1431.6],[2122.684953257536],0.4827360668186199,48.27360668186199,0.4827360668186199,-0.4827360668186199,11
Zambia,1991,[1714.0],[2115.844183158511],0.23444818153938798,23.444818153938797,0.23444818153938798,-0.23444818153938798,11
Zambia,1992,[731.1],[1966.1372631293425],1.6892863672949563,168.92863672949562,1.6892863672949563,-1.6892863672949563,11
Zambia,1993,[2522.8],[1773.0990792107414],0.2971701763077766,29.717017630777658,0.2971701763077766,0.2971701763077766,11
Zambia,1994,[1502.5],[2001.2915558421582],0.33197441320609533,33.197441320609535,0.33197441320609533,-0.33197441320609533,11
Zambia,1995,[1418.5],[1759.2494085395606],0.24021812375013082,24.02181237501308,0.24021812375013082,-0.24021812375013082,11
Zambia,1996,[2086.4],[1707.326992689723],0.18168759936267112,18.16875993626711,0.18168759936267112,0.18168759936267112,11
Zambia,1997,[1479.4],[2005.8984586274541],0.35588648007804113,35.58864800780411,0.35588648007804113,-0.35588648007804113,11
Zambia,1998,[1250.3],[1967.7205003376994],0.5737986885848991,57.379868858489914,0.5737986885848991,-0.5737986885848991,11
Zambia,1999,[1375.9],[1973.909152276976],0.43463126119411,43.463126119411,0.43463126119411,-0.43463126119411,11
Zambia,2000,[1772.0],[2105.9246940408348],0.18844508693049367,18.844508693049367,0.18844508693049367,-0.18844508693049367,11
Zambia,2001,[1378.0],[2050.036936391643],0.4876900844641821,48.76900844641821,0.4876900844641821,-0.4876900844641821,11
Zambia,2002,[1670.9],[1996.389692262871],0.19479902583210898,19.479902583210897,0.19479902583210898,-0.19479902583210898,11
Zambia,2003,[1725.6],[2078.982436600147],0.20478815287444788,20.47881528744479,0.20478815287444788,-0.20478815287444788,11
Zambia,2004,[1923.9],[1999.2151962748867],0.03914714708398909,3.9147147083989084,0.03914714708398909,-0.03914714708398909,11
Zambia,2005,[1859.4],[2215.05042345937],0.1912716056036194,19.12716056036194,0.1912716056036194,-0.1912716056036194,11
Zambia,2006,[2301.3],[2329.634166885151],0.012312243899166039,1.231224389916604,0.012312243899166039,-0.012312243899166039,11
Zambia,2007,[2334.2],[2282.0632402755127],0.022336029356733397,2.2336029356733396,0.022336029356733397,0.022336029356733397,11
Zambia,2008,[2244.2],[2289.055716546536],0.019987397088733767,1.9987397088733767,0.019987397088733767,-0.019987397088733767,11
Zambia,2009,[2069.2],[2282.204607538054],0.10294056037988315,10.294056037988316,0.10294056037988315,-0.10294056037988315,11
Zambia,2010,[2587.1],[2382.949614807437],0.07891089837755137,7.891089837755137,0.07891089837755137,0.07891089837755137,11
Zambia,2011,[2741.4],[2277.0536810169415],0.16938291346868703,16.938291346868702,0.16938291346868703,0.16938291346868703,11
Zambia,2012,[2654.5],[2426.387028019605],0.08593444037686752,8.593444037686753,0.08593444037686752,0.08593444037686752,11
Zambia,2013,[2538.2],[2417.4833934217486],0.047559926947542054,4.755992694754205,0.047559926947542054,0.047559926947542054,11
Zambia,2014,[2780.2],[2374.954057611461],0.1457614352883026,14.57614352883026,0.1457614352883026,0.1457614352883026,11
Zambia,2015,[3031.0],[2330.4286345200776],0.23113538946879658,23.113538946879657,0.23113538946879658,0.23113538946879658,11
Zambia,2016,[2481.6],[2390.2219208860747],0.03682224335667521,3.6822243356675206,0.03682224335667521,0.03682224335667521,11
Zambia,2017,[2515.1],[2464.3502144258264],0.020178038874865228,2.0178038874865227,0.020178038874865228,0.020178038874865228,11
Zambia,2018,[2205.2],[2373.06276958763],0.07612133574624991,7.612133574624991,0.07612133574624991,-0.07612133574624991,11
Zambia,2019,[2381.4],[2129.484718514426],0.10578453073216354,10.578453073216354,0.10578453073216354,0.10578453073216354,11
Zambia,2020,[2540.2],[2464.385726771769],0.029845789004106307,2.9845789004106305,0.029845789004106307,0.029845789004106307,11
Zambia,2021,[2567.4],[2467.4975255082663],0.038911924317104364,3.8911924317104365,0.038911924317104364,0.038911924317104364,11
Zambia,2022,[2426.1],[2472.984214448521],0.019324930731841685,1.9324930731841685,0.019324930731841685,-0.019324930731841685,11
Togo,1984,[929.4],[995.6446797703045],0.07127682351011891,7.127682351011891,0.07127682351011891,-0.07127682351011891,3
Togo,1985,[906.1],[770.774972626881],0.14934888795179235,14.934888795179235,0.14934888795179235,0.14934888795179235,3
Togo,1986,[645.4],[962.8607310300306],0.49188213670596626,49.188213670596625,0.49188213670596626,-0.49188213670596626,3
Togo,1987,[765.2],[1023.6952845513864],0.33781401535727434,33.78140153572743,0.33781401535727434,-0.33781401535727434,3
Togo,1988,[1109.9],[955.5876666636351],0.13903264558641767,13.903264558641768,0.13903264558641767,0.13903264558641767,3
Togo,1989,[1073.4],[943.0327598906894],0.12145261795165894,12.145261795165894,0.12145261795165894,0.12145261795165894,3
Togo,1990,[965.3],[1064.7771855843025],0.10305312916637581,10.30531291663758,0.10305312916637581,-0.10305312916637581,3
Togo,1991,[906.0],[1023.34584658329],0.1295208019683113,12.952080196831131,0.1295208019683113,-0.1295208019683113,3
Togo,1992,[1014.0],[946.9191987089562],0.06615463638170002,6.615463638170002,0.06615463638170002,0.06615463638170002,3
Togo,1993,[1159.9],[1012.7883222383466],0.12683134560018405,12.683134560018406,0.12683134560018405,0.12683134560018405,3
Togo,1994,[930.6],[1118.5135335078617],0.20192728724249048,20.192728724249047,0.20192728724249048,-0.20192728724249048,3
Togo,1995,[855.3],[1082.5547493476083],0.2657017997750595,26.570179977505948,0.2657017997750595,-0.2657017997750595,3
Togo,1996,[940.4],[1097.0716787063786],0.16660110453677016,16.660110453677017,0.16660110453677016,-0.16660110453677016,3
Togo,1997,[1067.6],[1113.1247916236346],0.04264218023944798,4.264218023944798,0.04264218023944798,-0.04264218023944798,3
Togo,1998,[867.3],[1098.4215644745143],0.26648398993948386,26.648398993948387,0.26648398993948386,-0.26648398993948386,3
Togo,1999,[1197.9],[1100.008570775168],0.08171919962002847,8.171919962002846,0.08171919962002847,0.08171919962002847,3
Togo,2000,[1202.0],[1063.5448770025655],0.11518729034728328,11.518729034728329,0.11518729034728328,0.11518729034728328,3
Togo,2001,[1307.1],[1105.7934632143263],0.15401005032948792,15.401005032948792,0.15401005032948792,0.15401005032948792,3
Togo,2002,[1265.2],[1100.2781565415332],0.13035238970792506,13.035238970792506,0.13035238970792506,0.13035238970792506,3
Togo,2003,[1272.8],[1073.178397518571],0.15683658271639606,15.683658271639606,0.15683658271639606,0.15683658271639606,3
Togo,2004,[1092.0],[1169.036935597504],0.07054664432005861,7.054664432005861,0.07054664432005861,-0.07054664432005861,3
Togo,2005,[1157.7],[1049.472944840134],0.09348454276571308,9.348454276571308,0.09348454276571308,0.09348454276571308,3
Togo,2006,[1155.1],[1163.935983869941],0.00764954018694587,0.764954018694587,0.00764954018694587,-0.00764954018694587,3
Togo,2007,[1166.4],[1201.9555430907105],0.03048314736857891,3.048314736857891,0.03048314736857891,-0.03048314736857891,3
Togo,2008,[1192.2],[1131.94336759118],0.050542385848699876,5.054238584869988,0.050542385848699876,0.050542385848699876,3
Togo,2009,[1255.9],[1215.5366809228908],0.03213895937344476,3.213895937344476,0.03213895937344476,0.03213895937344476,3
Togo,2010,[1193.7],[1125.348881264515],0.05725987998281393,5.725987998281393,0.05725987998281393,0.05725987998281393,3
Togo,2011,[1245.3],[1251.262041255278],0.004787634509980012,0.4787634509980012,0.004787634509980012,-0.004787634509980012,3
Togo,2012,[1191.4],[1215.169352869511],0.019950774609292295,1.9950774609292294,0.019950774609292295,-0.019950774609292295,3
Togo,2013,[924.4],[1163.0149699378123],0.2581295650560497,25.812956505604973,0.2581295650560497,-0.2581295650560497,3
Togo,2014,[1195.9],[1226.3062820820037],0.025425438650391836,2.5425438650391836,0.025425438650391836,-0.025425438650391836,3
Togo,2015,[1389.5],[1208.0094071834014],0.130615755895357,13.061575589535702,0.130615755895357,0.130615755895357,3
Togo,2016,[1223.5],[1218.7974674227291],0.003843508440760816,0.3843508440760816,0.003843508440760816,0.003843508440760816,3
Togo,2017,[1230.8],[1172.819878408143],0.047107671101606206,4.710767110160621,0.047107671101606206,0.047107671101606206,3
Togo,2018,[1239.6],[1201.0731372162868],0.03108007646314385,3.1080076463143853,0.03108007646314385,0.03108007646314385,3
Togo,2019,[1227.1],[1211.8850427455654],0.012399117638688345,1.2399117638688344,0.012399117638688345,0.012399117638688345,3
Togo,2020,[1226.0],[1262.476517809847],0.029752461508847562,2.975246150884756,0.029752461508847562,-0.029752461508847562,3
Togo,2021,[1230.2],[1348.8352233358091],0.09643572048106737,9.643572048106737,0.09643572048106737,-0.09643572048106737,3
Togo,2022,[1253.8],[1185.4216845468632],0.054536860307175625,5.453686030717562,0.054536860307175625,0.054536860307175625,3
Philippines,1984,[1065.7],[1108.637973554658],0.04029086380281308,4.029086380281308,0.04029086380281308,-0.04029086380281308,1
Philippines,1985,[1117.1],[1182.8648880499973],0.058871084101689515,5.887108410168952,0.058871084101689515,-0.058871084101689515,1
Philippines,1986,[1148.2],[1338.8535233770622],0.16604556991557404,16.604556991557402,0.16604556991557404,-0.16604556991557404,1
Philippines,1987,[1161.7],[1425.579156110315],0.2271491401483299,22.714914014832992,0.2271491401483299,-0.2271491401483299,1
Philippines,1988,[1182.3],[1539.8642255097595],0.3024310458511034,30.24310458511034,0.3024310458511034,-0.3024310458511034,1
Philippines,1989,[1225.8],[1500.5077607193525],0.224104879033572,22.4104879033572,0.224104879033572,-0.224104879033572,1
Philippines,1990,[1335.8],[1528.721351598188],0.14442382961385541,14.442382961385542,0.14442382961385541,-0.14442382961385541,1
Philippines,1991,[1296.9],[1337.3612814812661],0.031198459003212307,3.1198459003212307,0.031198459003212307,-0.031198459003212307,1
Philippines,1992,[1386.5],[1346.1024751544135],0.029136332380516793,2.913633238051679,0.029136332380516793,0.029136332380516793,1
Philippines,1993,[1523.5],[1474.4972132058897],0.03216461227050234,3.216461227050234,0.03216461227050234,0.03216461227050234,1
Philippines,1994,[1503.5],[1689.6681717900094],0.12382319374127662,12.382319374127663,0.12382319374127662,-0.12382319374127662,1
Philippines,1995,[1533.4],[1653.5351047914196],0.0783455750563581,7.83455750563581,0.0783455750563581,-0.0783455750563581,1
Philippines,1996,[1517.5],[1583.030927900245],0.043183478023225655,4.318347802322566,0.043183478023225655,-0.043183478023225655,1
Philippines,1997,[1589.4],[1477.1785440398835],0.07060617589034641,7.060617589034641,0.07060617589034641,0.07060617589034641,1
Philippines,1998,[1624.0],[2037.6347331927723],0.2547011903896381,25.470119038963812,0.2547011903896381,-0.2547011903896381,1
Philippines,1999,[1735.1],[1576.7990602865584],0.09123447623390094,9.123447623390094,0.09123447623390094,0.09123447623390094,1
Philippines,2000,[1797.0],[1472.6815487432866],0.1804777135540976,18.04777135540976,0.1804777135540976,0.1804777135540976,1
Philippines,2001,[1819.8],[1932.7598907734491],0.062072695226645325,6.207269522664532,0.062072695226645325,-0.062072695226645325,1
Philippines,2002,[1803.1],[1909.0489217594138],0.05875931548966442,5.875931548966442,0.05875931548966442,-0.05875931548966442,1
Philippines,2003,[1915.3],[1938.8207410758484],0.012280447489087083,1.2280447489087083,0.012280447489087083,-0.012280447489087083,1
Philippines,2004,[2142.1],[1903.1033184866722],0.11157120653252778,11.157120653252777,0.11157120653252778,0.11157120653252778,1
Philippines,2005,[2151.4],[2044.09345814258],0.0498775410697314,4.9877541069731395,0.0498775410697314,0.0498775410697314,1
Philippines,2006,[2366.0],[2107.1556359187466],0.10940167543586364,10.940167543586364,0.10940167543586364,0.10940167543586364,1
Philippines,2007,[2543.9],[2507.872755363195],0.01416220945666295,1.416220945666295,0.01416220945666295,0.01416220945666295,1
Philippines,2008,[2603.6],[2737.2754592429023],0.05134254848782549,5.134254848782549,0.05134254848782549,-0.05134254848782549,1
Philippines,2009,[2620.8],[2682.2395703889324],0.02344305951958647,2.344305951958647,0.02344305951958647,-0.02344305951958647,1
Philippines,2010,[2551.7],[2825.8518269823353],0.10743889445559254,10.743889445559255,0.10743889445559254,-0.10743889445559254,1
Philippines,2011,[2739.6],[2815.021067326354],0.027529955952093083,2.7529955952093084,0.027529955952093083,-0.027529955952093083,1
Philippines,2012,[2855.5],[2817.6484615050426],0.013255660478009934,1.3255660478009934,0.013255660478009934,0.013255660478009934,1
Philippines,2013,[2877.6],[2850.6271530557315],0.00937338300815556,0.937338300815556,0.00937338300815556,0.00937338300815556,1
Philippines,2014,[2975.6],[2737.1517445768404],0.08013451250946346,8.013451250946346,0.08013451250946346,0.08013451250946346,1
Philippines,2015,[2934.8],[2565.063549779624],0.12598352535790389,12.598352535790388,0.12598352535790389,0.12598352535790389,1
Philippines,2016,[2905.6],[3092.6618455774837],0.06437976513542258,6.437976513542258,0.06437976513542258,-0.06437976513542258,1
Philippines,2017,[3100.7],[2898.8586738892527],0.06509540623431713,6.509540623431713,0.06509540623431713,0.06509540623431713,1
Philippines,2018,[3094.6],[2763.697389546745],0.10692904105643862,10.692904105643862,0.10692904105643862,0.10692904105643862,1
Philippines,2019,[3170.3],[2904.5918442722977],0.08381167578074707,8.381167578074706,0.08381167578074707,0.08381167578074707,1
Philippines,2020,[3179.0],[3110.295389296374],0.02161201972432394,2.161201972432394,0.02161201972432394,0.02161201972432394,1
Philippines,2021,[3236.8],[2947.9509435092536],0.08923908072502056,8.923908072502055,0.08923908072502056,0.08923908072502056,1
Philippines,2022,[3268.9],[3017.5781834364543],0.07688268731485998,7.688268731485998,0.07688268731485998,0.07688268731485998,1
Lesotho,1984,[680.0],[800.9673150758853],0.17789311040571362,17.789311040571363,0.17789311040571362,-0.17789311040571362,12
Lesotho,1985,[782.2],[702.4305172211998],0.10198092914702152,10.198092914702151,0.10198092914702152,0.10198092914702152,12
Lesotho,1986,[708.9],[815.6470010958163],0.15058118365893125,15.058118365893126,0.15058118365893125,-0.15058118365893125,12
Lesotho,1987,[666.4],[793.7694599657023],0.1911306422054356,19.11306422054356,0.1911306422054356,-0.1911306422054356,12
Lesotho,1988,[922.1],[783.0895764500989],0.15075417367953706,15.075417367953706,0.15075417367953706,0.15075417367953706,12
Lesotho,1989,[1047.6],[860.1791487054445],0.17890497450797577,17.890497450797575,0.17890497450797577,0.17890497450797577,12
Lesotho,1990,[1100.0],[826.1537396224146],0.24895114579780492,24.895114579780493,0.24895114579780492,0.24895114579780492,12
Lesotho,1991,[540.8],[1015.3405824872252],0.8774788877352538,87.74788877352539,0.8774788877352538,-0.8774788877352538,12
Lesotho,1992,[579.2],[826.9371128673265],0.42772291586209676,42.772291586209676,0.42772291586209676,-0.42772291586209676,12
Lesotho,1993,[887.5],[816.843250382711],0.07961323900539612,7.961323900539612,0.07961323900539612,0.07961323900539612,12
Lesotho,1994,[862.9],[516.5141332152459],0.40142063597723265,40.142063597723265,0.40142063597723265,0.40142063597723265,12
Lesotho,1995,[812.6],[791.3316618136075],0.02617319491310915,2.6173194913109152,0.02617319491310915,0.02617319491310915,12
Lesotho,1996,[1249.0],[817.4712128901767],0.3454994292312436,34.54994292312436,0.3454994292312436,0.3454994292312436,12
Lesotho,1997,[985.7],[755.317590720226],0.2337246720906706,23.37246720906706,0.2337246720906706,0.2337246720906706,12
Lesotho,1998,[1317.1],[845.2302151818154],0.35826420531332814,35.826420531332815,0.35826420531332814,0.35826420531332814,12
Lesotho,1999,[941.0],[758.0450353847945],0.19442610479830558,19.442610479830556,0.19442610479830558,0.19442610479830558,12
Lesotho,2000,[677.3],[962.1984192755895],0.4206384457043991,42.06384457043991,0.4206384457043991,-0.4206384457043991,12
Lesotho,2001,[891.3],[757.5221722073402],0.1500929291962973,15.00929291962973,0.1500929291962973,0.1500929291962973,12
Lesotho,2002,[808.8],[814.03073230144],0.006467275347972393,0.6467275347972393,0.006467275347972393,-0.006467275347972393,12
Lesotho,2003,[643.9],[743.6937821727491],0.1549833548264469,15.49833548264469,0.1549833548264469,-0.1549833548264469,12
Lesotho,2004,[634.7],[806.8572923714669],0.2712419920773071,27.124199207730708,0.2712419920773071,-0.2712419920773071,12
Lesotho,2005,[701.1],[906.1156485436093],0.29241998080674547,29.24199808067455,0.29241998080674547,-0.29241998080674547,12
Lesotho,2006,[556.7],[855.1283040657198],0.5360666500192559,53.60666500192559,0.5360666500192559,-0.5360666500192559,12
Lesotho,2007,[487.7],[761.8970665285403],0.5622248647294246,56.22248647294246,0.5622248647294246,-0.5622248647294246,12
Lesotho,2008,[434.9],[743.6519947062584],0.709937904590155,70.9937904590155,0.709937904590155,-0.709937904590155,12
Lesotho,2009,[415.9],[819.9441424696149],0.9714934899485813,97.14934899485813,0.9714934899485813,-0.9714934899485813,12
Lesotho,2010,[907.1],[760.9838308010537],0.16108055252887918,16.10805525288792,0.16108055252887918,0.16108055252887918,12
Lesotho,2011,[634.4],[875.3118547813951],0.3797475642834098,37.974756428340974,0.3797475642834098,-0.3797475642834098,12
Lesotho,2012,[695.2],[587.713453071964],0.1546124092750807,15.461240927508069,0.1546124092750807,0.1546124092750807,12
Lesotho,2013,[822.7],[683.8923501802897],0.1687220734407565,16.872207344075647,0.1687220734407565,0.1687220734407565,12
Lesotho,2014,[678.6],[811.0568766732521],0.19519138914419695,19.519138914419695,0.19519138914419695,-0.19519138914419695,12
Lesotho,2015,[657.1],[565.0816106044595],0.14003711671821725,14.003711671821724,0.14003711671821725,0.14003711671821725,12
Lesotho,2016,[468.0],[663.4671877363348],0.41766493106054453,41.766493106054455,0.41766493106054453,-0.41766493106054453,12
Lesotho,2017,[1040.9],[722.1282217497345],0.30624630440029355,30.624630440029353,0.30624630440029355,0.30624630440029355,12
Lesotho,2018,[868.4],[728.2587074503797],0.16137873393553695,16.137873393553694,0.16137873393553695,0.16137873393553695,12
Lesotho,2019,[768.8],[722.9602977062933],0.059625002983489384,5.962500298348939,0.059625002983489384,0.059625002983489384,12
Lesotho,2020,[456.9],[981.2414087537998],1.1476064976007876,114.76064976007876,1.1476064976007876,-1.1476064976007876,12
Lesotho,2021,[1025.2],[777.2190018022819],0.24188548400089555,24.188548400089555,0.24188548400089555,0.24188548400089555,12
Lesotho,2022,[804.6],[968.7449901914747],0.20400819064314527,20.400819064314526,0.20400819064314527,-0.20400819064314527,12
South Africa,1984,[991.3],[1853.0670305258816],0.8693302032945442,86.93302032945442,0.8693302032945442,-0.8693302032945442,7
South Africa,1985,[1875.6],[2170.1114846307946],0.1570225445888221,15.702254458882209,0.1570225445888221,-0.1570225445888221,7
South Africa,1986,[1780.9],[2219.0612432853895],0.246033602833056,24.6033602833056,0.246033602833056,-0.246033602833056,7
South Africa,1987,[1558.4],[2112.839306759301],0.35577470916279574,35.57747091627957,0.35577470916279574,-0.35577470916279574,7
South Africa,1988,[1619.5],[2412.0489329742086],0.4893787792369303,48.93787792369303,0.4893787792369303,-0.4893787792369303,7
South Africa,1989,[2840.5],[2579.545908632956],0.0918690693071797,9.186906930717969,0.0918690693071797,0.0918690693071797,7
South Africa,1990,[2205.1],[2510.640536903087],0.1385608529785893,13.85608529785893,0.1385608529785893,-0.1385608529785893,7
South Africa,1991,[2257.3],[2949.687979439796],0.3067328132901235,30.673281329012347,0.3067328132901235,-0.3067328132901235,7
South Africa,1992,[785.3],[2580.811672320728],2.2864022314029393,228.64022314029393,2.2864022314029393,-2.2864022314029393,7
South Africa,1993,[2284.0],[2579.6213454012764],0.12943141217218754,12.943141217218754,0.12943141217218754,-0.12943141217218754,7
South Africa,1994,[2848.1],[1297.7059102220032],0.5443608334602004,54.436083346020034,0.5443608334602004,0.5443608334602004,7
South Africa,1995,[1380.0],[2632.5801166121296],0.9076667511682098,90.76667511682098,0.9076667511682098,-0.9076667511682098,7
South Africa,1996,[2704.3],[2791.025638030603],0.03206953297733351,3.2069532977333512,0.03206953297733351,-0.03206953297733351,7
South Africa,1997,[2519.5],[2825.16120356026],0.12131819946825173,12.131819946825173,0.12131819946825173,-0.12131819946825173,7
South Africa,1998,[2161.1],[3144.982094498252],0.45526911966047484,45.526911966047486,0.45526911966047484,-0.45526911966047484,7
South Africa,1999,[2227.4],[2686.846179311722],0.20627017119139895,20.627017119139897,0.20627017119139895,-0.20627017119139895,7
South Africa,2000,[2849.2],[1935.368122356663],0.3207327943434427,32.07327943434427,0.3207327943434427,0.3207327943434427,7
South Africa,2001,[2437.1],[3128.9800649921854],0.2838948196595074,28.38948196595074,0.2838948196595074,-0.2838948196595074,7
South Africa,2002,[2851.6],[2678.7458830788514],0.060616537004190105,6.0616537004190105,0.060616537004190105,0.060616537004190105,7
South Africa,2003,[2658.2],[2850.653910261438],0.07240008662306752,7.240008662306751,0.07240008662306752,-0.07240008662306752,7
South Africa,2004,[3030.5],[2875.276469988457],0.051220435575496805,5.122043557549681,0.051220435575496805,0.051220435575496805,7
South Africa,2005,[3635.1],[2950.6884141770124],0.18827861291931103,18.827861291931104,0.18827861291931103,0.18827861291931103,7
South Africa,2006,[3412.2],[3476.47792265685],0.018837677350931958,1.8837677350931958,0.018837677350931958,-0.018837677350931958,7
South Africa,2007,[2792.1],[3439.0067997404703],0.23169184475501253,23.169184475501254,0.23169184475501253,-0.23169184475501253,7
South Africa,2008,[4537.3],[3751.2924179360853],0.17323244706409427,17.323244706409426,0.17323244706409427,0.17323244706409427,7
South Africa,2009,[4964.0],[3845.9329523255283],0.22523510227124732,22.52351022712473,0.22523510227124732,0.22523510227124732,7
South Africa,2010,[4673.6],[3959.780600982568],0.1527343801389576,15.27343801389576,0.1527343801389576,0.1527343801389576,7
South Africa,2011,[4367.1],[3952.464141251772],0.09494535475446593,9.494535475446593,0.09494535475446593,0.09494535475446593,7
South Africa,2012,[4490.5],[3632.203921153231],0.1911359712385634,19.11359712385634,0.1911359712385634,0.1911359712385634,7
South Africa,2013,[4246.6],[3707.8607298009038],0.1268636721610457,12.68636721610457,0.1268636721610457,0.1268636721610457,7
South Africa,2014,[5300.9],[4154.125567884214],0.21633579809386808,21.63357980938681,0.21633579809386808,0.21633579809386808,7
South Africa,2015,[3487.1],[4156.2041870526455],0.19187983913643014,19.187983913643013,0.19187983913643014,-0.19187983913643014,7
South Africa,2016,[3712.0],[4154.030864413055],0.11908159062851686,11.908159062851686,0.11908159062851686,-0.11908159062851686,7
South Africa,2017,[5859.6],[4069.2418809879487],0.30554271947096245,30.554271947096247,0.30554271947096245,0.30554271947096245,7
South Africa,2018,[4975.5],[3494.6143595728417],0.2976355422424195,29.76355422424195,0.2976355422424195,0.2976355422424195,7
South Africa,2019,[4553.9],[4114.841885726911],0.09641364858101605,9.641364858101605,0.09641364858101605,0.09641364858101605,7
South Africa,2020,[5447.8],[4118.153723569192],0.24407031763846102,24.407031763846103,0.24407031763846102,0.24407031763846102,7
South Africa,2021,[5436.1],[4372.1765818458325],0.19571446775338344,19.571446775338345,0.19571446775338344,0.19571446775338344,7
South Africa,2022,[5375.8],[4073.584146046189],0.2422366631857233,24.223666318572327,0.2422366631857233,0.2422366631857233,7
Malawi,1984,[1191.1],[1000.8924315009442],0.1596906796230843,15.969067962308431,0.1596906796230843,0.1596906796230843,3
Malawi,1985,[1183.5],[1122.0000510096147],0.05196446893991152,5.196446893991152,0.05196446893991152,0.05196446893991152,3
Malawi,1986,[1084.9],[1135.7420019775418],0.04686330719655425,4.686330719655425,0.04686330719655425,-0.04686330719655425,3
Malawi,1987,[1016.4],[1025.2201990547674],0.008677881793356343,0.8677881793356342,0.008677881793356343,-0.008677881793356343,3
Malawi,1988,[1171.8],[1274.3176399545064],0.08748731861623692,8.74873186162369,0.08748731861623692,-0.08748731861623692,3
Malawi,1989,[1187.8],[1514.2571729531799],0.2748418698039905,27.484186980399052,0.2748418698039905,-0.2748418698039905,3
Malawi,1990,[999.3],[1156.0981696861822],0.15690800528988522,15.690800528988522,0.15690800528988522,-0.15690800528988522,3
Malawi,1991,[1141.9],[1360.6224598328681],0.191542569255511,19.1542569255511,0.191542569255511,-0.191542569255511,3
Malawi,1992,[480.2],[1192.3965448097572],1.4831248330065747,148.31248330065748,1.4831248330065747,-1.4831248330065747,3
Malawi,1993,[1532.7],[1254.3753218139757],0.18159109948850027,18.159109948850027,0.18159109948850027,0.18159109948850027,3
Malawi,1994,[920.9],[1331.0516377993902],0.4453812985116627,44.53812985116627,0.4453812985116627,-0.4453812985116627,3
Malawi,1995,[1351.7],[1160.9163111688993],0.14114351470821987,14.114351470821987,0.14114351470821987,0.14114351470821987,3
Malawi,1996,[1443.3],[1368.4136588980878],0.051885499273825395,5.18854992738254,0.051885499273825395,0.051885499273825395,3
Malawi,1997,[1095.9],[1738.907040456121],0.5867387904517938,58.673879045179376,0.5867387904517938,-0.5867387904517938,3
Malawi,1998,[1371.1],[1419.1700342987626],0.035059466339991775,3.5059466339991774,0.035059466339991775,-0.035059466339991775,3
Malawi,1999,[1810.9],[1293.337312382907],0.2858041237048391,28.58041237048391,0.2858041237048391,0.2858041237048391,3
Malawi,2000,[1742.8],[1161.1945217433554],0.33371900290144857,33.37190029014486,0.33371900290144857,0.33371900290144857,3
Malawi,2001,[1184.5],[1521.9341291559447],0.28487473968420823,28.487473968420822,0.28487473968420823,-0.28487473968420823,3
Malawi,2002,[1046.0],[1679.3451023272753],0.6054924496436667,60.549244964366665,0.6054924496436667,-0.6054924496436667,3
Malawi,2003,[1225.9],[1595.9625496225447],0.30187009513218416,30.187009513218417,0.30187009513218416,-0.30187009513218416,3
Malawi,2004,[1046.0],[1458.5412665092676],0.3943989163568524,39.43989163568524,0.3943989163568524,-0.3943989163568524,3
Malawi,2005,[809.3],[1303.233951826497],0.6103224414018252,61.03224414018252,0.6103224414018252,-0.6103224414018252,3
Malawi,2006,[1481.4],[1676.6569822542301],0.13180571233578373,13.180571233578373,0.13180571233578373,-0.13180571233578373,3
Malawi,2007,[2654.7],[1469.248470588896],0.44654820861532524,44.65482086153252,0.44654820861532524,0.44654820861532524,3
Malawi,2008,[1649.8],[1677.127769626045],0.016564292414865428,1.656429241486543,0.016564292414865428,-0.016564292414865428,3
Malawi,2009,[2226.5],[1843.127300943769],0.17218625603244156,17.218625603244156,0.17218625603244156,0.17218625603244156,3
Malawi,2010,[2015.8],[1641.6791604737243],0.18559422538261516,18.559422538261515,0.18559422538261516,0.18559422538261516,3
Malawi,2011,[2207.9],[1622.9824586894238],0.2649203049551956,26.492030495519558,0.2649203049551956,0.2649203049551956,3
Malawi,2012,[2193.2],[1820.345008884467],0.17000501145154698,17.000501145154697,0.17000501145154698,0.17000501145154698,3
Malawi,2013,[2170.8],[1672.0969907802032],0.22973236098203287,22.973236098203287,0.22973236098203287,0.22973236098203287,3
Malawi,2014,[2333.9],[1690.4836339866367],0.2756829195824,27.56829195824,0.2756829195824,0.2756829195824,3
Malawi,2015,[1656.3],[1821.962032156233],0.10001933958596447,10.001933958596448,0.10001933958596447,-0.10001933958596447,3
Malawi,2016,[1415.4],[1709.4918870195054],0.20778005300233524,20.778005300233524,0.20778005300233524,-0.20778005300233524,3
Malawi,2017,[2007.8],[1786.5140660864358],0.11021313572744502,11.021313572744502,0.11021313572744502,0.11021313572744502,3
Malawi,2018,[1600.8],[1796.5915864342908],0.12230858722781786,12.230858722781786,0.12230858722781786,-0.12230858722781786,3
Malawi,2019,[1957.8],[1857.0646692984515],0.05145333062700403,5.145333062700403,0.05145333062700403,0.05145333062700403,3
Malawi,2020,[2095.5],[1766.9890039931422],0.15676974278542485,15.676974278542485,0.15676974278542485,0.15676974278542485,3
Malawi,2021,[2462.9],[1798.1091578054093],0.2699219790468922,26.99219790468922,0.2699219790468922,0.2699219790468922,3
Malawi,2022,[2124.0],[2171.1049111675834],0.022177453468730412,2.2177453468730413,0.022177453468730412,-0.022177453468730412,3
Nigeria,1984,[1139.0],[1147.051987052574],0.007069347719555819,0.7069347719555819,0.007069347719555819,-0.007069347719555819,3
Nigeria,1985,[1173.5],[1226.4905223199714],0.045155962777990145,4.515596277799014,0.045155962777990145,-0.045155962777990145,3
Nigeria,1986,[1267.9],[1299.714647329111],0.025092394770179674,2.5092394770179673,0.025092394770179674,-0.025092394770179674,3
Nigeria,1987,[1353.3],[1168.550300316677],0.13651791892656684,13.651791892656684,0.13651791892656684,0.13651791892656684,3
Nigeria,1988,[1640.1],[1202.471134509267],0.26683059904318823,26.683059904318824,0.26683059904318823,0.26683059904318823,3
Nigeria,1989,[1395.0],[1243.3356526736559],0.10871996224110689,10.871996224110688,0.10871996224110689,0.10871996224110689,3
Nigeria,1990,[1130.1],[1370.2504551869272],0.21250372107506177,21.250372107506177,0.21250372107506177,-0.21250372107506177,3
Nigeria,1991,[1129.9],[1323.9372577640577],0.1717295847102023,17.17295847102023,0.1717295847102023,-0.1717295847102023,3
Nigeria,1992,[1118.1],[1168.4585963900267],0.04503943868171616,4.503943868171616,0.04503943868171616,-0.04503943868171616,3
Nigeria,1993,[1184.8],[1256.4367775771386],0.060463181614735545,6.046318161473555,0.060463181614735545,-0.060463181614735545,3
Nigeria,1994,[1272.0],[1183.3273525186096],0.0697112008501497,6.97112008501497,0.0697112008501497,0.0697112008501497,3
Nigeria,1995,[1266.6],[1399.9435420259952],0.10527675827095788,10.527675827095788,0.10527675827095788,-0.10527675827095788,3
Nigeria,1996,[1326.1],[1437.8231831941418],0.0842494406109207,8.42494406109207,0.0842494406109207,-0.0842494406109207,3
Nigeria,1997,[1251.0],[1444.2622745063534],0.15448623062058622,15.448623062058623,0.15448623062058622,-0.15448623062058622,3
Nigeria,1998,[1320.0],[1601.3822330875396],0.2131683583996512,21.31683583996512,0.2131683583996512,-0.2131683583996512,3
Nigeria,1999,[1599.8],[1373.2553247875771],0.14160812302314216,14.160812302314216,0.14160812302314216,0.14160812302314216,3
Nigeria,2000,[1300.1],[1506.5641548895037],0.15880636481001753,15.880636481001753,0.15880636481001753,-0.15880636481001753,3
Nigeria,2001,[1399.9],[1434.7713267322843],0.02490986979947436,2.490986979947436,0.02490986979947436,-0.02490986979947436,3
Nigeria,2002,[1489.9],[1443.8302218424178],0.030921389460757284,3.0921389460757283,0.030921389460757284,0.030921389460757284,3
Nigeria,2003,[1499.9],[1695.2520026060372],0.130243351294111,13.0243351294111,0.130243351294111,-0.130243351294111,3
Nigeria,2004,[1600.2],[1438.4818087613091],0.10106123686957312,10.106123686957313,0.10106123686957312,0.10106123686957312,3
Nigeria,2005,[1659.8],[1629.5336222654664],0.018234954653894166,1.8234954653894166,0.018234954653894166,0.018234954653894166,3
Nigeria,2006,[1818.2],[1635.0923239788265],0.10070821472949817,10.070821472949817,0.10070821472949817,0.10070821472949817,3
Nigeria,2007,[1704.9],[1587.067627593199],0.06911394944383902,6.911394944383901,0.06911394944383902,0.06911394944383902,3
Nigeria,2008,[1957.1],[1662.1552033718033],0.1507050210148672,15.07050210148672,0.1507050210148672,0.1507050210148672,3
Nigeria,2009,[2196.1],[1685.297800873871],0.23259514554261143,23.259514554261145,0.23259514554261143,0.23259514554261143,3
Nigeria,2010,[1850.2],[1839.8518735620182],0.0055929772121834495,0.559297721218345,0.0055929772121834495,0.0055929772121834495,3
Nigeria,2011,[1627.1],[1649.978691452195],0.01406102357089005,1.406102357089005,0.01406102357089005,-0.01406102357089005,3
Nigeria,2012,[1511.8],[1730.9760519239753],0.14497688313531906,14.497688313531906,0.14497688313531906,-0.14497688313531906,3
Nigeria,2013,[1461.6],[1539.0080010139106],0.05296113917207905,5.296113917207905,0.05296113917207905,-0.05296113917207905,3
Nigeria,2014,[1700.2],[1541.535655719616],0.09332098828395721,9.332098828395722,0.09332098828395721,0.09332098828395721,3
Nigeria,2015,[1718.8],[1564.8125582964344],0.08959008709772256,8.959008709772256,0.08959008709772256,0.08959008709772256,3
Nigeria,2016,[1783.7],[1792.628260827729],0.005005472236210681,0.5005472236210681,0.005005472236210681,-0.005005472236210681,3
Nigeria,2017,[1664.1],[1804.0546722378874],0.0841023209169446,8.41023209169446,0.0841023209169446,-0.0841023209169446,3
Nigeria,2018,[1671.6],[1808.4300771752096],0.08185575327543054,8.185575327543054,0.08185575327543054,-0.08185575327543054,3
Nigeria,2019,[1851.4],[1792.6472522856807],0.031734226917100254,3.1734226917100252,0.031734226917100254,0.031734226917100254,3
Nigeria,2020,[2050.6],[1897.767543222933],0.07453060410468493,7.453060410468493,0.07453060410468493,0.07453060410468493,3
Nigeria,2021,[2053.8],[2044.0290632188496],0.004757491859553299,0.4757491859553299,0.004757491859553299,0.004757491859553299,3
Nigeria,2022,[2232.6],[1901.0755990989587],0.14849252033550175,14.849252033550176,0.14849252033550175,0.14849252033550175,3
Timor-Leste,1984,[1087.0],[1317.554626514652],0.21210177232258692,21.210177232258694,0.21210177232258692,-0.21210177232258692,3
Timor-Leste,1985,[1067.0],[1271.05869070718],0.19124525839473286,19.124525839473286,0.19124525839473286,-0.19124525839473286,3
Timor-Leste,1986,[1072.0],[1217.5617833516474],0.13578524566385014,13.578524566385013,0.13578524566385014,-0.13578524566385014,3
Timor-Leste,1987,[1140.0],[1482.129700223711],0.3001137721260624,30.011377212606238,0.3001137721260624,-0.3001137721260624,3
Timor-Leste,1988,[1288.2],[1421.4367950903045],0.10342865633465645,10.342865633465644,0.10342865633465645,-0.10342865633465645,3
Timor-Leste,1989,[1269.2],[1343.9022876987124],0.058857774738979136,5.885777473897914,0.058857774738979136,-0.058857774738979136,3
Timor-Leste,1990,[1327.5],[1505.8380594785988],0.13434128774282394,13.434128774282394,0.13434128774282394,-0.13434128774282394,3
Timor-Leste,1991,[1392.1],[1396.7846973945088],0.003365201777536765,0.3365201777536765,0.003365201777536765,-0.003365201777536765,3
Timor-Leste,1992,[1409.5],[1697.6157590137593],0.20440990352164548,20.440990352164548,0.20440990352164548,-0.20440990352164548,3
Timor-Leste,1993,[1800.0],[1534.8021498878788],0.14733213895117842,14.733213895117842,0.14733213895117842,0.14733213895117842,3
Timor-Leste,1994,[1882.3],[1549.9895373968448],0.17654489858319886,17.654489858319884,0.17654489858319886,0.17654489858319886,3
Timor-Leste,1995,[1835.5],[1406.8193980365363],0.2335497695251777,23.35497695251777,0.2335497695251777,0.2335497695251777,3
Timor-Leste,1996,[1834.6],[1457.1942845608642],0.20571553223543865,20.571553223543866,0.20571553223543865,0.20571553223543865,3
Timor-Leste,1997,[1577.0],[1406.5436997176596],0.10808896657091972,10.808896657091973,0.10808896657091972,0.10808896657091972,3
Timor-Leste,1998,[1847.7],[1377.7436117783827],0.25434669492970574,25.434669492970574,0.25434669492970574,0.25434669492970574,3
Timor-Leste,1999,[1300.1],[1561.443326438946],0.20101786511725728,20.101786511725727,0.20101786511725728,-0.20101786511725728,3
Timor-Leste,2000,[1608.2],[1257.5766819075764],0.21802220998160904,21.802220998160905,0.21802220998160904,0.21802220998160904,3
Timor-Leste,2001,[1215.6],[1608.8897036766712],0.3235354587665937,32.35354587665937,0.3235354587665937,-0.3235354587665937,3
Timor-Leste,2002,[1755.1],[1475.5883190181294],0.15925684062553164,15.925684062553163,0.15925684062553164,0.15925684062553164,3
Timor-Leste,2003,[1392.4],[1638.3833451805688],0.17666140848934836,17.666140848934837,0.17666140848934836,-0.17666140848934836,3
Timor-Leste,2004,[1580.9],[1389.4450860533598],0.1211050123009933,12.110501230099329,0.1211050123009933,0.1211050123009933,3
Timor-Leste,2005,[1590.0],[1702.8739248903246],0.07098988986812867,7.098988986812866,0.07098988986812867,-0.07098988986812867,3
Timor-Leste,2006,[1675.8],[1729.7201839477027],0.0321757870555572,3.21757870555572,0.0321757870555572,-0.0321757870555572,3
Timor-Leste,2007,[1128.2],[1840.698902528486],0.6315359887683797,63.15359887683797,0.6315359887683797,-0.6315359887683797,3
Timor-Leste,2008,[1261.1],[1835.8137248256082],0.4557241494136931,45.57241494136931,0.4557241494136931,-0.4557241494136931,3
Timor-Leste,2009,[1888.4],[1910.274066819635],0.011583386369219916,1.1583386369219917,0.011583386369219916,-0.011583386369219916,3
Timor-Leste,2010,[2119.3],[1560.4584680983157],0.2636915641493344,26.369156414933443,0.2636915641493344,0.2636915641493344,3
Timor-Leste,2011,[2294.3],[1651.7726646076796],0.2800537573082511,28.00537573082511,0.2800537573082511,0.2800537573082511,3
Timor-Leste,2012,[1390.2],[1910.8708056181324],0.3745294242685458,37.45294242685458,0.3745294242685458,-0.3745294242685458,3
Timor-Leste,2013,[2353.8],[1778.3834619623121],0.2444627997441108,24.44627997441108,0.2444627997441108,0.2444627997441108,3
Timor-Leste,2014,[2772.5],[1923.7456909975178],0.3061332043291189,30.613320432911888,0.3061332043291189,0.3061332043291189,3
Timor-Leste,2015,[2397.0],[2046.2706011449036],0.14632014971009447,14.632014971009447,0.14632014971009447,0.14632014971009447,3
Timor-Leste,2016,[2314.6],[2044.781659960345],0.11657234081035812,11.657234081035812,0.11657234081035812,0.11657234081035812,3
Timor-Leste,2017,[2169.3],[1985.8504109183925],0.08456626058249557,8.456626058249556,0.08456626058249557,0.08456626058249557,3
Timor-Leste,2018,[2144.5],[2213.939490260307],0.03238027058069813,3.238027058069813,0.03238027058069813,-0.03238027058069813,3
Timor-Leste,2019,[2511.6],[2214.912081593239],0.11812705781444544,11.812705781444544,0.11812705781444544,0.11812705781444544,3
Timor-Leste,2020,[2668.6],[2179.2427462708447],0.18337602253209745,18.337602253209745,0.18337602253209745,0.18337602253209745,3
Timor-Leste,2021,[972.1],[2038.967150222925],1.097487038599861,109.7487038599861,1.097487038599861,-1.097487038599861,3
Timor-Leste,2022,[1784.5],[1986.6923928889041],0.11330478727313203,11.330478727313203,0.11330478727313203,-0.11330478727313203,3
Argentina,1984,[3140.7],[4305.995248466729],0.37103042266588004,37.103042266588005,0.37103042266588004,-0.37103042266588004,5
Argentina,1985,[3562.9],[4482.710796788172],0.2581635175806708,25.81635175806708,0.2581635175806708,-0.2581635175806708,5
Argentina,1986,[3745.0],[4708.540671066328],0.2572872285891397,25.728722858913972,0.2572872285891397,-0.2572872285891397,5
Argentina,1987,[3189.7],[4928.924244049],0.5452626403890648,54.52626403890648,0.5452626403890648,-0.5452626403890648,5
Argentina,1988,[3774.4],[5150.026312240195],0.36446224889788964,36.446224889788965,0.36446224889788964,-0.36446224889788964,5
Argentina,1989,[2910.3],[5321.93979959537],0.8286567706406107,82.86567706406107,0.8286567706406107,-0.8286567706406107,5
Argentina,1990,[3460.8],[5028.643541385771],0.4530292248571921,45.30292248571921,0.4530292248571921,-0.4530292248571921,5
Argentina,1991,[4044.4],[5046.189082028873],0.24769782465356358,24.769782465356357,0.24769782465356358,-0.24769782465356358,5
Argentina,1992,[4523.7],[5151.624572533802],0.1388077398001199,13.88077398001199,0.1388077398001199,-0.1388077398001199,5
Argentina,1993,[4355.2],[5016.421028648051],0.15182334419729318,15.182334419729319,0.15182334419729318,-0.15182334419729318,5
Argentina,1994,[4237.1],[5816.431194922212],0.372738711600437,37.2738711600437,0.372738711600437,-0.372738711600437,5
Argentina,1995,[4522.3],[5350.431067854757],0.1831216566470064,18.31216566470064,0.1831216566470064,-0.1831216566470064,5
Argentina,1996,[4039.7],[5278.621899110384],0.30668661017164256,30.668661017164254,0.30668661017164256,-0.30668661017164256,5
Argentina,1997,[4555.7],[5221.984876716443],0.14625301857375228,14.625301857375227,0.14625301857375228,-0.14625301857375228,5
Argentina,1998,[6078.0],[4664.915658623087],0.23249166524792902,23.2491665247929,0.23249166524792902,0.23249166524792902,5
Argentina,1999,[5370.2],[5110.5227062952035],0.048355236993928775,4.835523699392877,0.048355236993928775,0.048355236993928775,5
Argentina,2000,[5432.9],[4678.080337918472],0.1389349448879103,13.893494488791031,0.1389349448879103,0.1389349448879103,5
Argentina,2001,[5455.3],[5970.831155612255],0.09450097256104249,9.450097256104248,0.09450097256104249,-0.09450097256104249,5
Argentina,2002,[6079.1],[5483.820292684791],0.09792234168136889,9.792234168136888,0.09792234168136889,0.09792234168136889,5
Argentina,2003,[6476.7],[5391.572074531133],0.16754333618491934,16.754333618491934,0.16754333618491934,0.16754333618491934,5
Argentina,2004,[6393.1],[6012.934012933152],0.05946504623216407,5.946504623216407,0.05946504623216407,0.05946504623216407,5
Argentina,2005,[7358.7],[5517.24548634712],0.25024182445987464,25.024182445987464,0.25024182445987464,0.25024182445987464,5
Argentina,2006,[5903.0],[5839.179358118192],0.010811560542403544,1.0811560542403544,0.010811560542403544,0.010811560542403544,5
Argentina,2007,[7665.5],[5658.054032637433],0.2618806297518188,26.18806297518188,0.2618806297518188,0.2618806297518188,5
Argentina,2008,[6452.5],[6491.968510714936],0.006116778103825835,0.6116778103825835,0.006116778103825835,-0.006116778103825835,5
Argentina,2009,[5576.0],[5833.294232233789],0.0461431549917126,4.61431549917126,0.0461431549917126,-0.0461431549917126,5
Argentina,2010,[7804.0],[5810.364358206156],0.2554633062267868,25.54633062267868,0.2554633062267868,0.2554633062267868,5
Argentina,2011,[6350.3],[6083.142839314552],0.0420700062493817,4.20700062493817,0.0420700062493817,0.0420700062493817,5
Argentina,2012,[5734.6],[6541.318677573005],0.14067566658058175,14.067566658058176,0.14067566658058175,-0.14067566658058175,5
Argentina,2013,[6603.7],[6224.765253578878],0.057382186716707514,5.738218671670752,0.057382186716707514,0.057382186716707514,5
Argentina,2014,[6840.9],[6038.831758435783],0.11724601171837286,11.724601171837286,0.11724601171837286,0.11724601171837286,5
Argentina,2015,[7309.0],[6252.534312738875],0.14454312317158638,14.454312317158639,0.14454312317158638,0.14454312317158638,5
Argentina,2016,[7442.7],[6407.445595750662],0.13909661873370394,13.909661873370393,0.13909661873370394,0.13909661873370394,5
Argentina,2017,[7575.9],[6379.728562180713],0.15789166142891095,15.789166142891094,0.15789166142891095,0.15789166142891095,5
Argentina,2018,[6088.3],[6260.4857409704555],0.02828141533276207,2.8281415332762068,0.02828141533276207,-0.02828141533276207,5
Argentina,2019,[7861.5],[6139.080993486181],0.2190954660705742,21.909546607057422,0.2190954660705742,0.2190954660705742,5
Argentina,2020,[7553.9],[6451.392335000985],0.14595211281576592,14.595211281576592,0.14595211281576592,0.14595211281576592,5
Argentina,2021,[7429.6],[6522.728433468049],0.12206196383815433,12.206196383815433,0.12206196383815433,0.12206196383815433,5
Argentina,2022,[6732.9],[6828.288006336948],0.014167447361010548,1.4167447361010548,0.014167447361010548,-0.014167447361010548,5
Paraguay,1984,[1434.5],[1823.0638603886473],0.2708705893263488,27.08705893263488,0.2708705893263488,-0.2708705893263488,3
Paraguay,1985,[1698.7],[2053.3143542317516],0.20875631614278659,20.87563161427866,0.20875631614278659,-0.20875631614278659,3
Paraguay,1986,[1701.3],[2259.0527749328726],0.3278391670680495,32.78391670680495,0.3278391670680495,-0.3278391670680495,3
Paraguay,1987,[1804.6],[1895.2855997305485],0.05025246577111193,5.025246577111193,0.05025246577111193,-0.05025246577111193,3
Paraguay,1988,[1902.0],[1968.3950017653633],0.03490799251596388,3.490799251596388,0.03490799251596388,-0.03490799251596388,3
Paraguay,1989,[1988.9],[1842.3244472154327],0.07369679359674565,7.369679359674565,0.07369679359674565,0.07369679359674565,3
Paraguay,1990,[2199.1],[2197.0496161022957],0.000932374106545519,0.09323741065455189,0.000932374106545519,0.000932374106545519,3
Paraguay,1991,[1650.2],[2289.9865311269477],0.38770241857165655,38.77024185716566,0.38770241857165655,-0.38770241857165655,3
Paraguay,1992,[1743.0],[2118.1846483679965],0.21525223658519593,21.525223658519593,0.21525223658519593,-0.21525223658519593,3
Paraguay,1993,[1763.0],[2279.607691171726],0.2930276183617277,29.30276183617277,0.2930276183617277,-0.2930276183617277,3
Paraguay,1994,[2114.0],[1941.004298711222],0.08183334971086946,8.183334971086946,0.08183334971086946,0.08183334971086946,3
Paraguay,1995,[2466.0],[2147.7287687272556],0.12906375964020456,12.906375964020455,0.12906375964020456,0.12906375964020456,3
Paraguay,1996,[2015.0],[2289.979458684328],0.13646623259768148,13.646623259768148,0.13646623259768148,-0.13646623259768148,3
Paraguay,1997,[2748.3],[2434.8358734206067],0.11405746336986261,11.405746336986262,0.11405746336986261,0.11405746336986261,3
Paraguay,1998,[2457.5],[1965.5014929010465],0.20020285131188342,20.02028513118834,0.20020285131188342,0.20020285131188342,3
Paraguay,1999,[2291.7],[2189.832385616248],0.044450676084894176,4.445067608489418,0.044450676084894176,0.044450676084894176,3
Paraguay,2000,[1951.2],[2266.4528679191167],0.16156871049565222,16.156871049565222,0.16156871049565222,-0.16156871049565222,3
Paraguay,2001,[2330.8],[2606.8035104517385],0.11841578447388805,11.841578447388805,0.11841578447388805,-0.11841578447388805,3
Paraguay,2002,[2344.2],[2919.1450958533587],0.245262817103216,24.5262817103216,0.245262817103216,-0.245262817103216,3
Paraguay,2003,[2384.9],[2617.9069886387506],0.09770094705805295,9.770094705805295,0.09770094705805295,-0.09770094705805295,3
Paraguay,2004,[2545.5],[2551.24074541036],0.0022552525674170015,0.22552525674170015,0.0022552525674170015,-0.0022552525674170015,3
Paraguay,2005,[2075.0],[2705.740486657018],0.30397131887085216,30.397131887085216,0.30397131887085216,-0.30397131887085216,3
Paraguay,2006,[2682.9],[2669.241427080631],0.00509097354331839,0.509097354331839,0.00509097354331839,0.00509097354331839,3
Paraguay,2007,[2770.0],[3509.9808199451445],0.26714109023290417,26.714109023290415,0.26714109023290417,-0.26714109023290417,3
Paraguay,2008,[2880.4],[3183.5601222487717],0.10524931337618788,10.524931337618789,0.10524931337618788,-0.10524931337618788,3
Paraguay,2009,[2400.0],[3201.4598072556337],0.33394158635651405,33.39415863565141,0.33394158635651405,-0.33394158635651405,3
Paraguay,2010,[3915.2],[3178.263173944083],0.18822456734162157,18.822456734162156,0.18822456734162157,0.18822456734162157,3
Paraguay,2011,[3919.8],[2913.397011141172],0.25674855575764793,25.674855575764795,0.25674855575764793,0.25674855575764793,3
Paraguay,2012,[3095.0],[3518.7067707913716],0.13690041059495042,13.690041059495043,0.13690041059495042,-0.13690041059495042,3
Paraguay,2013,[4000.0],[3283.535813896516],0.17911604652587096,17.911604652587094,0.17911604652587096,0.17911604652587096,3
Paraguay,2014,[4000.0],[3555.441032147988],0.11113974196300296,11.113974196300296,0.11113974196300296,0.11113974196300296,3
Paraguay,2015,[5248.3],[3582.8796574128273],0.31732567547342433,31.732567547342434,0.31732567547342433,0.31732567547342433,3
Paraguay,2016,[5367.0],[3447.0288788002795],0.3577363743617888,35.77363743617888,0.3577363743617888,0.3577363743617888,3
Paraguay,2017,[5485.0],[3877.382993057543],0.2930933467534106,29.30933467534106,0.2930933467534106,0.2930933467534106,3
Paraguay,2018,[4995.0],[3623.6766855865244],0.2745392020847799,27.45392020847799,0.2745392020847799,0.2745392020847799,3
Paraguay,2019,[5140.0],[3784.081768051882],0.2637973213906844,26.37973213906844,0.2637973213906844,0.2637973213906844,3
Paraguay,2020,[5304.2],[4016.4311918925696],0.24278285285385737,24.278285285385735,0.24278285285385737,0.24278285285385737,3
Paraguay,2021,[4129.4],[3987.638125812419],0.03432989639840675,3.432989639840675,0.03432989639840675,0.03432989639840675,3
Paraguay,2022,[5147.7],[3814.5930656640185],0.25897137252287067,25.897137252287067,0.25897137252287067,0.25897137252287067,3
Rwanda,1984,[1198.8],[1109.697656566188],0.0743262791406506,7.43262791406506,0.0743262791406506,0.0743262791406506,3
Rwanda,1985,[1218.2],[1270.6919433601634],0.04308975813508726,4.308975813508726,0.04308975813508726,-0.04308975813508726,3
Rwanda,1986,[1130.5],[1247.4374828592133],0.10343872875649122,10.343872875649122,0.10343872875649122,-0.10343872875649122,3
Rwanda,1987,[1483.9],[1255.3318865096758],0.1540320193344055,15.403201933440549,0.1540320193344055,0.1540320193344055,3
Rwanda,1988,[1800.0],[1183.1000592126518],0.34272218932630455,34.27221893263045,0.34272218932630455,0.34272218932630455,3
Rwanda,1989,[1187.5],[1128.8546951411804],0.04938551988111124,4.938551988111124,0.04938551988111124,0.04938551988111124,3
Rwanda,1990,[1025.2],[1182.6954432333841],0.15362411552222405,15.362411552222405,0.15362411552222405,-0.15362411552222405,3
Rwanda,1991,[1155.6],[1284.2597471918518],0.11133588368972995,11.133588368972996,0.11133588368972995,-0.11133588368972995,3
Rwanda,1992,[1225.0],[1215.4826628774654],0.007769254793905818,0.7769254793905819,0.007769254793905818,0.007769254793905818,3
Rwanda,1993,[1740.0],[1161.3442551474384],0.33256077290377106,33.25607729037711,0.33256077290377106,0.33256077290377106,3
Rwanda,1994,[1675.0],[1112.8968349472682],0.3355839791359593,33.558397913595925,0.3355839791359593,0.3355839791359593,3
Rwanda,1995,[1120.0],[1123.8067560288912],0.003398889311509988,0.3398889311509988,0.003398889311509988,-0.003398889311509988,3
Rwanda,1996,[1109.9],[1050.8254141638367],0.05322514265804428,5.322514265804428,0.05322514265804428,0.05322514265804428,3
Rwanda,1997,[1090.8],[1215.7071598902257],0.11450968086746038,11.450968086746037,0.11450968086746038,-0.11450968086746038,3
Rwanda,1998,[823.1],[1209.0746528643022],0.4689280195168292,46.89280195168292,0.4689280195168292,-0.4689280195168292,3
Rwanda,1999,[755.6],[1177.0464199116254],0.5577639225934693,55.77639225934693,0.5577639225934693,-0.5577639225934693,3
Rwanda,2000,[701.8],[1122.2063057383],0.5990400480739528,59.90400480739528,0.5990400480739528,-0.5990400480739528,3
Rwanda,2001,[767.1],[785.0177537730921],0.023357780958274076,2.3357780958274077,0.023357780958274076,-0.023357780958274076,3
Rwanda,2002,[876.3],[1177.2926335782995],0.3434812662082615,34.34812662082615,0.3434812662082615,-0.3434812662082615,3
Rwanda,2003,[767.2],[938.6220955640092],0.2234386021428691,22.34386021428691,0.2234386021428691,-0.2234386021428691,3
Rwanda,2004,[767.0],[981.5114927058871],0.2796760009203222,27.967600092032217,0.2796760009203222,-0.2796760009203222,3
Rwanda,2005,[888.9],[823.3124486795584],0.07378507292208522,7.378507292208522,0.07378507292208522,0.07378507292208522,3
Rwanda,2006,[853.1],[927.2676902819126],0.08693903444134632,8.693903444134632,0.08693903444134632,-0.08693903444134632,3
Rwanda,2007,[720.1],[1278.426979615385],0.7753464513475699,77.53464513475699,0.7753464513475699,-0.7753464513475699,3
Rwanda,2008,[1151.5],[1266.141813600394],0.09955867442500566,9.955867442500566,0.09955867442500566,-0.09955867442500566,3
Rwanda,2009,[1950.3],[1402.485865240632],0.2808871121157607,28.08871121157607,0.2808871121157607,0.2808871121157607,3
Rwanda,2010,[2341.6],[1523.5395237560226],0.3493596157516131,34.935961575161315,0.3493596157516131,0.3493596157516131,3
Rwanda,2011,[2352.9],[1540.3492097911244],0.34534012929103475,34.534012929103476,0.34534012929103475,0.34534012929103475,3
Rwanda,2012,[2258.7],[1521.6881429482166],0.3262991353662652,32.62991353662652,0.3262991353662652,0.3262991353662652,3
Rwanda,2013,[2284.5],[1619.438934920398],0.29111887287353994,29.111887287353994,0.29111887287353994,0.29111887287353994,3
Rwanda,2014,[1531.6],[1532.560925468326],0.0006273997573297174,0.06273997573297174,0.0006273997573297174,-0.0006273997573297174,3
Rwanda,2015,[1531.3],[1529.8887764544688],0.0009215852840926855,0.09215852840926855,0.0009215852840926855,0.0009215852840926855,3
Rwanda,2016,[1574.8],[1467.6591009634362],0.06803460695743188,6.803460695743188,0.06803460695743188,0.06803460695743188,3
Rwanda,2017,[1379.3],[1492.1297748988368],0.08180220031815909,8.180220031815908,0.08180220031815909,-0.08180220031815909,3
Rwanda,2018,[1431.5],[1379.3758111094523],0.03641228703496169,3.641228703496169,0.03641228703496169,0.03641228703496169,3
Rwanda,2019,[1461.0],[1330.057142883426],0.08962550110648462,8.962550110648463,0.08962550110648462,0.08962550110648462,3
Rwanda,2020,[1523.7],[1808.0224506889792],0.18660002014109023,18.660002014109022,0.18660002014109023,-0.18660002014109023,3
Rwanda,2021,[1521.6],[1367.8925874321858],0.1010169640955666,10.10169640955666,0.1010169640955666,0.1010169640955666,3
Rwanda,2022,[1528.6],[1703.1089666907187],0.11416261068344813,11.416261068344813,0.11416261068344813,-0.11416261068344813,3
Indonesia,1984,[1713.4],[1745.2261875071824],0.018574873063605894,1.8574873063605895,0.018574873063605894,-0.018574873063605894,1
Indonesia,1985,[1774.4],[2095.9481805600763],0.18121516036974536,18.121516036974537,0.18121516036974536,-0.18121516036974536,1
Indonesia,1986,[1883.8],[2114.9945709222848],0.12272776883017561,12.272776883017562,0.12272776883017561,-0.12272776883017561,1
Indonesia,1987,[1963.3],[2481.1845530908263],0.2637826888864801,26.37826888864801,0.2637826888864801,-0.2637826888864801,1
Indonesia,1988,[1953.1],[2519.2598056789448],0.2898775309400158,28.98775309400158,0.2898775309400158,-0.2898775309400158,1
Indonesia,1989,[2103.3],[2620.3551385614073],0.24583042769048977,24.583042769048976,0.24583042769048977,-0.24583042769048977,1
Indonesia,1990,[2132.3],[2949.2423390188565],0.38312729870039686,38.31272987003969,0.38312729870039686,-0.38312729870039686,1
Indonesia,1991,[2150.5],[2324.0834257718084],0.08071770554373792,8.071770554373792,0.08071770554373792,-0.08071770554373792,1
Indonesia,1992,[2203.0],[1898.6566681807765],0.1381494924281541,13.81494924281541,0.1381494924281541,0.1381494924281541,1
Indonesia,1993,[2197.5],[2327.68290381603],0.0592413669242457,5.92413669242457,0.0592413669242457,-0.0592413669242457,1
Indonesia,1994,[2209.1],[2483.900659417882],0.12439484831736088,12.439484831736088,0.12439484831736088,-0.12439484831736088,1
Indonesia,1995,[2258.0],[2732.8948472368884],0.210316584250172,21.0316584250172,0.210316584250172,-0.210316584250172,1
Indonesia,1996,[2486.2],[2701.489527637983],0.08659380888021204,8.659380888021204,0.08659380888021204,-0.08659380888021204,1
Indonesia,1997,[2614.1],[2596.723335370947],0.006647283818160289,0.6647283818160289,0.006647283818160289,0.006647283818160289,1
Indonesia,1998,[2652.6],[3019.142055901991],0.13818218197315513,13.818218197315513,0.13818218197315513,-0.13818218197315513,1
Indonesia,1999,[2662.9],[2615.253861443698],0.01789257522111309,1.789257522111309,0.01789257522111309,0.01789257522111309,1
Indonesia,2000,[2764.9],[2343.8901116723737],0.1522694811123825,15.22694811123825,0.1522694811123825,0.1522694811123825,1
Indonesia,2001,[2844.6],[2926.5351789034075],0.028803761127542585,2.8803761127542584,0.028803761127542585,-0.028803761127542585,1
Indonesia,2002,[3065.5],[3132.6695019278563],0.021911434326490408,2.191143432649041,0.021911434326490408,-0.021911434326490408,1
Indonesia,2003,[3241.4],[3122.282705268876],0.036748718063529424,3.6748718063529426,0.036748718063529424,0.036748718063529424,1
Indonesia,2004,[3343.9],[3231.6339973770814],0.03357337319385109,3.3573373193851093,0.03357337319385109,0.03357337319385109,1
Indonesia,2005,[3453.9],[3499.0606622941746],0.013075266305965567,1.3075266305965567,0.013075266305965567,-0.013075266305965567,1
Indonesia,2006,[3469.9],[3436.2085987721366],0.00970961734570549,0.970961734570549,0.00970961734570549,0.00970961734570549,1
Indonesia,2007,[3660.1],[4095.543236974776],0.11897031146000821,11.89703114600082,0.11897031146000821,-0.11897031146000821,1
Indonesia,2008,[4077.6],[4024.5803437188374],0.013002662419355136,1.3002662419355135,0.013002662419355136,0.013002662419355136,1
Indonesia,2009,[4237.2],[4523.245777609996],0.06750820768667908,6.750820768667907,0.06750820768667908,-0.06750820768667908,1
Indonesia,2010,[4435.9],[4696.577479006983],0.05876540927590412,5.876540927590412,0.05876540927590412,-0.05876540927590412,1
Indonesia,2011,[4565.2],[4262.053541310901],0.06640376296528057,6.640376296528057,0.06640376296528057,0.06640376296528057,1
Indonesia,2012,[4898.7],[4321.432023391622],0.11784105509796017,11.784105509796017,0.11784105509796017,0.11784105509796017,1
Indonesia,2013,[4844.1],[4476.212181788617],0.0759455457590436,7.594554575904359,0.0759455457590436,0.0759455457590436,1
Indonesia,2014,[4954.0],[4437.747312468917],0.10420926272327073,10.420926272327073,0.10420926272327073,0.10420926272327073,1
Indonesia,2015,[5178.4],[4476.209637199248],0.13559986922616085,13.559986922616085,0.13559986922616085,0.13559986922616085,1
Indonesia,2016,[5305.2],[4814.659453034767],0.09246410068710573,9.246410068710572,0.09246410068710573,0.09246410068710573,1
Indonesia,2017,[5227.4],[4633.39957765861],0.11363209670991122,11.363209670991122,0.11363209670991122,0.11363209670991122,1
Indonesia,2018,[5326.1],[4431.764857917576],0.16791557463855816,16.791557463855817,0.16791557463855816,0.16791557463855816,1
Indonesia,2019,[5441.9],[4607.633679939443],0.1533042356641167,15.33042356641167,0.1533042356641167,0.1533042356641167,1
Indonesia,2020,[5680.4],[4682.4749426772605],0.17567865948220884,17.567865948220884,0.17567865948220884,0.17567865948220884,1
Indonesia,2021,[5695.7],[4717.276370686376],0.1717828588783861,17.17828588783861,0.1717828588783861,0.1717828588783861,1
Indonesia,2022,[5793.6],[4815.082442944063],0.16889629195248854,16.889629195248855,0.16889629195248854,0.16889629195248854,1
Guinea,1984,[1055.8],[1076.0607688429056],0.019189968595288587,1.9189968595288587,0.019189968595288587,-0.019189968595288587,3
Guinea,1985,[1111.1],[1074.9721620333798],0.0325153793237513,3.25153793237513,0.0325153793237513,0.0325153793237513,3
Guinea,1986,[1111.1],[917.3192101782365],0.17440445488413592,17.44044548841359,0.17440445488413592,0.17440445488413592,3
Guinea,1987,[1000.0],[1200.2781318937543],0.20027813189375435,20.027813189375436,0.20027813189375435,-0.20027813189375435,3
Guinea,1988,[952.0],[1135.4965289029851],0.1927484547300264,19.27484547300264,0.1927484547300264,-0.1927484547300264,3
Guinea,1989,[984.5],[1062.008381714823],0.07872867619585873,7.872867619585873,0.07872867619585873,-0.07872867619585873,3
Guinea,1990,[1017.9],[1142.719376148991],0.12262439939973568,12.262439939973568,0.12262439939973568,-0.12262439939973568,3
Guinea,1991,[1052.7],[1085.711199577734],0.0313586012897635,3.1358601289763497,0.0313586012897635,-0.0313586012897635,3
Guinea,1992,[1088.5],[1140.7686888607682],0.04801900676230425,4.801900676230425,0.04801900676230425,-0.04801900676230425,3
Guinea,1993,[1125.5],[1273.0100610248153],0.13106180455336763,13.106180455336764,0.13106180455336763,-0.13106180455336763,3
Guinea,1994,[1163.9],[1046.8718628889555],0.10054827486128064,10.054827486128064,0.10054827486128064,0.10054827486128064,3
Guinea,1995,[1203.6],[1266.5823525289488],0.05232830884758136,5.232830884758136,0.05232830884758136,-0.05232830884758136,3
Guinea,1996,[1244.6],[1273.5997483533833],0.023300456655458334,2.3300456655458333,0.023300456655458334,-0.023300456655458334,3
Guinea,1997,[1287.0],[1165.4381158950314],0.09445367840323901,9.4453678403239,0.09445367840323901,0.09445367840323901,3
Guinea,1998,[1330.8],[1395.0251637885053],0.04826056792042784,4.826056792042785,0.04826056792042784,-0.04826056792042784,3
Guinea,1999,[1376.1],[1215.7886756765527],0.11649685656816167,11.649685656816168,0.11649685656816167,0.11649685656816167,3
Guinea,2000,[1423.0],[1529.0738220470816],0.0745423907569091,7.454239075690911,0.0745423907569091,-0.0745423907569091,3
Guinea,2001,[1443.0],[1410.4532443559476],0.022554924216252516,2.2554924216252514,0.022554924216252516,0.022554924216252516,3
Guinea,2002,[1466.4],[1443.6516332513845],0.015513070614167743,1.5513070614167743,0.015513070614167743,0.015513070614167743,3
Guinea,2003,[1490.1],[1442.889129969472],0.031683021294227225,3.1683021294227225,0.031683021294227225,0.031683021294227225,3
Guinea,2004,[1514.3],[1398.8892075486647],0.07621395526073782,7.621395526073782,0.07621395526073782,0.07621395526073782,3
Guinea,2005,[1538.8],[1437.6321112368696],0.06574466386998333,6.574466386998333,0.06574466386998333,0.06574466386998333,3
Guinea,2006,[1563.7],[1346.6631323770887],0.1387969991832905,13.87969991832905,0.1387969991832905,0.1387969991832905,3
Guinea,2007,[1589.1],[1347.2463575308702],0.15219535741559984,15.219535741559984,0.15219535741559984,0.15219535741559984,3
Guinea,2008,[1079.3],[1402.9474452684942],0.2998679192703551,29.98679192703551,0.2998679192703551,-0.2998679192703551,3
Guinea,2009,[1631.8],[1317.2499223965774],0.1927626410120251,19.276264101202507,0.1927626410120251,0.1927626410120251,3
Guinea,2010,[1631.3],[1299.8572449591982],0.2031770704596345,20.317707045963452,0.2031770704596345,0.2031770704596345,3
Guinea,2011,[1658.4],[1325.4998845944056],0.20073571840665372,20.073571840665373,0.20073571840665372,0.20073571840665372,3
Guinea,2012,[1220.0],[1375.978668859266],0.12785136791743115,12.785136791743115,0.12785136791743115,-0.12785136791743115,3
Guinea,2013,[1250.0],[1416.2071660432832],0.13296573283462657,13.296573283462656,0.13296573283462657,-0.13296573283462657,3
Guinea,2014,[1232.3],[1343.3829404741314],0.09014277405999466,9.014277405999465,0.09014277405999466,-0.09014277405999466,3
Guinea,2015,[1250.3],[1366.992997008764],0.0933319979275086,9.33319979275086,0.0933319979275086,-0.0933319979275086,3
Guinea,2016,[1226.5],[1420.3538748911901],0.15805452498262546,15.805452498262545,0.15805452498262546,-0.15805452498262546,3
Guinea,2017,[1350.0],[1344.6741592674223],0.003945067209316828,0.39450672093168276,0.003945067209316828,0.003945067209316828,3
Guinea,2018,[1338.6],[1457.4559440131675],0.08879123264094396,8.879123264094396,0.08879123264094396,-0.08879123264094396,3
Guinea,2019,[1450.0],[1341.0752089013895],0.07512054558524862,7.512054558524863,0.07512054558524862,0.07512054558524862,3
Guinea,2020,[1420.0],[1354.976471625545],0.04579121716510919,4.579121716510919,0.04579121716510919,0.04579121716510919,3
Guinea,2021,[1450.0],[1491.1427049102406],0.02837427924844178,2.837427924844178,0.02837427924844178,-0.02837427924844178,3
Guinea,2022,[1500.0],[1350.9558752513515],0.09936274983243235,9.936274983243235,0.09936274983243235,0.09936274983243235,3
Benin,1984,[807.7],[1013.8772643539613],0.2552646581081605,25.526465810816052,0.2552646581081605,-0.2552646581081605,3
Benin,1985,[889.0],[822.844597956139],0.07441552535867384,7.441552535867384,0.07441552535867384,0.07441552535867384,3
Benin,1986,[854.3],[890.2528172653008],0.04208453384677612,4.208453384677612,0.04208453384677612,-0.04208453384677612,3
Benin,1987,[707.5],[863.7020918372544],0.2207803418194409,22.07803418194409,0.2207803418194409,-0.2207803418194409,3
Benin,1988,[871.2],[863.4998872932791],0.008838513207898203,0.8838513207898203,0.008838513207898203,0.008838513207898203,3
Benin,1989,[885.3],[923.7321687666652],0.04341146364697301,4.341146364697301,0.04341146364697301,-0.04341146364697301,3
Benin,1990,[895.4],[933.820118594067],0.04290832990179479,4.290832990179479,0.04290832990179479,-0.04290832990179479,3
Benin,1991,[928.1],[904.3130821567764],0.02562969275209955,2.5629692752099547,0.02562969275209955,0.02562969275209955,3
Benin,1992,[977.1],[1012.3934252523816],0.036120586687525894,3.6120586687525895,0.036120586687525894,-0.036120586687525894,3
Benin,1993,[977.8],[1071.1660863803297],0.09548587275550191,9.54858727555019,0.09548587275550191,-0.09548587275550191,3
Benin,1994,[1022.8],[1104.6074715593484],0.07998384000718461,7.9983840007184615,0.07998384000718461,-0.07998384000718461,3
Benin,1995,[1173.7],[1109.9687657677096],0.05429942424153573,5.429942424153573,0.05429942424153573,0.05429942424153573,3
Benin,1996,[1081.8],[1086.074072072587],0.003950889325741295,0.3950889325741295,0.003950889325741295,-0.003950889325741295,3
Benin,1997,[1202.0],[1091.2671533715516],0.09212383246959105,9.212383246959105,0.09212383246959105,0.09212383246959105,3
Benin,1998,[1114.3],[1149.3457733150287],0.031450931809233404,3.1450931809233404,0.031450931809233404,-0.031450931809233404,3
Benin,1999,[1251.8],[1119.7498723139854],0.1054881991420471,10.54881991420471,0.1054881991420471,0.1054881991420471,3
Benin,2000,[1148.1],[948.5513747273806],0.1738077042702024,17.380770427020238,0.1738077042702024,0.1738077042702024,3
Benin,2001,[1100.2],[1127.6331768515233],0.024934718098094243,2.4934718098094244,0.024934718098094243,-0.024934718098094243,3
Benin,2002,[1164.4],[1182.2726799224517],0.01534926135559228,1.534926135559228,0.01534926135559228,-0.01534926135559228,3
Benin,2003,[1189.9],[1068.8525550846578],0.10172909060874219,10.172909060874218,0.10172909060874219,0.10172909060874219,3
Benin,2004,[1179.0],[1099.0275767162418],0.06783072373516386,6.783072373516386,0.06783072373516386,0.06783072373516386,3
Benin,2005,[1144.7],[1220.3285323481393],0.06606843046050431,6.6068430460504315,0.06606843046050431,-0.06606843046050431,3
Benin,2006,[1227.3],[1190.239778679233],0.030196546338113677,3.019654633811368,0.030196546338113677,0.030196546338113677,3
Benin,2007,[1334.4],[1230.3121381859087],0.07800349356571598,7.800349356571598,0.07800349356571598,0.07800349356571598,3
Benin,2008,[1127.9],[1219.7005128495784],0.08139064886034077,8.139064886034078,0.08139064886034077,-0.08139064886034077,3
Benin,2009,[1397.7],[1361.8868058603093],0.025622947799735795,2.5622947799735796,0.025622947799735795,0.025622947799735795,3
Benin,2010,[1102.8],[1337.969483158929],0.21324762709369705,21.324762709369704,0.21324762709369705,-0.21324762709369705,3
Benin,2011,[1421.6],[1369.3457636722183],0.03675734125477044,3.675734125477044,0.03675734125477044,0.03675734125477044,3
Benin,2012,[1262.2],[1277.6218977336014],0.012218267892252674,1.2218267892252674,0.012218267892252674,-0.012218267892252674,3
Benin,2013,[1308.4],[1233.6240096523672],0.05715071105749987,5.7150711057499874,0.05715071105749987,0.05715071105749987,3
Benin,2014,[1399.1],[1202.9292494245674],0.14021210104741086,14.021210104741085,0.14021210104741086,0.14021210104741086,3
Benin,2015,[1281.3],[1244.5582551314071],0.028675364761252504,2.86753647612525,0.028675364761252504,0.028675364761252504,3
Benin,2016,[1376.2],[1310.2337302775309],0.04793363589773956,4.793363589773956,0.04793363589773956,0.04793363589773956,3
Benin,2017,[1321.5],[1121.7213175376965],0.15117569615005944,15.117569615005944,0.15117569615005944,0.15117569615005944,3
Benin,2018,[1304.0],[1359.2636439283688],0.04238009503709261,4.238009503709261,0.04238009503709261,-0.04238009503709261,3
Benin,2019,[1075.2],[1338.9068270513724],0.24526304599271978,24.526304599271977,0.24526304599271978,-0.24526304599271978,3
Benin,2020,[1271.8],[1237.2495785758247],0.027166552464361757,2.7166552464361757,0.027166552464361757,0.027166552464361757,3
Benin,2021,[1206.4],[1292.9282656616754],0.07172435814130908,7.172435814130908,0.07172435814130908,-0.07172435814130908,3
Benin,2022,[1164.3],[1329.8432196845133],0.14218261589325207,14.218261589325207,0.14218261589325207,-0.14218261589325207,3
Eswatini,1984,[1790.0],[1361.1631119595236],0.2395736804695399,23.957368046953988,0.2395736804695399,0.2395736804695399,6
Eswatini,1985,[2022.0],[1242.1274772997815],0.385693631404658,38.5693631404658,0.385693631404658,0.385693631404658,6
Eswatini,1986,[1431.2],[1082.0821687976677],0.24393364393678896,24.393364393678894,0.24393364393678896,0.24393364393678896,6
Eswatini,1987,[1238.5],[1446.343603334023],0.16781881577232385,16.781881577232387,0.16781881577232385,-0.16781881577232385,6
Eswatini,1988,[1287.0],[1377.1329098091228],0.07003334095502936,7.003334095502936,0.07003334095502936,-0.07003334095502936,6
Eswatini,1989,[1018.8],[1347.2641700287954],0.32240299374636383,32.240299374636386,0.32240299374636383,-0.32240299374636383,6
Eswatini,1990,[1240.3],[1386.9689629906704],0.11825281221532732,11.825281221532732,0.11825281221532732,-0.11825281221532732,6
Eswatini,1991,[1010.5],[1373.4953050715433],0.35922345875461975,35.92234587546198,0.35922345875461975,-0.35922345875461975,6
Eswatini,1992,[1543.5],[967.4975969606513],0.37317939944240275,37.31793994424027,0.37317939944240275,0.37317939944240275,6
Eswatini,1993,[1378.5],[1367.5658836776076],0.007931894321648427,0.7931894321648427,0.007931894321648427,0.007931894321648427,6
Eswatini,1994,[1273.3],[1330.6787429576098],0.04506301967926632,4.506301967926632,0.04506301967926632,-0.04506301967926632,6
Eswatini,1995,[2206.5],[1303.5723692426175],0.4092126130783515,40.92126130783515,0.4092126130783515,0.4092126130783515,6
Eswatini,1996,[1776.6],[1369.8068003347184],0.22897286933765704,22.897286933765702,0.22897286933765704,0.22897286933765704,6
Eswatini,1997,[1921.8],[1288.1231616575326],0.3297308972538596,32.97308972538596,0.3297308972538596,0.3297308972538596,6
Eswatini,1998,[1917.8],[1373.6744562823073],0.28372382089774356,28.372382089774355,0.28372382089774356,0.28372382089774356,6
Eswatini,1999,[1645.6],[1458.3995812930416],0.11375815429445693,11.375815429445693,0.11375815429445693,0.11375815429445693,6
Eswatini,2000,[1645.6],[1901.2823232074034],0.1553733125956511,15.537331259565109,0.1553733125956511,-0.1553733125956511,6
Eswatini,2001,[1426.7],[1308.814232142811],0.08262828054754956,8.262828054754955,0.08262828054754956,0.08262828054754956,6
Eswatini,2002,[996.2],[1209.1966094704912],0.21380908398965187,21.380908398965186,0.21380908398965187,-0.21380908398965187,6
Eswatini,2003,[1023.5],[1146.4112800450762],0.12008918421600018,12.008918421600018,0.12008918421600018,-0.12008918421600018,6
Eswatini,2004,[1250.0],[1399.637049538448],0.11970963963075847,11.970963963075846,0.11970963963075847,-0.11970963963075847,6
Eswatini,2005,[1321.0],[1211.0105540906648],0.0832622603401478,8.32622603401478,0.0832622603401478,0.0832622603401478,6
Eswatini,2006,[1429.1],[1444.878557275686],0.011040904958145775,1.1040904958145776,0.011040904958145775,-0.011040904958145775,6
Eswatini,2007,[552.0],[1250.0641772354245],1.2646090167308415,126.46090167308415,1.2646090167308415,-1.2646090167308415,6
Eswatini,2008,[994.3],[1363.8427971021044],0.37166126632012925,37.166126632012926,0.37166126632012925,-0.37166126632012925,6
Eswatini,2009,[1286.9],[1361.6310222724867],0.05807057445993208,5.807057445993208,0.05807057445993208,-0.05807057445993208,6
Eswatini,2010,[1204.0],[1378.4651824567582],0.14490463659199182,14.490463659199182,0.14490463659199182,-0.14490463659199182,6
Eswatini,2011,[1345.2],[1208.0591664319559],0.10194828543565579,10.19482854356558,0.10194828543565579,0.10194828543565579,6
Eswatini,2012,[1337.5],[1222.7059315686583],0.0858273408832461,8.58273408832461,0.0858273408832461,0.0858273408832461,6
Eswatini,2013,[1370.2],[1335.924248281109],0.02501514502911335,2.501514502911335,0.02501514502911335,0.02501514502911335,6
Eswatini,2014,[1365.2],[1286.552683376326],0.05760864094907265,5.760864094907265,0.05760864094907265,0.05760864094907265,6
Eswatini,2015,[1260.8],[1012.8325938772573],0.19667465587146468,19.667465587146467,0.19667465587146468,0.19667465587146468,6
Eswatini,2016,[1224.8],[1283.6410017195196],0.04804131427132567,4.8041314271325675,0.04804131427132567,-0.04804131427132567,6
Eswatini,2017,[1238.7],[1350.2897710006205],0.09008619601244888,9.008619601244888,0.09008619601244888,-0.09008619601244888,6
Eswatini,2018,[1268.9],[1421.308850434849],0.12011100199767435,12.011100199767435,0.12011100199767435,-0.12011100199767435,6
Eswatini,2019,[1279.7],[1396.5574582052584],0.0913162914786734,9.13162914786734,0.0913162914786734,-0.0913162914786734,6
Eswatini,2020,[1279.4],[1339.6300227256233],0.04707677249149855,4.707677249149855,0.04707677249149855,-0.04707677249149855,6
Eswatini,2021,[1428.6],[1278.9783526915621],0.10473305845473736,10.473305845473737,0.10473305845473736,0.10473305845473736,6
Eswatini,2022,[1587.5],[1345.6399625342067],0.15235277950601153,15.235277950601153,0.15235277950601153,0.15235277950601153,6
Zimbabwe,1984,[832.6],[1650.913398512796],0.9828409782762382,98.28409782762381,0.9828409782762382,-0.9828409782762382,6
Zimbabwe,1985,[2163.7],[1143.195865921318],0.47164770258292826,47.164770258292826,0.47164770258292826,0.47164770258292826,6
Zimbabwe,1986,[1937.3],[1151.2119523589329],0.40576474869202867,40.57647486920287,0.40576474869202867,0.40576474869202867,6
Zimbabwe,1987,[917.3],[656.5973906243363],0.2842064857469352,28.42064857469352,0.2842064857469352,0.2842064857469352,6
Zimbabwe,1988,[1806.6],[1151.1915630799215],0.3627855844791755,36.278558447917554,0.3627855844791755,0.3627855844791755,6
Zimbabwe,1989,[1707.9],[1010.4910775368343],0.4083429489215796,40.834294892157956,0.4083429489215796,0.4083429489215796,6
Zimbabwe,1990,[1720.6],[752.647512849155],0.5625668296819976,56.256682968199755,0.5625668296819976,0.5625668296819976,6
Zimbabwe,1991,[1440.0],[855.7177348687236],0.4057515730078308,40.57515730078308,0.4057515730078308,0.4057515730078308,6
Zimbabwe,1992,[410.8],[818.5240080996236],0.9925121910896388,99.25121910896388,0.9925121910896388,-0.9925121910896388,6
Zimbabwe,1993,[1652.6],[1057.422902303128],0.360145889929125,36.0145889929125,0.360145889929125,0.360145889929125,6
Zimbabwe,1994,[1213.3],[709.6681127485786],0.41509262940033087,41.50926294003309,0.41509262940033087,0.41509262940033087,6
Zimbabwe,1995,[594.9],[868.220983504998],0.4594402143301362,45.944021433013624,0.4594402143301362,-0.4594402143301362,6
Zimbabwe,1996,[1415.0],[1092.1366011635723],0.22817201331196302,22.8172013311963,0.22817201331196302,0.22817201331196302,6
Zimbabwe,1997,[1104.3],[1349.8556985262558],0.2223632151827002,22.236321518270017,0.2223632151827002,-0.2223632151827002,6
Zimbabwe,1998,[1012.5],[1110.080121270518],0.09637542841532644,9.637542841532644,0.09637542841532644,-0.09637542841532644,6
Zimbabwe,1999,[1087.0],[1351.5329193926432],0.24336055141917495,24.336055141917495,0.24336055141917495,-0.24336055141917495,6
Zimbabwe,2000,[1179.5],[1810.8689925776248],0.5352852840844636,53.52852840844636,0.5352852840844636,-0.5352852840844636,6
Zimbabwe,2001,[1230.9],[1059.3135350591372],0.13939919160034359,13.939919160034359,0.13939919160034359,0.13939919160034359,6
Zimbabwe,2002,[455.4],[737.7468214297955],0.6199974120109697,61.99974120109697,0.6199974120109697,-0.6199974120109697,6
Zimbabwe,2003,[782.9],[882.2977003939245],0.12696091505163437,12.696091505163437,0.12696091505163437,-0.12696091505163437,6
Zimbabwe,2004,[1296.5],[1047.3127242989308],0.1921999812580557,19.21999812580557,0.1921999812580557,0.1921999812580557,6
Zimbabwe,2005,[619.5],[785.4286668178647],0.26784288429033853,26.784288429033854,0.26784288429033853,-0.26784288429033853,6
Zimbabwe,2006,[977.2],[988.4010315110904],0.01146237362985098,1.146237362985098,0.01146237362985098,-0.01146237362985098,6
Zimbabwe,2007,[865.1],[1066.396125954625],0.23268538429617955,23.268538429617955,0.23268538429617955,-0.23268538429617955,6
Zimbabwe,2008,[286.7],[1067.1942886155925],2.722337944246922,272.2337944246922,2.722337944246922,-2.722337944246922,6
Zimbabwe,2009,[464.2],[1152.275283647939],1.482281955295,148.2281955295,1.482281955295,-1.482281955295,6
Zimbabwe,2010,[875.1],[1078.0919036745188],0.2319642368580948,23.19642368580948,0.2319642368580948,-0.2319642368580948,6
Zimbabwe,2011,[656.8],[962.9087917013592],0.46606088870487095,46.60608887048709,0.46606088870487095,-0.46606088870487095,6
Zimbabwe,2012,[791.2],[689.7491336559074],0.12822404745208882,12.822404745208882,0.12822404745208882,0.12822404745208882,6
Zimbabwe,2013,[744.9],[900.3202342345136],0.2086457702168259,20.86457702168259,0.2086457702168259,-0.2086457702168259,6
Zimbabwe,2014,[930.1],[1114.0341285988952],0.19775736866884763,19.775736866884763,0.19775736866884763,-0.19775736866884763,6
Zimbabwe,2015,[580.3],[757.9561835025743],0.3061454135836194,30.61454135836194,0.3061454135836194,-0.3061454135836194,6
Zimbabwe,2016,[440.5],[733.298622677292],0.6646960787225697,66.46960787225697,0.6646960787225697,-0.6646960787225697,6
Zimbabwe,2017,[1393.3],[1022.4206017061986],0.26618775446336135,26.618775446336134,0.26618775446336135,0.26618775446336135,6
Zimbabwe,2018,[1350.6],[805.523329087669],0.4035811275820605,40.35811275820605,0.4035811275820605,0.4035811275820605,6
Zimbabwe,2019,[780.7],[387.81106235687844],0.5032521296824921,50.32521296824921,0.5032521296824921,0.5032521296824921,6
Zimbabwe,2020,[1180.1],[728.5799912013719],0.3826116505369275,38.26116505369275,0.3826116505369275,0.3826116505369275,6
Zimbabwe,2021,[1534.4],[870.6180925157272],0.43260030466910376,43.26003046691038,0.43260030466910376,0.43260030466910376,6
Zimbabwe,2022,[1500.0],[858.9824902423982],0.4273450065050679,42.73450065050679,0.4273450065050679,0.4273450065050679,6
