country,year,y_true,y_pred,NRMSE,rRMSE,NMAE,nME,koppen_class
Lao People's Democratic Republic,1984,[1187.2],[1367.468],0.15184299191374664,15.184299191374665,0.15184299191374664,-0.15184299191374664,11
Lao People's Democratic Republic,1985,[1239.8],[1374.2900000000002],0.10847717373769983,10.847717373769983,0.10847717373769983,-0.10847717373769983,11
Lao People's Democratic Republic,1986,[1406.7],[1341.787],0.04614558896708609,4.614558896708609,0.04614558896708609,0.04614558896708609,11
Lao People's Democratic Republic,1987,[1442.6],[1414.1700000000003],0.019707472618882303,1.9707472618882302,0.019707472618882303,0.019707472618882303,11
Lao People's Democratic Republic,1988,[1344.0],[1499.6680000000008],0.11582440476190536,11.582440476190536,0.11582440476190536,-0.11582440476190536,11
Lao People's Democratic Republic,1989,[1443.8],[1543.9750000000008],0.06938287851503039,6.938287851503039,0.06938287851503039,-0.06938287851503039,11
Lao People's Democratic Republic,1990,[1815.3],[1579.5260000000003],0.12988156227620762,12.988156227620761,0.12988156227620762,0.12988156227620762,11
Lao People's Democratic Republic,1991,[2006.5],[1702.7120000000007],0.1514019436830298,15.14019436830298,0.1514019436830298,0.1514019436830298,11
Lao People's Democratic Republic,1992,[1826.6],[1822.6049999999993],0.002187123617650593,0.21871236176505932,0.002187123617650593,0.002187123617650593,11
Lao People's Democratic Republic,1993,[1753.6],[1868.614],0.06558736313868621,6.558736313868621,0.06558736313868621,-0.06558736313868621,11
Lao People's Democratic Republic,1994,[1988.2],[1855.5300000000002],0.06672869932602346,6.672869932602346,0.06672869932602346,0.06672869932602346,11
Lao People's Democratic Republic,1995,[1730.4],[1972.828000000001],0.14009939898289472,14.009939898289472,0.14009939898289472,-0.14009939898289472,11
Lao People's Democratic Republic,1996,[2089.2],[1870.9899999999998],0.10444667815431746,10.444667815431746,0.10444667815431746,0.10444667815431746,11
Lao People's Democratic Republic,1997,[2060.5],[2205.5829999999996],0.07041155059451572,7.0411550594515715,0.07041155059451572,-0.07041155059451572,11
Lao People's Democratic Republic,1998,[2368.5],[2111.6740000000004],0.10843402997677837,10.843402997677837,0.10843402997677837,0.10843402997677837,11
Lao People's Democratic Republic,1999,[2359.7],[2335.5809999999988],0.010221214561173477,1.0221214561173477,0.010221214561173477,0.010221214561173477,11
Lao People's Democratic Republic,2000,[2387.8],[2524.005000000001],0.05704204707261949,5.704204707261949,0.05704204707261949,-0.05704204707261949,11
Lao People's Democratic Republic,2001,[2550.0],[2511.587],0.015063921568627455,1.5063921568627454,0.015063921568627455,0.015063921568627455,11
Lao People's Democratic Republic,2002,[2761.0],[2618.814],0.05149800796812754,5.149800796812754,0.05149800796812754,0.05149800796812754,11
Lao People's Democratic Republic,2003,[2771.0],[2730.4499999999985],0.014633706243234047,1.4633706243234048,0.014633706243234047,0.014633706243234047,11
Lao People's Democratic Republic,2004,[3014.8],[3020.7690000000002],0.0019798991641236732,0.19798991641236732,0.0019798991641236732,-0.0019798991641236732,11
Lao People's Democratic Republic,2005,[4332.1],[3165.9969999999976],0.2691773043096888,26.917730430968877,0.2691773043096888,0.2691773043096888,11
Lao People's Democratic Republic,2006,[3953.3],[4754.253999999996],0.20260390053878938,20.260390053878936,0.20260390053878938,-0.20260390053878938,11
Lao People's Democratic Republic,2007,[4363.6],[4447.281999999995],0.019177284810705457,1.9177284810705457,0.019177284810705457,-0.019177284810705457,11
Lao People's Democratic Republic,2008,[4832.8],[4995.846999999998],0.03373758483694706,3.373758483694706,0.03373758483694706,-0.03373758483694706,11
Lao People's Democratic Republic,2009,[5464.3],[4709.573999999993],0.1381194297531261,13.811942975312611,0.1381194297531261,0.1381194297531261,11
Lao People's Democratic Republic,2010,[4798.6],[5389.136999999999],0.12306443546034226,12.306443546034226,0.12306443546034226,-0.12306443546034226,11
Lao People's Democratic Republic,2011,[5168.4],[4942.272999999993],0.04375183809302817,4.375183809302817,0.04375183809302817,0.04375183809302817,11
Lao People's Democratic Republic,2012,[5718.5],[5268.4689999999955],0.07869738567806321,7.869738567806321,0.07869738567806321,0.07869738567806321,11
Lao People's Democratic Republic,2013,[5726.0],[5597.059999999998],0.022518337408313365,2.2518337408313367,0.022518337408313365,0.022518337408313365,11
Lao People's Democratic Republic,2014,[5803.3],[5569.085999999998],0.04035876139437936,4.035876139437936,0.04035876139437936,0.04035876139437936,11
Lao People's Democratic Republic,2015,[5968.9],[5635.2559999999985],0.05589706646115719,5.589706646115719,0.05589706646115719,0.05589706646115719,11
Lao People's Democratic Republic,2016,[5995.8],[5805.842000000004],0.0316818439574362,3.16818439574362,0.0316818439574362,0.0316818439574362,11
Lao People's Democratic Republic,2017,[5755.7],[5529.161],0.03935907013916635,3.9359070139166348,0.03935907013916635,0.03935907013916635,11
Lao People's Democratic Republic,2018,[5927.3],[5112.949999999998],0.1373897052620927,13.738970526209272,0.1373897052620927,0.1373897052620927,11
Lao People's Democratic Republic,2019,[5230.2],[5397.653999999997],0.032016748881495354,3.2016748881495354,0.032016748881495354,-0.032016748881495354,11
Lao People's Democratic Republic,2020,[5225.6],[5370.410000000001],0.027711650336803503,2.7711650336803504,0.027711650336803503,-0.027711650336803503,11
Lao People's Democratic Republic,2021,[4826.0],[5253.340999999999],0.08854973062577692,8.854973062577692,0.08854973062577692,-0.08854973062577692,11
Lao People's Democratic Republic,2022,[4989.4],[5269.752999999996],0.05618972221108679,5.618972221108679,0.05618972221108679,-0.05618972221108679,11
El Salvador,1984,[2166.2],[2195.0830000000005],0.013333487212630746,1.3333487212630746,0.013333487212630746,-0.013333487212630746,3
El Salvador,1985,[1954.4],[2135.6850000000018],0.09275736799017686,9.275736799017686,0.09275736799017686,-0.09275736799017686,3
El Salvador,1986,[1696.0],[2007.9769999999996],0.18394870283018847,18.394870283018847,0.18394870283018847,-0.18394870283018847,3
El Salvador,1987,[2073.8],[1868.7569999999992],0.09887308322885573,9.887308322885573,0.09887308322885573,0.09887308322885573,3
El Salvador,1988,[2113.7],[2116.739000000002],0.0014377631641207522,0.14377631641207522,0.0014377631641207522,-0.0014377631641207522,3
El Salvador,1989,[2130.1],[2069.9309999999996],0.028247030655837908,2.824703065583791,0.028247030655837908,0.028247030655837908,3
El Salvador,1990,[2138.3],[1982.636],0.07279801711640098,7.279801711640098,0.07279801711640098,0.07279801711640098,3
El Salvador,1991,[1644.8],[1936.489],0.17734010214007787,17.734010214007785,0.17734010214007787,-0.17734010214007787,3
El Salvador,1992,[2198.9],[1894.632000000001],0.13837282277502347,13.837282277502347,0.13837282277502347,0.13837282277502347,3
El Salvador,1993,[2048.2],[2067.685000000001],0.00951323112977299,0.951323112977299,0.00951323112977299,-0.00951323112977299,3
El Salvador,1994,[1524.5],[1872.601000000001],0.2283378156772719,22.83378156772719,0.2283378156772719,-0.2283378156772719,3
El Salvador,1995,[2197.2],[2087.688000000001],0.04984161660294867,4.984161660294867,0.04984161660294867,0.04984161660294867,3
El Salvador,1996,[2257.2],[2075.157000000002],0.08064992025518247,8.064992025518247,0.08064992025518247,0.08064992025518247,3
El Salvador,1997,[1658.2],[1917.296],0.15625135689301653,15.625135689301652,0.15625135689301653,-0.15625135689301653,3
El Salvador,1998,[1906.2],[2176.7510000000016],0.14193211625223037,14.193211625223038,0.14193211625223037,-0.14193211625223037,3
El Salvador,1999,[2504.7],[2184.2920000000017],0.1279227053140089,12.79227053140089,0.1279227053140089,0.1279227053140089,3
El Salvador,2000,[2247.5],[2010.352000000001],0.10551635150166808,10.551635150166808,0.10551635150166808,0.10551635150166808,3
El Salvador,2001,[1943.1],[2182.5200000000013],0.12321548041788968,12.321548041788969,0.12321548041788968,-0.12321548041788968,3
El Salvador,2002,[2604.1],[2300.897000000002],0.11643293268307581,11.64329326830758,0.11643293268307581,0.11643293268307581,3
El Salvador,2003,[2747.1],[2796.3060000000014],0.017911979906083324,1.7911979906083324,0.017911979906083324,-0.017911979906083324,3
El Salvador,2004,[2764.1],[2831.292],0.024308816613002427,2.430881661300243,0.024308816613002427,-0.024308816613002427,3
El Salvador,2005,[2943.4],[2927.0849999999996],0.005542909560372532,0.5542909560372532,0.005542909560372532,0.005542909560372532,3
El Salvador,2006,[3079.4],[2842.5680000000007],0.07690848866662318,7.690848866662319,0.07690848866662318,0.07690848866662318,3
El Salvador,2007,[2910.7],[2947.1630000000005],0.012527227127495327,1.2527227127495326,0.012527227127495327,-0.012527227127495327,3
El Salvador,2008,[3389.5],[2765.574],0.18407611742144858,18.40761174214486,0.18407611742144858,0.18407611742144858,3
El Salvador,2009,[3004.1],[2998.271000000001],0.001940348190805504,0.1940348190805504,0.001940348190805504,0.001940348190805504,3
El Salvador,2010,[3025.3],[2932.485000000002],0.03067960202293929,3.067960202293929,0.03067960202293929,0.03067960202293929,3
El Salvador,2011,[2818.1],[3084.862999999999],0.09466058692026508,9.466058692026508,0.09466058692026508,-0.09466058692026508,3
El Salvador,2012,[3258.0],[2900.411000000001],0.1097572130141188,10.97572130141188,0.1097572130141188,0.1097572130141188,3
El Salvador,2013,[2946.1],[2946.8300000000013],0.00024778520756300957,0.024778520756300958,0.00024778520756300957,-0.00024778520756300957,3
El Salvador,2014,[2606.4],[3040.7260000000015],0.16663827501534736,16.663827501534737,0.16663827501534736,-0.16663827501534736,3
El Salvador,2015,[2511.0],[2880.8349999999996],0.14728594185583416,14.728594185583416,0.14728594185583416,-0.14728594185583416,3
El Salvador,2016,[3042.5],[2898.3010000000027],0.047394905505340125,4.739490550534012,0.047394905505340125,0.047394905505340125,3
El Salvador,2017,[3186.7],[2933.9270000000006],0.07932124140960845,7.932124140960845,0.07932124140960845,0.07932124140960845,3
El Salvador,2018,[2531.2],[3009.5000000000014],0.18896175726928002,18.896175726928004,0.18896175726928002,-0.18896175726928002,3
El Salvador,2019,[2971.5],[2868.4090000000015],0.03469325256604359,3.4693252566043586,0.03469325256604359,0.03469325256604359,3
El Salvador,2020,[2949.4],[2962.6310000000008],0.004485997151963341,0.44859971519633407,0.004485997151963341,-0.004485997151963341,3
El Salvador,2021,[3177.1],[2933.1310000000017],0.07678983979100382,7.678983979100382,0.07678983979100382,0.07678983979100382,3
El Salvador,2022,[2896.6],[2981.1670000000013],0.029195263412276937,2.919526341227694,0.029195263412276937,-0.029195263412276937,3
Ghana,1984,[961.3],[1294.6479999999997],0.3467679184437738,34.676791844377384,0.3467679184437738,-0.3467679184437738,3
Ghana,1985,[1008.6],[1182.068],0.17198889549871105,17.198889549871105,0.17198889549871105,-0.17198889549871105,3
Ghana,1986,[1184.5],[1156.4669999999994],0.023666525960321302,2.36665259603213,0.023666525960321302,0.023666525960321302,3
Ghana,1987,[1090.7],[1275.322],0.16926927661135036,16.926927661135036,0.16926927661135036,-0.16926927661135036,3
Ghana,1988,[1390.7],[1213.041],0.12774789674264767,12.774789674264767,0.12774789674264767,0.12774789674264767,3
Ghana,1989,[1261.0],[1358.8519999999996],0.07759873116574119,7.759873116574119,0.07759873116574119,-0.07759873116574119,3
Ghana,1990,[1188.9],[1237.8749999999998],0.041193540247287136,4.119354024728714,0.041193540247287136,-0.041193540247287136,3
Ghana,1991,[1526.0],[1286.0359999999991],0.15725032765399793,15.725032765399794,0.15725032765399793,0.15725032765399793,3
Ghana,1992,[1204.0],[1494.7239999999997],0.24146511627906952,24.146511627906953,0.24146511627906952,-0.24146511627906952,3
Ghana,1993,[1509.2],[1413.8999999999996],0.06314603763583382,6.314603763583381,0.06314603763583382,0.06314603763583382,3
Ghana,1994,[1493.3],[1460.2269999999996],0.022147592580191736,2.2147592580191735,0.022147592580191736,0.022147592580191736,3
Ghana,1995,[1502.0],[1519.0379999999993],0.01134354194407412,1.134354194407412,0.01134354194407412,-0.01134354194407412,3
Ghana,1996,[1515.3],[1482.5099999999993],0.021639279350624065,2.1639279350624063,0.021639279350624065,0.021639279350624065,3
Ghana,1997,[1528.5],[1539.9879999999998],0.007515865227346961,0.7515865227346961,0.007515865227346961,-0.007515865227346961,3
Ghana,1998,[1485.0],[1529.1240000000003],0.029713131313131483,2.9713131313131482,0.029713131313131483,-0.029713131313131483,3
Ghana,1999,[1455.7],[1488.1500000000003],0.022291680978223722,2.229168097822372,0.022291680978223722,-0.022291680978223722,3
Ghana,2000,[1457.8],[1523.8329999999999],0.04529633694608307,4.529633694608307,0.04529633694608307,-0.04529633694608307,3
Ghana,2001,[1315.0],[1478.1439999999993],0.12406387832699568,12.406387832699568,0.12406387832699568,-0.12406387832699568,3
Ghana,2002,[1490.0],[1428.7679999999987],0.041095302013423714,4.109530201342372,0.041095302013423714,0.041095302013423714,3
Ghana,2003,[1627.2],[1522.1470000000004],0.0645605948869221,6.45605948869221,0.0645605948869221,0.0645605948869221,3
Ghana,2004,[1579.4],[1540.3140000000008],0.024747372419905867,2.474737241990587,0.024747372419905867,0.024747372419905867,3
Ghana,2005,[1561.3],[1528.6479999999992],0.020913341446231172,2.0913341446231173,0.020913341446231172,0.020913341446231172,3
Ghana,2006,[1499.4],[1538.9249999999995],0.026360544217686677,2.6360544217686677,0.026360544217686677,-0.026360544217686677,3
Ghana,2007,[1543.7],[1683.0739999999992],0.09028567726889881,9.028567726889882,0.09028567726889881,-0.09028567726889881,3
Ghana,2008,[1737.1],[1670.1770000000001],0.03852570375913867,3.852570375913867,0.03852570375913867,0.03852570375913867,3
Ghana,2009,[1696.9],[1737.679000000001],0.02403146914962632,2.4031469149626323,0.02403146914962632,-0.02403146914962632,3
Ghana,2010,[1887.4],[1770.9960000000003],0.061674260887993944,6.167426088799394,0.061674260887993944,0.061674260887993944,3
Ghana,2011,[1645.8],[1749.7540000000008],0.06316320330538393,6.316320330538392,0.06316320330538393,-0.06316320330538393,3
Ghana,2012,[1871.2],[1749.6340000000002],0.064966866182129,6.496686618212901,0.064966866182129,0.064966866182129,3
Ghana,2013,[1724.0],[1769.5880000000002],0.026443155452436307,2.6443155452436304,0.026443155452436307,-0.026443155452436307,3
Ghana,2014,[1729.1],[1755.7609999999988],0.015419004106181784,1.5419004106181784,0.015419004106181784,-0.015419004106181784,3
Ghana,2015,[1921.8],[1737.9239999999998],0.09567905088979092,9.567905088979092,0.09567905088979092,0.09567905088979092,3
Ghana,2016,[1950.0],[2061.852999999999],0.05736051282051239,5.736051282051239,0.05736051282051239,-0.05736051282051239,3
Ghana,2017,[2011.2],[2026.4229999999993],0.007569112967382296,0.7569112967382297,0.007569112967382296,-0.007569112967382296,3
Ghana,2018,[2258.9],[2101.0769999999993],0.06986719199610464,6.986719199610464,0.06986719199610464,0.06986719199610464,3
Ghana,2019,[2531.3],[2306.5659999999975],0.08878204874965537,8.878204874965537,0.08878204874965537,0.08878204874965537,3
Ghana,2020,[2582.8],[2393.8139999999976],0.0731709772340106,7.31709772340106,0.0731709772340106,0.0731709772340106,3
Ghana,2021,[2530.0],[2367.9929999999968],0.06403438735177994,6.403438735177994,0.06403438735177994,0.06403438735177994,3
Ghana,2022,[2504.4],[2273.1389999999988],0.09234187829420273,9.234187829420273,0.09234187829420273,0.09234187829420273,3
Botswana,1984,[148.5],[207.92699999999985],0.4001818181818172,40.018181818181716,0.4001818181818172,-0.4001818181818172,6
Botswana,1985,[181.6],[283.056],0.5586784140969162,55.86784140969162,0.5586784140969162,-0.5586784140969162,6
Botswana,1986,[409.1],[183.42800000000003],0.5516304082131508,55.16304082131508,0.5516304082131508,0.5516304082131508,6
Botswana,1987,[606.5],[702.8759999999993],0.1589051937345413,15.89051937345413,0.1589051937345413,-0.1589051937345413,6
Botswana,1988,[232.2],[278.17999999999984],0.19801894918173923,19.80189491817392,0.19801894918173923,-0.19801894918173923,6
Botswana,1989,[377.9],[330.57500000000016],0.12523154273617312,12.523154273617312,0.12523154273617312,0.12523154273617312,6
Botswana,1990,[289.9],[365.2950000000001],0.2600724387719907,26.00724387719907,0.2600724387719907,-0.2600724387719907,6
Botswana,1991,[396.2],[293.9300000000001],0.25812720848056503,25.812720848056504,0.25812720848056503,0.25812720848056503,6
Botswana,1992,[189.9],[331.7160000000003],0.7467930489731452,74.67930489731452,0.7467930489731452,-0.7467930489731452,6
Botswana,1993,[135.3],[161.88500000000008],0.19648928307464938,19.64892830746494,0.19648928307464938,-0.19648928307464938,6
Botswana,1994,[169.8],[222.44199999999992],0.3100235571260301,31.00235571260301,0.3100235571260301,-0.3100235571260301,6
Botswana,1995,[947.7],[363.73700000000025],0.6161897224860184,61.61897224860184,0.6161897224860184,0.6161897224860184,6
Botswana,1996,[246.3],[195.10199999999998],0.20786845310596846,20.786845310596846,0.20786845310596846,0.20786845310596846,6
Botswana,1997,[286.7],[266.14400000000006],0.07169863969305869,7.169863969305869,0.07169863969305869,0.07169863969305869,6
Botswana,1998,[91.0],[187.05299999999986],1.055527472527471,105.55274725274711,1.055527472527471,-1.055527472527471,6
Botswana,1999,[111.1],[176.16999999999993],0.5856885688568851,58.56885688568851,0.5856885688568851,-0.5856885688568851,6
Botswana,2000,[112.3],[234.0379999999999],1.0840427426536055,108.40427426536054,1.0840427426536055,-1.0840427426536055,6
Botswana,2001,[199.2],[298.2660000000003],0.4973192771084353,49.73192771084353,0.4973192771084353,-0.4973192771084353,6
Botswana,2002,[294.7],[214.3690000000001],0.2725856803529008,27.258568035290082,0.2725856803529008,0.2725856803529008,6
Botswana,2003,[214.4],[233.76400000000027],0.0903171641791057,9.03171641791057,0.0903171641791057,-0.0903171641791057,6
Botswana,2004,[174.3],[191.2999999999999],0.0975329890992535,9.75329890992535,0.0975329890992535,-0.0975329890992535,6
Botswana,2005,[229.7],[231.16899999999998],0.006395298215063101,0.6395298215063101,0.006395298215063101,-0.006395298215063101,6
Botswana,2006,[251.1],[240.3530000000001],0.042799681401831546,4.279968140183154,0.042799681401831546,0.042799681401831546,6
Botswana,2007,[121.9],[224.11000000000004],0.838474159146842,83.84741591468419,0.838474159146842,-0.838474159146842,6
Botswana,2008,[184.4],[207.59400000000005],0.12578091106290695,12.578091106290696,0.12578091106290695,-0.12578091106290695,6
Botswana,2009,[242.9],[229.20300000000017],0.05638946068340812,5.638946068340812,0.05638946068340812,0.05638946068340812,6
Botswana,2010,[161.7],[270.2380000000001],0.6712306740878178,67.12306740878178,0.6712306740878178,-0.6712306740878178,6
Botswana,2011,[347.3],[228.5150000000002],0.342024186582205,34.2024186582205,0.342024186582205,0.342024186582205,6
Botswana,2012,[137.0],[207.35800000000015],0.5135620437956215,51.35620437956215,0.5135620437956215,-0.5135620437956215,6
Botswana,2013,[84.9],[214.92700000000008],1.5315312131919914,153.15312131919913,1.5315312131919914,-1.5315312131919914,6
Botswana,2014,[274.0],[207.64299999999994],0.24217883211678853,24.217883211678853,0.24217883211678853,0.24217883211678853,6
Botswana,2015,[255.2],[224.70800000000017],0.11948275862068895,11.948275862068895,0.11948275862068895,0.11948275862068895,6
Botswana,2016,[250.3],[220.7910000000002],0.11789452656811751,11.78945265681175,0.11789452656811751,0.11789452656811751,6
Botswana,2017,[240.3],[236.27199999999996],0.016762380357886176,1.6762380357886175,0.016762380357886176,0.016762380357886176,6
Botswana,2018,[321.5],[202.63700000000009],0.3697138413685845,36.97138413685845,0.3697138413685845,0.3697138413685845,6
Botswana,2019,[202.9],[388.32399999999996],0.9138689009364216,91.38689009364217,0.9138689009364216,-0.9138689009364216,6
Botswana,2020,[667.0],[301.60900000000015],0.5478125937031482,54.781259370314814,0.5478125937031482,0.5478125937031482,6
Botswana,2021,[798.0],[498.087],0.3758308270676692,37.583082706766916,0.3758308270676692,0.3758308270676692,6
Botswana,2022,[502.7],[619.48],0.23230555002983894,23.230555002983895,0.23230555002983894,-0.23230555002983894,6
Egypt,1984,[4455.4],[5003.5139999999965],0.12302239978453043,12.302239978453043,0.12302239978453043,-0.12302239978453043,4
Egypt,1985,[4584.6],[4966.698999999997],0.08334402128866128,8.334402128866127,0.08334402128866128,-0.08334402128866128,4
Egypt,1986,[4990.3],[4771.530999999995],0.04383884736388689,4.38388473638869,0.04383884736388689,0.04383884736388689,4
Egypt,1987,[4757.1],[5137.044999999997],0.07986903785919929,7.986903785919928,0.07986903785919929,-0.07986903785919929,4
Egypt,1988,[4965.0],[5033.712999999997],0.01383947633433978,1.383947633433978,0.01383947633433978,-0.01383947633433978,4
Egypt,1989,[5380.4],[5117.572999999997],0.048848970336778486,4.8848970336778486,0.048848970336778486,0.048848970336778486,4
Egypt,1990,[5780.3],[5462.497000000002],0.05498036434095083,5.4980364340950825,0.05498036434095083,0.05498036434095083,4
Egypt,1991,[5895.1],[5830.681999999998],0.010927380366745669,1.092738036674567,0.010927380366745669,0.010927380366745669,4
Egypt,1992,[6134.6],[5712.219999999993],0.06885208489551191,6.885208489551191,0.06885208489551191,0.06885208489551191,4
Egypt,1993,[6078.0],[5950.756999999997],0.020935011516946878,2.0935011516946878,0.020935011516946878,0.020935011516946878,4
Egypt,1994,[5906.5],[6688.637],0.13241970710234482,13.241970710234483,0.13241970710234482,-0.13241970710234482,4
Egypt,1995,[6163.0],[6196.573999999999],0.005447671588511878,0.5447671588511879,0.005447671588511878,-0.005447671588511878,4
Egypt,1996,[6952.3],[6610.583999999999],0.04915150381888026,4.915150381888026,0.04915150381888026,0.04915150381888026,4
Egypt,1997,[7129.8],[7072.458000000001],0.008042581839602617,0.8042581839602616,0.008042581839602617,0.008042581839602617,4
Egypt,1998,[7225.7],[7546.926999999997],0.044456177256182394,4.44561772561824,0.044456177256182394,-0.044456177256182394,4
Egypt,1999,[7517.4],[7277.496999999999],0.03191302844068431,3.191302844068431,0.03191302844068431,0.03191302844068431,4
Egypt,2000,[7680.0],[7059.088999999996],0.08084778645833382,8.084778645833381,0.08084778645833382,0.08084778645833382,4
Egypt,2001,[6979.8],[7830.919000000002],0.12194031347603104,12.194031347603104,0.12194031347603104,-0.12194031347603104,4
Egypt,2002,[7765.6],[7583.352000000005],0.023468630884927764,2.3468630884927766,0.023468630884927764,0.023468630884927764,4
Egypt,2003,[7829.3],[7946.833999999998],0.015012070044575866,1.5012070044575867,0.015012070044575866,-0.015012070044575866,4
Egypt,2004,[7908.7],[7951.748],0.005443119602463082,0.5443119602463081,0.005443119602463082,-0.005443119602463082,4
Egypt,2005,[8160.7],[7885.198999999999],0.03375948141703544,3.375948141703544,0.03375948141703544,0.03375948141703544,4
Egypt,2006,[8370.5],[7937.929999999994],0.05167791649244443,5.167791649244443,0.05167791649244443,0.05167791649244443,4
Egypt,2007,[8046.3],[7775.434000000004],0.03366342293973582,3.3663422939735823,0.03366342293973582,0.03366342293973582,4
Egypt,2008,[7905.3],[6091.9310000000005],0.22938648754632962,22.93864875463296,0.22938648754632962,0.22938648754632962,4
Egypt,2009,[7818.4],[7619.554],0.02543308093727611,2.543308093727611,0.02543308093727611,0.02543308093727611,4
Egypt,2010,[7270.0],[7530.086999999994],0.035775378266849255,3.5775378266849254,0.035775378266849255,-0.035775378266849255,4
Egypt,2011,[7740.9],[7807.6950000000015],0.008628841607565257,0.8628841607565256,0.008628841607565257,-0.008628841607565257,4
Egypt,2012,[7772.3],[7802.059000000003],0.003828853749855608,0.3828853749855608,0.003828853749855608,-0.003828853749855608,4
Egypt,2013,[7722.3],[7367.744999999999],0.04591313468785222,4.591313468785222,0.04591313468785222,0.04591313468785222,4
Egypt,2014,[7755.6],[7578.527999999999],0.02283150239826719,2.283150239826719,0.02283150239826719,0.02283150239826719,4
Egypt,2015,[7354.6],[7754.543999999994],0.05438011584586436,5.438011584586436,0.05438011584586436,-0.05438011584586436,4
Egypt,2016,[7607.1],[7351.955999999997],0.03354024529715699,3.3540245297156988,0.03354024529715699,0.03354024529715699,4
Egypt,2017,[7789.5],[7665.8060000000005],0.015879581487900314,1.5879581487900314,0.015879581487900314,0.015879581487900314,4
Egypt,2018,[7516.2],[7443.218999999996],0.009709826774168252,0.9709826774168252,0.009709826774168252,0.009709826774168252,4
Egypt,2019,[4951.3],[7813.983999999998],0.5781681578575318,57.816815785753185,0.5781681578575318,-0.5781681578575318,4
Egypt,2020,[7776.7],[7418.689999999995],0.046036236449908674,4.603623644990868,0.046036236449908674,0.046036236449908674,4
Egypt,2021,[7827.6],[7409.954999999999],0.05335543461597442,5.3355434615974415,0.05335543461597442,0.05335543461597442,4
Egypt,2022,[8064.5],[7429.856000000003],0.07869601339202636,7.869601339202637,0.07869601339202636,0.07869601339202636,4
Ecuador,1984,[1329.4],[1049.6039999999996],0.21046788024672822,21.04678802467282,0.21046788024672822,0.21046788024672822,1
Ecuador,1985,[1621.4],[1101.0819999999999],0.32090662390526714,32.09066239052672,0.32090662390526714,0.32090662390526714,1
Ecuador,1986,[973.7],[1173.5309999999997],0.2052285098079487,20.52285098079487,0.2052285098079487,-0.2052285098079487,1
Ecuador,1987,[916.3],[1044.7979999999998],0.14023573065589853,14.023573065589853,0.14023573065589853,-0.14023573065589853,1
Ecuador,1988,[881.6],[1211.4929999999995],0.37419804900181425,37.419804900181425,0.37419804900181425,-0.37419804900181425,1
Ecuador,1989,[1091.7],[1037.998],0.04919116973527526,4.919116973527526,0.04919116973527526,0.04919116973527526,1
Ecuador,1990,[1060.2],[1225.7579999999998],0.15615732880588545,15.615732880588546,0.15615732880588545,-0.15615732880588545,1
Ecuador,1991,[1382.1],[1175.79],0.14927284566963314,14.927284566963314,0.14927284566963314,0.14927284566963314,1
Ecuador,1992,[1041.6],[1178.624999999999],0.13155241935483794,13.155241935483794,0.13155241935483794,-0.13155241935483794,1
Ecuador,1993,[1144.2],[1130.0140000000001],0.012398182135990143,1.2398182135990143,0.012398182135990143,0.012398182135990143,1
Ecuador,1994,[1120.8],[1336.948],0.19285153461813004,19.285153461813003,0.19285153461813004,-0.19285153461813004,1
Ecuador,1995,[1155.1],[1122.061],0.028602718379361087,2.8602718379361085,0.028602718379361087,0.028602718379361087,1
Ecuador,1996,[1142.5],[1204.428],0.05420393873085349,5.420393873085349,0.05420393873085349,-0.05420393873085349,1
Ecuador,1997,[1148.2],[1208.4650000000001],0.052486500609649975,5.248650060964997,0.052486500609649975,-0.052486500609649975,1
Ecuador,1998,[1074.3],[1122.3699999999997],0.04474541561947288,4.474541561947288,0.04474541561947288,-0.04474541561947288,1
Ecuador,1999,[1181.3],[1201.791999999999],0.017346990603571533,1.7346990603571533,0.017346990603571533,-0.017346990603571533,1
Ecuador,2000,[1461.4],[1163.778],0.20365539893253048,20.36553989325305,0.20365539893253048,0.20365539893253048,1
Ecuador,2001,[764.2],[1373.6279999999992],0.7974718660036628,79.74718660036628,0.7974718660036628,-0.7974718660036628,1
Ecuador,2002,[1431.9],[1336.5090000000005],0.06661847894406007,6.661847894406008,0.06661847894406007,0.06661847894406007,1
Ecuador,2003,[1689.8],[1525.7659999999994],0.09707302639365639,9.70730263936564,0.09707302639365639,0.09707302639365639,1
Ecuador,2004,[1884.1],[1757.095],0.06740884241813061,6.7408842418130615,0.06740884241813061,0.06740884241813061,1
Ecuador,2005,[2123.2],[1946.4000000000015],0.0832705350414461,8.32705350414461,0.0832705350414461,0.0832705350414461,1
Ecuador,2006,[1877.6],[2073.5020000000018],0.10433638687686508,10.433638687686509,0.10433638687686508,-0.10433638687686508,1
Ecuador,2007,[2310.5],[1886.6810000000012],0.18343172473490535,18.343172473490537,0.18343172473490535,0.18343172473490535,1
Ecuador,2008,[2244.2],[2284.4129999999986],0.017918634702788892,1.7918634702788891,0.017918634702788892,-0.017918634702788892,1
Ecuador,2009,[2200.3],[2180.5670000000014],0.00896832250147653,0.896832250147653,0.00896832250147653,0.00896832250147653,1
Ecuador,2010,[2234.8],[2025.9310000000012],0.09346205477000134,9.346205477000135,0.09346205477000134,0.09346205477000134,1
Ecuador,2011,[1667.2],[2421.1029999999996],0.45219709692898247,45.21970969289825,0.45219709692898247,-0.45219709692898247,1
Ecuador,2012,[2732.4],[2123.009000000002],0.22302408139364596,22.302408139364598,0.22302408139364596,0.22302408139364596,1
Ecuador,2013,[2370.2],[2857.046],0.2054029195848452,20.54029195848452,0.2054029195848452,-0.2054029195848452,1
Ecuador,2014,[3433.6],[2695.750000000002],0.21489107642124827,21.48910764212483,0.21489107642124827,0.21489107642124827,1
Ecuador,2015,[4466.9],[3435.819999999998],0.23082674785645568,23.08267478564557,0.23082674785645568,0.23082674785645568,1
Ecuador,2016,[3564.6],[3863.004999999998],0.08371346013577903,8.371346013577902,0.08371346013577903,-0.08371346013577903,1
Ecuador,2017,[4002.3],[4197.09],0.0486695150288584,4.86695150288584,0.0486695150288584,-0.0486695150288584,1
Ecuador,2018,[3624.5],[3815.1999999999957],0.05261415367636797,5.261415367636797,0.05261415367636797,-0.05261415367636797,1
Ecuador,2019,[4583.5],[4134.618999999994],0.09793411148685628,9.793411148685628,0.09793411148685628,0.09793411148685628,1
Ecuador,2020,[3823.3],[4311.051999999997],0.1275735621060332,12.757356210603321,0.1275735621060332,-0.1275735621060332,1
Ecuador,2021,[4641.3],[4083.773999999997],0.12012281041949519,12.01228104194952,0.12012281041949519,0.12012281041949519,1
Ecuador,2022,[4527.6],[3893.390999999997],0.14007619931089393,14.007619931089394,0.14007619931089393,0.14007619931089393,1
Zambia,1984,[1721.1],[1873.561999999999],0.08858404508744355,8.858404508744355,0.08858404508744355,-0.08858404508744355,11
Zambia,1985,[1928.9],[1941.7140000000009],0.006643164497900752,0.6643164497900752,0.006643164497900752,-0.006643164497900752,11
Zambia,1986,[2091.1],[1782.079999999999],0.14777868107694558,14.777868107694559,0.14777868107694558,0.14777868107694558,11
Zambia,1987,[1744.7],[1535.9480000000008],0.11964922336218219,11.964922336218219,0.11964922336218219,0.11964922336218219,11
Zambia,1988,[2687.4],[1654.1810000000007],0.38446788717719704,38.446788717719706,0.38446788717719704,0.38446788717719704,11
Zambia,1989,[1807.8],[2034.9269999999974],0.1256372386325907,12.563723863259069,0.1256372386325907,-0.1256372386325907,11
Zambia,1990,[1431.6],[1950.5309999999977],0.36248323554065226,36.24832355406522,0.36248323554065226,-0.36248323554065226,11
Zambia,1991,[1714.0],[1769.6050000000002],0.03244165694282395,3.244165694282395,0.03244165694282395,-0.03244165694282395,11
Zambia,1992,[731.1],[1622.6889999999996],1.219517165914375,121.9517165914375,1.219517165914375,-1.219517165914375,11
Zambia,1993,[2522.8],[1671.7329999999988],0.33735016648168753,33.73501664816875,0.33735016648168753,0.33735016648168753,11
Zambia,1994,[1502.5],[1558.1840000000009],0.03706089850249643,3.7060898502496427,0.03706089850249643,-0.03706089850249643,11
Zambia,1995,[1418.5],[1357.1620000000007],0.04324145223827937,4.324145223827937,0.04324145223827937,0.04324145223827937,11
Zambia,1996,[2086.4],[1775.1839999999997],0.14916411042944802,14.916411042944802,0.14916411042944802,0.14916411042944802,11
Zambia,1997,[1479.4],[1869.5159999999992],0.26369879680951674,26.369879680951673,0.26369879680951674,-0.26369879680951674,11
Zambia,1998,[1250.3],[1688.0370000000005],0.35010557466208153,35.010557466208155,0.35010557466208153,-0.35010557466208153,11
Zambia,1999,[1375.9],[1816.8269999999998],0.3204644232865758,32.046442328657584,0.3204644232865758,-0.3204644232865758,11
Zambia,2000,[1772.0],[1829.9609999999984],0.032709367945823034,3.2709367945823034,0.032709367945823034,-0.032709367945823034,11
Zambia,2001,[1378.0],[1702.298999999999],0.2353403483309137,23.53403483309137,0.2353403483309137,-0.2353403483309137,11
Zambia,2002,[1670.9],[1719.5069999999996],0.029090310611047648,2.909031061104765,0.029090310611047648,-0.029090310611047648,11
Zambia,2003,[1725.6],[1599.8859999999993],0.07285234121465034,7.2852341214650345,0.07285234121465034,0.07285234121465034,11
Zambia,2004,[1923.9],[2028.9689999999985],0.05461250584749642,5.461250584749642,0.05461250584749642,-0.05461250584749642,11
Zambia,2005,[1859.4],[1640.8910000000003],0.11751586533290297,11.751586533290297,0.11751586533290297,0.11751586533290297,11
Zambia,2006,[2301.3],[2213.4320000000002],0.038181897188545574,3.8181897188545575,0.038181897188545574,0.038181897188545574,11
Zambia,2007,[2334.2],[2264.7990000000013],0.02973224230999849,2.973224230999849,0.02973224230999849,0.02973224230999849,11
Zambia,2008,[2244.2],[2255.637000000001],0.005096248106229954,0.5096248106229954,0.005096248106229954,-0.005096248106229954,11
Zambia,2009,[2069.2],[2389.581000000003],0.15483326889619325,15.483326889619326,0.15483326889619325,-0.15483326889619325,11
Zambia,2010,[2587.1],[2431.110000000001],0.060295311352479175,6.029531135247917,0.060295311352479175,0.060295311352479175,11
Zambia,2011,[2741.4],[2533.7360000000017],0.07575107609250689,7.575107609250689,0.07575107609250689,0.07575107609250689,11
Zambia,2012,[2654.5],[2526.5560000000014],0.04819890751553912,4.819890751553912,0.04819890751553912,0.04819890751553912,11
Zambia,2013,[2538.2],[2631.0999999999995],0.03660074068237319,3.660074068237319,0.03660074068237319,-0.03660074068237319,11
Zambia,2014,[2780.2],[2582.574000000002],0.0710833752967405,7.10833752967405,0.0710833752967405,0.0710833752967405,11
Zambia,2015,[3031.0],[2523.715000000001],0.16736555592213756,16.736555592213755,0.16736555592213756,0.16736555592213756,11
Zambia,2016,[2481.6],[2493.3170000000023],0.0047215506125090154,0.47215506125090156,0.0047215506125090154,-0.0047215506125090154,11
Zambia,2017,[2515.1],[2480.799000000001],0.013638026321020645,1.3638026321020644,0.013638026321020645,0.013638026321020645,11
Zambia,2018,[2205.2],[2500.458000000002],0.13389171050244972,13.389171050244972,0.13389171050244972,-0.13389171050244972,11
Zambia,2019,[2381.4],[2188.2700000000004],0.08109935332157539,8.109935332157539,0.08109935332157539,0.08109935332157539,11
Zambia,2020,[2540.2],[2146.4330000000014],0.1550141721124315,15.50141721124315,0.1550141721124315,0.1550141721124315,11
Zambia,2021,[2567.4],[2454.2300000000046],0.044079613616886934,4.4079613616886935,0.044079613616886934,0.044079613616886934,11
Zambia,2022,[2426.1],[2365.420000000003],0.02501133506450563,2.501133506450563,0.02501133506450563,0.02501133506450563,11
Togo,1984,[929.4],[933.6539999999995],0.004577146546158343,0.4577146546158343,0.004577146546158343,-0.004577146546158343,3
Togo,1985,[906.1],[953.2249999999989],0.052008608321376076,5.200860832137607,0.052008608321376076,-0.052008608321376076,3
Togo,1986,[645.4],[970.3290000000005],0.5034536721413085,50.34536721413085,0.5034536721413085,-0.5034536721413085,3
Togo,1987,[765.2],[1007.6439999999997],0.3168374281233659,31.68374281233659,0.3168374281233659,-0.3168374281233659,3
Togo,1988,[1109.9],[918.0210000000006],0.17287953869717942,17.287953869717942,0.17287953869717942,0.17287953869717942,3
Togo,1989,[1073.4],[892.0000000000003],0.16899571455189094,16.899571455189093,0.16899571455189094,0.16899571455189094,3
Togo,1990,[965.3],[986.2509999999995],0.021704133430021307,2.1704133430021306,0.021704133430021307,-0.021704133430021307,3
Togo,1991,[906.0],[993.0389999999996],0.09606953642384067,9.606953642384067,0.09606953642384067,-0.09606953642384067,3
Togo,1992,[1014.0],[927.5300000000003],0.08527613412228766,8.527613412228765,0.08527613412228766,0.08527613412228766,3
Togo,1993,[1159.9],[906.5860000000002],0.218392964910768,21.8392964910768,0.218392964910768,0.218392964910768,3
Togo,1994,[930.6],[995.4969999999998],0.06973672899204794,6.973672899204794,0.06973672899204794,-0.06973672899204794,3
Togo,1995,[855.3],[902.185],0.054817023266690044,5.481702326669004,0.054817023266690044,-0.054817023266690044,3
Togo,1996,[940.4],[995.3880000000004],0.058472990216929394,5.8472990216929395,0.058472990216929394,-0.058472990216929394,3
Togo,1997,[1067.6],[977.9089999999998],0.08401180217309868,8.401180217309868,0.08401180217309868,0.08401180217309868,3
Togo,1998,[867.3],[1072.6479999999992],0.2367669779776309,23.67669779776309,0.2367669779776309,-0.2367669779776309,3
Togo,1999,[1197.9],[1031.2850000000003],0.13908923950246246,13.908923950246246,0.13908923950246246,0.13908923950246246,3
Togo,2000,[1202.0],[1133.7150000000004],0.056809484193011336,5.680948419301133,0.056809484193011336,0.056809484193011336,3
Togo,2001,[1307.1],[1040.628999999999],0.20386427970316037,20.38642797031604,0.20386427970316037,0.20386427970316037,3
Togo,2002,[1265.2],[1182.3809999999999],0.0654592159342398,6.54592159342398,0.0654592159342398,0.0654592159342398,3
Togo,2003,[1272.8],[1160.272999999999],0.08840901948460163,8.840901948460163,0.08840901948460163,0.08840901948460163,3
Togo,2004,[1092.0],[1207.2409999999995],0.10553205128205086,10.553205128205086,0.10553205128205086,-0.10553205128205086,3
Togo,2005,[1157.7],[1195.4339999999997],0.032593936252915,3.2593936252914997,0.032593936252915,-0.032593936252915,3
Togo,2006,[1155.1],[1214.5199999999995],0.05144143364210858,5.1441433642108585,0.05144143364210858,-0.05144143364210858,3
Togo,2007,[1166.4],[1184.3749999999995],0.015410665294924086,1.5410665294924086,0.015410665294924086,-0.015410665294924086,3
Togo,2008,[1192.2],[1207.5099999999998],0.012841805066263813,1.2841805066263814,0.012841805066263813,-0.012841805066263813,3
Togo,2009,[1255.9],[1186.6009999999997],0.055178756270404035,5.517875627040404,0.055178756270404035,0.055178756270404035,3
Togo,2010,[1193.7],[1208.5629999999994],0.01245120214459192,1.245120214459192,0.01245120214459192,-0.01245120214459192,3
Togo,2011,[1245.3],[1248.1929999999995],0.002323134987552858,0.2323134987552858,0.002323134987552858,-0.002323134987552858,3
Togo,2012,[1191.4],[1203.1519999999994],0.009864025516198817,0.9864025516198817,0.009864025516198817,-0.009864025516198817,3
Togo,2013,[924.4],[1237.9389999999996],0.33918109043703987,33.918109043703986,0.33918109043703987,-0.33918109043703987,3
Togo,2014,[1195.9],[1272.804],0.06430638013211806,6.430638013211806,0.06430638013211806,-0.06430638013211806,3
Togo,2015,[1389.5],[1227.5220000000002],0.11657286793810712,11.657286793810712,0.11657286793810712,0.11657286793810712,3
Togo,2016,[1223.5],[1241.5060000000005],0.014716796076829212,1.4716796076829213,0.014716796076829212,-0.014716796076829212,3
Togo,2017,[1230.8],[1264.011],0.02698326291842705,2.698326291842705,0.02698326291842705,-0.02698326291842705,3
Togo,2018,[1239.6],[1202.201],0.03017021619877371,3.017021619877371,0.03017021619877371,0.03017021619877371,3
Togo,2019,[1227.1],[1221.1950000000002],0.004812158748268068,0.4812158748268068,0.004812158748268068,0.004812158748268068,3
Togo,2020,[1226.0],[1229.7420000000009],0.003052202283850629,0.3052202283850629,0.003052202283850629,-0.003052202283850629,3
Togo,2021,[1230.2],[1242.3040000000008],0.009839050560884997,0.9839050560884997,0.009839050560884997,-0.009839050560884997,3
Togo,2022,[1253.8],[1171.234],0.06585260807146279,6.585260807146279,0.06585260807146279,0.06585260807146279,3
Philippines,1984,[1065.7],[1217.3030000000006],0.1422567326639772,14.22567326639772,0.1422567326639772,-0.1422567326639772,1
Philippines,1985,[1117.1],[1193.8469999999988],0.06870199624026402,6.870199624026402,0.06870199624026402,-0.06870199624026402,1
Philippines,1986,[1148.2],[1173.761],0.022261801079951158,2.226180107995116,0.022261801079951158,-0.022261801079951158,1
Philippines,1987,[1161.7],[1297.045],0.11650598261168979,11.650598261168978,0.11650598261168979,-0.11650598261168979,1
Philippines,1988,[1182.3],[1209.0379999999993],0.022615241478473633,2.2615241478473633,0.022615241478473633,-0.022615241478473633,1
Philippines,1989,[1225.8],[1244.7489999999996],0.015458476097242303,1.5458476097242304,0.015458476097242303,-0.015458476097242303,1
Philippines,1990,[1335.8],[1238.9930000000006],0.0724711783201073,7.24711783201073,0.0724711783201073,0.0724711783201073,1
Philippines,1991,[1296.9],[1329.7560000000005],0.02533425861670171,2.533425861670171,0.02533425861670171,-0.02533425861670171,1
Philippines,1992,[1386.5],[1294.4999999999993],0.06635412910205603,6.635412910205603,0.06635412910205603,0.06635412910205603,1
Philippines,1993,[1523.5],[1380.1119999999987],0.0941174926156884,9.41174926156884,0.0941174926156884,0.0941174926156884,1
Philippines,1994,[1503.5],[1838.297999999999],0.22267908214166884,22.267908214166884,0.22267908214166884,-0.22267908214166884,1
Philippines,1995,[1533.4],[1517.057],0.010658014868918791,1.0658014868918793,0.010658014868918791,0.010658014868918791,1
Philippines,1996,[1517.5],[1547.4389999999992],0.019729159802305878,1.9729159802305878,0.019729159802305878,-0.019729159802305878,1
Philippines,1997,[1589.4],[1600.897],0.0072335472505346944,0.7233547250534694,0.0072335472505346944,-0.0072335472505346944,1
Philippines,1998,[1624.0],[1644.7249999999992],0.012761699507388686,1.2761699507388686,0.012761699507388686,-0.012761699507388686,1
Philippines,1999,[1735.1],[1579.1639999999993],0.08987147714829152,8.987147714829153,0.08987147714829152,0.08987147714829152,1
Philippines,2000,[1797.0],[1649.9510000000012],0.08183027267668272,8.183027267668272,0.08183027267668272,0.08183027267668272,1
Philippines,2001,[1819.8],[1764.7320000000013],0.03026046818331609,3.026046818331609,0.03026046818331609,0.03026046818331609,1
Philippines,2002,[1803.1],[1907.6909999999991],0.0580062115245961,5.80062115245961,0.0580062115245961,-0.0580062115245961,1
Philippines,2003,[1915.3],[1899.3020000000015],0.008352738474389628,0.8352738474389628,0.008352738474389628,0.008352738474389628,1
Philippines,2004,[2142.1],[1938.615999999998],0.09499276410998646,9.499276410998645,0.09499276410998646,0.09499276410998646,1
Philippines,2005,[2151.4],[2113.4750000000013],0.017628056149483505,1.7628056149483504,0.017628056149483505,0.017628056149483505,1
Philippines,2006,[2366.0],[2173.3599999999988],0.08142011834319579,8.142011834319579,0.08142011834319579,0.08142011834319579,1
Philippines,2007,[2543.9],[2490.3690000000015],0.02104288690593128,2.104288690593128,0.02104288690593128,0.02104288690593128,1
Philippines,2008,[2603.6],[2640.823999999999],0.014297127054846847,1.4297127054846848,0.014297127054846847,-0.014297127054846847,1
Philippines,2009,[2620.8],[2644.245000000002],0.008945741758242514,0.8945741758242514,0.008945741758242514,-0.008945741758242514,1
Philippines,2010,[2551.7],[2651.132999999999],0.03896735509660191,3.896735509660191,0.03896735509660191,-0.03896735509660191,1
Philippines,2011,[2739.6],[2633.6369999999997],0.0386782742006133,3.8678274200613303,0.0386782742006133,0.0386782742006133,1
Philippines,2012,[2855.5],[2676.78],0.0625879880931535,6.2587988093153495,0.0625879880931535,0.0625879880931535,1
Philippines,2013,[2877.6],[2906.8760000000016],0.010173755907701438,1.0173755907701438,0.010173755907701438,-0.010173755907701438,1
Philippines,2014,[2975.6],[2909.978],0.022053367388089745,2.2053367388089744,0.022053367388089745,0.022053367388089745,1
Philippines,2015,[2934.8],[2952.3220000000006],0.005970423878969738,0.5970423878969738,0.005970423878969738,-0.005970423878969738,1
Philippines,2016,[2905.6],[3074.689],0.05819417676211452,5.819417676211452,0.05819417676211452,-0.05819417676211452,1
Philippines,2017,[3100.7],[2952.6069999999995],0.047761150707904765,4.7761150707904765,0.047761150707904765,0.047761150707904765,1
Philippines,2018,[3094.6],[2973.543999999998],0.03911846442189681,3.9118464421896806,0.03911846442189681,0.03911846442189681,1
Philippines,2019,[3170.3],[3050.028],0.03793710374412528,3.793710374412528,0.03793710374412528,0.03793710374412528,1
Philippines,2020,[3179.0],[3149.4669999999987],0.009290028310789955,0.9290028310789955,0.009290028310789955,0.009290028310789955,1
Philippines,2021,[3236.8],[3124.496000000002],0.03469599604547648,3.4695996045476476,0.03469599604547648,0.03469599604547648,1
Philippines,2022,[3268.9],[3108.816999999998],0.04897151947138239,4.897151947138239,0.04897151947138239,0.04897151947138239,1
Lesotho,1984,[680.0],[859.8229999999999],0.2644455882352939,26.44455882352939,0.2644455882352939,-0.2644455882352939,12
Lesotho,1985,[782.2],[768.1859999999996],0.0179161339810796,1.79161339810796,0.0179161339810796,0.0179161339810796,12
Lesotho,1986,[708.9],[799.936],0.12841867682324737,12.841867682324736,0.12841867682324737,-0.12841867682324737,12
Lesotho,1987,[666.4],[707.975],0.06238745498199287,6.238745498199287,0.06238745498199287,-0.06238745498199287,12
Lesotho,1988,[922.1],[938.6120000000004],0.017906951523696344,1.7906951523696344,0.017906951523696344,-0.017906951523696344,12
Lesotho,1989,[1047.6],[919.7579999999995],0.12203321878579654,12.203321878579654,0.12203321878579654,0.12203321878579654,12
Lesotho,1990,[1100.0],[862.7830000000001],0.21565181818181806,21.565181818181806,0.21565181818181806,0.21565181818181806,12
Lesotho,1991,[540.8],[962.7330000000006],0.7802015532544392,78.02015532544392,0.7802015532544392,-0.7802015532544392,12
Lesotho,1992,[579.2],[798.7929999999998],0.37913156077348015,37.91315607734801,0.37913156077348015,-0.37913156077348015,12
Lesotho,1993,[887.5],[944.2630000000001],0.0639583098591551,6.39583098591551,0.0639583098591551,-0.0639583098591551,12
Lesotho,1994,[862.9],[928.3199999999998],0.07581411519295382,7.581411519295382,0.07581411519295382,-0.07581411519295382,12
Lesotho,1995,[812.6],[677.2779999999998],0.16652965788826019,16.65296578882602,0.16652965788826019,0.16652965788826019,12
Lesotho,1996,[1249.0],[955.6420000000002],0.23487429943955151,23.487429943955153,0.23487429943955151,0.23487429943955151,12
Lesotho,1997,[985.7],[842.3819999999995],0.14539717966927113,14.539717966927112,0.14539717966927113,0.14539717966927113,12
Lesotho,1998,[1317.1],[771.413],0.4143094677701009,41.43094677701009,0.4143094677701009,0.4143094677701009,12
Lesotho,1999,[941.0],[822.5570000000006],0.1258692879914978,12.58692879914978,0.1258692879914978,0.1258692879914978,12
Lesotho,2000,[677.3],[824.1310000000005],0.21678871991731966,21.678871991731967,0.21678871991731966,-0.21678871991731966,12
Lesotho,2001,[891.3],[679.0670000000001],0.2381162347133399,23.81162347133399,0.2381162347133399,0.2381162347133399,12
Lesotho,2002,[808.8],[806.4200000000005],0.002942631058357353,0.2942631058357353,0.002942631058357353,0.002942631058357353,12
Lesotho,2003,[643.9],[704.4299999999997],0.09400528032303114,9.400528032303114,0.09400528032303114,-0.09400528032303114,12
Lesotho,2004,[634.7],[708.6259999999996],0.11647392468882871,11.64739246888287,0.11647392468882871,-0.11647392468882871,12
Lesotho,2005,[701.1],[664.633],0.05201397803451716,5.201397803451716,0.05201397803451716,0.05201397803451716,12
Lesotho,2006,[556.7],[772.5200000000006],0.3876773845877501,38.76773845877501,0.3876773845877501,-0.3876773845877501,12
Lesotho,2007,[487.7],[652.6379999999998],0.3381956120565918,33.819561205659184,0.3381956120565918,-0.3381956120565918,12
Lesotho,2008,[434.9],[732.0259999999997],0.6832053345596684,68.32053345596684,0.6832053345596684,-0.6832053345596684,12
Lesotho,2009,[415.9],[728.7879999999999],0.7523154604472228,75.23154604472228,0.7523154604472228,-0.7523154604472228,12
Lesotho,2010,[907.1],[691.5740000000001],0.23759894168228415,23.759894168228417,0.23759894168228415,0.23759894168228415,12
Lesotho,2011,[634.4],[835.5170000000005],0.3170192307692316,31.701923076923162,0.3170192307692316,-0.3170192307692316,12
Lesotho,2012,[695.2],[589.612],0.15188147295742244,15.188147295742244,0.15188147295742244,0.15188147295742244,12
Lesotho,2013,[822.7],[705.3209999999999],0.14267533730399917,14.267533730399917,0.14267533730399917,0.14267533730399917,12
Lesotho,2014,[678.6],[753.1449999999995],0.10985116416150825,10.985116416150825,0.10985116416150825,-0.10985116416150825,12
Lesotho,2015,[657.1],[720.0629999999996],0.09581950996804083,9.581950996804082,0.09581950996804083,-0.09581950996804083,12
Lesotho,2016,[468.0],[761.1539999999998],0.6263974358974354,62.63974358974353,0.6263974358974354,-0.6263974358974354,12
Lesotho,2017,[1040.9],[672.6059999999997],0.3538226534729565,35.38226534729565,0.3538226534729565,0.3538226534729565,12
Lesotho,2018,[868.4],[704.607],0.188614693689544,18.8614693689544,0.188614693689544,0.188614693689544,12
Lesotho,2019,[768.8],[775.785],0.009085587929240392,0.9085587929240392,0.009085587929240392,-0.009085587929240392,12
Lesotho,2020,[456.9],[858.0830000000001],0.8780542788356317,87.80542788356317,0.8780542788356317,-0.8780542788356317,12
Lesotho,2021,[1025.2],[674.4710000000002],0.34210788138899706,34.21078813889971,0.34210788138899706,0.34210788138899706,12
Lesotho,2022,[804.6],[822.2750000000001],0.021967437235893696,2.1967437235893694,0.021967437235893696,-0.021967437235893696,12
South Africa,1984,[991.3],[1779.83],0.795450418642187,79.5450418642187,0.795450418642187,-0.795450418642187,7
South Africa,1985,[1875.6],[1960.9469999999983],0.04550383877159223,4.5503838771592235,0.04550383877159223,-0.04550383877159223,7
South Africa,1986,[1780.9],[1898.9020000000005],0.06625975630299309,6.625975630299309,0.06625975630299309,-0.06625975630299309,7
South Africa,1987,[1558.4],[1822.8139999999994],0.16967017453798722,16.96701745379872,0.16967017453798722,-0.16967017453798722,7
South Africa,1988,[1619.5],[2261.734999999999],0.3965637542451369,39.65637542451369,0.3965637542451369,-0.3965637542451369,7
South Africa,1989,[2840.5],[1883.5609999999988],0.33689104030980505,33.6891040309805,0.33689104030980505,0.33689104030980505,7
South Africa,1990,[2205.1],[2019.7459999999999],0.08405695886807857,8.405695886807857,0.08405695886807857,0.08405695886807857,7
South Africa,1991,[2257.3],[2191.6150000000007],0.029098923492668002,2.9098923492668,0.029098923492668002,0.029098923492668002,7
South Africa,1992,[785.3],[2280.391000000001],1.903846937476125,190.38469374761252,1.903846937476125,-1.903846937476125,7
South Africa,1993,[2284.0],[2113.3330000000005],0.0747228546409805,7.47228546409805,0.0747228546409805,0.0747228546409805,7
South Africa,1994,[2848.1],[1507.7130000000002],0.4706249780555457,47.06249780555457,0.4706249780555457,0.4706249780555457,7
South Africa,1995,[1380.0],[2483.0420000000017],0.7993057971014506,79.93057971014505,0.7993057971014506,-0.7993057971014506,7
South Africa,1996,[2704.3],[2392.9100000000008],0.11514624856709663,11.514624856709663,0.11514624856709663,0.11514624856709663,7
South Africa,1997,[2519.5],[2623.872999999999],0.04142607660250015,4.1426076602500155,0.04142607660250015,-0.04142607660250015,7
South Africa,1998,[2161.1],[2565.436],0.18709731155430118,18.709731155430116,0.18709731155430118,-0.18709731155430118,7
South Africa,1999,[2227.4],[2744.137000000002],0.2319911107120418,23.19911107120418,0.2319911107120418,-0.2319911107120418,7
South Africa,2000,[2849.2],[2584.1040000000007],0.09304225747578236,9.304225747578236,0.09304225747578236,0.09304225747578236,7
South Africa,2001,[2437.1],[2808.097000000002],0.1522288785852046,15.222887858520458,0.1522288785852046,-0.1522288785852046,7
South Africa,2002,[2851.6],[2557.760000000002],0.10304390517604078,10.304390517604078,0.10304390517604078,0.10304390517604078,7
South Africa,2003,[2658.2],[2794.2370000000014],0.051176359942819064,5.1176359942819065,0.051176359942819064,-0.051176359942819064,7
South Africa,2004,[3030.5],[2716.470000000001],0.10362316449430749,10.362316449430748,0.10362316449430749,0.10362316449430749,7
South Africa,2005,[3635.1],[2449.1480000000015],0.32625017193474687,32.62501719347469,0.32625017193474687,0.32625017193474687,7
South Africa,2006,[3412.2],[2912.0050000000006],0.14659017642576616,14.659017642576616,0.14659017642576616,0.14659017642576616,7
South Africa,2007,[2792.1],[4017.698999999998],0.43895240141828656,43.89524014182866,0.43895240141828656,-0.43895240141828656,7
South Africa,2008,[4537.3],[3900.7249999999995],0.14029819496176155,14.029819496176154,0.14029819496176155,0.14029819496176155,7
South Africa,2009,[4964.0],[4520.228999999995],0.08939786462530322,8.939786462530321,0.08939786462530322,0.08939786462530322,7
South Africa,2010,[4673.6],[5176.943999999997],0.1076994180075309,10.76994180075309,0.1076994180075309,-0.1076994180075309,7
South Africa,2011,[4367.1],[4719.780999999997],0.08075862700647955,8.075862700647955,0.08075862700647955,-0.08075862700647955,7
South Africa,2012,[4490.5],[4399.143999999997],0.020344282373901214,2.0344282373901215,0.020344282373901214,0.020344282373901214,7
South Africa,2013,[4246.6],[4404.918999999998],0.03728135449536045,3.728135449536045,0.03728135449536045,-0.03728135449536045,7
South Africa,2014,[5300.9],[5024.406999999994],0.052159633269823216,5.215963326982322,0.052159633269823216,0.052159633269823216,7
South Africa,2015,[3487.1],[4833.822999999998],0.3862014281207874,38.62014281207874,0.3862014281207874,-0.3862014281207874,7
South Africa,2016,[3712.0],[4620.924999999999],0.24486126077586187,24.48612607758619,0.24486126077586187,-0.24486126077586187,7
South Africa,2017,[5859.6],[4769.055000000002],0.1861125332787218,18.61125332787218,0.1861125332787218,0.1861125332787218,7
South Africa,2018,[4975.5],[4212.432999999997],0.15336488795096026,15.336488795096026,0.15336488795096026,0.15336488795096026,7
South Africa,2019,[4553.9],[4741.477999999996],0.04119062781352177,4.119062781352177,0.04119062781352177,-0.04119062781352177,7
South Africa,2020,[5447.8],[4768.580999999999],0.12467766804948804,12.467766804948804,0.12467766804948804,0.12467766804948804,7
South Africa,2021,[5436.1],[5160.747999999996],0.05065248983646445,5.065248983646445,0.05065248983646445,0.05065248983646445,7
South Africa,2022,[5375.8],[4744.9779999999955],0.11734476729045065,11.734476729045065,0.11734476729045065,0.11734476729045065,7
Malawi,1984,[1191.1],[1388.7509999999986],0.16593988749894947,16.593988749894947,0.16593988749894947,-0.16593988749894947,3
Malawi,1985,[1183.5],[1125.6189999999995],0.04890663286861051,4.8906632868610505,0.04890663286861051,0.04890663286861051,3
Malawi,1986,[1084.9],[1174.4130000000005],0.08250806525947126,8.250806525947125,0.08250806525947126,-0.08250806525947126,3
Malawi,1987,[1016.4],[1136.361],0.11802538370720202,11.802538370720201,0.11802538370720202,-0.11802538370720202,3
Malawi,1988,[1171.8],[1321.0769999999995],0.127391193036354,12.739119303635398,0.127391193036354,-0.127391193036354,3
Malawi,1989,[1187.8],[1147.2269999999992],0.03415810742549316,3.4158107425493163,0.03415810742549316,0.03415810742549316,3
Malawi,1990,[999.3],[1174.0789999999993],0.17490143100170052,17.49014310017005,0.17490143100170052,-0.17490143100170052,3
Malawi,1991,[1141.9],[1141.9470000000003],4.1159471057231663e-05,0.004115947105723166,4.1159471057231663e-05,-4.1159471057231663e-05,3
Malawi,1992,[480.2],[1581.6939999999993],2.293823406913784,229.38234069137843,2.293823406913784,-2.293823406913784,3
Malawi,1993,[1532.7],[1286.3549999999998],0.16072616950479562,16.072616950479564,0.16072616950479562,0.16072616950479562,3
Malawi,1994,[920.9],[1284.2909999999993],0.3946041915517421,39.46041915517421,0.3946041915517421,-0.3946041915517421,3
Malawi,1995,[1351.7],[911.8209999999996],0.3254264999630099,32.54264999630099,0.3254264999630099,0.3254264999630099,3
Malawi,1996,[1443.3],[1198.032999999999],0.16993487147509248,16.99348714750925,0.16993487147509248,0.16993487147509248,3
Malawi,1997,[1095.9],[1355.8059999999998],0.2371621498311887,23.71621498311887,0.2371621498311887,-0.2371621498311887,3
Malawi,1998,[1371.1],[1151.3329999999994],0.1602851724892426,16.02851724892426,0.1602851724892426,0.1602851724892426,3
Malawi,1999,[1810.9],[1295.48],0.2846209067314595,28.46209067314595,0.2846209067314595,0.2846209067314595,3
Malawi,2000,[1742.8],[1392.977999999999],0.2007241221023646,20.07241221023646,0.2007241221023646,0.2007241221023646,3
Malawi,2001,[1184.5],[1320.4959999999994],0.11481300126635662,11.481300126635661,0.11481300126635662,-0.11481300126635662,3
Malawi,2002,[1046.0],[1303.0649999999987],0.24576003824091652,24.576003824091654,0.24576003824091652,-0.24576003824091652,3
Malawi,2003,[1225.9],[1237.215],0.009229953503548272,0.9229953503548272,0.009229953503548272,-0.009229953503548272,3
Malawi,2004,[1046.0],[1183.3119999999997],0.13127342256214117,13.127342256214117,0.13127342256214117,-0.13127342256214117,3
Malawi,2005,[809.3],[1069.8759999999993],0.3219770171753359,32.19770171753359,0.3219770171753359,-0.3219770171753359,3
Malawi,2006,[1481.4],[1478.4979999999998],0.00195895774267603,0.195895774267603,0.00195895774267603,0.00195895774267603,3
Malawi,2007,[2654.7],[1704.6019999999987],0.3578927939126836,35.78927939126836,0.3578927939126836,0.3578927939126836,3
Malawi,2008,[1649.8],[2228.8950000000004],0.3510092132379685,35.100921323796854,0.3510092132379685,-0.3510092132379685,3
Malawi,2009,[2226.5],[2177.598],0.0219636200314395,2.19636200314395,0.0219636200314395,0.0219636200314395,3
Malawi,2010,[2015.8],[2287.3729999999982],0.134722194662168,13.472219466216801,0.134722194662168,-0.134722194662168,3
Malawi,2011,[2207.9],[1914.4319999999984],0.13291725168712426,13.291725168712427,0.13291725168712426,0.13291725168712426,3
Malawi,2012,[2193.2],[1997.627999999997],0.08917198613897631,8.91719861389763,0.08917198613897631,0.08917198613897631,3
Malawi,2013,[2170.8],[2011.4499999999969],0.07340611756034794,7.340611756034794,0.07340611756034794,0.07340611756034794,3
Malawi,2014,[2333.9],[1985.7219999999984],0.149182912721197,14.9182912721197,0.149182912721197,0.149182912721197,3
Malawi,2015,[1656.3],[2214.364999999998],0.33693473404576346,33.693473404576345,0.33693473404576346,-0.33693473404576346,3
Malawi,2016,[1415.4],[1911.7629999999983],0.3506874381800185,35.06874381800185,0.3506874381800185,-0.3506874381800185,3
Malawi,2017,[2007.8],[2035.3629999999969],0.01372796095228455,1.372796095228455,0.01372796095228455,-0.01372796095228455,3
Malawi,2018,[1600.8],[2110.0999999999967],0.31815342328835383,31.815342328835385,0.31815342328835383,-0.31815342328835383,3
Malawi,2019,[1957.8],[2077.2839999999983],0.061029727244865835,6.102972724486584,0.061029727244865835,-0.061029727244865835,3
Malawi,2020,[2095.5],[1853.0569999999968],0.11569696969697121,11.569696969697121,0.11569696969697121,0.11569696969697121,3
Malawi,2021,[2462.9],[1980.369999999998],0.1959194445572301,19.59194445572301,0.1959194445572301,0.1959194445572301,3
Malawi,2022,[2124.0],[2216.4439999999977],0.0435235404896411,4.35235404896411,0.0435235404896411,-0.0435235404896411,3
Nigeria,1984,[1139.0],[1332.7310000000007],0.17008867427568103,17.008867427568102,0.17008867427568103,-0.17008867427568103,3
Nigeria,1985,[1173.5],[1248.0669999999989],0.06354239454622827,6.354239454622827,0.06354239454622827,-0.06354239454622827,3
Nigeria,1986,[1267.9],[1236.8070000000005],0.02452322738386278,2.452322738386278,0.02452322738386278,0.02452322738386278,3
Nigeria,1987,[1353.3],[1229.4830000000004],0.09149264760215736,9.149264760215736,0.09149264760215736,0.09149264760215736,3
Nigeria,1988,[1640.1],[1196.6800000000005],0.27036156331930944,27.036156331930943,0.27036156331930944,0.27036156331930944,3
Nigeria,1989,[1395.0],[1243.0190000000007],0.10894695340501742,10.894695340501743,0.10894695340501742,0.10894695340501742,3
Nigeria,1990,[1130.1],[1309.8330000000003],0.15904167772763508,15.904167772763508,0.15904167772763508,-0.15904167772763508,3
Nigeria,1991,[1129.9],[1442.2990000000011],0.2764837596247464,27.648375962474642,0.2764837596247464,-0.2764837596247464,3
Nigeria,1992,[1118.1],[1355.066000000001],0.21193632054378056,21.193632054378057,0.21193632054378056,-0.21193632054378056,3
Nigeria,1993,[1184.8],[1298.3820000000005],0.09586596893990594,9.586596893990594,0.09586596893990594,-0.09586596893990594,3
Nigeria,1994,[1272.0],[1378.609000000001],0.08381210691823983,8.381210691823982,0.08381210691823983,-0.08381210691823983,3
Nigeria,1995,[1266.6],[1328.8170000000007],0.04912126954050275,4.912126954050275,0.04912126954050275,-0.04912126954050275,3
Nigeria,1996,[1326.1],[1321.1339999999996],0.00374481562476461,0.374481562476461,0.00374481562476461,0.00374481562476461,3
Nigeria,1997,[1251.0],[1310.458000000001],0.04752837729816226,4.7528377298162265,0.04752837729816226,-0.04752837729816226,3
Nigeria,1998,[1320.0],[1431.1320000000005],0.08419090909090948,8.419090909090949,0.08419090909090948,-0.08419090909090948,3
Nigeria,1999,[1599.8],[1376.9300000000005],0.1393111638954866,13.93111638954866,0.1393111638954866,0.1393111638954866,3
Nigeria,2000,[1300.1],[1450.1169999999995],0.11538881624490394,11.538881624490394,0.11538881624490394,-0.11538881624490394,3
Nigeria,2001,[1399.9],[1399.831000000001],4.9289234944674964e-05,0.0049289234944674964,4.9289234944674964e-05,4.9289234944674964e-05,3
Nigeria,2002,[1489.9],[1383.281],0.07156117860259087,7.156117860259087,0.07156117860259087,0.07156117860259087,3
Nigeria,2003,[1499.9],[1567.1480000000001],0.04483498899926665,4.483498899926665,0.04483498899926665,-0.04483498899926665,3
Nigeria,2004,[1600.2],[1478.129],0.0762848393950757,7.6284839395075705,0.0762848393950757,0.0762848393950757,3
Nigeria,2005,[1659.8],[1731.2130000000002],0.043025063260633954,4.302506326063395,0.043025063260633954,-0.043025063260633954,3
Nigeria,2006,[1818.2],[1739.6280000000008],0.04321416785832098,4.321416785832098,0.04321416785832098,0.04321416785832098,3
Nigeria,2007,[1704.9],[1882.6860000000024],0.10427942987858661,10.42794298785866,0.10427942987858661,-0.10427942987858661,3
Nigeria,2008,[1957.1],[1784.7010000000002],0.08808900924837754,8.808900924837754,0.08808900924837754,0.08808900924837754,3
Nigeria,2009,[2196.1],[1752.1049999999998],0.20217430900232236,20.217430900232237,0.20217430900232236,0.20217430900232236,3
Nigeria,2010,[1850.2],[1859.4360000000006],0.004991892768349669,0.4991892768349669,0.004991892768349669,-0.004991892768349669,3
Nigeria,2011,[1627.1],[1806.9200000000005],0.11051564132505724,11.051564132505725,0.11051564132505724,-0.11051564132505724,3
Nigeria,2012,[1511.8],[1762.7970000000014],0.16602526789257935,16.602526789257936,0.16602526789257935,-0.16602526789257935,3
Nigeria,2013,[1461.6],[1704.8300000000008],0.16641351943076146,16.641351943076145,0.16641351943076146,-0.16641351943076146,3
Nigeria,2014,[1700.2],[1757.6830000000023],0.03380955181743455,3.380955181743455,0.03380955181743455,-0.03380955181743455,3
Nigeria,2015,[1718.8],[1679.814000000002],0.022682103793343063,2.2682103793343065,0.022682103793343063,0.022682103793343063,3
Nigeria,2016,[1783.7],[1741.1340000000002],0.023863878454897014,2.3863878454897014,0.023863878454897014,0.023863878454897014,3
Nigeria,2017,[1664.1],[1908.8520000000012],0.1470776996574733,14.70776996574733,0.1470776996574733,-0.1470776996574733,3
Nigeria,2018,[1671.6],[1880.166000000002],0.12477027997128624,12.477027997128625,0.12477027997128624,-0.12477027997128624,3
Nigeria,2019,[1851.4],[1723.2510000000007],0.06921734903316379,6.921734903316379,0.06921734903316379,0.06921734903316379,3
Nigeria,2020,[2050.6],[1810.5690000000013],0.1170540329659605,11.70540329659605,0.1170540329659605,0.1170540329659605,3
Nigeria,2021,[2053.8],[1830.2300000000025],0.10885675333527979,10.88567533352798,0.10885675333527979,0.10885675333527979,3
Nigeria,2022,[2232.6],[1854.4460000000013],0.16937830332347875,16.937830332347875,0.16937830332347875,0.16937830332347875,3
Timor-Leste,1984,[1087.0],[1344.289],0.23669641214351425,23.669641214351426,0.23669641214351425,-0.23669641214351425,3
Timor-Leste,1985,[1067.0],[1250.8329999999996],0.17228959700093685,17.228959700093686,0.17228959700093685,-0.17228959700093685,3
Timor-Leste,1986,[1072.0],[1257.1759999999997],0.17273880597014898,17.273880597014898,0.17273880597014898,-0.17273880597014898,3
Timor-Leste,1987,[1140.0],[1401.6810000000003],0.2295447368421055,22.954473684210548,0.2295447368421055,-0.2295447368421055,3
Timor-Leste,1988,[1288.2],[1405.5680000000002],0.09111007607514374,9.111007607514374,0.09111007607514374,-0.09111007607514374,3
Timor-Leste,1989,[1269.2],[1502.9290000000003],0.18415458556571088,18.41545855657109,0.18415458556571088,-0.18415458556571088,3
Timor-Leste,1990,[1327.5],[1278.2289999999991],0.03711563088512306,3.7115630885123063,0.03711563088512306,0.03711563088512306,3
Timor-Leste,1991,[1392.1],[1527.6300000000003],0.09735651174484623,9.735651174484623,0.09735651174484623,-0.09735651174484623,3
Timor-Leste,1992,[1409.5],[1528.8550000000012],0.0846789641716929,8.46789641716929,0.0846789641716929,-0.0846789641716929,3
Timor-Leste,1993,[1800.0],[1495.1070000000004],0.16938499999999976,16.938499999999976,0.16938499999999976,0.16938499999999976,3
Timor-Leste,1994,[1882.3],[1418.318],0.24649737023853796,24.649737023853795,0.24649737023853796,0.24649737023853796,3
Timor-Leste,1995,[1835.5],[1485.075],0.19091528193952598,19.0915281939526,0.19091528193952598,0.19091528193952598,3
Timor-Leste,1996,[1834.6],[1507.3139999999999],0.17839638068243763,17.83963806824376,0.17839638068243763,0.17839638068243763,3
Timor-Leste,1997,[1577.0],[1616.9000000000005],0.025301204819277456,2.5301204819277454,0.025301204819277456,-0.025301204819277456,3
Timor-Leste,1998,[1847.7],[1420.631],0.23113546571413104,23.113546571413103,0.23113546571413104,0.23113546571413104,3
Timor-Leste,1999,[1300.1],[1557.6910000000003],0.19813168217829427,19.81316821782943,0.19813168217829427,-0.19813168217829427,3
Timor-Leste,2000,[1608.2],[1500.9650000000006],0.0666801392861581,6.668013928615809,0.0666801392861581,0.0666801392861581,3
Timor-Leste,2001,[1215.6],[1542.3730000000003],0.2688162224415929,26.881622244159292,0.2688162224415929,-0.2688162224415929,3
Timor-Leste,2002,[1755.1],[1492.796],0.1494524528516893,14.945245285168928,0.1494524528516893,0.1494524528516893,3
Timor-Leste,2003,[1392.4],[1590.3100000000004],0.1421358804941111,14.213588049411111,0.1421358804941111,-0.1421358804941111,3
Timor-Leste,2004,[1580.9],[1697.9530000000004],0.07404200139161259,7.404200139161259,0.07404200139161259,-0.07404200139161259,3
Timor-Leste,2005,[1590.0],[1651.496000000001],0.03867672955974906,3.867672955974906,0.03867672955974906,-0.03867672955974906,3
Timor-Leste,2006,[1675.8],[1426.4859999999999],0.14877312328440154,14.877312328440153,0.14877312328440154,0.14877312328440154,3
Timor-Leste,2007,[1128.2],[1563.733000000001],0.3860423683744026,38.60423683744026,0.3860423683744026,-0.3860423683744026,3
Timor-Leste,2008,[1261.1],[1960.2189999999982],0.5543723733248738,55.43723733248738,0.5543723733248738,-0.5543723733248738,3
Timor-Leste,2009,[1888.4],[1639.486000000001],0.1318121160771018,13.18121160771018,0.1318121160771018,0.1318121160771018,3
Timor-Leste,2010,[2119.3],[1772.1940000000002],0.16378332468267823,16.37833246826782,0.16378332468267823,0.16378332468267823,3
Timor-Leste,2011,[2294.3],[1764.3230000000005],0.23099725406442034,23.099725406442033,0.23099725406442034,0.23099725406442034,3
Timor-Leste,2012,[1390.2],[2323.405999999998],0.6712746367429133,67.12746367429133,0.6712746367429133,-0.6712746367429133,3
Timor-Leste,2013,[2353.8],[1806.4820000000009],0.2325252782734299,23.252527827342988,0.2325252782734299,0.2325252782734299,3
Timor-Leste,2014,[2772.5],[1894.5439999999987],0.31666582506762897,31.666582506762897,0.31666582506762897,0.31666582506762897,3
Timor-Leste,2015,[2397.0],[2068.007000000001],0.1372519816437209,13.72519816437209,0.1372519816437209,0.1372519816437209,3
Timor-Leste,2016,[2314.6],[2016.7509999999997],0.1286827097554654,12.868270975546539,0.1286827097554654,0.1286827097554654,3
Timor-Leste,2017,[2169.3],[2017.1480000000004],0.07013875443691504,7.0138754436915045,0.07013875443691504,0.07013875443691504,3
Timor-Leste,2018,[2144.5],[2213.322000000002],0.032092329214269966,3.2092329214269966,0.032092329214269966,-0.032092329214269966,3
Timor-Leste,2019,[2511.6],[2353.613000000001],0.0629029304029299,6.2902930402929895,0.0629029304029299,0.0629029304029299,3
Timor-Leste,2020,[2668.6],[2007.7810000000006],0.24762759499362935,24.762759499362936,0.24762759499362935,0.24762759499362935,3
Timor-Leste,2021,[972.1],[2268.9679999999994],1.3340890854850318,133.40890854850318,1.3340890854850318,-1.3340890854850318,3
Timor-Leste,2022,[1784.5],[1831.039000000001],0.026079574110395572,2.6079574110395574,0.026079574110395572,-0.026079574110395572,3
Argentina,1984,[3140.7],[3618.1720000000005],0.1520272550705259,15.20272550705259,0.1520272550705259,-0.1520272550705259,5
Argentina,1985,[3562.9],[3342.6280000000033],0.06182379522299159,6.1823795222991595,0.06182379522299159,0.06182379522299159,5
Argentina,1986,[3745.0],[3281.6149999999993],0.12373431241655558,12.373431241655558,0.12373431241655558,0.12373431241655558,5
Argentina,1987,[3189.7],[3564.2260000000006],0.11741731197291305,11.741731197291305,0.11741731197291305,-0.11741731197291305,5
Argentina,1988,[3774.4],[3382.439],0.10384723399745661,10.384723399745662,0.10384723399745661,0.10384723399745661,5
Argentina,1989,[2910.3],[3663.273000000003],0.2587269353674888,25.87269353674888,0.2587269353674888,-0.2587269353674888,5
Argentina,1990,[3460.8],[3652.160000000004],0.055293573740176766,5.5293573740176765,0.055293573740176766,-0.055293573740176766,5
Argentina,1991,[4044.4],[3740.2740000000013],0.07519681534961893,7.519681534961893,0.07519681534961893,0.07519681534961893,5
Argentina,1992,[4523.7],[4179.668000000006],0.07605102018259252,7.605102018259252,0.07605102018259252,0.07605102018259252,5
Argentina,1993,[4355.2],[4314.929000000006],0.009246647685523825,0.9246647685523826,0.009246647685523825,0.009246647685523825,5
Argentina,1994,[4237.1],[4386.925000000003],0.035360269995988416,3.5360269995988416,0.035360269995988416,-0.035360269995988416,5
Argentina,1995,[4522.3],[4261.288000000006],0.057716648608007924,5.771664860800793,0.057716648608007924,0.057716648608007924,5
Argentina,1996,[4039.7],[4444.694],0.10025348416961671,10.025348416961672,0.10025348416961671,-0.10025348416961671,5
Argentina,1997,[4555.7],[4616.325000000002],0.013307504883991883,1.3307504883991883,0.013307504883991883,-0.013307504883991883,5
Argentina,1998,[6078.0],[4549.219000000005],0.2515269825600519,25.15269825600519,0.2515269825600519,0.2515269825600519,5
Argentina,1999,[5370.2],[6137.036000000002],0.14279468176231835,14.279468176231836,0.14279468176231835,-0.14279468176231835,5
Argentina,2000,[5432.9],[6159.516999999997],0.13374385687202,13.374385687202,0.13374385687202,-0.13374385687202,5
Argentina,2001,[5455.3],[6048.912999999997],0.10881399739702613,10.881399739702612,0.10881399739702613,-0.10881399739702613,5
Argentina,2002,[6079.1],[6096.835000000001],0.002917372637397079,0.2917372637397079,0.002917372637397079,-0.002917372637397079,5
Argentina,2003,[6476.7],[6406.16],0.010891348989454501,1.0891348989454501,0.010891348989454501,0.010891348989454501,5
Argentina,2004,[6393.1],[6734.233999999997],0.05335971594375129,5.3359715943751285,0.05335971594375129,-0.05335971594375129,5
Argentina,2005,[7358.7],[6456.396999999996],0.12261717422914421,12.26171742291442,0.12261717422914421,0.12261717422914421,5
Argentina,2006,[5903.0],[6374.110999999995],0.07980874131797312,7.980874131797313,0.07980874131797312,-0.07980874131797312,5
Argentina,2007,[7665.5],[6199.368999999999],0.19126358358880716,19.126358358880715,0.19126358358880716,0.19126358358880716,5
Argentina,2008,[6452.5],[6544.355999999996],0.01423572258814353,1.423572258814353,0.01423572258814353,-0.01423572258814353,5
Argentina,2009,[5576.0],[6731.1810000000005],0.20717019368723108,20.717019368723108,0.20717019368723108,-0.20717019368723108,5
Argentina,2010,[7804.0],[6572.804000000001],0.15776473603280355,15.776473603280355,0.15776473603280355,0.15776473603280355,5
Argentina,2011,[6350.3],[7234.032999999995],0.13916397650504617,13.916397650504617,0.13916397650504617,-0.13916397650504617,5
Argentina,2012,[5734.6],[6853.003000000002],0.19502720329229623,19.50272032922962,0.19502720329229623,-0.19502720329229623,5
Argentina,2013,[6603.7],[6580.019000000003],0.0035860199585076333,0.3586019958507633,0.0035860199585076333,0.0035860199585076333,5
Argentina,2014,[6840.9],[6885.002000000002],0.006446812553904105,0.6446812553904105,0.006446812553904105,-0.006446812553904105,5
Argentina,2015,[7309.0],[6769.213999999998],0.07385223696812175,7.385223696812175,0.07385223696812175,0.07385223696812175,5
Argentina,2016,[7442.7],[7075.582000000002],0.04932591667002535,4.932591667002535,0.04932591667002535,0.04932591667002535,5
Argentina,2017,[7575.9],[6886.549999999997],0.09099248934120067,9.099248934120068,0.09099248934120067,0.09099248934120067,5
Argentina,2018,[6088.3],[7334.561999999998],0.20469786311449795,20.469786311449795,0.20469786311449795,-0.20469786311449795,5
Argentina,2019,[7861.5],[7133.934000000003],0.09254798702537646,9.254798702537647,0.09254798702537646,0.09254798702537646,5
Argentina,2020,[7553.9],[6737.741999999999],0.10804458624022034,10.804458624022034,0.10804458624022034,0.10804458624022034,5
Argentina,2021,[7429.6],[6973.817000000006],0.06134690965866183,6.1346909658661835,0.06134690965866183,0.06134690965866183,5
Argentina,2022,[6732.9],[7126.669000000005],0.058484308396085746,5.848430839608574,0.058484308396085746,-0.058484308396085746,5
Paraguay,1984,[1434.5],[1869.602000000001],0.3033126524921582,30.33126524921582,0.3033126524921582,-0.3033126524921582,3
Paraguay,1985,[1698.7],[1822.021],0.07259728027315,7.259728027315,0.07259728027315,-0.07259728027315,3
Paraguay,1986,[1701.3],[1864.2260000000015],0.0957655910186337,9.57655910186337,0.0957655910186337,-0.0957655910186337,3
Paraguay,1987,[1804.6],[1902.496],0.05424803280505386,5.424803280505386,0.05424803280505386,-0.05424803280505386,3
Paraguay,1988,[1902.0],[1908.4580000000017],0.0033953732912732257,0.3395373291273226,0.0033953732912732257,-0.0033953732912732257,3
Paraguay,1989,[1988.9],[1926.895000000001],0.031175524159082507,3.117552415908251,0.031175524159082507,0.031175524159082507,3
Paraguay,1990,[2199.1],[1842.112000000001],0.16233368196080167,16.233368196080168,0.16233368196080167,0.16233368196080167,3
Paraguay,1991,[1650.2],[1923.7470000000003],0.1657659677614836,16.57659677614836,0.1657659677614836,-0.1657659677614836,3
Paraguay,1992,[1743.0],[1935.869000000001],0.1106534710269656,11.06534710269656,0.1106534710269656,-0.1106534710269656,3
Paraguay,1993,[1763.0],[2045.1340000000012],0.16003062960862233,16.003062960862234,0.16003062960862233,-0.16003062960862233,3
Paraguay,1994,[2114.0],[1868.8570000000007],0.11596168401135258,11.596168401135259,0.11596168401135258,0.11596168401135258,3
Paraguay,1995,[2466.0],[1934.283000000002],0.21561922141119141,21.56192214111914,0.21561922141119141,0.21561922141119141,3
Paraguay,1996,[2015.0],[2446.5779999999986],0.21418263027295217,21.418263027295218,0.21418263027295217,-0.21418263027295217,3
Paraguay,1997,[2748.3],[2188.3810000000008],0.2037328530364223,20.37328530364223,0.2037328530364223,0.2037328530364223,3
Paraguay,1998,[2457.5],[2355.2059999999988],0.04162522889115004,4.162522889115004,0.04162522889115004,0.04162522889115004,3
Paraguay,1999,[2291.7],[2242.464000000001],0.021484487498363212,2.148448749836321,0.021484487498363212,0.021484487498363212,3
Paraguay,2000,[1951.2],[2400.166000000001],0.23009737597376026,23.009737597376027,0.23009737597376026,-0.23009737597376026,3
Paraguay,2001,[2330.8],[2386.8490000000015],0.024047108289000058,2.4047108289000056,0.024047108289000058,-0.024047108289000058,3
Paraguay,2002,[2344.2],[2478.270999999999],0.05719264567869593,5.719264567869593,0.05719264567869593,-0.05719264567869593,3
Paraguay,2003,[2384.9],[2627.273999999999],0.10162857981466682,10.162857981466681,0.10162857981466682,-0.10162857981466682,3
Paraguay,2004,[2545.5],[2432.2169999999987],0.044503241013553824,4.450324101355382,0.044503241013553824,0.044503241013553824,3
Paraguay,2005,[2075.0],[2692.889999999999],0.2977783132530116,29.777831325301158,0.2977783132530116,-0.2977783132530116,3
Paraguay,2006,[2682.9],[2430.595999999998],0.09404152223340485,9.404152223340486,0.09404152223340485,0.09404152223340485,3
Paraguay,2007,[2770.0],[2588.3279999999986],0.06558555956678751,6.558555956678751,0.06558555956678751,0.06558555956678751,3
Paraguay,2008,[2880.4],[2702.417],0.06179107068462719,6.179107068462719,0.06179107068462719,0.06179107068462719,3
Paraguay,2009,[2400.0],[2995.5650000000005],0.24815208333333355,24.815208333333356,0.24815208333333355,-0.24815208333333355,3
Paraguay,2010,[3915.2],[2863.748],0.2685563955864323,26.85563955864323,0.2685563955864323,0.2685563955864323,3
Paraguay,2011,[3919.8],[3295.1520000000005],0.15935711005663544,15.935711005663544,0.15935711005663544,0.15935711005663544,3
Paraguay,2012,[3095.0],[4264.246999999999],0.3777857835218092,37.77857835218092,0.3777857835218092,-0.3777857835218092,3
Paraguay,2013,[4000.0],[4005.5100000000007],0.0013775000000001683,0.13775000000001683,0.0013775000000001683,-0.0013775000000001683,3
Paraguay,2014,[4000.0],[4283.129999999999],0.0707824999999998,7.07824999999998,0.0707824999999998,-0.0707824999999998,3
Paraguay,2015,[5248.3],[4398.1500000000015],0.1619857858735207,16.19857858735207,0.1619857858735207,0.1619857858735207,3
Paraguay,2016,[5367.0],[4685.334],0.12701062045835665,12.701062045835664,0.12701062045835665,0.12701062045835665,3
Paraguay,2017,[5485.0],[4888.592000000001],0.10873436645396525,10.873436645396525,0.10873436645396525,0.10873436645396525,3
Paraguay,2018,[4995.0],[5042.031999999999],0.009415815815815664,0.9415815815815665,0.009415815815815664,-0.009415815815815664,3
Paraguay,2019,[5140.0],[4857.777000000003],0.054907198443579226,5.490719844357923,0.054907198443579226,0.054907198443579226,3
Paraguay,2020,[5304.2],[4675.875000000003],0.11845801440367956,11.845801440367957,0.11845801440367956,0.11845801440367956,3
Paraguay,2021,[4129.4],[5187.4090000000015],0.256213735651669,25.6213735651669,0.256213735651669,-0.256213735651669,3
Paraguay,2022,[5147.7],[4703.704000000002],0.08625133554791409,8.62513355479141,0.08625133554791409,0.08625133554791409,3
Rwanda,1984,[1198.8],[1434.3819999999998],0.19651484818151477,19.651484818151477,0.19651484818151477,-0.19651484818151477,3
Rwanda,1985,[1218.2],[1309.6750000000002],0.075090297159744,7.5090297159744,0.075090297159744,-0.075090297159744,3
Rwanda,1986,[1130.5],[1283.8010000000004],0.13560459973463104,13.560459973463104,0.13560459973463104,-0.13560459973463104,3
Rwanda,1987,[1483.9],[1211.1450000000002],0.18380955589999318,18.380955589999317,0.18380955589999318,0.18380955589999318,3
Rwanda,1988,[1800.0],[1271.3090000000002],0.29371722222222213,29.371722222222214,0.29371722222222213,0.29371722222222213,3
Rwanda,1989,[1187.5],[1230.652],0.03633852631578951,3.633852631578951,0.03633852631578951,-0.03633852631578951,3
Rwanda,1990,[1025.2],[1286.8770000000004],0.25524483027701944,25.524483027701944,0.25524483027701944,-0.25524483027701944,3
Rwanda,1991,[1155.6],[1325.1989999999996],0.1467627206645896,14.676272066458958,0.1467627206645896,-0.1467627206645896,3
Rwanda,1992,[1225.0],[1232.4370000000004],0.006071020408163553,0.6071020408163553,0.006071020408163553,-0.006071020408163553,3
Rwanda,1993,[1740.0],[1085.7640000000004],0.3759977011494251,37.59977011494251,0.3759977011494251,0.3759977011494251,3
Rwanda,1994,[1675.0],[1399.4930000000008],0.16448179104477562,16.44817910447756,0.16448179104477562,0.16448179104477562,3
Rwanda,1995,[1120.0],[1072.4299999999996],0.042473214285714635,4.247321428571463,0.042473214285714635,0.042473214285714635,3
Rwanda,1996,[1109.9],[1099.5870000000004],0.009291828092620639,0.9291828092620639,0.009291828092620639,0.009291828092620639,3
Rwanda,1997,[1090.8],[1313.3260000000002],0.20400256692335927,20.400256692335926,0.20400256692335927,-0.20400256692335927,3
Rwanda,1998,[823.1],[1239.3760000000007],0.5057417081764071,50.574170817640706,0.5057417081764071,-0.5057417081764071,3
Rwanda,1999,[755.6],[1207.036000000001],0.5974536791953426,59.74536791953427,0.5974536791953426,-0.5974536791953426,3
Rwanda,2000,[701.8],[1124.1220000000008],0.6017697349672283,60.17697349672283,0.6017697349672283,-0.6017697349672283,3
Rwanda,2001,[767.1],[963.5790000000009],0.25613218615565225,25.613218615565224,0.25613218615565225,-0.25613218615565225,3
Rwanda,2002,[876.3],[1149.1060000000004],0.3113157594431137,31.13157594431137,0.3113157594431137,-0.3113157594431137,3
Rwanda,2003,[767.2],[909.7280000000003],0.18577685088634024,18.577685088634023,0.18577685088634024,-0.18577685088634024,3
Rwanda,2004,[767.0],[898.8599999999999],0.1719165580182528,17.19165580182528,0.1719165580182528,-0.1719165580182528,3
Rwanda,2005,[888.9],[956.6400000000003],0.07620654741815767,7.620654741815767,0.07620654741815767,-0.07620654741815767,3
Rwanda,2006,[853.1],[995.4160000000006],0.16682217793928097,16.682217793928096,0.16682217793928097,-0.16682217793928097,3
Rwanda,2007,[720.1],[1162.4880000000005],0.6143424524371621,61.43424524371621,0.6143424524371621,-0.6143424524371621,3
Rwanda,2008,[1151.5],[1147.091000000001],0.003828918801562283,0.38289188015622827,0.003828918801562283,0.003828918801562283,3
Rwanda,2009,[1950.3],[1653.1940000000009],0.15233861457211664,15.233861457211665,0.15233861457211664,0.15233861457211664,3
Rwanda,2010,[2341.6],[2072.7159999999985],0.11482917663136376,11.482917663136377,0.11482917663136376,0.11482917663136376,3
Rwanda,2011,[2352.9],[2176.248000000003],0.07507841387224162,7.507841387224162,0.07507841387224162,0.07507841387224162,3
Rwanda,2012,[2258.7],[1846.3350000000005],0.18256740603001698,18.2567406030017,0.18256740603001698,0.18256740603001698,3
Rwanda,2013,[2284.5],[1909.4250000000018],0.16418253447143719,16.41825344714372,0.16418253447143719,0.16418253447143719,3
Rwanda,2014,[1531.6],[2095.7409999999995],0.36833442151997886,36.833442151997886,0.36833442151997886,-0.36833442151997886,3
Rwanda,2015,[1531.3],[1610.2440000000006],0.051553581923855965,5.155358192385597,0.051553581923855965,-0.051553581923855965,3
Rwanda,2016,[1574.8],[1372.507000000001],0.1284563119126232,12.845631191262319,0.1284563119126232,0.1284563119126232,3
Rwanda,2017,[1379.3],[1483.453],0.07551149133618504,7.5511491336185035,0.07551149133618504,-0.07551149133618504,3
Rwanda,2018,[1431.5],[1481.674000000001],0.03504994760740544,3.5049947607405443,0.03504994760740544,-0.03504994760740544,3
Rwanda,2019,[1461.0],[1380.830000000001],0.05487337440109441,5.487337440109441,0.05487337440109441,0.05487337440109441,3
Rwanda,2020,[1523.7],[1772.9760000000003],0.163599133687734,16.359913368773398,0.163599133687734,-0.163599133687734,3
Rwanda,2021,[1521.6],[1439.8780000000004],0.053707939011566466,5.370793901156647,0.053707939011566466,0.053707939011566466,3
Rwanda,2022,[1528.6],[1423.4690000000007],0.06877600418683709,6.877600418683709,0.06877600418683709,0.06877600418683709,3
Indonesia,1984,[1713.4],[1910.396999999998],0.11497432006536581,11.497432006536581,0.11497432006536581,-0.11497432006536581,1
Indonesia,1985,[1774.4],[1946.0739999999987],0.09675045085662681,9.675045085662681,0.09675045085662681,-0.09675045085662681,1
Indonesia,1986,[1883.8],[1885.6549999999982],0.0009847117528390484,0.09847117528390484,0.0009847117528390484,-0.0009847117528390484,1
Indonesia,1987,[1963.3],[2004.8479999999995],0.02116232873223631,2.1162328732236313,0.02116232873223631,-0.02116232873223631,1
Indonesia,1988,[1953.1],[2063.5179999999978],0.05653473964466635,5.6534739644666345,0.05653473964466635,-0.05653473964466635,1
Indonesia,1989,[2103.3],[1942.193999999999],0.07659677649408127,7.659677649408127,0.07659677649408127,0.07659677649408127,1
Indonesia,1990,[2132.3],[2144.1899999999987],0.005576138442057172,0.5576138442057171,0.005576138442057172,-0.005576138442057172,1
Indonesia,1991,[2150.5],[2182.8889999999997],0.015061148570099823,1.5061148570099823,0.015061148570099823,-0.015061148570099823,1
Indonesia,1992,[2203.0],[2115.579999999999],0.03968225147526146,3.968225147526146,0.03968225147526146,0.03968225147526146,1
Indonesia,1993,[2197.5],[2191.7610000000004],0.0026116040955629478,0.26116040955629477,0.0026116040955629478,0.0026116040955629478,1
Indonesia,1994,[2209.1],[3164.5970000000007],0.43252772622334923,43.25277262233492,0.43252772622334923,-0.43252772622334923,1
Indonesia,1995,[2258.0],[2231.965],0.011530115146146968,1.1530115146146969,0.011530115146146968,0.011530115146146968,1
Indonesia,1996,[2486.2],[2354.7510000000007],0.052871450406242124,5.287145040624212,0.052871450406242124,0.052871450406242124,1
Indonesia,1997,[2614.1],[2597.3750000000014],0.006397995486017576,0.6397995486017576,0.006397995486017576,0.006397995486017576,1
Indonesia,1998,[2652.6],[2859.2800000000016],0.07791600693659115,7.791600693659115,0.07791600693659115,-0.07791600693659115,1
Indonesia,1999,[2662.9],[2600.808000000001],0.023317435878177622,2.3317435878177624,0.023317435878177622,0.023317435878177622,1
Indonesia,2000,[2764.9],[2625.8479999999986],0.05029187312380248,5.029187312380248,0.05029187312380248,0.05029187312380248,1
Indonesia,2001,[2844.6],[2902.2749999999987],0.02027525838430669,2.027525838430669,0.02027525838430669,-0.02027525838430669,1
Indonesia,2002,[3065.5],[3063.043999999999],0.000801174359811137,0.0801174359811137,0.000801174359811137,0.000801174359811137,1
Indonesia,2003,[3241.4],[3249.444000000001],0.002481643734189171,0.2481643734189171,0.002481643734189171,-0.002481643734189171,1
Indonesia,2004,[3343.9],[3299.959],0.013140644158019157,1.3140644158019157,0.013140644158019157,0.013140644158019157,1
Indonesia,2005,[3453.9],[3274.3470000000007],0.05198558151654634,5.198558151654634,0.05198558151654634,0.05198558151654634,1
Indonesia,2006,[3469.9],[3189.57],0.08078907173117379,8.07890717311738,0.08078907173117379,0.08078907173117379,1
Indonesia,2007,[3660.1],[3597.8360000000002],0.01701155706128239,1.701155706128239,0.01701155706128239,0.01701155706128239,1
Indonesia,2008,[4077.6],[4331.229000000005],0.06220055915244382,6.220055915244382,0.06220055915244382,-0.06220055915244382,1
Indonesia,2009,[4237.2],[4476.958],0.05658406494855089,5.658406494855089,0.05658406494855089,-0.05658406494855089,1
Indonesia,2010,[4435.9],[4635.594000000001],0.045017696521563004,4.5017696521563,0.045017696521563004,-0.045017696521563004,1
Indonesia,2011,[4565.2],[4386.312000000003],0.03918513975291273,3.9185139752912734,0.03918513975291273,0.03918513975291273,1
Indonesia,2012,[4898.7],[4474.863000000001],0.08652030130442742,8.652030130442743,0.08652030130442742,0.08652030130442742,1
Indonesia,2013,[4844.1],[4808.239000000005],0.0074030263619651385,0.7403026361965138,0.0074030263619651385,0.0074030263619651385,1
Indonesia,2014,[4954.0],[4953.639000000004],7.287040775055275e-05,0.007287040775055275,7.287040775055275e-05,7.287040775055275e-05,1
Indonesia,2015,[5178.4],[5040.536000000005],0.02662289510273348,2.662289510273348,0.02662289510273348,0.02662289510273348,1
Indonesia,2016,[5305.2],[5401.247000000006],0.018104312749756078,1.8104312749756077,0.018104312749756078,-0.018104312749756078,1
Indonesia,2017,[5227.4],[5380.592000000005],0.029305582124958006,2.9305582124958005,0.029305582124958006,-0.029305582124958006,1
Indonesia,2018,[5326.1],[5090.535000000007],0.04422842229774004,4.4228422297740035,0.04422842229774004,0.04422842229774004,1
Indonesia,2019,[5441.9],[5240.041999999998],0.03709329462136423,3.709329462136423,0.03709329462136423,0.03709329462136423,1
Indonesia,2020,[5680.4],[5448.223000000003],0.04087335398915516,4.087335398915516,0.04087335398915516,0.04087335398915516,1
Indonesia,2021,[5695.7],[5541.568000000003],0.02706111628070244,2.706111628070244,0.02706111628070244,0.02706111628070244,1
Indonesia,2022,[5793.6],[5380.592000000005],0.0712869373101345,7.12869373101345,0.0712869373101345,0.0712869373101345,1
Guinea,1984,[1055.8],[1087.3710000000005],0.02990244364463023,2.990244364463023,0.02990244364463023,-0.02990244364463023,3
Guinea,1985,[1111.1],[1117.9970000000008],0.006207362073621496,0.6207362073621496,0.006207362073621496,-0.006207362073621496,3
Guinea,1986,[1111.1],[1052.8869999999997],0.0523922239222394,5.239222392223939,0.0523922239222394,0.0523922239222394,3
Guinea,1987,[1000.0],[1250.6260000000007],0.2506260000000007,25.062600000000067,0.2506260000000007,-0.2506260000000007,3
Guinea,1988,[952.0],[1083.7169999999999],0.13835819327731078,13.835819327731077,0.13835819327731078,-0.13835819327731078,3
Guinea,1989,[984.5],[1079.0780000000004],0.09606703910614568,9.606703910614568,0.09606703910614568,-0.09606703910614568,3
Guinea,1990,[1017.9],[1051.0910000000001],0.03260732881422551,3.260732881422551,0.03260732881422551,-0.03260732881422551,3
Guinea,1991,[1052.7],[1084.1240000000007],0.029850859694120508,2.985085969412051,0.029850859694120508,-0.029850859694120508,3
Guinea,1992,[1088.5],[1114.8210000000006],0.024180983004134675,2.4180983004134675,0.024180983004134675,-0.024180983004134675,3
Guinea,1993,[1125.5],[1208.1620000000005],0.07344469124833451,7.344469124833451,0.07344469124833451,-0.07344469124833451,3
Guinea,1994,[1163.9],[1093.9130000000002],0.0601314545923188,6.01314545923188,0.0601314545923188,0.0601314545923188,3
Guinea,1995,[1203.6],[1238.9530000000007],0.029372715187770647,2.937271518777065,0.029372715187770647,-0.029372715187770647,3
Guinea,1996,[1244.6],[1185.477000000001],0.04750361561947526,4.750361561947527,0.04750361561947526,0.04750361561947526,3
Guinea,1997,[1287.0],[1147.8460000000007],0.10812276612276558,10.812276612276559,0.10812276612276558,0.10812276612276558,3
Guinea,1998,[1330.8],[1375.7220000000004],0.03375563570784527,3.375563570784527,0.03375563570784527,-0.03375563570784527,3
Guinea,1999,[1376.1],[1264.8630000000007],0.08083496838892462,8.083496838892462,0.08083496838892462,0.08083496838892462,3
Guinea,2000,[1423.0],[1352.987000000001],0.04920098383696347,4.920098383696347,0.04920098383696347,0.04920098383696347,3
Guinea,2001,[1443.0],[1400.5430000000001],0.029422730422730338,2.9422730422730337,0.029422730422730338,0.029422730422730338,3
Guinea,2002,[1466.4],[1480.3830000000007],0.00953559738134249,0.953559738134249,0.00953559738134249,-0.00953559738134249,3
Guinea,2003,[1490.1],[1473.0049999999997],0.011472384403731465,1.1472384403731466,0.011472384403731465,0.011472384403731465,3
Guinea,2004,[1514.3],[1451.9230000000005],0.041191969887076206,4.11919698870762,0.041191969887076206,0.041191969887076206,3
Guinea,2005,[1538.8],[1448.082000000001],0.05895373017935985,5.895373017935985,0.05895373017935985,0.05895373017935985,3
Guinea,2006,[1563.7],[1469.077000000001],0.06051224659461478,6.051224659461478,0.06051224659461478,0.06051224659461478,3
Guinea,2007,[1589.1],[1433.0130000000001],0.09822352274872555,9.822352274872555,0.09822352274872555,0.09822352274872555,3
Guinea,2008,[1079.3],[1543.9489999999994],0.4305095895487811,43.05095895487811,0.4305095895487811,-0.4305095895487811,3
Guinea,2009,[1631.8],[1504.3570000000004],0.07809964456428455,7.809964456428455,0.07809964456428455,0.07809964456428455,3
Guinea,2010,[1631.3],[1316.0320000000006],0.19326181572978565,19.326181572978566,0.19326181572978565,0.19326181572978565,3
Guinea,2011,[1658.4],[1456.9690000000003],0.12146104679208863,12.146104679208863,0.12146104679208863,0.12146104679208863,3
Guinea,2012,[1220.0],[1466.6019999999992],0.20213278688524522,20.21327868852452,0.20213278688524522,-0.20213278688524522,3
Guinea,2013,[1250.0],[1386.4360000000004],0.1091488000000003,10.91488000000003,0.1091488000000003,-0.1091488000000003,3
Guinea,2014,[1232.3],[1379.578],0.11951472855635804,11.951472855635805,0.11951472855635804,-0.11951472855635804,3
Guinea,2015,[1250.3],[1333.8740000000005],0.0668431576421663,6.684315764216631,0.0668431576421663,-0.0668431576421663,3
Guinea,2016,[1226.5],[1389.374],0.13279576029351817,13.279576029351817,0.13279576029351817,-0.13279576029351817,3
Guinea,2017,[1350.0],[1299.2770000000005],0.03757259259259222,3.757259259259222,0.03757259259259222,0.03757259259259222,3
Guinea,2018,[1338.6],[1428.9900000000002],0.06752577319587653,6.752577319587654,0.06752577319587653,-0.06752577319587653,3
Guinea,2019,[1450.0],[1346.0330000000008],0.07170137931034427,7.170137931034428,0.07170137931034427,0.07170137931034427,3
Guinea,2020,[1420.0],[1387.9030000000002],0.02260352112676039,2.260352112676039,0.02260352112676039,0.02260352112676039,3
Guinea,2021,[1450.0],[1406.1760000000002],0.030223448275861958,3.022344827586196,0.030223448275861958,0.030223448275861958,3
Guinea,2022,[1500.0],[1386.326000000001],0.07578266666666604,7.578266666666604,0.07578266666666604,0.07578266666666604,3
Benin,1984,[807.7],[833.5770000000002],0.032037885353473045,3.2037885353473046,0.032037885353473045,-0.032037885353473045,3
Benin,1985,[889.0],[821.4689999999998],0.0759628796400452,7.596287964004519,0.0759628796400452,0.0759628796400452,3
Benin,1986,[854.3],[877.3990000000001],0.02703851106168812,2.703851106168812,0.02703851106168812,-0.02703851106168812,3
Benin,1987,[707.5],[888.8470000000001],0.2563208480565372,25.632084805653722,0.2563208480565372,-0.2563208480565372,3
Benin,1988,[871.2],[893.347000000001],0.025421258034895495,2.5421258034895495,0.025421258034895495,-0.025421258034895495,3
Benin,1989,[885.3],[892.8280000000003],0.008503332203773141,0.8503332203773142,0.008503332203773141,-0.008503332203773141,3
Benin,1990,[895.4],[887.0830000000008],0.009288586106767045,0.9288586106767045,0.009288586106767045,0.009288586106767045,3
Benin,1991,[928.1],[921.3760000000005],0.00724490895377597,0.724490895377597,0.00724490895377597,0.00724490895377597,3
Benin,1992,[977.1],[956.1730000000008],0.021417459830108714,2.1417459830108716,0.021417459830108714,0.021417459830108714,3
Benin,1993,[977.8],[933.8810000000008],0.044916138269583954,4.491613826958395,0.044916138269583954,0.044916138269583954,3
Benin,1994,[1022.8],[1022.0640000000008],0.0007195932733664394,0.07195932733664394,0.0007195932733664394,0.0007195932733664394,3
Benin,1995,[1173.7],[1017.5290000000014],0.13305870324614355,13.305870324614355,0.13305870324614355,0.13305870324614355,3
Benin,1996,[1081.8],[1156.4829999999995],0.06903586614901049,6.903586614901049,0.06903586614901049,-0.06903586614901049,3
Benin,1997,[1202.0],[1145.3720000000003],0.047111480865224376,4.711148086522438,0.047111480865224376,0.047111480865224376,3
Benin,1998,[1114.3],[1189.5909999999992],0.06756797989769296,6.7567979897692965,0.06756797989769296,-0.06756797989769296,3
Benin,1999,[1251.8],[1168.2619999999993],0.06673430260425044,6.673430260425044,0.06673430260425044,0.06673430260425044,3
Benin,2000,[1148.1],[1175.1779999999992],0.02358505356676186,2.358505356676186,0.02358505356676186,-0.02358505356676186,3
Benin,2001,[1100.2],[1256.2390000000003],0.14182784948191257,14.182784948191257,0.14182784948191257,-0.14182784948191257,3
Benin,2002,[1164.4],[1186.2749999999999],0.01878649948471296,1.878649948471296,0.01878649948471296,-0.01878649948471296,3
Benin,2003,[1189.9],[1166.4490000000003],0.019708378855365822,1.9708378855365822,0.019708378855365822,0.019708378855365822,3
Benin,2004,[1179.0],[1201.6379999999992],0.019201017811704187,1.9201017811704186,0.019201017811704187,-0.019201017811704187,3
Benin,2005,[1144.7],[1217.5160000000003],0.0636114265746486,6.36114265746486,0.0636114265746486,-0.0636114265746486,3
Benin,2006,[1227.3],[1184.5699999999995],0.03481626334229648,3.4816263342296483,0.03481626334229648,0.03481626334229648,3
Benin,2007,[1334.4],[1200.0469999999993],0.10068420263789024,10.068420263789024,0.10068420263789024,0.10068420263789024,3
Benin,2008,[1127.9],[1264.2969999999991],0.12093004698998051,12.093004698998051,0.12093004698998051,-0.12093004698998051,3
Benin,2009,[1397.7],[1181.6950000000004],0.1545431780782712,15.45431780782712,0.1545431780782712,0.1545431780782712,3
Benin,2010,[1102.8],[1278.4039999999986],0.15923467537177974,15.923467537177974,0.15923467537177974,-0.15923467537177974,3
Benin,2011,[1421.6],[1280.3759999999995],0.09934158694428841,9.934158694428842,0.09934158694428841,0.09934158694428841,3
Benin,2012,[1262.2],[1182.2679999999996],0.06332752337189072,6.332752337189072,0.06332752337189072,0.06332752337189072,3
Benin,2013,[1308.4],[1288.567],0.015158208498930053,1.5158208498930053,0.015158208498930053,0.015158208498930053,3
Benin,2014,[1399.1],[1271.3839999999987],0.09128439711243032,9.128439711243033,0.09128439711243032,0.09128439711243032,3
Benin,2015,[1281.3],[1373.7560000000005],0.07215796456723686,7.215796456723686,0.07215796456723686,-0.07215796456723686,3
Benin,2016,[1376.2],[1295.3189999999997],0.058771254178172,5.8771254178172,0.058771254178172,0.058771254178172,3
Benin,2017,[1321.5],[1275.6269999999997],0.0347128263337119,3.47128263337119,0.0347128263337119,0.0347128263337119,3
Benin,2018,[1304.0],[1269.1689999999999],0.02671088957055225,2.671088957055225,0.02671088957055225,0.02671088957055225,3
Benin,2019,[1075.2],[1313.805000000001],0.22191685267857228,22.191685267857228,0.22191685267857228,-0.22191685267857228,3
Benin,2020,[1271.8],[1219.7249999999995],0.04094590344393812,4.094590344393812,0.04094590344393812,0.04094590344393812,3
Benin,2021,[1206.4],[1320.102],0.09424900530503978,9.424900530503978,0.09424900530503978,-0.09424900530503978,3
Benin,2022,[1164.3],[1268.713],0.08967877694752213,8.967877694752213,0.08967877694752213,-0.08967877694752213,3
Eswatini,1984,[1790.0],[1779.4620000000018],0.005887150837987817,0.5887150837987817,0.005887150837987817,0.005887150837987817,6
Eswatini,1985,[2022.0],[1370.23],0.3223392680514342,32.23392680514342,0.3223392680514342,0.3223392680514342,6
Eswatini,1986,[1431.2],[1265.3090000000002],0.11591042481833416,11.591042481833416,0.11591042481833416,0.11591042481833416,6
Eswatini,1987,[1238.5],[1501.07],0.21200645942672583,21.200645942672583,0.21200645942672583,-0.21200645942672583,6
Eswatini,1988,[1287.0],[1476.274],0.14706604506604498,14.706604506604497,0.14706604506604498,-0.14706604506604498,6
Eswatini,1989,[1018.8],[1347.2830000000001],0.32242147624656475,32.242147624656475,0.32242147624656475,-0.32242147624656475,6
Eswatini,1990,[1240.3],[1497.9160000000004],0.20770458759977461,20.770458759977462,0.20770458759977461,-0.20770458759977461,6
Eswatini,1991,[1010.5],[1339.987],0.3260633349826819,32.60633349826819,0.3260633349826819,-0.3260633349826819,6
Eswatini,1992,[1543.5],[958.2490000000004],0.37917136378360844,37.917136378360844,0.37917136378360844,0.37917136378360844,6
Eswatini,1993,[1378.5],[1327.0],0.03735944867609721,3.735944867609721,0.03735944867609721,0.03735944867609721,6
Eswatini,1994,[1273.3],[1753.6230000000007],0.37722689075630317,37.72268907563031,0.37722689075630317,-0.37722689075630317,6
Eswatini,1995,[2206.5],[1258.6720000000003],0.42956174937684105,42.956174937684104,0.42956174937684105,0.42956174937684105,6
Eswatini,1996,[1776.6],[1655.5430000000001],0.06813970505459856,6.813970505459856,0.06813970505459856,0.06813970505459856,6
Eswatini,1997,[1921.8],[1627.6960000000013],0.15303569570194542,15.303569570194542,0.15303569570194542,0.15303569570194542,6
Eswatini,1998,[1917.8],[1253.718],0.3462728125977682,34.62728125977682,0.3462728125977682,0.3462728125977682,6
Eswatini,1999,[1645.6],[1576.4420000000005],0.04202600875060735,4.202600875060735,0.04202600875060735,0.04202600875060735,6
Eswatini,2000,[1645.6],[1703.0040000000015],0.03488332523091978,3.4883325230919784,0.03488332523091978,-0.03488332523091978,6
Eswatini,2001,[1426.7],[1505.129],0.054972313730987495,5.497231373098749,0.054972313730987495,-0.054972313730987495,6
Eswatini,2002,[996.2],[1137.7110000000002],0.1420507930134513,14.20507930134513,0.1420507930134513,-0.1420507930134513,6
Eswatini,2003,[1023.5],[993.395],0.029413776257938465,2.9413776257938467,0.029413776257938465,0.029413776257938465,6
Eswatini,2004,[1250.0],[1511.6300000000006],0.20930400000000046,20.930400000000045,0.20930400000000046,-0.20930400000000046,6
Eswatini,2005,[1321.0],[1186.5149999999992],0.10180545041635186,10.180545041635186,0.10180545041635186,0.10180545041635186,6
Eswatini,2006,[1429.1],[1337.109],0.064369883143237,6.436988314323699,0.064369883143237,0.064369883143237,6
Eswatini,2007,[552.0],[1132.6230000000003],1.0518532608695657,105.18532608695656,1.0518532608695657,-1.0518532608695657,6
Eswatini,2008,[994.3],[1259.211999999999],0.26643065473197136,26.643065473197137,0.26643065473197136,-0.26643065473197136,6
Eswatini,2009,[1286.9],[1345.8390000000002],0.04579920739762225,4.579920739762225,0.04579920739762225,-0.04579920739762225,6
Eswatini,2010,[1204.0],[1437.3430000000008],0.19380647840531623,19.380647840531623,0.19380647840531623,-0.19380647840531623,6
Eswatini,2011,[1345.2],[1341.2779999999993],0.0029155515908420365,0.29155515908420365,0.0029155515908420365,0.0029155515908420365,6
Eswatini,2012,[1337.5],[1241.8379999999993],0.07152299065420614,7.152299065420614,0.07152299065420614,0.07152299065420614,6
Eswatini,2013,[1370.2],[1358.0840000000003],0.00884250474383284,0.884250474383284,0.00884250474383284,0.00884250474383284,6
Eswatini,2014,[1365.2],[1308.600999999999],0.04145839437445141,4.145839437445141,0.04145839437445141,0.04145839437445141,6
Eswatini,2015,[1260.8],[956.0000000000001],0.24175126903553287,24.175126903553288,0.24175126903553287,0.24175126903553287,6
Eswatini,2016,[1224.8],[1223.5360000000003],0.0010320052253426429,0.10320052253426429,0.0010320052253426429,0.0010320052253426429,6
Eswatini,2017,[1238.7],[1202.222000000001],0.02944861548397445,2.944861548397445,0.02944861548397445,0.02944861548397445,6
Eswatini,2018,[1268.9],[1393.8869999999993],0.09850027582945793,9.850027582945794,0.09850027582945793,-0.09850027582945793,6
Eswatini,2019,[1279.7],[1309.3099999999995],0.02313823552395049,2.313823552395049,0.02313823552395049,-0.02313823552395049,6
Eswatini,2020,[1279.4],[1337.3139999999996],0.0452665311864933,4.52665311864933,0.0452665311864933,-0.0452665311864933,6
Eswatini,2021,[1428.6],[1286.0999999999988],0.0997480050399,9.97480050399,0.0997480050399,0.0997480050399,6
Eswatini,2022,[1587.5],[1347.033],0.15147527559055124,15.147527559055124,0.15147527559055124,0.15147527559055124,6
Zimbabwe,1984,[832.6],[1795.7170000000003],1.1567583473456644,115.67583473456644,1.1567583473456644,-1.1567583473456644,6
Zimbabwe,1985,[2163.7],[1403.4780000000007],0.35135277533854004,35.135277533854,0.35135277533854004,0.35135277533854004,6
Zimbabwe,1986,[1937.3],[1617.3270000000014],0.16516440406751592,16.51644040675159,0.16516440406751592,0.16516440406751592,6
Zimbabwe,1987,[917.3],[974.5370000000003],0.06239725280715176,6.239725280715176,0.06239725280715176,-0.06239725280715176,6
Zimbabwe,1988,[1806.6],[1462.9020000000005],0.19024576552640288,19.024576552640287,0.19024576552640288,0.19024576552640288,6
Zimbabwe,1989,[1707.9],[1341.2480000000007],0.2146800163944021,21.46800163944021,0.2146800163944021,0.2146800163944021,6
Zimbabwe,1990,[1720.6],[877.3599999999997],0.4900848541206557,49.008485412065575,0.4900848541206557,0.4900848541206557,6
Zimbabwe,1991,[1440.0],[836.5369999999997],0.419071527777778,41.9071527777778,0.419071527777778,0.419071527777778,6
Zimbabwe,1992,[410.8],[1001.3830000000006],1.4376411879259994,143.76411879259993,1.4376411879259994,-1.4376411879259994,6
Zimbabwe,1993,[1652.6],[1289.4090000000006],0.21976945419339186,21.976945419339184,0.21976945419339186,0.21976945419339186,6
Zimbabwe,1994,[1213.3],[950.5520000000004],0.2165564988049119,21.65564988049119,0.2165564988049119,0.2165564988049119,6
Zimbabwe,1995,[594.9],[1027.7470000000005],0.7275962346612885,72.75962346612886,0.7275962346612885,-0.7275962346612885,6
Zimbabwe,1996,[1415.0],[1249.5910000000001],0.11689681978798577,11.689681978798577,0.11689681978798577,0.11689681978798577,6
Zimbabwe,1997,[1104.3],[1296.749],0.17427238974916243,17.427238974916243,0.17427238974916243,-0.17427238974916243,6
Zimbabwe,1998,[1012.5],[1091.2270000000003],0.07775506172839537,7.775506172839537,0.07775506172839537,-0.07775506172839537,6
Zimbabwe,1999,[1087.0],[1318.7730000000001],0.21322263109475634,21.322263109475635,0.21322263109475634,-0.21322263109475634,6
Zimbabwe,2000,[1179.5],[1345.632],0.1408495125052989,14.08495125052989,0.1408495125052989,-0.1408495125052989,6
Zimbabwe,2001,[1230.9],[1155.3010000000008],0.06141766187342534,6.141766187342534,0.06141766187342534,0.06141766187342534,6
Zimbabwe,2002,[455.4],[870.5789999999998],0.911679841897233,91.1679841897233,0.911679841897233,-0.911679841897233,6
Zimbabwe,2003,[782.9],[992.635],0.26789500574786057,26.789500574786057,0.26789500574786057,-0.26789500574786057,6
Zimbabwe,2004,[1296.5],[1229.391],0.05176166602391047,5.176166602391047,0.05176166602391047,0.05176166602391047,6
Zimbabwe,2005,[619.5],[585.7629999999997],0.05445843422114658,5.445843422114658,0.05445843422114658,0.05445843422114658,6
Zimbabwe,2006,[977.2],[1342.458],0.3737801882930823,37.37801882930823,0.3737801882930823,-0.3737801882930823,6
Zimbabwe,2007,[865.1],[1077.9120000000005],0.2459969945671026,24.599699456710262,0.2459969945671026,-0.2459969945671026,6
Zimbabwe,2008,[286.7],[730.8489999999998],1.5491768399023365,154.91768399023366,1.5491768399023365,-1.5491768399023365,6
Zimbabwe,2009,[464.2],[1197.9920000000009],1.580766910814306,158.0766910814306,1.580766910814306,-1.580766910814306,6
Zimbabwe,2010,[875.1],[1092.1590000000008],0.24803908124785826,24.803908124785824,0.24803908124785826,-0.24803908124785826,6
Zimbabwe,2011,[656.8],[748.1099999999992],0.1390225334957358,13.902253349573579,0.1390225334957358,-0.1390225334957358,6
Zimbabwe,2012,[791.2],[622.1070000000001],0.2137171385237613,21.371713852376132,0.2137171385237613,0.2137171385237613,6
Zimbabwe,2013,[744.9],[871.4159999999997],0.16984293193717243,16.984293193717242,0.16984293193717243,-0.16984293193717243,6
Zimbabwe,2014,[930.1],[1128.909000000001],0.21375013439415222,21.375013439415223,0.21375013439415222,-0.21375013439415222,6
Zimbabwe,2015,[580.3],[779.7899999999998],0.34377046355333435,34.377046355333434,0.34377046355333435,-0.34377046355333435,6
Zimbabwe,2016,[440.5],[664.8329999999999],0.5092690124858112,50.926901248581125,0.5092690124858112,-0.5092690124858112,6
Zimbabwe,2017,[1393.3],[1316.2690000000002],0.05528672934759185,5.528672934759185,0.05528672934759185,0.05528672934759185,6
Zimbabwe,2018,[1350.6],[804.5560000000005],0.40429734932622496,40.429734932622495,0.40429734932622496,0.40429734932622496,6
Zimbabwe,2019,[780.7],[747.7090000000004],0.04225822979377436,4.225822979377436,0.04225822979377436,0.04225822979377436,6
Zimbabwe,2020,[1180.1],[965.532000000001],0.18182187950173628,18.182187950173628,0.18182187950173628,0.18182187950173628,6
Zimbabwe,2021,[1534.4],[1275.0420000000015],0.16902893639207414,16.902893639207413,0.16902893639207414,0.16902893639207414,6
Zimbabwe,2022,[1500.0],[1035.0210000000002],0.3099859999999999,30.99859999999999,0.3099859999999999,0.3099859999999999,6
