country,year,y_true,y_pred,NRMSE,rRMSE,NMAE,nME,koppen_class
Lao People's Democratic Republic,1984,[1187.2],[1240.0010889283749],0.044475310755032714,4.447531075503272,0.044475310755032714,-0.044475310755032714,11
Lao People's Democratic Republic,1985,[1239.8],[1424.373770683634],0.14887382697502335,14.887382697502336,0.14887382697502335,-0.14887382697502335,11
Lao People's Democratic Republic,1986,[1406.7],[1239.8618306716496],0.11860252315941595,11.860252315941596,0.11860252315941595,0.11860252315941595,11
Lao People's Democratic Republic,1987,[1442.6],[1239.8618061362345],0.14053666564797274,14.053666564797274,0.14053666564797274,0.14053666564797274,11
Lao People's Democratic Republic,1988,[1344.0],[1239.9937786173562],0.07738558138589571,7.738558138589571,0.07738558138589571,0.07738558138589571,11
Lao People's Democratic Republic,1989,[1443.8],[1239.8621948481987],0.14125073081576486,14.125073081576486,0.14125073081576486,0.14125073081576486,11
Lao People's Democratic Republic,1990,[1815.3],[1437.9500341837227],0.20787195825278318,20.787195825278317,0.20787195825278318,0.20787195825278318,11
Lao People's Democratic Republic,1991,[2006.5],[1822.3527755965627],0.09177534233911655,9.177534233911654,0.09177534233911655,0.09177534233911655,11
Lao People's Democratic Republic,1992,[1826.6],[1756.6534115812701],0.03829332553308321,3.8293325533083213,0.03829332553308321,0.03829332553308321,11
Lao People's Democratic Republic,1993,[1753.6],[2058.8353183777335],0.1740621113011711,17.40621113011711,0.1740621113011711,-0.1740621113011711,11
Lao People's Democratic Republic,1994,[1988.2],[1816.1014990858444],0.08655995418677985,8.655995418677985,0.08655995418677985,0.08655995418677985,11
Lao People's Democratic Republic,1995,[1730.4],[1816.6881911221312],0.0498660374029884,4.986603740298841,0.0498660374029884,-0.0498660374029884,11
Lao People's Democratic Republic,1996,[2089.2],[1732.8413547141793],0.1705718194935002,17.05718194935002,0.1705718194935002,0.1705718194935002,11
Lao People's Democratic Republic,1997,[2060.5],[2051.011469911865],0.004604964857139103,0.46049648571391033,0.004604964857139103,0.004604964857139103,11
Lao People's Democratic Republic,1998,[2368.5],[1755.9175556349824],0.25863729971079485,25.863729971079486,0.25863729971079485,0.25863729971079485,11
Lao People's Democratic Republic,1999,[2359.7],[2387.8283258609276],0.011920297436507955,1.1920297436507954,0.011920297436507955,-0.011920297436507955,11
Lao People's Democratic Republic,2000,[2387.8],[2874.840794819487],0.20397051462412555,20.397051462412556,0.20397051462412555,-0.20397051462412555,11
Lao People's Democratic Republic,2001,[2550.0],[2368.506470759464],0.07117393303550439,7.117393303550439,0.07117393303550439,0.07117393303550439,11
Lao People's Democratic Republic,2002,[2761.0],[2548.5055318963323],0.07696286421719221,7.696286421719221,0.07696286421719221,0.07696286421719221,11
Lao People's Democratic Republic,2003,[2771.0],[2368.544790820529],0.14523825665083753,14.523825665083754,0.14523825665083753,0.14523825665083753,11
Lao People's Democratic Republic,2004,[3014.8],[2369.596941221709],0.2140118942478078,21.40118942478078,0.2140118942478078,0.2140118942478078,11
Lao People's Democratic Republic,2005,[4332.1],[2913.162699277518],0.3275402924037954,32.75402924037954,0.3275402924037954,0.3275402924037954,11
Lao People's Democratic Republic,2006,[3953.3],[4363.57500470137],0.103780387195854,10.3780387195854,0.103780387195854,-0.103780387195854,11
Lao People's Democratic Republic,2007,[4363.6],[3953.2867946880274],0.09403089314143664,9.403089314143664,0.09403089314143664,0.09403089314143664,11
Lao People's Democratic Republic,2008,[4832.8],[4828.188189506296],0.0009542729874408355,0.09542729874408355,0.0009542729874408355,0.0009542729874408355,11
Lao People's Democratic Republic,2009,[5464.3],[4805.03595649069],0.12064931345447905,12.064931345447905,0.12064931345447905,0.12064931345447905,11
Lao People's Democratic Republic,2010,[4798.6],[5224.723176300073],0.08880156218481898,8.880156218481899,0.08880156218481898,-0.08880156218481898,11
Lao People's Democratic Republic,2011,[5168.4],[4825.961776424746],0.06625613798762744,6.625613798762744,0.06625613798762744,0.06625613798762744,11
Lao People's Democratic Republic,2012,[5718.5],[4798.565034923689],0.16086997728011027,16.086997728011028,0.16086997728011027,0.16086997728011027,11
Lao People's Democratic Republic,2013,[5726.0],[5745.451566946289],0.0033970602421042524,0.33970602421042523,0.0033970602421042524,-0.0033970602421042524,11
Lao People's Democratic Republic,2014,[5803.3],[5723.717025479115],0.013713400051847194,1.3713400051847193,0.013713400051847194,0.013713400051847194,11
Lao People's Democratic Republic,2015,[5968.9],[5230.151902840578],0.12376620435246384,12.376620435246384,0.12376620435246384,0.12376620435246384,11
Lao People's Democratic Republic,2016,[5995.8],[5803.1333597650655],0.03213360022598063,3.2133600225980627,0.03213360022598063,0.03213360022598063,11
Lao People's Democratic Republic,2017,[5755.7],[5945.962542136009],0.03305636884062911,3.305636884062911,0.03305636884062911,-0.03305636884062911,11
Lao People's Democratic Republic,2018,[5927.3],[5345.6074702552505],0.09813785867844543,9.813785867844544,0.09813785867844543,0.09813785867844543,11
Lao People's Democratic Republic,2019,[5230.2],[5968.83201602564],0.1412244304282131,14.12244304282131,0.1412244304282131,-0.1412244304282131,11
Lao People's Democratic Republic,2020,[5225.6],[5803.475661952989],0.11058551399896444,11.058551399896444,0.11058551399896444,-0.11058551399896444,11
Lao People's Democratic Republic,2021,[4826.0],[5217.511427670618],0.08112545123717739,8.112545123717739,0.08112545123717739,-0.08112545123717739,11
Lao People's Democratic Republic,2022,[4989.4],[5464.245978857672],0.09517095820292461,9.517095820292461,0.09517095820292461,-0.09517095820292461,11
El Salvador,1984,[2166.2],[1975.8959015898952],0.08785158268401101,8.785158268401101,0.08785158268401101,0.08785158268401101,3
El Salvador,1985,[1954.4],[2158.8953713408555],0.10463332549163702,10.463332549163702,0.10463332549163702,-0.10463332549163702,3
El Salvador,1986,[1696.0],[1940.2860747773393],0.14403660069418592,14.403660069418592,0.14403660069418592,-0.14403660069418592,3
El Salvador,1987,[2073.8],[1666.475404762809],0.19641459891850285,19.641459891850285,0.19641459891850285,0.19641459891850285,3
El Salvador,1988,[2113.7],[2151.715447900971],0.01798526181623274,1.798526181623274,0.01798526181623274,-0.01798526181623274,3
El Salvador,1989,[2130.1],[2084.099760006138],0.021595342938764438,2.159534293876444,0.021595342938764438,0.021595342938764438,3
El Salvador,1990,[2138.3],[1955.288950288544],0.08558717191762441,8.55871719176244,0.08558717191762441,0.08558717191762441,3
El Salvador,1991,[1644.8],[2071.3716859842066],0.2593456262063513,25.93456262063513,0.2593456262063513,-0.2593456262063513,3
El Salvador,1992,[2198.9],[1658.2211567018883],0.24588605361685925,24.588605361685925,0.24588605361685925,0.24588605361685925,3
El Salvador,1993,[2048.2],[2195.760552125324],0.07204401529407489,7.204401529407489,0.07204401529407489,-0.07204401529407489,3
El Salvador,1994,[1524.5],[1927.0919261394845],0.2640812896946438,26.40812896946438,0.2640812896946438,-0.2640812896946438,3
El Salvador,1995,[2197.2],[1943.1140931442496],0.11564077319122074,11.564077319122074,0.11564077319122074,0.11564077319122074,3
El Salvador,1996,[2257.2],[1954.528269376111],0.1340916758036013,13.40916758036013,0.1340916758036013,0.1340916758036013,3
El Salvador,1997,[1658.2],[2111.0439325057796],0.2730936753743695,27.309367537436952,0.2730936753743695,-0.2730936753743695,3
El Salvador,1998,[1906.2],[2254.019107357955],0.18246726857515205,18.246726857515206,0.18246726857515205,-0.18246726857515205,3
El Salvador,1999,[2504.7],[2198.0500498655842],0.12242981200719272,12.24298120071927,0.12242981200719272,0.12242981200719272,3
El Salvador,2000,[2247.5],[1943.1151295629297],0.13543264535575986,13.543264535575986,0.13543264535575986,0.13543264535575986,3
El Salvador,2001,[1943.1],[2247.5072814577857],0.1566606358179125,15.666063581791251,0.1566606358179125,-0.1566606358179125,3
El Salvador,2002,[2604.1],[2498.6585081252756],0.04049056943847176,4.049056943847177,0.04049056943847176,0.04049056943847176,3
El Salvador,2003,[2747.1],[3389.467114259359],0.2338346307958789,23.38346307958789,0.2338346307958789,-0.2338346307958789,3
El Salvador,2004,[2764.1],[3041.815107826491],0.10047216375185089,10.047216375185089,0.10047216375185089,-0.10047216375185089,3
El Salvador,2005,[2943.4],[3054.7010117481577],0.03781375679423715,3.781375679423715,0.03781375679423715,-0.03781375679423715,3
El Salvador,2006,[3079.4],[2910.0704348986133],0.054987843443978314,5.498784344397832,0.054987843443978314,0.054987843443978314,3
El Salvador,2007,[2910.7],[3013.930141699294],0.035465744219361016,3.5465744219361017,0.035465744219361016,-0.035465744219361016,3
El Salvador,2008,[3389.5],[3016.3249841535307],0.11009736416771478,11.009736416771478,0.11009736416771478,0.11009736416771478,3
El Salvador,2009,[3004.1],[3209.2907526761],0.0683035693472588,6.83035693472588,0.0683035693472588,-0.0683035693472588,3
El Salvador,2010,[3025.3],[2982.7499833519755],0.01406472635706365,1.406472635706365,0.01406472635706365,0.01406472635706365,3
El Salvador,2011,[2818.1],[3389.4651261666418],0.2027483503660771,20.274835036607712,0.2027483503660771,-0.2027483503660771,3
El Salvador,2012,[3258.0],[2747.437387798289],0.15671043959536865,15.671043959536865,0.15671043959536865,0.15671043959536865,3
El Salvador,2013,[2946.1],[2747.093407955542],0.06754916399458881,6.754916399458881,0.06754916399458881,0.06754916399458881,3
El Salvador,2014,[2606.4],[2647.7949871472656],0.015882054614512548,1.5882054614512549,0.015882054614512548,-0.015882054614512548,3
El Salvador,2015,[2511.0],[3032.9067862984434],0.20784818251630563,20.78481825163056,0.20784818251630563,-0.20784818251630563,3
El Salvador,2016,[3042.5],[2541.181751911959],0.16477181531242102,16.477181531242103,0.16477181531242102,0.16477181531242102,3
El Salvador,2017,[3186.7],[2871.6934719898377],0.09885038692382783,9.885038692382784,0.09885038692382783,0.09885038692382783,3
El Salvador,2018,[2531.2],[2963.266925118546],0.17069647800195417,17.069647800195415,0.17069647800195417,-0.17069647800195417,3
El Salvador,2019,[2971.5],[3042.4846399470384],0.023888487278155287,2.3888487278155286,0.023888487278155287,-0.023888487278155287,3
El Salvador,2020,[2949.4],[2821.037039239029],0.043521719929806385,4.352171992980638,0.043521719929806385,0.043521719929806385,3
El Salvador,2021,[3177.1],[2722.632213660412],0.14304484792407784,14.304484792407784,0.14304484792407784,0.14304484792407784,3
El Salvador,2022,[2896.6],[2902.3770090538587],0.0019944103617547536,0.19944103617547537,0.0019944103617547536,-0.0019944103617547536,3
Ghana,1984,[961.3],[1057.0726975263246],0.09962831324906345,9.962831324906345,0.09962831324906345,-0.09962831324906345,3
Ghana,1985,[1008.6],[1090.7149829672658],0.08141481555350559,8.141481555350559,0.08141481555350559,-0.08141481555350559,3
Ghana,1986,[1184.5],[1090.7148600160876],0.07917698605648996,7.9176986056489955,0.07917698605648996,0.07917698605648996,3
Ghana,1987,[1090.7],[961.3183992463509],0.11862253667704152,11.862253667704152,0.11862253667704152,0.11862253667704152,3
Ghana,1988,[1390.7],[1184.5128082087206],0.14826144516522577,14.826144516522577,0.14826144516522577,0.14826144516522577,3
Ghana,1989,[1261.0],[1525.5234554482713],0.20977276403510808,20.977276403510807,0.20977276403510808,-0.20977276403510808,3
Ghana,1990,[1188.9],[1204.0114200329908],0.012710421425679817,1.2710421425679816,0.012710421425679817,-0.012710421425679817,3
Ghana,1991,[1526.0],[1387.3976683084147],0.09082721604953163,9.082721604953162,0.09082721604953163,0.09082721604953163,3
Ghana,1992,[1204.0],[1527.2813603907687],0.2685061132813693,26.85061132813693,0.2685061132813693,-0.2685061132813693,3
Ghana,1993,[1509.2],[1193.5965161049198],0.20911972163734444,20.911972163734443,0.20911972163734444,0.20911972163734444,3
Ghana,1994,[1493.3],[1457.106429128586],0.02423730721985808,2.423730721985808,0.02423730721985808,0.02423730721985808,3
Ghana,1995,[1502.0],[1517.9285801832914],0.01060491357076657,1.060491357076657,0.01060491357076657,-0.01060491357076657,3
Ghana,1996,[1515.3],[1501.2934806217904],0.009243396936718494,0.9243396936718493,0.009243396936718494,0.009243396936718494,3
Ghana,1997,[1528.5],[1510.9994515370745],0.01144949196135133,1.144949196135133,0.01144949196135133,0.01144949196135133,3
Ghana,1998,[1485.0],[1499.7960089553808],0.009963642394195815,0.9963642394195815,0.009963642394195815,-0.009963642394195815,3
Ghana,1999,[1455.7],[1515.4634246073706],0.041054767196105346,4.105476719610534,0.041054767196105346,-0.041054767196105346,3
Ghana,2000,[1457.8],[1504.6463276917991],0.03213494834119849,3.213494834119849,0.03213494834119849,-0.03213494834119849,3
Ghana,2001,[1315.0],[1527.484470810925],0.16158514890564632,16.158514890564632,0.16158514890564632,-0.16158514890564632,3
Ghana,2002,[1490.0],[1486.4600441577713],0.002375809290086352,0.2375809290086352,0.002375809290086352,0.002375809290086352,3
Ghana,2003,[1627.2],[1578.980831099617],0.029633215892565762,2.963321589256576,0.029633215892565762,0.029633215892565762,3
Ghana,2004,[1579.4],[1627.1938437644503],0.030260759633057,3.0260759633057,0.030260759633057,-0.030260759633057,3
Ghana,2005,[1561.3],[1490.832755634485],0.045133699074819025,4.513369907481903,0.045133699074819025,0.045133699074819025,3
Ghana,2006,[1499.4],[1553.4111616927248],0.036021849868430524,3.6021849868430524,0.036021849868430524,-0.036021849868430524,3
Ghana,2007,[1543.7],[1458.2728379073676],0.05533922529807116,5.533922529807116,0.05533922529807116,0.05533922529807116,3
Ghana,2008,[1737.1],[1648.4235312903033],0.05104856871204684,5.104856871204684,0.05104856871204684,0.05104856871204684,3
Ghana,2009,[1696.9],[1645.7998552779775],0.030113822100313867,3.0113822100313867,0.030113822100313867,0.030113822100313867,3
Ghana,2010,[1887.4],[1871.1678307602674],0.008600280406767344,0.8600280406767344,0.008600280406767344,0.008600280406767344,3
Ghana,2011,[1645.8],[1737.0920190558134],0.05546969197704059,5.546969197704059,0.05546969197704059,-0.05546969197704059,3
Ghana,2012,[1871.2],[1887.3932917976306],0.008653960986335259,0.8653960986335258,0.008653960986335259,-0.008653960986335259,3
Ghana,2013,[1724.0],[1523.0331239015068],0.11657011374622578,11.657011374622577,0.11657011374622578,0.11657011374622578,3
Ghana,2014,[1729.1],[1723.9980726371252],0.002950625968928735,0.2950625968928735,0.002950625968928735,0.002950625968928735,3
Ghana,2015,[1921.8],[1646.95496593669],0.14301437926075028,14.301437926075028,0.14301437926075028,0.14301437926075028,3
Ghana,2016,[1950.0],[1527.536458604078],0.21664796994662666,21.664796994662666,0.21664796994662666,0.21664796994662666,3
Ghana,2017,[2011.2],[1921.8874459521169],0.044407594494770865,4.440759449477087,0.044407594494770865,0.044407594494770865,3
Ghana,2018,[2258.9],[2523.102515931222],0.11696069588349285,11.696069588349285,0.11696069588349285,-0.11696069588349285,3
Ghana,2019,[2531.3],[2258.8828407716105],0.10761946795258943,10.761946795258943,0.10761946795258943,0.10761946795258943,3
Ghana,2020,[2582.8],[2518.7027835429217],0.02481694922451545,2.481694922451545,0.02481694922451545,0.02481694922451545,3
Ghana,2021,[2530.0],[1998.3688613790473],0.2101308848304161,21.01308848304161,0.2101308848304161,0.2101308848304161,3
Ghana,2022,[2504.4],[2258.882859573385],0.0980343157748823,9.80343157748823,0.0980343157748823,0.0980343157748823,3
Botswana,1984,[148.5],[409.08619406611837],1.7547891856304267,175.47891856304267,1.7547891856304267,-1.7547891856304267,6
Botswana,1985,[181.6],[409.08251530062205],1.252657022580518,125.2657022580518,1.252657022580518,-1.252657022580518,6
Botswana,1986,[409.1],[119.58565507492965],0.707686005683379,70.7686005683379,0.707686005683379,0.707686005683379,6
Botswana,1987,[606.5],[947.6821659528895],0.5625427303427691,56.25427303427691,0.5625427303427691,-0.5625427303427691,6
Botswana,1988,[232.2],[246.30530196264885],0.06074634781502527,6.074634781502527,0.06074634781502527,-0.06074634781502527,6
Botswana,1989,[377.9],[251.4311391091999],0.33466224104472103,33.466224104472104,0.33466224104472103,0.33466224104472103,6
Botswana,1990,[289.9],[394.930620794661],0.3622994853213558,36.22994853213558,0.3622994853213558,-0.3622994853213558,6
Botswana,1991,[396.2],[349.1124098405146],0.11884803169986216,11.884803169986217,0.11884803169986216,0.11884803169986216,6
Botswana,1992,[189.9],[289.84451861716207],0.5263007826074885,52.630078260748846,0.5263007826074885,-0.5263007826074885,6
Botswana,1993,[135.3],[111.13110854746296],0.17863186587240984,17.863186587240985,0.17863186587240984,0.17863186587240984,6
Botswana,1994,[169.8],[111.90831517542982],0.3409404288843945,34.09404288843945,0.3409404288843945,0.3409404288843945,6
Botswana,1995,[947.7],[606.4909780012739],0.36003906510364686,36.003906510364686,0.36003906510364686,0.36003906510364686,6
Botswana,1996,[246.3],[286.7006618831344],0.16403029591203563,16.403029591203563,0.16403029591203563,-0.16403029591203563,6
Botswana,1997,[286.7],[289.13317760080565],0.008486841997926976,0.8486841997926976,0.008486841997926976,-0.008486841997926976,6
Botswana,1998,[91.0],[186.75412874024917],1.0522431729697712,105.22431729697712,1.0522431729697712,-1.0522431729697712,6
Botswana,1999,[111.1],[162.00851071146087],0.4582224186450124,45.82224186450124,0.4582224186450124,-0.4582224186450124,6
Botswana,2000,[112.3],[174.30224120037389],0.5521125663434897,55.21125663434897,0.5521125663434897,-0.5521125663434897,6
Botswana,2001,[199.2],[409.09652384727787],1.053697408871877,105.36974088718769,1.053697408871877,-1.053697408871877,6
Botswana,2002,[294.7],[148.4910529115853],0.49612808648936096,49.612808648936095,0.49612808648936096,0.49612808648936096,6
Botswana,2003,[214.4],[189.90238052752238],0.11426128485297399,11.426128485297399,0.11426128485297399,0.11426128485297399,6
Botswana,2004,[174.3],[111.02385447798787],0.36303009479066056,36.303009479066056,0.36303009479066056,0.36303009479066056,6
Botswana,2005,[229.7],[369.2914182370592],0.6077118773925085,60.771187739250855,0.6077118773925085,-0.6077118773925085,6
Botswana,2006,[251.1],[242.89314029155003],0.032683630858024566,3.2683630858024566,0.032683630858024566,0.032683630858024566,6
Botswana,2007,[121.9],[407.2169754956604],2.34058224360673,234.058224360673,2.34058224360673,-2.34058224360673,6
Botswana,2008,[184.4],[402.7263744033128],1.183982507610156,118.3982507610156,1.183982507610156,-1.183982507610156,6
Botswana,2009,[242.9],[247.83974467095413],0.02033653631516726,2.0336536315167257,0.02033653631516726,-0.02033653631516726,6
Botswana,2010,[161.7],[274.29424542915956],0.696315679834011,69.6315679834011,0.696315679834011,-0.696315679834011,6
Botswana,2011,[347.3],[150.36241755946241],0.5670532175080265,56.70532175080265,0.5670532175080265,0.5670532175080265,6
Botswana,2012,[137.0],[331.1178040796485],1.416918277953639,141.69182779536388,1.416918277953639,-1.416918277953639,6
Botswana,2013,[84.9],[124.6676601164742],0.4684058906534062,46.84058906534062,0.4684058906534062,-0.4684058906534062,6
Botswana,2014,[274.0],[337.0038149848962],0.22994093060181103,22.994093060181104,0.22994093060181103,-0.22994093060181103,6
Botswana,2015,[255.2],[189.903282680378],0.25586487977908307,25.586487977908305,0.25586487977908307,0.25586487977908307,6
Botswana,2016,[250.3],[224.5699839650625],0.10279670809004197,10.279670809004198,0.10279670809004197,0.10279670809004197,6
Botswana,2017,[240.3],[246.29900866586166],0.024964663611575746,2.496466361157575,0.024964663611575746,-0.024964663611575746,6
Botswana,2018,[321.5],[154.86652277620794],0.5183000846774247,51.83000846774247,0.5183000846774247,0.5183000846774247,6
Botswana,2019,[202.9],[288.3419147833154],0.42110357212082505,42.110357212082505,0.42110357212082505,-0.42110357212082505,6
Botswana,2020,[667.0],[199.8289075639921],0.7004064354362938,70.04064354362937,0.7004064354362938,0.7004064354362938,6
Botswana,2021,[798.0],[666.9894756750593],0.1641735893796249,16.41735893796249,0.1641735893796249,0.1641735893796249,6
Botswana,2022,[502.7],[797.9862025415966],0.587400442692653,58.740044269265304,0.587400442692653,-0.587400442692653,6
Egypt,1984,[4455.4],[4757.159024466223],0.06772882894155931,6.772882894155931,0.06772882894155931,-0.06772882894155931,4
Egypt,1985,[4584.6],[4986.1152206290535],0.08757911718122696,8.757911718122696,0.08757911718122696,-0.08757911718122696,4
Egypt,1986,[4990.3],[4455.466871335392],0.10717454434895858,10.717454434895858,0.10717454434895858,0.10717454434895858,4
Egypt,1987,[4757.1],[5301.846353572156],0.11451227713778464,11.451227713778463,0.11451227713778464,-0.11451227713778464,4
Egypt,1988,[4965.0],[4584.662847616054],0.07660365606927412,7.660365606927412,0.07660365606927412,0.07660365606927412,4
Egypt,1989,[5380.4],[4757.158377905152],0.11583555536667313,11.583555536667314,0.11583555536667313,0.11583555536667313,4
Egypt,1990,[5780.3],[5001.573741423669],0.13472073397165044,13.472073397165044,0.13472073397165044,0.13472073397165044,4
Egypt,1991,[5895.1],[5780.331170603539],0.0194685127303118,1.94685127303118,0.0194685127303118,0.0194685127303118,4
Egypt,1992,[6134.6],[6098.89448237057],0.005820349758652673,0.5820349758652673,0.005820349758652673,0.005820349758652673,4
Egypt,1993,[6078.0],[6142.16293602047],0.010556587038576787,1.0556587038576786,0.010556587038576787,-0.010556587038576787,4
Egypt,1994,[5906.5],[7679.980276202881],0.30025908341706276,30.025908341706277,0.30025908341706276,-0.30025908341706276,4
Egypt,1995,[6163.0],[6078.023976742571],0.013788093989522798,1.3788093989522798,0.013788093989522798,0.013788093989522798,4
Egypt,1996,[6952.3],[6163.016486324556],0.11352840264019731,11.352840264019731,0.11352840264019731,0.11352840264019731,4
Egypt,1997,[7129.8],[6952.299963186165],0.02489551415381011,2.489551415381011,0.02489551415381011,0.02489551415381011,4
Egypt,1998,[7225.7],[7635.51362410468],0.05671611388580767,5.671611388580767,0.05671611388580767,-0.05671611388580767,4
Egypt,1999,[7517.4],[6979.795947472997],0.07151462640367717,7.1514626403677175,0.07151462640367717,0.07151462640367717,4
Egypt,2000,[7680.0],[7225.690825246805],0.059154840462655636,5.915484046265564,0.059154840462655636,0.059154840462655636,4
Egypt,2001,[6979.8],[7512.212184973419],0.07627900297621984,7.627900297621984,0.07627900297621984,-0.07627900297621984,4
Egypt,2002,[7765.6],[7167.63531162389],0.07700173693933639,7.700173693933639,0.07700173693933639,0.07700173693933639,4
Egypt,2003,[7829.3],[7887.038346240975],0.007374649871760599,0.7374649871760599,0.007374649871760599,-0.007374649871760599,4
Egypt,2004,[7908.7],[8169.915349802745],0.03302886059690538,3.302886059690538,0.03302886059690538,-0.03302886059690538,4
Egypt,2005,[8160.7],[8370.454701745555],0.025703028140423665,2.5703028140423667,0.025703028140423665,-0.025703028140423665,4
Egypt,2006,[8370.5],[8124.495581624694],0.029389453243570417,2.9389453243570416,0.029389453243570417,0.029389453243570417,4
Egypt,2007,[8046.3],[7844.374281686674],0.02509547472917066,2.509547472917066,0.02509547472917066,0.02509547472917066,4
Egypt,2008,[7905.3],[4951.351161855578],0.37366688653743974,37.36668865374397,0.37366688653743974,0.37366688653743974,4
Egypt,2009,[7818.4],[7763.559908334094],0.007014234583278635,0.7014234583278635,0.007014234583278635,0.007014234583278635,4
Egypt,2010,[7270.0],[7721.999892833274],0.06217330025216978,6.217330025216978,0.06217330025216978,-0.06217330025216978,4
Egypt,2011,[7740.9],[7931.127096410874],0.024574286763926,2.4574286763926,0.024574286763926,-0.024574286763926,4
Egypt,2012,[7772.3],[7781.106898084961],0.001133113503719771,0.11331135037197711,0.001133113503719771,-0.001133113503719771,4
Egypt,2013,[7722.3],[7269.990887768658],0.05857181309083338,5.857181309083338,0.05857181309083338,0.05857181309083338,4
Egypt,2014,[7755.6],[7322.757745026594],0.05581028611240986,5.581028611240986,0.05581028611240986,0.05581028611240986,4
Egypt,2015,[7354.6],[7744.293070236687],0.052986303842042566,5.298630384204257,0.052986303842042566,-0.052986303842042566,4
Egypt,2016,[7607.1],[7516.188992555225],0.011950810091201029,1.195081009120103,0.011950810091201029,0.011950810091201029,4
Egypt,2017,[7789.5],[7769.646938717746],0.0025486952028055975,0.25486952028055976,0.0025486952028055975,0.0025486952028055975,4
Egypt,2018,[7516.2],[7384.647139118116],0.01750257588700195,1.750257588700195,0.01750257588700195,0.01750257588700195,4
Egypt,2019,[4951.3],[8049.04661945257],0.6256430875633813,62.56430875633813,0.6256430875633813,-0.6256430875633813,4
Egypt,2020,[7776.7],[7516.6023282949955],0.03344576384649072,3.344576384649072,0.03344576384649072,0.03344576384649072,4
Egypt,2021,[7827.6],[7789.423561757191],0.004877157525015219,0.4877157525015219,0.004877157525015219,0.004877157525015219,4
Egypt,2022,[8064.5],[7786.294889991467],0.03449750263606333,3.4497502636063335,0.03449750263606333,0.03449750263606333,4
Ecuador,1984,[1329.4],[952.7621226861309],0.28331418483065235,28.331418483065235,0.28331418483065235,0.28331418483065235,1
Ecuador,1985,[1621.4],[1362.4436204610297],0.15971159463363166,15.971159463363167,0.15971159463363166,0.15971159463363166,1
Ecuador,1986,[973.7],[886.2197151584162],0.08984315994822209,8.984315994822209,0.08984315994822209,0.08984315994822209,1
Ecuador,1987,[916.3],[1064.359796677219],0.16158441195811316,16.158441195811317,0.16158441195811316,-0.16158441195811316,1
Ecuador,1988,[881.6],[1382.012454544114],0.5676184829220894,56.76184829220894,0.5676184829220894,-0.5676184829220894,1
Ecuador,1989,[1091.7],[949.9222629357432],0.12986877078341744,12.986877078341744,0.12986877078341744,0.12986877078341744,1
Ecuador,1990,[1060.2],[1403.008213491057],0.32334296688460373,32.33429668846037,0.32334296688460373,-0.32334296688460373,1
Ecuador,1991,[1382.1],[1060.5519395276729],0.23265180556568055,23.265180556568055,0.23265180556568055,0.23265180556568055,1
Ecuador,1992,[1041.6],[821.5878001948807],0.211225230227649,21.1225230227649,0.211225230227649,0.211225230227649,1
Ecuador,1993,[1144.2],[1204.4520530871582],0.052658672511062904,5.2658672511062905,0.052658672511062904,-0.052658672511062904,1
Ecuador,1994,[1120.8],[1461.417152753284],0.30390538254218774,30.390538254218775,0.30390538254218774,-0.30390538254218774,1
Ecuador,1995,[1155.1],[1426.3217764022397],0.23480371950674386,23.480371950674385,0.23480371950674386,-0.23480371950674386,1
Ecuador,1996,[1142.5],[976.2409223089934],0.1455221686573362,14.55221686573362,0.1455221686573362,0.1455221686573362,1
Ecuador,1997,[1148.2],[1164.0753361953598],0.013826281305835002,1.3826281305835002,0.013826281305835002,-0.013826281305835002,1
Ecuador,1998,[1074.3],[1012.3799637894065],0.05763756512202688,5.763756512202688,0.05763756512202688,0.05763756512202688,1
Ecuador,1999,[1181.3],[1101.0412634966124],0.06794102810749816,6.794102810749816,0.06794102810749816,0.06794102810749816,1
Ecuador,2000,[1461.4],[768.2135871638576],0.4743303769235955,47.43303769235955,0.4743303769235955,0.4743303769235955,1
Ecuador,2001,[764.2],[1147.5962576736551],0.5016962283088917,50.16962283088917,0.5016962283088917,-0.5016962283088917,1
Ecuador,2002,[1431.9],[1034.8648887531476],0.2772785189237045,27.72785189237045,0.2772785189237045,0.2772785189237045,1
Ecuador,2003,[1689.8],[1372.9278412728613],0.18752051054985125,18.752051054985124,0.18752051054985125,0.18752051054985125,1
Ecuador,2004,[1884.1],[1677.9369215090767],0.10942257761845084,10.942257761845084,0.10942257761845084,0.10942257761845084,1
Ecuador,2005,[2123.2],[1878.7049727782519],0.1151540256319461,11.515402563194609,0.1151540256319461,0.1151540256319461,1
Ecuador,2006,[1877.6],[1715.0966816974703],0.08654842261532253,8.654842261532252,0.08654842261532253,0.08654842261532253,1
Ecuador,2007,[2310.5],[1878.1656618952607],0.18711722056037194,18.711722056037196,0.18711722056037194,0.18711722056037194,1
Ecuador,2008,[2244.2],[2135.7774413670054],0.048312342319309524,4.831234231930952,0.048312342319309524,0.048312342319309524,1
Ecuador,2009,[2200.3],[1694.3877163175584],0.22992877502269768,22.992877502269767,0.22992877502269768,0.22992877502269768,1
Ecuador,2010,[2234.8],[1895.4925392532693],0.15182900516678485,15.182900516678485,0.15182900516678485,0.15182900516678485,1
Ecuador,2011,[1667.2],[2200.4139700514456],0.31982603769880374,31.982603769880374,0.31982603769880374,-0.31982603769880374,1
Ecuador,2012,[2732.4],[2238.232216666163],0.18085484677713262,18.08548467771326,0.18085484677713262,0.18085484677713262,1
Ecuador,2013,[2370.2],[4002.249348846257],0.6885703100355486,68.85703100355485,0.6885703100355486,-0.6885703100355486,1
Ecuador,2014,[3433.6],[1692.3384296398121],0.5071241758970724,50.712417589707236,0.5071241758970724,0.5071241758970724,1
Ecuador,2015,[4466.9],[3433.727630928256],0.23129516422390106,23.129516422390108,0.23129516422390106,0.23129516422390106,1
Ecuador,2016,[3564.6],[3823.2532684707307],0.0725616530524409,7.256165305244091,0.0725616530524409,-0.0725616530524409,1
Ecuador,2017,[4002.3],[4583.4328521575535],0.14519972319854915,14.519972319854915,0.14519972319854915,-0.14519972319854915,1
Ecuador,2018,[3624.5],[3461.2167646852745],0.04504986489577197,4.504986489577197,0.04504986489577197,0.04504986489577197,1
Ecuador,2019,[4583.5],[4517.998608181661],0.014290693098797548,1.429069309879755,0.014290693098797548,0.014290693098797548,1
Ecuador,2020,[3823.3],[4515.517581463502],0.18105238444890592,18.105238444890592,0.18105238444890592,-0.18105238444890592,1
Ecuador,2021,[4641.3],[4532.549734711492],0.023430992456533246,2.343099245653325,0.023430992456533246,0.023430992456533246,1
Ecuador,2022,[4527.6],[3657.3236971792435],0.19221581032351728,19.22158103235173,0.19221581032351728,0.19221581032351728,1
Zambia,1984,[1721.1],[2687.383391851295],0.5614336133003865,56.14336133003866,0.5614336133003865,-0.5614336133003865,11
Zambia,1985,[1928.9],[1721.1112477460474],0.10772396301205489,10.77239630120549,0.10772396301205489,0.10772396301205489,11
Zambia,1986,[2091.1],[2687.3831332260243],0.28515285410837565,28.515285410837564,0.28515285410837565,-0.28515285410837565,11
Zambia,1987,[1744.7],[1495.8514589363117],0.14263113490209683,14.263113490209683,0.14263113490209683,0.14263113490209683,11
Zambia,1988,[2687.4],[1770.4785796415574],0.34119275893370643,34.11927589337064,0.34119275893370643,0.34119275893370643,11
Zambia,1989,[1807.8],[2091.3861658769774],0.15686810812975854,15.686810812975855,0.15686810812975854,-0.15686810812975854,11
Zambia,1990,[1431.6],[2687.383594206877],0.8771888755286933,87.71888755286933,0.8771888755286933,-0.8771888755286933,11
Zambia,1991,[1714.0],[1928.9032884478272],0.1253811484526413,12.538114845264131,0.1253811484526413,-0.1253811484526413,11
Zambia,1992,[731.1],[2652.1105289412294],2.627561932623758,262.7561932623758,2.627561932623758,-2.627561932623758,11
Zambia,1993,[2522.8],[1860.1493973641307],0.2626647386379695,26.266473863796953,0.2626647386379695,0.2626647386379695,11
Zambia,1994,[1502.5],[2687.3835446488474],0.7886080164052229,78.8608016405223,0.7886080164052229,-0.7886080164052229,11
Zambia,1995,[1418.5],[731.1356386676046],0.48457128045991926,48.45712804599193,0.48457128045991926,0.48457128045991926,11
Zambia,1996,[2086.4],[1857.9895243772105],0.1094758798038677,10.947587980386771,0.1094758798038677,0.1094758798038677,11
Zambia,1997,[1479.4],[2522.788079281454],0.7052778689208151,70.52778689208151,0.7052778689208151,-0.7052778689208151,11
Zambia,1998,[1250.3],[1707.861626049729],0.3659614700869624,36.59614700869624,0.3659614700869624,-0.3659614700869624,11
Zambia,1999,[1375.9],[1925.4663394039376],0.39942316985532195,39.942316985532194,0.39942316985532195,-0.39942316985532195,11
Zambia,2000,[1772.0],[1859.0459168893667],0.04912297792853652,4.912297792853652,0.04912297792853652,-0.04912297792853652,11
Zambia,2001,[1378.0],[2521.4536960766945],0.829792232276266,82.97922322762659,0.829792232276266,-0.829792232276266,11
Zambia,2002,[1670.9],[1651.2659708193894],0.011750571057879404,1.1750571057879404,0.011750571057879404,0.011750571057879404,11
Zambia,2003,[1725.6],[1456.5731966290596],0.1559033399228908,15.590333992289079,0.1559033399228908,0.1559033399228908,11
Zambia,2004,[1923.9],[2086.399213497318],0.08446344066600037,8.446344066600037,0.08446344066600037,-0.08446344066600037,11
Zambia,2005,[1859.4],[1303.3489727477786],0.29904863249016966,29.904863249016966,0.29904863249016966,0.29904863249016966,11
Zambia,2006,[2301.3],[1923.9029520500046],0.16399298133663387,16.399298133663386,0.16399298133663387,0.16399298133663387,11
Zambia,2007,[2334.2],[2301.2946004894357],0.014097078018406378,1.4097078018406377,0.014097078018406378,0.014097078018406378,11
Zambia,2008,[2244.2],[2329.01985929785],0.037795142722506975,3.7795142722506974,0.037795142722506975,-0.037795142722506975,11
Zambia,2009,[2069.2],[2649.709669149062],0.28054787799587383,28.054787799587384,0.28054787799587383,-0.28054787799587383,11
Zambia,2010,[2587.1],[2512.699553974919],0.02875824128370793,2.875824128370793,0.02875824128370793,0.02875824128370793,11
Zambia,2011,[2741.4],[2312.2982056243723],0.15652651724506741,15.652651724506741,0.15652651724506741,0.15652651724506741,11
Zambia,2012,[2654.5],[2547.045467017252],0.04048014050960553,4.048014050960553,0.04048014050960553,0.04048014050960553,11
Zambia,2013,[2538.2],[2555.9250463128915],0.006983313494953772,0.6983313494953772,0.006983313494953772,-0.006983313494953772,11
Zambia,2014,[2780.2],[2562.700843040338],0.07823147865609015,7.823147865609014,0.07823147865609015,0.07823147865609015,11
Zambia,2015,[3031.0],[2537.38521483978],0.16285542235573078,16.28554223557308,0.16285542235573078,0.16285542235573078,11
Zambia,2016,[2481.6],[2393.4069341149398],0.03553879186212933,3.5538791862129333,0.03553879186212933,0.03553879186212933,11
Zambia,2017,[2515.1],[2649.6021510611613],0.05347785418518603,5.347785418518603,0.05347785418518603,-0.05347785418518603,11
Zambia,2018,[2205.2],[2398.9318738858383],0.08785229180384477,8.785229180384476,0.08785229180384477,-0.08785229180384477,11
Zambia,2019,[2381.4],[3030.973901469337],0.27276975790263575,27.276975790263574,0.27276975790263575,-0.27276975790263575,11
Zambia,2020,[2540.2],[2304.672652761118],0.09272000127504988,9.272000127504988,0.09272000127504988,0.09272000127504988,11
Zambia,2021,[2567.4],[2532.813484149388],0.013471416939554474,1.3471416939554475,0.013471416939554474,0.013471416939554474,11
Zambia,2022,[2426.1],[2536.7674279251023],0.04561536124854804,4.561536124854804,0.04561536124854804,-0.04561536124854804,11
Togo,1984,[929.4],[645.4124081065144],0.3055601376086568,30.55601376086568,0.3055601376086568,0.3055601376086568,3
Togo,1985,[906.1],[645.4124243926457],0.2877028756289089,28.77028756289089,0.2877028756289089,0.2877028756289089,3
Togo,1986,[645.4],[906.1277084962607],0.40397847613303484,40.39784761330348,0.40397847613303484,-0.40397847613303484,3
Togo,1987,[765.2],[1067.6012598301909],0.395192446197322,39.519244619732206,0.395192446197322,-0.395192446197322,3
Togo,1988,[1109.9],[924.2871084884005],0.16723388729759403,16.723388729759403,0.16723388729759403,0.16723388729759403,3
Togo,1989,[1073.4],[905.9320255546701],0.15601637268989194,15.601637268989194,0.15601637268989194,0.15601637268989194,3
Togo,1990,[965.3],[963.4990448135729],0.001865694795842762,0.1865694795842762,0.001865694795842762,0.001865694795842762,3
Togo,1991,[906.0],[1073.4010561840348],0.18476937768657264,18.476937768657265,0.18476937768657264,-0.18476937768657264,3
Togo,1992,[1014.0],[855.3160791721975],0.15649301856785253,15.649301856785252,0.15649301856785253,0.15649301856785253,3
Togo,1993,[1159.9],[906.1511744608451],0.21876784683089484,21.876784683089483,0.21876784683089484,0.21876784683089484,3
Togo,1994,[930.6],[940.3988003953166],0.010529551252220676,1.0529551252220677,0.010529551252220676,-0.010529551252220676,3
Togo,1995,[855.3],[1109.9001221314445],0.29767347378866427,29.767347378866425,0.29767347378866427,-0.29767347378866427,3
Togo,1996,[940.4],[1014.0025854724577],0.07826731760150754,7.8267317601507544,0.07826731760150754,-0.07826731760150754,3
Togo,1997,[1067.6],[965.303741151999],0.09581890113151077,9.581890113151077,0.09581890113151077,0.09581890113151077,3
Togo,1998,[867.3],[931.2549260757647],0.0737402583601577,7.37402583601577,0.0737402583601577,-0.0737402583601577,3
Togo,1999,[1197.9],[889.5629142988915],0.2573980179490012,25.739801794900117,0.2573980179490012,0.2573980179490012,3
Togo,2000,[1202.0],[1092.0003308292632],0.09151386786250977,9.151386786250978,0.09151386786250977,0.09151386786250977,3
Togo,2001,[1307.1],[924.404733469889],0.29278193445804523,29.278193445804522,0.29278193445804523,0.29278193445804523,3
Togo,2002,[1265.2],[1157.9777128058777],0.08474730255621434,8.474730255621434,0.08474730255621434,0.08474730255621434,3
Togo,2003,[1272.8],[1092.0002813411345],0.14204880472883835,14.204880472883834,0.14204880472883835,0.14204880472883835,3
Togo,2004,[1092.0],[1157.850205469817],0.06030238596137084,6.0302385961370835,0.06030238596137084,-0.06030238596137084,3
Togo,2005,[1157.7],[1267.7357509075136],0.09504686093764671,9.50468609376467,0.09504686093764671,-0.09504686093764671,3
Togo,2006,[1155.1],[1307.0946258410734],0.1315856859501978,13.158568595019778,0.1315856859501978,-0.1315856859501978,3
Togo,2007,[1166.4],[1205.447880048196],0.03347726341580591,3.347726341580591,0.03347726341580591,-0.03347726341580591,3
Togo,2008,[1192.2],[1306.8485580114998],0.09616554102625377,9.616554102625377,0.09616554102625377,-0.09616554102625377,3
Togo,2009,[1255.9],[1176.4301728975354],0.06327719332945672,6.327719332945672,0.06327719332945672,0.06327719332945672,3
Togo,2010,[1193.7],[1262.1794395818538],0.057367378388082216,5.736737838808222,0.057367378388082216,-0.057367378388082216,3
Togo,2011,[1245.3],[1263.8416933540982],0.014889338596401062,1.4889338596401063,0.014889338596401062,-0.014889338596401062,3
Togo,2012,[1191.4],[1256.2440057714898],0.05442672970579966,5.442672970579967,0.05442672970579966,-0.05442672970579966,3
Togo,2013,[924.4],[1220.7137183037523],0.3205470773515279,32.05470773515279,0.3205470773515279,-0.3205470773515279,3
Togo,2014,[1195.9],[1389.492433077028],0.16188011796724464,16.188011796724464,0.16188011796724464,-0.16188011796724464,3
Togo,2015,[1389.5],[1306.917099481825],0.05943353761653468,5.9433537616534675,0.05943353761653468,0.05943353761653468,3
Togo,2016,[1223.5],[1227.1409068532967],0.002975812712134578,0.2975812712134578,0.002975812712134578,-0.002975812712134578,3
Togo,2017,[1230.8],[1221.4564317456216],0.007591459420196942,0.7591459420196942,0.007591459420196942,0.007591459420196942,3
Togo,2018,[1239.6],[1231.4342126114725],0.006587437389905942,0.6587437389905942,0.006587437389905942,0.006587437389905942,3
Togo,2019,[1227.1],[1248.077806179732],0.01709543328150287,1.709543328150287,0.01709543328150287,-0.01709543328150287,3
Togo,2020,[1226.0],[1249.81449054246],0.019424543672479533,1.9424543672479533,0.019424543672479533,-0.019424543672479533,3
Togo,2021,[1230.2],[1225.0511392881137],0.004185385069002032,0.4185385069002032,0.004185385069002032,0.004185385069002032,3
Togo,2022,[1253.8],[1236.1874698656195],0.014047320253932405,1.4047320253932405,0.014047320253932405,0.014047320253932405,3
Philippines,1984,[1065.7],[1153.949136783027],0.08280861103784073,8.280861103784073,0.08280861103784073,-0.08280861103784073,1
Philippines,1985,[1117.1],[1067.9547831063182],0.04399356986275326,4.399356986275326,0.04399356986275326,0.04399356986275326,1
Philippines,1986,[1148.2],[1076.7653718296442],0.062214447108827585,6.221444710882759,0.062214447108827585,0.062214447108827585,1
Philippines,1987,[1161.7],[1179.3339250271606],0.015179413813515157,1.5179413813515157,0.015179413813515157,-0.015179413813515157,1
Philippines,1988,[1182.3],[1147.9421753089591],0.029060157904965606,2.9060157904965607,0.029060157904965606,0.029060157904965606,1
Philippines,1989,[1225.8],[1161.3214320459651],0.052601213863627684,5.260121386362768,0.052601213863627684,0.052601213863627684,1
Philippines,1990,[1335.8],[1237.763484553327],0.07339161210261481,7.339161210261482,0.07339161210261481,0.07339161210261481,1
Philippines,1991,[1296.9],[1373.5084592436892],0.059070444323917906,5.907044432391791,0.059070444323917906,-0.059070444323917906,1
Philippines,1992,[1386.5],[1170.9476220264698],0.15546511213381187,15.546511213381187,0.15546511213381187,0.15546511213381187,1
Philippines,1993,[1523.5],[1351.0332554880576],0.11320429570852797,11.320429570852797,0.11320429570852797,0.11320429570852797,1
Philippines,1994,[1503.5],[1523.3476395985997],0.013200957498237246,1.3200957498237247,0.013200957498237246,-0.013200957498237246,1
Philippines,1995,[1533.4],[1519.9841233292934],0.00874910438940046,0.874910438940046,0.00874910438940046,0.00874910438940046,1
Philippines,1996,[1517.5],[1521.5904752035556],0.0026955355542376083,0.2695535554237608,0.0026955355542376083,-0.0026955355542376083,1
Philippines,1997,[1589.4],[1386.5878046788516],0.12760299189703564,12.760299189703565,0.12760299189703564,0.12760299189703564,1
Philippines,1998,[1624.0],[1388.5950951830612],0.1449537591237308,14.49537591237308,0.1449537591237308,0.1449537591237308,1
Philippines,1999,[1735.1],[1421.1774427885236],0.18092476353609377,18.092476353609378,0.18092476353609377,0.18092476353609377,1
Philippines,2000,[1797.0],[1625.2925334022225],0.09555229081679327,9.555229081679327,0.09555229081679327,0.09555229081679327,1
Philippines,2001,[1819.8],[1626.6278280068],0.1061502208996593,10.61502208996593,0.1061502208996593,0.1061502208996593,1
Philippines,2002,[1803.1],[2149.023434299936],0.1918492786312108,19.18492786312108,0.1918492786312108,-0.1918492786312108,1
Philippines,2003,[1915.3],[2139.626916872834],0.11712364479341832,11.712364479341831,0.11712364479341832,-0.11712364479341832,1
Philippines,2004,[2142.1],[1823.5197447052399],0.14872333471582094,14.872333471582094,0.14872333471582094,0.14872333471582094,1
Philippines,2005,[2151.4],[2142.0994328503],0.00432303018950445,0.432303018950445,0.00432303018950445,0.00432303018950445,1
Philippines,2006,[2366.0],[2151.3981411608893],0.09070239173250665,9.070239173250664,0.09070239173250665,0.09070239173250665,1
Philippines,2007,[2543.9],[2571.3208447551224],0.010779057649719835,1.0779057649719834,0.010779057649719835,-0.010779057649719835,1
Philippines,2008,[2603.6],[2714.239879465832],0.042494960618310075,4.249496061831008,0.042494960618310075,-0.042494960618310075,1
Philippines,2009,[2620.8],[2604.275271753136],0.006305222926916977,0.6305222926916977,0.006305222926916977,0.006305222926916977,1
Philippines,2010,[2551.7],[2365.9931082959074],0.07277771356511048,7.277771356511048,0.07277771356511048,0.07277771356511048,1
Philippines,2011,[2739.6],[2620.7969474526726],0.043365108974787306,4.336510897478731,0.043365108974787306,0.043365108974787306,1
Philippines,2012,[2855.5],[2608.399858433218],0.08653480706243459,8.653480706243458,0.08653480706243459,0.08653480706243459,1
Philippines,2013,[2877.6],[2975.363312467344],0.03397390619521264,3.397390619521264,0.03397390619521264,-0.03397390619521264,1
Philippines,2014,[2975.6],[2905.601999533828],0.02352399531730475,2.352399531730475,0.02352399531730475,0.02352399531730475,1
Philippines,2015,[2934.8],[2889.9985619110207],0.015265584737964926,1.5265584737964926,0.015265584737964926,0.015265584737964926,1
Philippines,2016,[2905.6],[3168.086697014106],0.09033820794813674,9.033820794813675,0.09033820794813674,-0.09033820794813674,1
Philippines,2017,[3100.7],[2904.269684111283],0.06335031311920435,6.335031311920434,0.06335031311920435,0.06335031311920435,1
Philippines,2018,[3094.6],[3169.4804187494847],0.02419712361839487,2.419712361839487,0.02419712361839487,-0.02419712361839487,1
Philippines,2019,[3170.3],[3094.590163331009],0.02388096920448888,2.3880969204488878,0.02388096920448888,0.02388096920448888,1
Philippines,2020,[3179.0],[3132.5667056266516],0.014606258060191387,1.4606258060191386,0.014606258060191387,0.014606258060191387,1
Philippines,2021,[3236.8],[3186.98348331181],0.015390668774156699,1.53906687741567,0.015390668774156699,0.015390668774156699,1
Philippines,2022,[3268.9],[3107.463914529018],0.04938544631863382,4.938544631863382,0.04938544631863382,0.04938544631863382,1
Lesotho,1984,[680.0],[913.4396303206054],0.3432935740008903,34.32935740008903,0.3432935740008903,-0.3432935740008903,12
Lesotho,1985,[782.2],[683.1656262155329],0.1266100406347061,12.66100406347061,0.1266100406347061,0.1266100406347061,12
Lesotho,1986,[708.9],[642.5343511874685],0.09361778644735719,9.361778644735718,0.09361778644735719,0.09361778644735719,12
Lesotho,1987,[666.4],[670.5084124683644],0.006165084736441271,0.6165084736441271,0.006165084736441271,-0.006165084736441271,12
Lesotho,1988,[922.1],[1047.7940192819665],0.13631278525318996,13.631278525318995,0.13631278525318996,-0.13631278525318996,12
Lesotho,1989,[1047.6],[915.553567231663],0.12604661394457514,12.604661394457514,0.12604661394457514,0.12604661394457514,12
Lesotho,1990,[1100.0],[922.0955057678611],0.16173135839285352,16.17313583928535,0.16173135839285352,0.16173135839285352,12
Lesotho,1991,[540.8],[912.7377276437377],0.687754673897444,68.7754673897444,0.687754673897444,-0.687754673897444,12
Lesotho,1992,[579.2],[1028.9622193613945],0.776523168786938,77.6523168786938,0.776523168786938,-0.776523168786938,12
Lesotho,1993,[887.5],[1317.0854548190473],0.4840399490918843,48.40399490918843,0.4840399490918843,-0.4840399490918843,12
Lesotho,1994,[862.9],[988.2407315481846],0.14525522256134504,14.525522256134504,0.14525522256134504,-0.14525522256134504,12
Lesotho,1995,[812.6],[517.2395056720777],0.36347587291154604,36.3475872911546,0.36347587291154604,0.36347587291154604,12
Lesotho,1996,[1249.0],[1048.4349990745804],0.16058046511242557,16.05804651124256,0.16058046511242557,0.16058046511242557,12
Lesotho,1997,[985.7],[420.75889458933017],0.57313696399581,57.313696399581005,0.57313696399581,0.57313696399581,12
Lesotho,1998,[1317.1],[671.6872896773287],0.49002559435325427,49.00255943532542,0.49002559435325427,0.49002559435325427,12
Lesotho,1999,[941.0],[733.3561031133285],0.22066301475735553,22.066301475735553,0.22066301475735553,0.22066301475735553,12
Lesotho,2000,[677.3],[891.513104757955],0.31627506977403674,31.627506977403673,0.31627506977403674,-0.31627506977403674,12
Lesotho,2001,[891.3],[430.3330472271656],0.5171849576717541,51.71849576717541,0.5171849576717541,0.5171849576717541,12
Lesotho,2002,[808.8],[1269.7500818298154],0.5699184988004642,56.991849880046416,0.5699184988004642,-0.5699184988004642,12
Lesotho,2003,[643.9],[822.6041199719601],0.2775339648578353,27.753396485783533,0.2775339648578353,-0.2775339648578353,12
Lesotho,2004,[634.7],[686.2491672599637],0.08121816174564929,8.121816174564929,0.08121816174564929,-0.08121816174564929,12
Lesotho,2005,[701.1],[634.6151758185597],0.09482930278339799,9.482930278339799,0.09482930278339799,0.09482930278339799,12
Lesotho,2006,[556.7],[612.8683558599436],0.10089519644322528,10.089519644322529,0.10089519644322528,-0.10089519644322528,12
Lesotho,2007,[487.7],[658.5771331654666],0.3503734532816622,35.03734532816622,0.3503734532816622,-0.3503734532816622,12
Lesotho,2008,[434.9],[782.2952112758912],0.79879331174038,79.879331174038,0.79879331174038,-0.79879331174038,12
Lesotho,2009,[415.9],[696.4268115509617],0.6745054377277272,67.45054377277272,0.6745054377277272,-0.6745054377277272,12
Lesotho,2010,[907.1],[632.1450978643519],0.30311421247453213,30.311421247453215,0.30311421247453213,0.30311421247453213,12
Lesotho,2011,[634.4],[907.0965219056577],0.42984949859025495,42.9849498590255,0.42984949859025495,-0.42984949859025495,12
Lesotho,2012,[695.2],[487.6815611430568],0.29850178201516575,29.850178201516574,0.29850178201516575,0.29850178201516575,12
Lesotho,2013,[822.7],[646.2656563102861],0.21445769258504188,21.44576925850419,0.21445769258504188,0.21445769258504188,12
Lesotho,2014,[678.6],[634.9303913356707],0.06435250318940362,6.435250318940362,0.06435250318940362,0.06435250318940362,12
Lesotho,2015,[657.1],[468.12700041939604],0.2875863636898554,28.75863636898554,0.2875863636898554,0.2875863636898554,12
Lesotho,2016,[468.0],[1040.8931331283034],1.2241306263425284,122.41306263425284,1.2241306263425284,-1.2241306263425284,12
Lesotho,2017,[1040.9],[668.8819348790907],0.357400389202526,35.7400389202526,0.357400389202526,0.357400389202526,12
Lesotho,2018,[868.4],[804.4326929872977],0.07366110895060138,7.366110895060138,0.07366110895060138,0.07366110895060138,12
Lesotho,2019,[768.8],[774.0656570115223],0.006849189661189266,0.6849189661189266,0.006849189661189266,-0.006849189661189266,12
Lesotho,2020,[456.9],[569.8287282596077],0.24716289835764443,24.716289835764442,0.24716289835764443,-0.24716289835764443,12
Lesotho,2021,[1025.2],[436.87734524852686],0.5738613487626544,57.38613487626544,0.5738613487626544,0.5738613487626544,12
Lesotho,2022,[804.6],[457.3327433386571],0.43160235727236257,43.160235727236255,0.43160235727236257,0.43160235727236257,12
South Africa,1984,[991.3],[1707.3009798915168],0.722284858157487,72.2284858157487,0.722284858157487,-0.722284858157487,7
South Africa,1985,[1875.6],[2258.269395545934],0.20402505627315745,20.402505627315744,0.20402505627315745,-0.20402505627315745,7
South Africa,1986,[1780.9],[1875.7461372360206],0.053257418853400226,5.3257418853400225,0.053257418853400226,-0.053257418853400226,7
South Africa,1987,[1558.4],[2253.835926222476],0.4462499526581594,44.62499526581594,0.4462499526581594,-0.4462499526581594,7
South Africa,1988,[1619.5],[2827.3238944494783],0.7458004905523176,74.58004905523175,0.7458004905523176,-0.7458004905523176,7
South Africa,1989,[2840.5],[1788.39041724958],0.3703959101392079,37.03959101392079,0.3703959101392079,0.3703959101392079,7
South Africa,1990,[2205.1],[991.741043428804],0.5502512160769107,55.02512160769108,0.5502512160769107,0.5502512160769107,7
South Africa,1991,[2257.3],[1557.5704463228587],0.3099851830404206,30.99851830404206,0.3099851830404206,0.3099851830404206,7
South Africa,1992,[785.3],[2648.4308302456566],2.3725083792762724,237.25083792762723,2.3725083792762724,-2.3725083792762724,7
South Africa,1993,[2284.0],[1823.9039930331464],0.20144308536201996,20.144308536201997,0.20144308536201996,0.20144308536201996,7
South Africa,1994,[2848.1],[2167.497644024039],0.2389671556391844,23.896715563918438,0.2389671556391844,0.2389671556391844,7
South Africa,1995,[1380.0],[2842.1874600679407],1.059556130484015,105.9556130484015,1.059556130484015,-1.059556130484015,7
South Africa,1996,[2704.3],[2840.5147196194425],0.05036967777962591,5.036967777962591,0.05036967777962591,-0.05036967777962591,7
South Africa,1997,[2519.5],[2848.1045338218614],0.130424502409947,13.042450240994699,0.130424502409947,-0.130424502409947,7
South Africa,1998,[2161.1],[2528.979717484653],0.17022799383862533,17.022799383862534,0.17022799383862533,-0.17022799383862533,7
South Africa,1999,[2227.4],[2660.249617361032],0.19432953998430094,19.432953998430094,0.19432953998430094,-0.19432953998430094,7
South Africa,2000,[2849.2],[2848.011052062407],0.0004172918494990627,0.04172918494990627,0.0004172918494990627,0.0004172918494990627,7
South Africa,2001,[2437.1],[2851.6765781070067],0.17011061429855434,17.011061429855435,0.17011061429855434,-0.17011061429855434,7
South Africa,2002,[2851.6],[2269.488552623439],0.20413502853715845,20.413502853715844,0.20413502853715845,0.20413502853715845,7
South Africa,2003,[2658.2],[3028.743585802992],0.1393964283360892,13.93964283360892,0.1393964283360892,-0.1393964283360892,7
South Africa,2004,[3030.5],[2835.2405495591915],0.06443143060247762,6.443143060247762,0.06443143060247762,0.06443143060247762,7
South Africa,2005,[3635.1],[2793.307570471169],0.23157338987340947,23.157338987340946,0.23157338987340947,0.23157338987340947,7
South Africa,2006,[3412.2],[2437.668625783406],0.28560206735144306,28.560206735144305,0.28560206735144306,0.28560206735144306,7
South Africa,2007,[2792.1],[3663.411402088481],0.3120631073702521,31.206310737025213,0.3120631073702521,-0.3120631073702521,7
South Africa,2008,[4537.3],[4251.466933333993],0.06299629001080086,6.299629001080086,0.06299629001080086,0.06299629001080086,7
South Africa,2009,[4964.0],[4700.095283357739],0.05316372212777208,5.316372212777208,0.05316372212777208,0.05316372212777208,7
South Africa,2010,[4673.6],[5313.621353853671],0.13694397335109357,13.694397335109358,0.13694397335109357,-0.13694397335109357,7
South Africa,2011,[4367.1],[4682.657737010402],0.07225795997581964,7.225795997581964,0.07225795997581964,-0.07225795997581964,7
South Africa,2012,[4490.5],[4966.944528028228],0.10610055183793074,10.610055183793074,0.10610055183793074,-0.10610055183793074,7
South Africa,2013,[4246.6],[4508.369468437189],0.06164212980671338,6.164212980671338,0.06164212980671338,-0.06164212980671338,7
South Africa,2014,[5300.9],[4524.675902985541],0.146432510897104,14.643251089710398,0.146432510897104,0.146432510897104,7
South Africa,2015,[3487.1],[5859.326540203768],0.6802863526150004,68.02863526150004,0.6802863526150004,-0.6802863526150004,7
South Africa,2016,[3712.0],[4963.16351255454],0.3370591359252532,33.70591359252532,0.3370591359252532,-0.3370591359252532,7
South Africa,2017,[5859.6],[5236.856212228612],0.10627752538934197,10.627752538934198,0.10627752538934197,0.10627752538934197,7
South Africa,2018,[4975.5],[3712.2299478358195],0.25389811117760636,25.389811117760637,0.25389811117760636,0.25389811117760636,7
South Africa,2019,[4553.9],[5859.528591601751],0.2867055911640026,28.670559116400263,0.2867055911640026,-0.2867055911640026,7
South Africa,2020,[5447.8],[4963.956294433226],0.08881451330202551,8.881451330202552,0.08881451330202551,0.08881451330202551,7
South Africa,2021,[5436.1],[5362.891472476645],0.013467104638133177,1.3467104638133176,0.013467104638133177,0.013467104638133177,7
South Africa,2022,[5375.8],[3412.1908806346364],0.3652682613500063,36.526826135000626,0.3652682613500063,0.3652682613500063,7
Malawi,1984,[1191.1],[1810.8930231028896],0.520353474185954,52.0353474185954,0.520353474185954,-0.520353474185954,3
Malawi,1985,[1183.5],[1203.783427162252],0.01713851048774999,1.713851048774999,0.01713851048774999,-0.01713851048774999,3
Malawi,1986,[1084.9],[1106.908029240602],0.020285767573603,2.0285767573603,0.020285767573603,-0.020285767573603,3
Malawi,1987,[1016.4],[1172.9292742990665],0.15400361501285567,15.400361501285568,0.15400361501285567,-0.15400361501285567,3
Malawi,1988,[1171.8],[1187.6203897474793],0.013500929977367588,1.3500929977367588,0.013500929977367588,-0.013500929977367588,3
Malawi,1989,[1187.8],[1142.2323650350195],0.03836305351488506,3.836305351488506,0.03836305351488506,0.03836305351488506,3
Malawi,1990,[999.3],[1143.6935913458547],0.14449473766221826,14.449473766221827,0.14449473766221826,-0.14449473766221826,3
Malawi,1991,[1141.9],[1090.0617429606211],0.04539649447357821,4.539649447357821,0.04539649447357821,0.04539649447357821,3
Malawi,1992,[480.2],[1426.3158522140045],1.970253753048739,197.0253753048739,1.970253753048739,-1.970253753048739,3
Malawi,1993,[1532.7],[1481.4017484580183],0.03346920567755053,3.346920567755053,0.03346920567755053,0.03346920567755053,3
Malawi,1994,[920.9],[1532.6927949085793],0.6643422683337815,66.43422683337815,0.6643422683337815,-0.6643422683337815,3
Malawi,1995,[1351.7],[920.8208744020054],0.31876831071835066,31.876831071835067,0.31876831071835066,0.31876831071835066,3
Malawi,1996,[1443.3],[1195.6241575799806],0.17160385395968913,17.160385395968913,0.17160385395968913,0.17160385395968913,3
Malawi,1997,[1095.9],[1532.6998748064773],0.398576398217426,39.8576398217426,0.398576398217426,-0.398576398217426,3
Malawi,1998,[1371.1],[1438.2603340962114],0.0489828124106276,4.89828124106276,0.0489828124106276,-0.0489828124106276,3
Malawi,1999,[1810.9],[1095.9667808495467],0.39479442219363486,39.479442219363484,0.39479442219363486,0.39479442219363486,3
Malawi,2000,[1742.8],[1062.2836639785514],0.3904729951924768,39.04729951924768,0.3904729951924768,0.3904729951924768,3
Malawi,2001,[1184.5],[1443.24770241557],0.218444662233491,21.844466223349098,0.218444662233491,-0.218444662233491,3
Malawi,2002,[1046.0],[1196.5249769652974],0.14390533170678524,14.390533170678523,0.14390533170678524,-0.14390533170678524,3
Malawi,2003,[1225.9],[1140.4160030851451],0.0697316232277143,6.9731623227714294,0.0697316232277143,0.0697316232277143,3
Malawi,2004,[1046.0],[1221.0701409859137],0.167371071688254,16.7371071688254,0.167371071688254,-0.167371071688254,3
Malawi,2005,[809.3],[480.2288351698927],0.4066120904857374,40.66120904857374,0.4066120904857374,0.4066120904857374,3
Malawi,2006,[1481.4],[1532.7003484759382],0.03462963985145005,3.4629639851450054,0.03462963985145005,-0.03462963985145005,3
Malawi,2007,[2654.7],[2117.4249921693454],0.20238633662208705,20.238633662208706,0.20238633662208705,0.20238633662208705,3
Malawi,2008,[1649.8],[2613.343745514528],0.5840366986995564,58.40366986995564,0.5840366986995564,-0.5840366986995564,3
Malawi,2009,[2226.5],[2566.1575114704174],0.15255221714368622,15.255221714368622,0.15255221714368622,-0.15255221714368622,3
Malawi,2010,[2015.8],[2207.778606196882],0.09523693134084824,9.523693134084823,0.09523693134084824,-0.09523693134084824,3
Malawi,2011,[2207.9],[1649.7979441158625],0.25277506041221864,25.277506041221866,0.25277506041221864,0.25277506041221864,3
Malawi,2012,[2193.2],[1656.2955494658484],0.24480414487240174,24.480414487240175,0.24480414487240174,0.24480414487240174,3
Malawi,2013,[2170.8],[1660.7036298240682],0.2349808228192058,23.498082281920578,0.2349808228192058,0.2349808228192058,3
Malawi,2014,[2333.9],[2007.6488803410139],0.13978795992072762,13.978795992072762,0.13978795992072762,0.13978795992072762,3
Malawi,2015,[1656.3],[2157.806211380381],0.3027870623560833,30.278706235608333,0.3027870623560833,-0.3027870623560833,3
Malawi,2016,[1415.4],[1652.9562252395197],0.16783681308430093,16.783681308430094,0.16783681308430093,-0.16783681308430093,3
Malawi,2017,[2007.8],[1600.7986556987285],0.2027101027499111,20.27101027499111,0.2027101027499111,0.2027101027499111,3
Malawi,2018,[1600.8],[2014.6507585684458],0.2585274603750911,25.85274603750911,0.2585274603750911,-0.2585274603750911,3
Malawi,2019,[1957.8],[2449.325098295486],0.25105991331876903,25.105991331876904,0.25105991331876903,-0.25105991331876903,3
Malawi,2020,[2095.5],[1525.8746142713294],0.27183268228521623,27.183268228521623,0.27183268228521623,0.27183268228521623,3
Malawi,2021,[2462.9],[2105.965219699615],0.1449245930814833,14.49245930814833,0.1449245930814833,0.1449245930814833,3
Malawi,2022,[2124.0],[2654.670097419032],0.2498446786341959,24.98446786341959,0.2498446786341959,-0.2498446786341959,3
Nigeria,1984,[1139.0],[1352.7969911259715],0.1877058745618714,18.77058745618714,0.1877058745618714,-0.1877058745618714,3
Nigeria,1985,[1173.5],[1140.51003148018],0.028112457196267548,2.8112457196267546,0.028112457196267548,0.028112457196267548,3
Nigeria,1986,[1267.9],[1131.2485263413882],0.10777780081915911,10.77778008191591,0.10777780081915911,0.10777780081915911,3
Nigeria,1987,[1353.3],[1139.0094775860866],0.15834665071596343,15.834665071596344,0.15834665071596343,0.15834665071596343,3
Nigeria,1988,[1640.1],[1165.9946053693784],0.2890710289803192,28.907102898031923,0.2890710289803192,0.2890710289803192,3
Nigeria,1989,[1395.0],[1163.315663569008],0.16608196159927746,16.608196159927747,0.16608196159927746,0.16608196159927746,3
Nigeria,1990,[1130.1],[1329.3352907788244],0.17629881495338864,17.629881495338864,0.17629881495338864,-0.17629881495338864,3
Nigeria,1991,[1129.9],[1521.093022983437],0.3462191547778007,34.62191547778007,0.3462191547778007,-0.3462191547778007,3
Nigeria,1992,[1118.1],[1271.968466371048],0.1376160149995958,13.76160149995958,0.1376160149995958,-0.1376160149995958,3
Nigeria,1993,[1184.8],[1306.563309386875],0.10277119293287906,10.277119293287907,0.10277119293287906,-0.10277119293287906,3
Nigeria,1994,[1272.0],[1143.9905056696193],0.10063639491382129,10.063639491382128,0.10063639491382129,0.10063639491382129,3
Nigeria,1995,[1266.6],[1345.6014320374882],0.0623728343893007,6.23728343893007,0.0623728343893007,-0.0623728343893007,3
Nigeria,1996,[1326.1],[1130.868180032685],0.14722254729455925,14.722254729455925,0.14722254729455925,0.14722254729455925,3
Nigeria,1997,[1251.0],[1268.6859967965245],0.014137487447261773,1.4137487447261774,0.014137487447261773,-0.014137487447261773,3
Nigeria,1998,[1320.0],[1266.5541416480357],0.040489286630275956,4.048928663027596,0.040489286630275956,0.040489286630275956,3
Nigeria,1999,[1599.8],[1131.364459685137],0.29280881379851414,29.280881379851415,0.29280881379851414,0.29280881379851414,3
Nigeria,2000,[1300.1],[1399.9041305961055],0.07676650303523233,7.676650303523233,0.07676650303523233,-0.07676650303523233,3
Nigeria,2001,[1399.9],[1135.789746595844],0.18866365697846707,18.866365697846707,0.18866365697846707,0.18866365697846707,3
Nigeria,2002,[1489.9],[1149.5413002145972],0.22844398938546404,22.844398938546405,0.22844398938546404,0.22844398938546404,3
Nigeria,2003,[1499.9],[1489.9026578023975],0.006665339154345369,0.6665339154345369,0.006665339154345369,0.006665339154345369,3
Nigeria,2004,[1600.2],[1300.1013263087993],0.18753822877840312,18.753822877840314,0.18753822877840312,0.18753822877840312,3
Nigeria,2005,[1659.8],[2194.6216193213277],0.322220520135756,32.2220520135756,0.322220520135756,-0.322220520135756,3
Nigeria,2006,[1818.2],[1652.4681237391383],0.09115162042726971,9.11516204272697,0.09115162042726971,0.09115162042726971,3
Nigeria,2007,[1704.9],[1666.1561944346383],0.022724972470738312,2.272497247073831,0.022724972470738312,0.022724972470738312,3
Nigeria,2008,[1957.1],[1603.4489671955732],0.1807015649708378,18.07015649708378,0.1807015649708378,0.1807015649708378,3
Nigeria,2009,[2196.1],[1957.0886554681838],0.10883445404663546,10.883445404663545,0.10883445404663546,0.10883445404663546,3
Nigeria,2010,[1850.2],[1957.088897246503],0.057771536723869255,5.777153672386925,0.057771536723869255,-0.057771536723869255,3
Nigeria,2011,[1627.1],[1704.2506180748471],0.04741602733381305,4.741602733381305,0.04741602733381305,-0.04741602733381305,3
Nigeria,2012,[1511.8],[1696.7371361455093],0.12232910182928257,12.232910182928256,0.12232910182928257,-0.12232910182928257,3
Nigeria,2013,[1461.6],[1708.809582899931],0.16913627729880343,16.913627729880343,0.16913627729880343,-0.16913627729880343,3
Nigeria,2014,[1700.2],[1511.800655288005],0.11081010746500125,11.081010746500125,0.11081010746500125,0.11081010746500125,3
Nigeria,2015,[1718.8],[1699.3482259359378],0.01131706659533523,1.131706659533523,0.01131706659533523,0.01131706659533523,3
Nigeria,2016,[1783.7],[1703.9525234170355],0.04470901865950805,4.470901865950805,0.04470901865950805,0.04470901865950805,3
Nigeria,2017,[1664.1],[1718.7952473399266],0.032867764761689025,3.2867764761689027,0.032867764761689025,-0.032867764761689025,3
Nigeria,2018,[1671.6],[1818.0843622716677],0.08763122892538155,8.763122892538156,0.08763122892538155,-0.08763122892538155,3
Nigeria,2019,[1851.4],[1850.1917114080902],0.000652635082591486,0.0652635082591486,0.000652635082591486,0.000652635082591486,3
Nigeria,2020,[2050.6],[1625.9679749309112],0.20707696531214706,20.707696531214705,0.20707696531214706,0.20707696531214706,3
Nigeria,2021,[2053.8],[1648.5735143883207],0.19730571896566335,19.730571896566335,0.19730571896566335,0.19730571896566335,3
Nigeria,2022,[2232.6],[2053.785274946874],0.08009259386057782,8.009259386057781,0.08009259386057782,0.08009259386057782,3
Timor-Leste,1984,[1087.0],[1067.8335742507575],0.01763240639304741,1.763240639304741,0.01763240639304741,0.01763240639304741,3
Timor-Leste,1985,[1067.0],[1318.15697020974],0.23538610141493901,23.5386101414939,0.23538610141493901,-0.23538610141493901,3
Timor-Leste,1986,[1072.0],[1085.2620988720942],0.012371360888147534,1.2371360888147533,0.012371360888147534,-0.012371360888147534,3
Timor-Leste,1987,[1140.0],[1322.723897910834],0.1602841209744158,16.02841209744158,0.1602841209744158,-0.1602841209744158,3
Timor-Leste,1988,[1288.2],[1265.782828800763],0.01740193386060949,1.740193386060949,0.01740193386060949,0.01740193386060949,3
Timor-Leste,1989,[1269.2],[1272.0195112275521],0.002221486942603281,0.2221486942603281,0.002221486942603281,-0.002221486942603281,3
Timor-Leste,1990,[1327.5],[1274.0813225194158],0.04024005836578845,4.024005836578845,0.04024005836578845,0.04024005836578845,3
Timor-Leste,1991,[1392.1],[1330.5027984937258],0.0442476844380965,4.42476844380965,0.0442476844380965,0.0442476844380965,3
Timor-Leste,1992,[1409.5],[1832.7178569214975],0.3002609839811972,30.02609839811972,0.3002609839811972,-0.3002609839811972,3
Timor-Leste,1993,[1800.0],[1846.748686295874],0.025971492386596663,2.597149238659666,0.025971492386596663,-0.025971492386596663,3
Timor-Leste,1994,[1882.3],[1138.5386016481305],0.39513435602819397,39.5134356028194,0.39513435602819397,0.39513435602819397,3
Timor-Leste,1995,[1835.5],[1225.1084953319994],0.3325478096801965,33.254780968019645,0.3325478096801965,0.3325478096801965,3
Timor-Leste,1996,[1834.6],[1404.9469932004997],0.23419437850185337,23.419437850185336,0.23419437850185337,0.23419437850185337,3
Timor-Leste,1997,[1577.0],[1552.7096608737795],0.015402878329879827,1.5402878329879828,0.015402878329879827,0.015402878329879827,3
Timor-Leste,1998,[1847.7],[1217.0336459819682],0.34132508200358924,34.13250820035893,0.34132508200358924,0.34132508200358924,3
Timor-Leste,1999,[1300.1],[1652.1667655563533],0.2707997581388766,27.079975813887657,0.2707997581388766,-0.2707997581388766,3
Timor-Leste,2000,[1608.2],[1283.5821771484611],0.20185164957812393,20.185164957812393,0.20185164957812393,0.20185164957812393,3
Timor-Leste,2001,[1215.6],[1477.8311648947702],0.21572159007467115,21.572159007467114,0.21572159007467115,-0.21572159007467115,3
Timor-Leste,2002,[1755.1],[1584.8853048598023],0.09698290418790816,9.698290418790815,0.09698290418790816,0.09698290418790816,3
Timor-Leste,2003,[1392.4],[1630.304082413381],0.1708590077660017,17.08590077660017,0.1708590077660017,-0.1708590077660017,3
Timor-Leste,2004,[1580.9],[1484.357976306786],0.06106776120767544,6.1067761207675435,0.06106776120767544,0.06106776120767544,3
Timor-Leste,2005,[1590.0],[1828.3335960910576],0.14989534345349537,14.989534345349536,0.14989534345349537,-0.14989534345349537,3
Timor-Leste,2006,[1675.8],[1215.613282192497],0.27460718331990863,27.46071833199086,0.27460718331990863,0.27460718331990863,3
Timor-Leste,2007,[1128.2],[1252.5586280921755],0.11022746684291386,11.022746684291386,0.11022746684291386,-0.11022746684291386,3
Timor-Leste,2008,[1261.1],[1784.4980882394843],0.4150329777491749,41.50329777491749,0.4150329777491749,-0.4150329777491749,3
Timor-Leste,2009,[1888.4],[1128.2148798670719],0.4025551366939886,40.255513669398866,0.4025551366939886,0.4025551366939886,3
Timor-Leste,2010,[2119.3],[972.1188891198199],0.5413018972680509,54.13018972680509,0.5413018972680509,0.5413018972680509,3
Timor-Leste,2011,[2294.3],[1985.7224138203173],0.1344974877651932,13.449748776519321,0.1344974877651932,0.1344974877651932,3
Timor-Leste,2012,[1390.2],[2511.5786295424036],0.8066311534616627,80.66311534616626,0.8066311534616627,-0.8066311534616627,3
Timor-Leste,2013,[2353.8],[1390.2075954737481],0.4093773491912023,40.93773491912023,0.4093773491912023,0.4093773491912023,3
Timor-Leste,2014,[2772.5],[1390.2073028090326],0.498572659040926,49.8572659040926,0.498572659040926,0.498572659040926,3
Timor-Leste,2015,[2397.0],[1390.2075652779433],0.42002187514478795,42.00218751447879,0.42002187514478795,0.42002187514478795,3
Timor-Leste,2016,[2314.6],[1888.3939502715402],0.18413810149851365,18.413810149851365,0.18413810149851365,0.18413810149851365,3
Timor-Leste,2017,[2169.3],[2314.6714371086982],0.06701306278923987,6.701306278923987,0.06701306278923987,-0.06701306278923987,3
Timor-Leste,2018,[2144.5],[2741.8372749795953],0.27854384470953386,27.854384470953384,0.27854384470953386,-0.27854384470953386,3
Timor-Leste,2019,[2511.6],[2767.015715389936],0.10169442402848222,10.169442402848222,0.10169442402848222,-0.10169442402848222,3
Timor-Leste,2020,[2668.6],[2148.230916179907],0.19499703358318698,19.499703358318698,0.19499703358318698,0.19499703358318698,3
Timor-Leste,2021,[972.1],[2303.7972115005487],1.3699179215106971,136.99179215106972,1.3699179215106971,-1.3699179215106971,3
Timor-Leste,2022,[1784.5],[2166.4670751867748],0.21404711414221056,21.404711414221055,0.21404711414221056,-0.21404711414221056,3
Argentina,1984,[3140.7],[3620.707944782748],0.152834700793692,15.283470079369199,0.152834700793692,-0.152834700793692,5
Argentina,1985,[3562.9],[2922.2484245528526],0.17981183177949073,17.981183177949074,0.17981183177949073,0.17981183177949073,5
Argentina,1986,[3745.0],[3189.615322894821],0.14830031431379945,14.830031431379945,0.14830031431379945,0.14830031431379945,5
Argentina,1987,[3189.7],[3765.5622514926176],0.18053806047359244,18.053806047359245,0.18053806047359244,-0.18053806047359244,5
Argentina,1988,[3774.4],[2910.373966963437],0.22891745258493088,22.89174525849309,0.22891745258493088,0.22891745258493088,5
Argentina,1989,[2910.3],[3771.651313852515],0.2959665030589681,29.59665030589681,0.2959665030589681,-0.2959665030589681,5
Argentina,1990,[3460.8],[3189.7662187649803],0.07831535518811254,7.831535518811254,0.07831535518811254,0.07831535518811254,5
Argentina,1991,[4044.4],[3562.8726109913327],0.11906027816454043,11.906027816454042,0.11906027816454043,0.11906027816454043,5
Argentina,1992,[4523.7],[4240.7919557682035],0.06253908177637693,6.253908177637693,0.06253908177637693,0.06253908177637693,5
Argentina,1993,[4355.2],[4239.1813444484715],0.026639110844858642,2.6639110844858642,0.026639110844858642,0.026639110844858642,5
Argentina,1994,[4237.1],[4467.651611628522],0.05441259626360521,5.44125962636052,0.05441259626360521,-0.05441259626360521,5
Argentina,1995,[4522.3],[4238.844777370704],0.06267943803579953,6.2679438035799535,0.06267943803579953,0.06267943803579953,5
Argentina,1996,[4039.7],[4522.272731575599],0.11945756654593148,11.945756654593149,0.11945756654593148,-0.11945756654593148,5
Argentina,1997,[4555.7],[4521.096847395677],0.007595573151068449,0.7595573151068449,0.007595573151068449,0.007595573151068449,5
Argentina,1998,[6078.0],[4042.6197637749733],0.33487664301168585,33.487664301168586,0.33487664301168585,0.33487664301168585,5
Argentina,1999,[5370.2],[6077.988022906571],0.13179919237767146,13.179919237767146,0.13179919237767146,-0.13179919237767146,5
Argentina,2000,[5432.9],[5412.968564114988],0.003668655024942761,0.3668655024942761,0.003668655024942761,0.003668655024942761,5
Argentina,2001,[5455.3],[5383.926507237098],0.013083330479149094,1.3083330479149093,0.013083330479149094,0.013083330479149094,5
Argentina,2002,[6079.1],[6077.988103036028],0.000182904864860252,0.0182904864860252,0.000182904864860252,0.000182904864860252,5
Argentina,2003,[6476.7],[7845.525201278158],0.21134608693905207,21.134608693905207,0.21134608693905207,-0.21134608693905207,5
Argentina,2004,[6393.1],[7505.6575585994115],0.1740247389528415,17.40247389528415,0.1740247389528415,-0.1740247389528415,5
Argentina,2005,[7358.7],[5377.092195401761],0.2692877552554444,26.92877552554444,0.2692877552554444,0.2692877552554444,5
Argentina,2006,[5903.0],[5734.5360366757695],0.02853870291787743,2.853870291787743,0.02853870291787743,0.02853870291787743,5
Argentina,2007,[7665.5],[5629.988104505499],0.26554196014539183,26.554196014539183,0.26554196014539183,0.26554196014539183,5
Argentina,2008,[6452.5],[6844.5142741551945],0.060753858838464854,6.075385883846486,0.060753858838464854,-0.060753858838464854,5
Argentina,2009,[5576.0],[7307.468804712977],0.3105216651206916,31.052166512069164,0.3105216651206916,-0.3105216651206916,5
Argentina,2010,[7804.0],[7358.652801106087],0.057066529842889895,5.706652984288989,0.057066529842889895,0.057066529842889895,5
Argentina,2011,[6350.3],[7360.433770708804],0.1590686693083483,15.906866930834829,0.1590686693083483,-0.1590686693083483,5
Argentina,2012,[5734.6],[5914.367446111037],0.03134786142207589,3.1347861422075893,0.03134786142207589,-0.03134786142207589,5
Argentina,2013,[6603.7],[5902.9894871522565],0.10610877430042905,10.610877430042905,0.10610877430042905,0.10610877430042905,5
Argentina,2014,[6840.9],[7468.467760822935],0.09173760189784023,9.173760189784023,0.09173760189784023,-0.09173760189784023,5
Argentina,2015,[7309.0],[7572.347758525743],0.036030614109418976,3.6030614109418977,0.036030614109418976,-0.036030614109418976,5
Argentina,2016,[7442.7],[6855.802920187144],0.07885539922512741,7.885539922512741,0.07885539922512741,0.07885539922512741,5
Argentina,2017,[7575.9],[7308.773506377403],0.03526003426953855,3.5260034269538547,0.03526003426953855,0.03526003426953855,5
Argentina,2018,[6088.3],[7436.933502168187],0.22151232727825287,22.15123272782529,0.22151232727825287,-0.22151232727825287,5
Argentina,2019,[7861.5],[7558.877620752215],0.038494228741052586,3.8494228741052585,0.038494228741052586,0.038494228741052586,5
Argentina,2020,[7553.9],[6603.687201263305],0.1257910216890209,12.57910216890209,0.1257910216890209,0.1257910216890209,5
Argentina,2021,[7429.6],[6352.495138201483],0.14497481180662714,14.497481180662714,0.14497481180662714,0.14497481180662714,5
Argentina,2022,[6732.9],[7801.409697258725],0.15869977235050653,15.869977235050653,0.15869977235050653,-0.15869977235050653,5
Paraguay,1984,[1434.5],[1753.2548355320407],0.22220622902198725,22.220622902198723,0.22220622902198725,-0.22220622902198725,3
Paraguay,1985,[1698.7],[1538.348321921739],0.09439670223009425,9.439670223009426,0.09439670223009425,0.09439670223009425,3
Paraguay,1986,[1701.3],[1719.3366969682809],0.010601714552566227,1.0601714552566226,0.010601714552566227,-0.010601714552566227,3
Paraguay,1987,[1804.6],[1988.9166389758655],0.10213711569093735,10.213711569093736,0.10213711569093735,-0.10213711569093735,3
Paraguay,1988,[1902.0],[1699.3381135476252],0.10655199077411924,10.655199077411924,0.10655199077411924,0.10655199077411924,3
Paraguay,1989,[1988.9],[1858.4844859899251],0.06557167982808333,6.557167982808333,0.06557167982808333,0.06557167982808333,3
Paraguay,1990,[2199.1],[1632.3950537453263],0.2576985795346613,25.76985795346613,0.2576985795346613,0.2576985795346613,3
Paraguay,1991,[1650.2],[1699.4855091095992],0.029866385353047607,2.9866385353047606,0.029866385353047607,-0.029866385353047607,3
Paraguay,1992,[1743.0],[2193.1733174768037],0.2582749956837658,25.827499568376577,0.2582749956837658,-0.2582749956837658,3
Paraguay,1993,[1763.0],[1708.583845832402],0.03086565749721954,3.086565749721954,0.03086565749721954,0.03086565749721954,3
Paraguay,1994,[2114.0],[1483.9979991335258],0.2980141915167806,29.80141915167806,0.2980141915167806,0.2980141915167806,3
Paraguay,1995,[2466.0],[1704.2945912663686],0.30888297191144826,30.888297191144826,0.30888297191144826,0.30888297191144826,3
Paraguay,1996,[2015.0],[2674.778634647653],0.3274335655819617,32.74335655819617,0.3274335655819617,-0.3274335655819617,3
Paraguay,1997,[2748.3],[2341.783962354756],0.14791545233243972,14.791545233243971,0.14791545233243972,0.14791545233243972,3
Paraguay,1998,[2457.5],[2116.761093773406],0.1386526576710453,13.865265767104528,0.1386526576710453,0.1386526576710453,3
Paraguay,1999,[2291.7],[2064.305340899897],0.09922531705725125,9.922531705725126,0.09922531705725125,0.09922531705725125,3
Paraguay,2000,[1951.2],[2016.466781608398],0.03344956006990461,3.3449560069904614,0.03344956006990461,-0.03344956006990461,3
Paraguay,2001,[2330.8],[2067.639886376836],0.11290548894077754,11.290548894077753,0.11290548894077754,0.11290548894077754,3
Paraguay,2002,[2344.2],[2330.7585388850875],0.005733922495910022,0.5733922495910022,0.005733922495910022,0.005733922495910022,3
Paraguay,2003,[2384.9],[2769.40303446019],0.16122396513907922,16.122396513907923,0.16122396513907922,-0.16122396513907922,3
Paraguay,2004,[2545.5],[2078.9217300497185],0.1832953329209513,18.329533292095128,0.1832953329209513,0.1832953329209513,3
Paraguay,2005,[2075.0],[2553.6016416385846],0.23065139356076367,23.065139356076365,0.23065139356076367,-0.23065139356076367,3
Paraguay,2006,[2682.9],[2493.2522261469903],0.07068760440307494,7.068760440307494,0.07068760440307494,0.07068760440307494,3
Paraguay,2007,[2770.0],[2079.838343649994],0.2491558326173307,24.915583261733072,0.2491558326173307,0.2491558326173307,3
Paraguay,2008,[2880.4],[2410.0316086051416],0.16329967761243525,16.329967761243523,0.16329967761243525,0.16329967761243525,3
Paraguay,2009,[2400.0],[2753.217072041764],0.14717378001740164,14.717378001740164,0.14717378001740164,-0.14717378001740164,3
Paraguay,2010,[3915.2],[2400.014638281505],0.3870007564667181,38.70007564667181,0.3870007564667181,0.3870007564667181,3
Paraguay,2011,[3919.8],[3974.882316510789],0.014052328310319159,1.4052328310319158,0.014052328310319159,-0.014052328310319159,3
Paraguay,2012,[3095.0],[3937.65666905695],0.2722638672235702,27.22638672235702,0.2722638672235702,-0.2722638672235702,3
Paraguay,2013,[4000.0],[3920.0964578926837],0.019975885526829076,1.9975885526829076,0.019975885526829076,0.019975885526829076,3
Paraguay,2014,[4000.0],[3094.996141117934],0.22625096472051656,22.625096472051656,0.22625096472051656,0.22625096472051656,3
Paraguay,2015,[5248.3],[3094.9952685759895],0.4102861367345637,41.02861367345637,0.4102861367345637,0.4102861367345637,3
Paraguay,2016,[5367.0],[5484.905402079616],0.02196858618960605,2.196858618960605,0.02196858618960605,-0.02196858618960605,3
Paraguay,2017,[5485.0],[4129.367530362365],0.24715268361670648,24.71526836167065,0.24715268361670648,0.24715268361670648,3
Paraguay,2018,[4995.0],[5391.420462541631],0.07936345596429058,7.9363455964290575,0.07936345596429058,-0.07936345596429058,3
Paraguay,2019,[5140.0],[5297.168884636303],0.030577604014844963,3.0577604014844963,0.030577604014844963,-0.030577604014844963,3
Paraguay,2020,[5304.2],[4129.367656737546],0.22149095872373853,22.149095872373852,0.22149095872373853,0.22149095872373853,3
Paraguay,2021,[4129.4],[5392.453114420995],0.3058684347413657,30.586843474136572,0.3058684347413657,-0.3058684347413657,3
Paraguay,2022,[5147.7],[4129.367766129439],0.1978227623735962,19.782276237359618,0.1978227623735962,0.1978227623735962,3
Rwanda,1984,[1198.8],[1674.9909514397261],0.39722301588232084,39.722301588232085,0.39722301588232084,-0.39722301588232084,3
Rwanda,1985,[1218.2],[756.2502077131618],0.3792068562525351,37.92068562525351,0.3792068562525351,0.3792068562525351,3
Rwanda,1986,[1130.5],[1218.7888153342465],0.0780971387299836,7.80971387299836,0.0780971387299836,-0.0780971387299836,3
Rwanda,1987,[1483.9],[1098.1606010360772],0.2599497263723451,25.994972637234508,0.2599497263723451,0.2599497263723451,3
Rwanda,1988,[1800.0],[1674.990531210846],0.06944970488286331,6.944970488286331,0.06944970488286331,0.06944970488286331,3
Rwanda,1989,[1187.5],[1184.5788377857991],0.0024599260751165274,0.24599260751165275,0.0024599260751165274,0.0024599260751165274,3
Rwanda,1990,[1025.2],[1739.9893462930363],0.6972194169850139,69.72194169850138,0.6972194169850139,-0.6972194169850139,3
Rwanda,1991,[1155.6],[1192.3582806613322],0.0318088271558777,3.18088271558777,0.0318088271558777,-0.0318088271558777,3
Rwanda,1992,[1225.0],[1153.5927729667421],0.0582916139047003,5.82916139047003,0.0582916139047003,0.0582916139047003,3
Rwanda,1993,[1740.0],[1224.9049248843794],0.2960316523652992,29.60316523652992,0.2960316523652992,0.2960316523652992,3
Rwanda,1994,[1675.0],[1198.803315948763],0.2842965277917833,28.429652779178333,0.2842965277917833,0.2842965277917833,3
Rwanda,1995,[1120.0],[1077.9309010259926],0.037561695512506585,3.7561695512506583,0.037561695512506585,0.037561695512506585,3
Rwanda,1996,[1109.9],[773.3727101172573],0.3032050544037686,30.32050544037686,0.3032050544037686,0.3032050544037686,3
Rwanda,1997,[1090.8],[823.1137086753299],0.24540364074502205,24.540364074502204,0.24540364074502205,0.24540364074502205,3
Rwanda,1998,[823.1],[1674.9912140484473],1.0349789989654323,103.49789989654323,1.0349789989654323,-1.0349789989654323,3
Rwanda,1999,[755.6],[1053.043765756169],0.3936524162998531,39.365241629985306,0.3936524162998531,-0.3936524162998531,3
Rwanda,2000,[701.8],[767.1978447294688],0.09318587165783533,9.318587165783534,0.09318587165783533,-0.09318587165783533,3
Rwanda,2001,[767.1],[720.1167379602764],0.061247897327237164,6.124789732723716,0.061247897327237164,0.061247897327237164,3
Rwanda,2002,[876.3],[1151.505963689207],0.3140545060928986,31.405450609289858,0.3140545060928986,-0.3140545060928986,3
Rwanda,2003,[767.2],[876.8702848251963],0.142948754985918,14.2948754985918,0.142948754985918,-0.142948754985918,3
Rwanda,2004,[767.0],[703.8727984631953],0.0823040437246476,8.23040437246476,0.0823040437246476,0.0823040437246476,3
Rwanda,2005,[888.9],[767.2091515976624],0.1369004931964648,13.69004931964648,0.1369004931964648,0.1369004931964648,3
Rwanda,2006,[853.1],[720.1985005912392],0.1557865425023571,15.57865425023571,0.1557865425023571,0.1557865425023571,3
Rwanda,2007,[720.1],[1132.369402604583],0.5725168762735494,57.25168762735494,0.5725168762735494,-0.5725168762735494,3
Rwanda,2008,[1151.5],[766.294592331105],0.33452488725045154,33.45248872504516,0.33452488725045154,0.33452488725045154,3
Rwanda,2009,[1950.3],[1531.5942106446716],0.21468788871216138,21.468788871216137,0.21468788871216138,0.21468788871216138,3
Rwanda,2010,[2341.6],[2260.8624749568053],0.03447964000819723,3.447964000819723,0.03447964000819723,0.03447964000819723,3
Rwanda,2011,[2352.9],[2341.2365639435816],0.004957047072301629,0.4957047072301629,0.004957047072301629,0.004957047072301629,3
Rwanda,2012,[2258.7],[1554.109261861896],0.31194525086913,31.194525086913,0.31194525086913,0.31194525086913,3
Rwanda,2013,[2284.5],[2312.984472395724],0.01246858060657648,1.246858060657648,0.01246858060657648,-0.01246858060657648,3
Rwanda,2014,[1531.6],[2096.7927284069465],0.3690211076044311,36.90211076044311,0.3690211076044311,-0.3690211076044311,3
Rwanda,2015,[1531.3],[1574.6824559564145],0.028330474731544805,2.8330474731544806,0.028330474731544805,-0.028330474731544805,3
Rwanda,2016,[1574.8],[1379.2990932168466],0.12414332409395058,12.414332409395058,0.12414332409395058,0.12414332409395058,3
Rwanda,2017,[1379.3],[1571.1858144786431],0.13911825888395793,13.911825888395793,0.13911825888395793,-0.13911825888395793,3
Rwanda,2018,[1431.5],[1492.7393195072675],0.04277982501380895,4.277982501380895,0.04277982501380895,-0.04277982501380895,3
Rwanda,2019,[1461.0],[1527.303769067739],0.0453824565829836,4.53824565829836,0.0453824565829836,-0.0453824565829836,3
Rwanda,2020,[1523.7],[1522.215568430955],0.00097422823984052,0.097422823984052,0.00097422823984052,0.00097422823984052,3
Rwanda,2021,[1521.6],[1527.1592514446131],0.0036535564173325514,0.36535564173325513,0.0036535564173325514,-0.0036535564173325514,3
Rwanda,2022,[1528.6],[858.446872840057],0.4384097390814751,43.84097390814751,0.4384097390814751,0.4384097390814751,3
Indonesia,1984,[1713.4],[1783.1794271067204],0.040725707427757836,4.072570742775784,0.040725707427757836,-0.040725707427757836,1
Indonesia,1985,[1774.4],[1953.92924380745],0.10117743677155647,10.117743677155646,0.10117743677155647,-0.10117743677155647,1
Indonesia,1986,[1883.8],[1764.9198494628658],0.06310656679962529,6.310656679962529,0.06310656679962529,0.06310656679962529,1
Indonesia,1987,[1963.3],[1967.4674560431445],0.0021226791846098467,0.21226791846098467,0.0021226791846098467,-0.0021226791846098467,1
Indonesia,1988,[1953.1],[1968.3556868712878],0.007811011659048659,0.7811011659048659,0.007811011659048659,-0.007811011659048659,1
Indonesia,1989,[2103.3],[1883.1081545264235],0.10468874885825924,10.468874885825924,0.10468874885825924,0.10468874885825924,1
Indonesia,1990,[2132.3],[2143.496374454579],0.00525084390309935,0.525084390309935,0.00525084390309935,-0.00525084390309935,1
Indonesia,1991,[2150.5],[2202.5309082249005],0.02419479573350406,2.419479573350406,0.02419479573350406,-0.02419479573350406,1
Indonesia,1992,[2203.0],[2206.7791296458827],0.0017154469568237297,0.17154469568237296,0.0017154469568237297,-0.0017154469568237297,1
Indonesia,1993,[2197.5],[2202.7543322858173],0.0023910499594163035,0.23910499594163034,0.0023910499594163035,-0.0023910499594163035,1
Indonesia,1994,[2209.1],[2197.535008176517],0.005235159940013159,0.5235159940013159,0.005235159940013159,0.005235159940013159,1
Indonesia,1995,[2258.0],[2309.8142806420237],0.02294697991232229,2.294697991232229,0.02294697991232229,-0.02294697991232229,1
Indonesia,1996,[2486.2],[2194.856803631247],0.11718413497254952,11.718413497254952,0.11718413497254952,0.11718413497254952,1
Indonesia,1997,[2614.1],[2377.614882149273],0.09046521473957651,9.046521473957652,0.09046521473957651,0.09046521473957651,1
Indonesia,1998,[2652.6],[2590.7603888031203],0.023312829373776506,2.3312829373776505,0.023312829373776506,0.023312829373776506,1
Indonesia,1999,[2662.9],[2506.1597876459336],0.0588607204003404,5.88607204003404,0.0588607204003404,0.0588607204003404,1
Indonesia,2000,[2764.9],[2663.4490171375437],0.036692460075393826,3.6692460075393827,0.036692460075393826,0.036692460075393826,1
Indonesia,2001,[2844.6],[2769.034234849299],0.026564636557231538,2.6564636557231536,0.026564636557231538,0.026564636557231538,1
Indonesia,2002,[3065.5],[3292.625601257019],0.07409088281096683,7.409088281096683,0.07409088281096683,-0.07409088281096683,1
Indonesia,2003,[3241.4],[3063.9749722832257],0.05473715916479742,5.473715916479742,0.05473715916479742,0.05473715916479742,1
Indonesia,2004,[3343.9],[3248.613377983902],0.028495655377283453,2.849565537728345,0.028495655377283453,0.028495655377283453,1
Indonesia,2005,[3453.9],[3660.0958516052688],0.0596994271997651,5.96994271997651,0.0596994271997651,-0.0596994271997651,1
Indonesia,2006,[3469.9],[3345.9805699311614],0.0357126805005443,3.57126805005443,0.0357126805005443,0.0357126805005443,1
Indonesia,2007,[3660.1],[3451.319468183682],0.05704230261914094,5.704230261914094,0.05704230261914094,0.05704230261914094,1
Indonesia,2008,[4077.6],[4892.136670449012],0.1997588459998558,19.97588459998558,0.1997588459998558,-0.1997588459998558,1
Indonesia,2009,[4237.2],[4077.5842147067183],0.03767010886747889,3.767010886747889,0.03767010886747889,0.03767010886747889,1
Indonesia,2010,[4435.9],[4943.356953948793],0.11439774430189882,11.439774430189882,0.11439774430189882,-0.11439774430189882,1
Indonesia,2011,[4565.2],[4365.739395344681],0.0436915369874965,4.36915369874965,0.0436915369874965,0.0436915369874965,1
Indonesia,2012,[4898.7],[4237.179610781984],0.13503998800049322,13.503998800049322,0.13503998800049322,0.13503998800049322,1
Indonesia,2013,[4844.1],[4952.965068099625],0.022473744988671638,2.247374498867164,0.022473744988671638,-0.022473744988671638,1
Indonesia,2014,[4954.0],[4898.661362435041],0.011170496076899242,1.1170496076899243,0.011170496076899242,0.011170496076899242,1
Indonesia,2015,[5178.4],[4952.85369914172],0.04355521026924904,4.355521026924904,0.04355521026924904,0.04355521026924904,1
Indonesia,2016,[5305.2],[5788.009295874871],0.09100680386693644,9.100680386693643,0.09100680386693644,-0.09100680386693644,1
Indonesia,2017,[5227.4],[5187.623262243619],0.007609277605765868,0.7609277605765868,0.007609277605765868,0.007609277605765868,1
Indonesia,2018,[5326.1],[5179.389727713029],0.027545534685223954,2.7545534685223956,0.027545534685223954,0.027545534685223954,1
Indonesia,2019,[5441.9],[5324.87935411693],0.021503637678580982,2.150363767858098,0.021503637678580982,0.021503637678580982,1
Indonesia,2020,[5680.4],[5277.891793482063],0.07085913078620111,7.085913078620111,0.07085913078620111,0.07085913078620111,1
Indonesia,2021,[5695.7],[5717.621148865906],0.003848719010114054,0.3848719010114054,0.003848719010114054,-0.003848719010114054,1
Indonesia,2022,[5793.6],[5695.610576794552],0.016913391191219356,1.6913391191219356,0.016913391191219356,0.016913391191219356,1
Guinea,1984,[1055.8],[1111.1052020669686],0.052382271326926126,5.238227132692613,0.052382271326926126,-0.052382271326926126,3
Guinea,1985,[1111.1],[1054.4786078988573],0.05095976248865327,5.095976248865327,0.05095976248865327,0.05095976248865327,3
Guinea,1986,[1111.1],[984.5110327118797],0.11393120987140692,11.393120987140692,0.11393120987140692,0.11393120987140692,3
Guinea,1987,[1000.0],[1268.1398639388465],0.2681398639388465,26.813986393884647,0.2681398639388465,-0.2681398639388465,3
Guinea,1988,[952.0],[985.40395524416],0.03508818828168066,3.508818828168066,0.03508818828168066,-0.03508818828168066,3
Guinea,1989,[984.5],[952.0095491726156],0.03300198154127414,3.3001981541274144,0.03300198154127414,0.03300198154127414,3
Guinea,1990,[1017.9],[988.4832937185656],0.02889940689796086,2.889940689796086,0.02889940689796086,0.02889940689796086,3
Guinea,1991,[1052.7],[1088.5087669224488],0.03401611752868694,3.401611752868694,0.03401611752868694,-0.03401611752868694,3
Guinea,1992,[1088.5],[1059.8448156779314],0.0263253875260162,2.63253875260162,0.0263253875260162,0.0263253875260162,3
Guinea,1993,[1125.5],[976.93785010018],0.13199657920908045,13.199657920908045,0.13199657920908045,0.13199657920908045,3
Guinea,1994,[1163.9],[1017.9151841280403],0.12542728402092942,12.542728402092942,0.12542728402092942,0.12542728402092942,3
Guinea,1995,[1203.6],[1017.9073261511508],0.15428105171888432,15.428105171888431,0.15428105171888432,0.15428105171888432,3
Guinea,1996,[1244.6],[1125.5047589642757],0.09568957177866323,9.568957177866324,0.09568957177866323,0.09568957177866323,3
Guinea,1997,[1287.0],[1203.6026304685095],0.06479982092578908,6.479982092578908,0.06479982092578908,0.06479982092578908,3
Guinea,1998,[1330.8],[1442.9969760945025],0.08430791711339239,8.43079171133924,0.08430791711339239,-0.08430791711339239,3
Guinea,1999,[1376.1],[1079.3785615349905],0.21562490986484228,21.562490986484228,0.21562490986484228,0.21562490986484228,3
Guinea,2000,[1423.0],[1079.305910228646],0.24152782134318615,24.152782134318613,0.24152782134318615,0.24152782134318615,3
Guinea,2001,[1443.0],[1227.4153487230851],0.14940031273521476,14.940031273521475,0.14940031273521476,0.14940031273521476,3
Guinea,2002,[1466.4],[1350.756665599087],0.0788620665581786,7.886206655817859,0.0788620665581786,0.0788620665581786,3
Guinea,2003,[1490.1],[1508.4876555289288],0.012339880228795999,1.2339880228795999,0.012339880228795999,-0.012339880228795999,3
Guinea,2004,[1514.3],[1513.3361192884406],0.0006365189933034015,0.06365189933034016,0.0006365189933034015,0.0006365189933034015,3
Guinea,2005,[1538.8],[1466.2979284327114],0.047115981002916925,4.711598100291693,0.047115981002916925,0.047115981002916925,3
Guinea,2006,[1563.7],[1564.75439084283],0.0006742922829378328,0.06742922829378328,0.0006742922829378328,-0.0006742922829378328,3
Guinea,2007,[1589.1],[1462.3470755643289],0.07976396981667047,7.9763969816670475,0.07976396981667047,0.07976396981667047,3
Guinea,2008,[1079.3],[1633.5178931840915],0.5134975383897818,51.34975383897819,0.5134975383897818,-0.5134975383897818,3
Guinea,2009,[1631.8],[1657.6246576917272],0.01582587185422676,1.582587185422676,0.01582587185422676,-0.01582587185422676,3
Guinea,2010,[1631.3],[1204.2003104267155],0.2618155394919907,26.18155394919907,0.2618155394919907,0.2618155394919907,3
Guinea,2011,[1658.4],[1517.677920456534],0.08485412418202254,8.485412418202253,0.08485412418202254,0.08485412418202254,3
Guinea,2012,[1220.0],[1576.9410050678514],0.292574594317911,29.257459431791098,0.292574594317911,-0.292574594317911,3
Guinea,2013,[1250.0],[1236.6287881280275],0.010696969497577993,1.0696969497577993,0.010696969497577993,0.010696969497577993,3
Guinea,2014,[1232.3],[1249.2873024077705],0.013785038065219983,1.3785038065219983,0.013785038065219983,-0.013785038065219983,3
Guinea,2015,[1250.3],[1329.3650187182307],0.06323683813343255,6.323683813343255,0.06323683813343255,-0.06323683813343255,3
Guinea,2016,[1226.5],[1250.660418464642],0.019698669763262868,1.9698669763262868,0.019698669763262868,-0.019698669763262868,3
Guinea,2017,[1350.0],[1449.9536915817948],0.07403977154207024,7.403977154207024,0.07403977154207024,-0.07403977154207024,3
Guinea,2018,[1338.6],[1334.263399918211],0.003239653430292023,0.32396534302920227,0.003239653430292023,0.003239653430292023,3
Guinea,2019,[1450.0],[1349.8001657207421],0.06910333398569507,6.910333398569507,0.06910333398569507,0.06910333398569507,3
Guinea,2020,[1420.0],[1449.9960171881648],0.02112395576631327,2.112395576631327,0.02112395576631327,-0.02112395576631327,3
Guinea,2021,[1450.0],[1419.6014539644625],0.020964514507267235,2.0964514507267236,0.020964514507267235,0.020964514507267235,3
Guinea,2022,[1500.0],[1233.2103856897595],0.17785974287349365,17.785974287349365,0.17785974287349365,0.17785974287349365,3
Benin,1984,[807.7],[707.5115021339765],0.12404172077011708,12.404172077011708,0.12404172077011708,0.12404172077011708,3
Benin,1985,[889.0],[707.5114453067606],0.20414910539172035,20.414910539172034,0.20414910539172035,0.20414910539172035,3
Benin,1986,[854.3],[880.3572151055752],0.03050124675825262,3.050124675825262,0.03050124675825262,-0.03050124675825262,3
Benin,1987,[707.5],[895.1305766900202],0.26520222853713105,26.520222853713104,0.26520222853713105,-0.26520222853713105,3
Benin,1988,[871.2],[868.1117650515259],0.0035448059555487944,0.35448059555487943,0.0035448059555487944,0.0035448059555487944,3
Benin,1989,[885.3],[871.6226352610985],0.01544941233356091,1.544941233356091,0.01544941233356091,0.01544941233356091,3
Benin,1990,[895.4],[886.4768370021159],0.009965560640924844,0.9965560640924844,0.009965560640924844,0.009965560640924844,3
Benin,1991,[928.1],[883.9105140649407],0.04761284983844342,4.761284983844342,0.04761284983844342,0.04761284983844342,3
Benin,1992,[977.1],[889.1827379484502],0.08997775258576386,8.997775258576386,0.08997775258576386,0.08997775258576386,3
Benin,1993,[977.8],[977.1041978706877],0.0007115996413502308,0.07115996413502308,0.0007115996413502308,0.0007115996413502308,3
Benin,1994,[1022.8],[977.0690043004024],0.04471157186116303,4.471157186116303,0.04471157186116303,0.04471157186116303,3
Benin,1995,[1173.7],[969.4863139013296],0.1739913828905772,17.39913828905772,0.1739913828905772,0.1739913828905772,3
Benin,1996,[1081.8],[1145.3854026936272],0.05877741051361361,5.877741051361361,0.05877741051361361,-0.05877741051361361,3
Benin,1997,[1202.0],[1178.971492743089],0.0191584918942688,1.91584918942688,0.0191584918942688,0.0191584918942688,3
Benin,1998,[1114.3],[1180.324588666806],0.059252076341026694,5.925207634102669,0.059252076341026694,-0.059252076341026694,3
Benin,1999,[1251.8],[1178.8373364314027],0.05828619872870845,5.828619872870846,0.05828619872870845,0.05828619872870845,3
Benin,2000,[1148.1],[1144.7440105537955],0.0029230811307415522,0.2923081130741552,0.0029230811307415522,0.0029230811307415522,3
Benin,2001,[1100.2],[1239.1397216869773],0.1262858768287377,12.628587682873771,0.1262858768287377,-0.1262858768287377,3
Benin,2002,[1164.4],[1086.8781184019392],0.06657667605467268,6.657667605467268,0.06657667605467268,0.06657667605467268,3
Benin,2003,[1189.9],[1174.149941375311],0.013236455689292392,1.3236455689292392,0.013236455689292392,0.013236455689292392,3
Benin,2004,[1179.0],[1158.9502639308228],0.01700571337504431,1.7005713375044311,0.01700571337504431,0.01700571337504431,3
Benin,2005,[1144.7],[1141.2667565125414],0.0029992517580664274,0.29992517580664274,0.0029992517580664274,0.0029992517580664274,3
Benin,2006,[1227.3],[1081.8311013872674],0.11852757973823236,11.852757973823236,0.11852757973823236,0.11852757973823236,3
Benin,2007,[1334.4],[1163.1729538791446],0.12831763048625258,12.831763048625259,0.12831763048625258,0.12831763048625258,3
Benin,2008,[1127.9],[1376.247122321976],0.2201854085663408,22.01854085663408,0.2201854085663408,-0.2201854085663408,3
Benin,2009,[1397.7],[1126.2014494628345],0.1942466556036099,19.42466556036099,0.1942466556036099,0.1942466556036099,3
Benin,2010,[1102.8],[1375.8415789247151],0.24758938966695246,24.758938966695247,0.24758938966695246,-0.24758938966695246,3
Benin,2011,[1421.6],[1333.190961026535],0.06218981357165513,6.218981357165513,0.06218981357165513,0.06218981357165513,3
Benin,2012,[1262.2],[1087.1279225774938],0.13870391175923485,13.870391175923485,0.13870391175923485,0.13870391175923485,3
Benin,2013,[1308.4],[1364.4337970608158],0.04282619769246078,4.282619769246078,0.04282619769246078,-0.04282619769246078,3
Benin,2014,[1399.1],[1287.3825047570335],0.07984954273673532,7.984954273673532,0.07984954273673532,0.07984954273673532,3
Benin,2015,[1281.3],[1387.2272647258976],0.08267171210949634,8.267171210949634,0.08267171210949634,-0.08267171210949634,3
Benin,2016,[1376.2],[1292.5419695929922],0.060789151581897835,6.078915158189783,0.060789151581897835,0.060789151581897835,3
Benin,2017,[1321.5],[1347.034399390557],0.019322284820701422,1.9322284820701423,0.019322284820701422,-0.019322284820701422,3
Benin,2018,[1304.0],[1075.2015556788901],0.17545892969410265,17.545892969410264,0.17545892969410265,0.17545892969410265,3
Benin,2019,[1075.2],[1262.8723566206763],0.1745464626308373,17.45464626308373,0.1745464626308373,-0.1745464626308373,3
Benin,2020,[1271.8],[1160.4755963786129],0.0875329482791218,8.75329482791218,0.0875329482791218,0.0875329482791218,3
Benin,2021,[1206.4],[1406.7574941598596],0.1660788247346315,16.60788247346315,0.1660788247346315,-0.1660788247346315,3
Benin,2022,[1164.3],[1334.3946259488912],0.14609175122295906,14.609175122295905,0.14609175122295906,-0.14609175122295906,3
Eswatini,1984,[1790.0],[1921.785369669705],0.07362311154732123,7.362311154732123,0.07362311154732123,-0.07362311154732123,6
Eswatini,1985,[2022.0],[1240.042315773781],0.38672486855896093,38.672486855896096,0.38672486855896093,0.38672486855896093,6
Eswatini,1986,[1431.2],[671.0668255602931],0.5311159687253403,53.11159687253403,0.5311159687253403,0.5311159687253403,6
Eswatini,1987,[1238.5],[2021.9830448800299],0.6326064149212999,63.260641492129984,0.6326064149212999,-0.6326064149212999,6
Eswatini,1988,[1287.0],[2021.983010979526],0.5710823706134622,57.10823706134622,0.5710823706134622,-0.5710823706134622,6
Eswatini,1989,[1018.8],[1010.5313273111656],0.008116090193202185,0.8116090193202184,0.008116090193202185,0.008116090193202185,6
Eswatini,1990,[1240.3],[2035.2825809601984],0.6409599136984588,64.09599136984589,0.6409599136984588,-0.6409599136984588,6
Eswatini,1991,[1010.5],[1286.590852286209],0.27322202106502613,27.322202106502612,0.27322202106502613,-0.27322202106502613,6
Eswatini,1992,[1543.5],[1003.097263141413],0.35011515183581926,35.01151518358193,0.35011515183581926,0.35011515183581926,6
Eswatini,1993,[1378.5],[1322.8544939145909],0.040366707352491205,4.03667073524912,0.040366707352491205,0.040366707352491205,6
Eswatini,1994,[1273.3],[2206.478119977544],0.7328815832698845,73.28815832698845,0.7328815832698845,-0.7328815832698845,6
Eswatini,1995,[2206.5],[1371.457075180482],0.37844682747315567,37.84468274731557,0.37844682747315567,0.37844682747315567,6
Eswatini,1996,[1776.6],[2010.1537313773247],0.13146106685653763,13.146106685653763,0.13146106685653763,-0.13146106685653763,6
Eswatini,1997,[1921.8],[1600.669146250799],0.16709899768404668,16.709899768404668,0.16709899768404668,0.16709899768404668,6
Eswatini,1998,[1917.8],[1627.2692991095216],0.15149165757142471,15.149165757142471,0.15149165757142471,0.15149165757142471,6
Eswatini,1999,[1645.6],[1917.5986078994492],0.16528841024516852,16.52884102451685,0.16528841024516852,-0.16528841024516852,6
Eswatini,2000,[1645.6],[1921.7854706031414],0.1678326875322931,16.78326875322931,0.1678326875322931,-0.1678326875322931,6
Eswatini,2001,[1426.7],[1587.4944542594583],0.11270375990709906,11.270375990709907,0.11270375990709906,-0.11270375990709906,6
Eswatini,2002,[996.2],[1018.8098484330097],0.022696093588646545,2.2696093588646544,0.022696093588646545,-0.022696093588646545,6
Eswatini,2003,[1023.5],[1284.0142211585655],0.25453270264637573,25.453270264637574,0.25453270264637573,-0.25453270264637573,6
Eswatini,2004,[1250.0],[1605.8174675822986],0.28465397406583887,28.465397406583886,0.28465397406583887,-0.28465397406583887,6
Eswatini,2005,[1321.0],[994.311775928481],0.2473037275333225,24.73037275333225,0.2473037275333225,0.2473037275333225,6
Eswatini,2006,[1429.1],[1426.6981466618358],0.0016806754867847414,0.16806754867847415,0.0016806754867847414,0.0016806754867847414,6
Eswatini,2007,[552.0],[1015.7924310477753],0.8402036794343755,84.02036794343755,0.8402036794343755,-0.8402036794343755,6
Eswatini,2008,[994.3],[1238.7048036140766],0.2458058972282778,24.58058972282778,0.2458058972282778,-0.2458058972282778,6
Eswatini,2009,[1286.9],[1416.1954352202529],0.10047046019135347,10.047046019135347,0.10047046019135347,-0.10047046019135347,6
Eswatini,2010,[1204.0],[1265.3094652805887],0.050921482791186634,5.092148279118663,0.050921482791186634,-0.050921482791186634,6
Eswatini,2011,[1345.2],[1021.0888104395964],0.24093903476093045,24.093903476093047,0.24093903476093045,0.24093903476093045,6
Eswatini,2012,[1337.5],[1276.7331871769647],0.04543313108264318,4.543313108264318,0.04543313108264318,0.04543313108264318,6
Eswatini,2013,[1370.2],[1286.8821977271905],0.06080703712801749,6.080703712801749,0.06080703712801749,0.06080703712801749,6
Eswatini,2014,[1365.2],[1242.7119718898118],0.08972167309565501,8.972167309565501,0.08972167309565501,0.08972167309565501,6
Eswatini,2015,[1260.8],[1012.6215623881184],0.196842034907901,19.6842034907901,0.196842034907901,0.196842034907901,6
Eswatini,2016,[1224.8],[1320.9989797869523],0.07854260269999376,7.854260269999376,0.07854260269999376,-0.07854260269999376,6
Eswatini,2017,[1238.7],[994.3132231101678],0.19729294977785763,19.729294977785763,0.19729294977785763,0.19729294977785763,6
Eswatini,2018,[1268.9],[1412.464669453141],0.11314104299246655,11.314104299246655,0.11314104299246655,-0.11314104299246655,6
Eswatini,2019,[1279.7],[1324.821983237492],0.03525981342306168,3.5259813423061677,0.03525981342306168,-0.03525981342306168,6
Eswatini,2020,[1279.4],[1370.3856513507112],0.07111587568447016,7.111587568447016,0.07111587568447016,-0.07111587568447016,6
Eswatini,2021,[1428.6],[1018.7967454721047],0.2868565410387059,28.68565410387059,0.2868565410387059,0.2868565410387059,6
Eswatini,2022,[1587.5],[1204.4789978041583],0.24127307224934907,24.127307224934906,0.24127307224934907,0.24127307224934907,6
Zimbabwe,1984,[832.6],[2150.023195965128],1.5823002593864135,158.23002593864135,1.5823002593864135,-1.5823002593864135,6
Zimbabwe,1985,[2163.7],[1458.3475027603938],0.32599366697767995,32.599366697768,0.32599366697767995,0.32599366697767995,6
Zimbabwe,1986,[1937.3],[1873.8881502897605],0.03273207541952176,3.273207541952176,0.03273207541952176,0.03273207541952176,6
Zimbabwe,1987,[917.3],[704.7913130708138],0.2316675972192153,23.16675972192153,0.2316675972192153,0.2316675972192153,6
Zimbabwe,1988,[1806.6],[1707.825717317087],0.05467412968167432,5.467412968167432,0.05467412968167432,0.05467412968167432,6
Zimbabwe,1989,[1707.9],[1720.5823902626278],0.0074257218002387005,0.74257218002387,0.0074257218002387005,-0.0074257218002387005,6
Zimbabwe,1990,[1720.6],[742.0065446290677],0.568751281745282,56.8751281745282,0.568751281745282,0.568751281745282,6
Zimbabwe,1991,[1440.0],[791.1049547200645],0.45062155922217745,45.06215592221775,0.45062155922217745,0.45062155922217745,6
Zimbabwe,1992,[410.8],[917.3042277302867],1.2329703693531808,123.29703693531809,1.2329703693531808,-1.2329703693531808,6
Zimbabwe,1993,[1652.6],[1726.5810963065705],0.044766486933662496,4.47664869336625,0.044766486933662496,-0.044766486933662496,6
Zimbabwe,1994,[1213.3],[348.90758128594024],0.7124309063826422,71.24309063826422,0.7124309063826422,0.7124309063826422,6
Zimbabwe,1995,[594.9],[1037.8264700080333],0.7445393679745056,74.45393679745055,0.7445393679745056,-0.7445393679745056,6
Zimbabwe,1996,[1415.0],[1935.3163148171848],0.36771471011815177,36.77147101181518,0.36771471011815177,-0.36771471011815177,6
Zimbabwe,1997,[1104.3],[1412.6881293683139],0.2792611875109245,27.92611875109245,0.2792611875109245,-0.2792611875109245,6
Zimbabwe,1998,[1012.5],[1267.2117405954527],0.2515671512053854,25.156715120538543,0.2515671512053854,-0.2515671512053854,6
Zimbabwe,1999,[1087.0],[1289.8668588470753],0.18663004493751173,18.663004493751174,0.18663004493751173,-0.18663004493751173,6
Zimbabwe,2000,[1179.5],[507.8068359818431],0.569472796963253,56.9472796963253,0.569472796963253,0.569472796963253,6
Zimbabwe,2001,[1230.9],[1175.3157951154308],0.04515736849830962,4.515736849830962,0.04515736849830962,0.04515736849830962,6
Zimbabwe,2002,[455.4],[668.9102004611294],0.46884101989707827,46.88410198970783,0.46884101989707827,-0.46884101989707827,6
Zimbabwe,2003,[782.9],[782.1237375372053],0.0009915218582126045,0.09915218582126045,0.0009915218582126045,0.0009915218582126045,6
Zimbabwe,2004,[1296.5],[1007.1808538427721],0.22315398855166058,22.31539885516606,0.22315398855166058,0.22315398855166058,6
Zimbabwe,2005,[619.5],[560.3496641546072],0.09548076811201414,9.548076811201414,0.09548076811201414,0.09548076811201414,6
Zimbabwe,2006,[977.2],[1295.8997494926143],0.3261356421332524,32.61356421332524,0.3261356421332524,-0.3261356421332524,6
Zimbabwe,2007,[865.1],[579.4745927906301],0.33016461358151644,33.016461358151645,0.33016461358151644,0.33016461358151644,6
Zimbabwe,2008,[286.7],[740.23510048242],1.5819152440963375,158.19152440963376,1.5819152440963375,-1.5819152440963375,6
Zimbabwe,2009,[464.2],[1078.8374145028743],1.3240788765680185,132.40788765680185,1.3240788765680185,-1.3240788765680185,6
Zimbabwe,2010,[875.1],[977.2033982017574],0.1166762635147496,11.667626351474961,0.1166762635147496,-0.1166762635147496,6
Zimbabwe,2011,[656.8],[465.98842812643215],0.2905170095517171,29.05170095517171,0.2905170095517171,0.2905170095517171,6
Zimbabwe,2012,[791.2],[437.7344327669686],0.4467461668769356,44.67461668769356,0.4467461668769356,0.4467461668769356,6
Zimbabwe,2013,[744.9],[929.6162930877681],0.2479746181873649,24.79746181873649,0.2479746181873649,-0.2479746181873649,6
Zimbabwe,2014,[930.1],[1499.7032883886766],0.6124108035573342,61.24108035573342,0.6124108035573342,-0.6124108035573342,6
Zimbabwe,2015,[580.3],[670.97754894743],0.1562597776105981,15.62597776105981,0.1562597776105981,-0.1562597776105981,6
Zimbabwe,2016,[440.5],[622.5493215592935],0.4132788230630954,41.32788230630954,0.4132788230630954,-0.4132788230630954,6
Zimbabwe,2017,[1393.3],[1230.9221387781108],0.11654192293252648,11.654192293252647,0.11654192293252648,0.11654192293252648,6
Zimbabwe,2018,[1350.6],[780.7054950963933],0.42195654146572387,42.19565414657239,0.42195654146572387,0.42195654146572387,6
Zimbabwe,2019,[780.7],[737.4643116470737],0.05538066908277998,5.538066908277997,0.05538066908277998,0.05538066908277998,6
Zimbabwe,2020,[1180.1],[841.425598961199],0.28698788326311414,28.698788326311416,0.28698788326311414,0.28698788326311414,6
Zimbabwe,2021,[1534.4],[1499.9787882263747],0.022433010801372114,2.2433010801372113,0.022433010801372114,0.022433010801372114,6
Zimbabwe,2022,[1500.0],[874.7615341850009],0.4168256438766661,41.68256438766661,0.4168256438766661,0.4168256438766661,6
