asap_unit_id,year,mean_ASAP:FPAR,mean_ASAP:RAIN,mean_ASAP:SM,mean_ASAP:SM_combined,mean_ASAP:TEMP,mean_ASAP:rad,mean_ASIS:ASIS_NDVI,mean_ASIS:BT4,std_ASAP:FPAR,std_ASAP:RAIN,std_ASAP:SM,std_ASAP:SM_combined,std_ASAP:TEMP,std_ASAP:rad,std_ASIS:ASIS_NDVI,std_ASIS:BT4,px_ASAP:FPAR,px_ASAP:RAIN,px_ASAP:SM,px_ASAP:SM_combined,px_ASAP:TEMP,px_ASAP:rad,px_ASIS:ASIS_NDVI,px_ASIS:BT4,px_masked_ASAP:FPAR,px_masked_ASAP:RAIN,px_masked_ASAP:SM,px_masked_ASAP:SM_combined,px_masked_ASAP:TEMP,px_masked_ASAP:rad,px_masked_ASIS:ASIS_NDVI,px_masked_ASIS:BT4,koppen_class,country,crop,yield
41,1984,53.88864672256704,54.66589324914999,0.27768467035558486,0.28240745493137226,23.225820276472305,173414.08476465158,165.03448886538624,141.81828861947497,12.969788902676614,22.088773278528667,0.04874047592275626,0.04965171465209723,1.893700919766857,12129.470860003468,29.906014706512103,4.786742307283182,175877820.0,178133760.0,119649700.0,176170500.0,178133760.0,178133760.0,177691680.0,177691680.0,18503640.0,18503640.0,15432607.0,17933472.0,18503640.0,18503640.0,18480636.0,18480636.0,11,Lao People's Democratic Republic,Maize (corn),1187.2
41,1985,53.88864672256704,48.62400348559137,0.2755223275058799,0.2803670733731058,23.247558519575332,170343.89175365647,170.16916557623404,144.47060203329062,12.969788902676614,20.52998701426496,0.048773633449457315,0.04964386584768792,1.9421365072924741,13242.07417925131,29.412169976401007,5.24108062574072,175877820.0,178133760.0,121615970.0,176170500.0,178133760.0,178133760.0,177691680.0,177691680.0,18503640.0,18503640.0,15744510.0,17933472.0,18503640.0,18503640.0,18480636.0,18480636.0,11,Lao People's Democratic Republic,Maize (corn),1239.8
41,1986,53.88864672256704,49.286758265284064,0.27361431738425945,0.2799417995922722,23.226512930128308,172019.82519959874,176.89540697848318,145.89665019996514,12.969788902676614,23.602801945966526,0.05007967837107209,0.049600506584770394,1.8982227545872883,13834.48293734011,29.165500605637813,4.843407250811058,175877820.0,178133760.0,96892695.0,176170500.0,178133760.0,178133760.0,177691680.0,177691680.0,18503640.0,18503640.0,12550704.0,17933472.0,18503640.0,18503640.0,18480636.0,18480636.0,11,Lao People's Democratic Republic,Maize (corn),1406.7
41,1987,53.88864672256704,48.61128534559756,0.26615691351539944,0.2740918088739157,23.754766596688164,176369.23944250928,173.0256549764916,145.8892496651664,12.969788902676614,21.243362852574958,0.050596824149079435,0.05014474891895147,1.9891960012454752,12908.2445933929,28.926233833252486,5.235370649660212,175877820.0,178133760.0,85270040.0,176170500.0,178133760.0,178133760.0,177691680.0,177691680.0,18503640.0,18503640.0,13445748.0,17933472.0,18503640.0,18503640.0,18480636.0,18480636.0,11,Lao People's Democratic Republic,Maize (corn),1442.6
41,1988,53.88864672256704,46.85152372795796,0.2703881450210298,0.2808069375956048,23.611726421780055,172474.72756651856,165.92924582089057,143.8835978030612,12.969788902676614,21.64906522792979,0.04745785224882206,0.046877933904793584,1.9352421104625155,13207.913635324876,29.388859649835336,5.154420350916048,175877820.0,178133760.0,52473490.0,176170500.0,178133760.0,178133760.0,177691680.0,177691680.0,18503640.0,18503640.0,12473814.0,17933472.0,18503640.0,18503640.0,18480636.0,18480636.0,11,Lao People's Democratic Republic,Maize (corn),1344.0
41,1989,53.88864672256704,49.82405491882534,0.27548187706205574,0.2855109459514972,23.412852573394776,174511.06215086448,184.44979659934566,150.60476714833283,12.969788902676614,20.658717128448725,0.045229618983428685,0.044277738776047015,1.9745448394142722,13338.334779956886,30.26767487579253,5.456629891240952,175877820.0,178133760.0,51785370.0,176170500.0,178133760.0,178133760.0,177691680.0,177691680.0,18503640.0,18503640.0,12583704.0,17933472.0,18503640.0,18503640.0,18480636.0,18480636.0,11,Lao People's Democratic Republic,Maize (corn),1443.8
41,1990,53.88864672256704,52.89500174931508,0.2764371778402063,0.28712252872746075,23.59681945906745,171351.27692232293,177.25044225886063,146.5741846591228,12.969788902676614,22.19446903586375,0.046289371325601326,0.04449621588592313,1.9624747948928634,13747.647210623223,30.53921625752531,5.321344756682637,175877820.0,178133760.0,53852455.0,176170500.0,178133760.0,178133760.0,177691680.0,177691680.0,18503640.0,18503640.0,12760267.0,17933472.0,18503640.0,18503640.0,18480636.0,18480636.0,11,Lao People's Democratic Republic,Maize (corn),1815.3
41,1991,53.88864672256704,44.16154076320442,0.2737813822097248,0.2836605538162818,23.913482348124187,173433.4815126177,159.0629124017541,147.25323811412156,12.969788902676614,20.24163580370011,0.046953369010647616,0.0471389541047027,1.9614191596090005,12516.232310186031,28.79083594768597,5.317708023301599,175877820.0,178133760.0,79589575.0,176170500.0,178133760.0,178133760.0,177691680.0,177691680.0,18503640.0,18503640.0,13916694.0,17933472.0,18503640.0,18503640.0,18480636.0,18480636.0,11,Lao People's Democratic Republic,Maize (corn),2006.5
41,1992,53.88864672256704,47.96308844235759,0.2734167683455679,0.27838727346467995,23.30748609436883,174797.68808743762,158.89681265981022,146.47166391705366,12.969788902676614,19.384184929226645,0.04268353575672685,0.04422008585035912,2.0186971580074355,12294.23889214592,26.85706384294302,5.230131837993587,175877820.0,178133760.0,143569440.0,176170500.0,178133760.0,178133760.0,177691680.0,177691680.0,18503640.0,18503640.0,16404016.0,17933472.0,18503640.0,18503640.0,18480636.0,18480636.0,11,Lao People's Democratic Republic,Maize (corn),1826.6
41,1993,53.88864672256704,42.54776546910728,0.27009531358877814,0.27069973065406266,23.31674639383952,176516.62230755042,165.00990889276633,145.2569038049352,12.969788902676614,19.569049266934716,0.04299264807279787,0.04301918520449543,1.9283755942310317,11149.070085135416,26.972112266472116,4.987950849340954,175877820.0,178133760.0,159701805.0,176170500.0,178133760.0,178133760.0,177691680.0,177691680.0,18503640.0,18503640.0,17150394.0,17933472.0,18503640.0,18503640.0,18480636.0,18480636.0,11,Lao People's Democratic Republic,Maize (corn),1753.6
41,1994,53.88864672256704,56.316622849695655,0.27515941005614064,0.2802116927188165,23.557402197519938,169408.78355620222,148.51929458983187,141.1810741476778,12.969788902676614,24.912358323977344,0.04500429108577742,0.04676310601798058,1.893975749179555,13380.30579430782,25.969299816243133,4.970425618393526,175877820.0,178133760.0,142022775.0,176170500.0,178133760.0,178133760.0,177691680.0,177691680.0,18503640.0,18503640.0,16312294.0,17933472.0,18503640.0,18503640.0,18480636.0,18480636.0,11,Lao People's Democratic Republic,Maize (corn),1988.2
41,1995,53.88864672256704,49.681559715062384,0.27342577808433105,0.27406918944462155,23.512681685553655,173870.39877290282,176.7881068047218,145.9172369692536,12.969788902676614,21.693771787196876,0.04318423698956727,0.043275677341866645,1.939578509679116,12988.519283940845,29.714885883266845,5.003667539684924,175877820.0,178133760.0,167075700.0,176170500.0,178133760.0,178133760.0,177691680.0,177691680.0,18503640.0,18503640.0,17609642.0,17933472.0,18503640.0,18503640.0,18480636.0,18480636.0,11,Lao People's Democratic Republic,Maize (corn),1730.4
41,1996,53.88864672256704,54.09506371003925,0.27291660449571076,0.27372829202478677,23.250209866629707,171779.54600445915,177.31406622049056,144.31323877806136,12.969788902676614,22.87183514195323,0.04252696339796344,0.04249133284033422,1.8953569278012423,13677.860568304324,30.36049794193429,5.0015031606886975,175877820.0,178133760.0,159728450.0,176170500.0,178133760.0,178133760.0,177691680.0,177691680.0,18503640.0,18503640.0,17233341.0,17933472.0,18503640.0,18503640.0,18480636.0,18480636.0,11,Lao People's Democratic Republic,Maize (corn),2089.2
41,1997,53.88864672256704,48.62775401376321,0.2755928763084941,0.2757553121097224,23.615436871846516,173464.1327141802,177.00262222131263,144.03935828393747,12.969788902676614,22.741523778830018,0.04245260950709696,0.04220759431694628,1.8899709391349002,13003.32763334604,29.26151324716728,5.140899247298519,175877820.0,178133760.0,165396770.0,176170500.0,178133760.0,178133760.0,177691680.0,177691680.0,18503640.0,18503640.0,17474282.0,17933472.0,18503640.0,18503640.0,18480636.0,18480636.0,11,Lao People's Democratic Republic,Maize (corn),2060.5
41,1998,53.88864672256704,44.311814293367995,0.2685783229768276,0.27060823399774525,24.437788671917385,179559.87734902222,174.84423361008658,145.2800497254883,12.969788902676614,20.847960086864823,0.04639157864324257,0.04684100235877542,1.9191533848121964,12594.87272362517,27.941400356357818,4.992835778358376,175877820.0,178133760.0,160092035.0,176170500.0,178133760.0,178133760.0,177691680.0,177691680.0,18503640.0,18503640.0,17271516.0,17933472.0,18503640.0,18503640.0,18480636.0,18480636.0,11,Lao People's Democratic Republic,Maize (corn),2368.5
41,1999,53.88864672256704,52.9483467500152,0.28317644488480354,0.2850412401818068,23.348693312538995,167085.8071322978,168.69134373294426,141.6767538458509,12.969788902676614,22.301830047251958,0.043280459908377186,0.04344238067865664,1.8232076946556968,12831.750927516921,28.427132601754057,4.971373956188297,175877820.0,178133760.0,153510815.0,176170500.0,178133760.0,178133760.0,177691680.0,177691680.0,18503640.0,18503640.0,16869667.0,17933472.0,18503640.0,18503640.0,18480636.0,18480636.0,11,Lao People's Democratic Republic,Maize (corn),2359.7
41,2000,60.14395152020084,52.81883651284157,0.2863066853748427,0.28801270218400915,23.416364924112955,169798.68417105655,153.0603191550533,141.12750912247728,13.469936986294478,22.779000962783194,0.042111734765743515,0.04241329920687093,1.8847858856192494,13059.441978760757,28.65275571937383,4.411199707493708,107480890.0,178133760.0,162676130.0,176170500.0,178133760.0,178133760.0,177691680.0,177691680.0,11307780.0,18503640.0,17258998.0,17933472.0,18503640.0,18503640.0,18480636.0,18480636.0,11,Lao People's Democratic Republic,Maize (corn),2387.8
41,2001,56.29104969661311,50.38081546585126,0.2770052531527148,0.2859327544980005,23.779711453119912,170146.4330184666,172.13028254768713,144.0455118725448,13.818633264156754,20.61093111518976,0.044225260469506374,0.04547681139287363,1.9593333394325243,12939.765770818904,28.465630712344577,4.971938089826615,175877820.0,178133760.0,118246200.0,176170500.0,178133760.0,178133760.0,177691680.0,177691680.0,18503640.0,18503640.0,15368382.0,17933472.0,18503640.0,18503640.0,18480636.0,18480636.0,11,Lao People's Democratic Republic,Maize (corn),2550.0
41,2002,53.350845286237664,53.89262951908511,0.2815624250306023,0.2836983739611673,23.877447197172376,170503.5427001895,163.12580566399294,144.172057509769,13.66466186187529,24.870349229882823,0.045936004166749346,0.04602335395371123,1.9085244150923883,14498.006142359012,28.537441451648622,5.109391893132579,175877820.0,178133760.0,154151560.0,176170500.0,178133760.0,178133760.0,177691680.0,177691680.0,18503640.0,18503640.0,16977710.0,17933472.0,18503640.0,18503640.0,18480636.0,18480636.0,11,Lao People's Democratic Republic,Maize (corn),2761.0
41,2003,57.07412924205247,47.49961837069297,0.26466967869136065,0.27679042699753315,23.95053834385342,176570.64054027016,170.35052401634317,146.40295799565743,13.504927587300855,20.251375961136695,0.0450648336778015,0.04526827313275657,1.903895983246548,12317.155028433855,28.9403702217682,4.889341537423691,175877820.0,178133760.0,79702570.0,176170500.0,178133760.0,178133760.0,177691680.0,177691680.0,18503640.0,18503640.0,14434648.0,17933472.0,18503640.0,18503640.0,18480636.0,18480636.0,11,Lao People's Democratic Republic,Maize (corn),2771.0
41,2004,53.88864672256704,51.45316328528043,0.26358790811565186,0.2773524983059455,23.594159857432047,177520.13711289785,159.94409838955494,146.94357928595963,13.456116343077323,22.47926768238833,0.0440792022752787,0.04492408003079774,1.9937355279533364,13843.068281469708,28.993430347112234,5.240666113997086,175877820.0,178133760.0,68401980.0,176170500.0,178133760.0,178133760.0,177691680.0,177691680.0,18503640.0,18503640.0,14181452.0,17933472.0,18503640.0,18503640.0,18480636.0,18480636.0,11,Lao People's Democratic Republic,Maize (corn),3014.8
41,2005,53.0414764663367,55.23020724687952,0.26972205109066427,0.28207600430256546,23.854103962580364,173339.141882705,160.08209648197652,145.64685612442037,13.351363520341327,22.746419998498038,0.04262552073542986,0.04328070227638982,1.921913834467699,12281.259043103066,27.416082325528144,5.281797078286819,175877820.0,178133760.0,73044590.0,176170500.0,178133760.0,178133760.0,177691680.0,177691680.0,18503640.0,18503640.0,14359461.0,17933472.0,18503640.0,18503640.0,18480636.0,18480636.0,11,Lao People's Democratic Republic,Maize (corn),4332.1
41,2006,55.26476038801775,51.75759983390236,0.2704846548537413,0.27782043017599833,24.047162421544392,175083.20643939546,166.75079323263242,145.63119961590107,13.301372398310969,24.154444833662588,0.043526655869921195,0.04322510746994996,1.9294277452371826,12228.671292642806,28.099552910352724,4.905659726627386,175877820.0,178133760.0,94481630.0,176170500.0,178133760.0,178133760.0,177691680.0,177691680.0,18503640.0,18503640.0,15125690.0,17933472.0,18503640.0,18503640.0,18480636.0,18480636.0,11,Lao People's Democratic Republic,Maize (corn),3953.3
41,2007,55.11862256085734,51.778609030836314,0.2768856276240613,0.2771498668805926,23.887904696994358,174746.18489405848,164.51773091874352,145.82957202003686,12.97716667946047,23.509547504355947,0.040128569136017665,0.04028947225517887,1.8968255736638608,12095.343121413473,28.139909111248194,4.775690444497465,175877820.0,178133760.0,171036895.0,176170500.0,178133760.0,178133760.0,178047800.0,178047800.0,18503640.0,18503640.0,17803383.0,17933472.0,18503640.0,18503640.0,18499167.0,18499167.0,11,Lao People's Democratic Republic,Maize (corn),4363.6
41,2008,53.78381322311466,54.32710315217733,0.29053367227315896,0.290726848995536,23.188333627912733,169618.43274328997,173.1645496430638,142.99784886833805,13.086130807594898,23.209439191445746,0.03873797488501832,0.038819173708083195,1.9272330893256513,13780.741238357261,26.123890733192702,5.0918885030359675,175877820.0,178133760.0,170100875.0,176170500.0,178133760.0,178133760.0,178133760.0,178133760.0,18503640.0,18503640.0,17791228.0,17933472.0,18503640.0,18503640.0,18503640.0,18503640.0,11,Lao People's Democratic Republic,Maize (corn),4832.8
41,2009,54.50037531355788,51.24134317806907,0.2824654089907805,0.28268162522373047,23.867072174284193,174502.86414835323,176.60287896837056,146.02057959504663,12.904205741029799,26.553421167905633,0.040627164621913854,0.04053057310821266,1.817130667820341,12012.006366456459,26.154750721546204,4.823334869667284,175877820.0,178133760.0,168825940.0,176170500.0,178133760.0,178133760.0,178133760.0,178133760.0,18503640.0,18503640.0,17599313.0,17933472.0,18503640.0,18503640.0,18503640.0,18503640.0,11,Lao People's Democratic Republic,Maize (corn),5464.3
41,2010,52.87959827377488,49.86476993452879,0.27531400976909526,0.27542264667049726,24.330621094173857,174642.4858499492,169.57376777400947,146.0584393729028,12.969788902676614,21.88801947797824,0.03951558161806019,0.039456219241677644,1.9024217124131588,12715.638966340419,26.091955747675584,5.099287429215868,175877820.0,178133760.0,173224255.0,176170500.0,178133760.0,178133760.0,178133760.0,178133760.0,18503640.0,18503640.0,17639946.0,17933472.0,18503640.0,18503640.0,18503640.0,18503640.0,11,Lao People's Democratic Republic,Maize (corn),4798.6
41,2011,52.83785379911267,60.150778381402574,0.2865215098692311,0.28658244090535234,23.128290515475804,165305.5506324436,170.02340115936818,144.92441947233098,13.405128847130449,26.899894678701102,0.038677065417948624,0.03871517881175793,1.9931003624987476,14075.875274140157,27.512775187832222,5.244736238478047,175877820.0,178133760.0,173846835.0,176170500.0,178133760.0,178133760.0,178133760.0,178133760.0,18503640.0,18503640.0,17870536.0,17933472.0,18503640.0,18503640.0,18503640.0,18503640.0,11,Lao People's Democratic Republic,Maize (corn),5168.4
41,2012,52.51172117812999,49.787335041554755,0.2798612380193339,0.27985450421936403,24.26466629240248,171717.2038800153,170.90291921870963,145.2092006486696,12.792999485032862,23.446812500137305,0.04234000478943796,0.042354590911541964,1.9278805770079104,12108.767422582294,26.408119939468122,4.967554742269186,175877820.0,178133760.0,175576105.0,176170500.0,178133760.0,178133760.0,178133760.0,178133760.0,18503640.0,18503640.0,17921535.0,17933472.0,18503640.0,18503640.0,18503640.0,18503640.0,11,Lao People's Democratic Republic,Maize (corn),5718.5
41,2013,54.10594829420712,56.705274281863964,0.2803245338300864,0.28032728839391274,23.85291225115458,171787.32400049426,170.64448881113026,145.76799463084475,12.95200762831616,25.172426000045995,0.04264140201728475,0.04264262578890738,1.9484980695903444,12927.83316631123,25.850381686625028,4.933786682427297,175877820.0,178133760.0,175668740.0,176170500.0,178133760.0,178133760.0,178133760.0,178133760.0,18503640.0,18503640.0,17931922.0,17933472.0,18503640.0,18503640.0,18503640.0,18503640.0,11,Lao People's Democratic Republic,Maize (corn),5726.0
41,2014,53.06939077520505,50.61941336389859,0.27645035758614533,0.2764507435398786,23.943868541717528,174668.22072934543,169.56853968989128,145.6529205694736,12.543554394295596,22.56749708102975,0.043763859652157906,0.043764151051756635,1.901456979262423,11823.98091760011,25.883399187437806,4.825913194703309,175877820.0,178133760.0,176139140.0,176170500.0,178133760.0,178133760.0,178133760.0,178133760.0,18503640.0,18503640.0,17933172.0,17933472.0,18503640.0,18503640.0,18503640.0,18503640.0,11,Lao People's Democratic Republic,Maize (corn),5803.3
41,2015,53.954291681643035,43.01882124042731,0.26605741083621975,0.26613814957369103,24.432203202777437,175921.2269860027,170.98575652151868,148.39479978298203,12.606535951860103,19.410377765764796,0.046117585894223365,0.046079315766231116,1.9630578231881768,13500.209404604626,26.502238860741944,4.819160758712944,175877820.0,178133760.0,173663405.0,176170500.0,178133760.0,178133760.0,178133760.0,178133760.0,18503640.0,18503640.0,17892391.0,17933472.0,18503640.0,18503640.0,18503640.0,18503640.0,11,Lao People's Democratic Republic,Maize (corn),5968.9
41,2016,55.23110251429029,52.17760120649398,0.2755519424047735,0.2756908869086276,24.363596195644803,174051.03266039668,171.84022577936867,147.28765384244784,12.477297467210242,24.907467774092517,0.044454155518465974,0.04443184839858336,1.9583536156159742,12268.911944107485,25.37476005943604,4.827389954090283,175877820.0,178133760.0,172913445.0,176170500.0,178133760.0,178133760.0,178133760.0,178133760.0,18503640.0,18503640.0,17879450.0,17933472.0,18503640.0,18503640.0,18503640.0,18503640.0,11,Lao People's Democratic Republic,Maize (corn),5995.8
41,2017,53.92222577807326,60.072601853714666,0.28372743171122333,0.28384418711944914,24.125830745697023,167256.6042224721,176.40159836013538,144.78804920399634,12.34507187499979,24.473986675036617,0.04266612728471086,0.04262744492421999,1.8451045882324766,12316.496377791014,25.747970669942852,4.980323312476053,175877820.0,178133760.0,172989820.0,176170500.0,178133760.0,178133760.0,178133760.0,178133760.0,18503640.0,18503640.0,17878934.0,17933472.0,18503640.0,18503640.0,18503640.0,18503640.0,11,Lao People's Democratic Republic,Maize (corn),5755.7
41,2018,52.2010802448019,57.01847475301175,0.28240987948245466,0.2824818521267925,24.07837005721198,169629.48511062373,173.31855556684621,145.27816144990214,13.00151187765229,24.001115458903875,0.04517096830679317,0.04510845454932496,1.9549543524498265,13636.472513933633,30.16351174280472,4.863685359540884,175877820.0,178133760.0,173075010.0,176170500.0,178133760.0,178133760.0,178133760.0,178133760.0,18503640.0,18503640.0,17879274.0,17933472.0,18503640.0,18503640.0,18503640.0,18503640.0,11,Lao People's Democratic Republic,Maize (corn),5927.3
41,2019,50.71539278759555,48.28158291393255,0.26220897303687196,0.26224339743065994,24.856599283218383,179662.08205987854,167.57810080747973,147.29345623050355,12.649199431295644,22.33266178988005,0.045604660114117845,0.04560732908271029,1.8945975721902852,11183.259921888855,29.201607670418337,5.375269370967873,175877820.0,178133760.0,174866800.0,176170500.0,178133760.0,178133760.0,178133760.0,178133760.0,18503640.0,18503640.0,17907043.0,17933472.0,18503640.0,18503640.0,18503640.0,18503640.0,11,Lao People's Democratic Republic,Maize (corn),5230.2
41,2020,51.670680102735,50.21386519952541,0.2664645548495981,0.2665051751629286,24.48302238252428,177500.3805669144,168.51775011899278,146.87086318988713,12.401842861213986,23.004120163046384,0.0423212523318407,0.0423254712504498,1.8828805554930552,11556.301318748401,27.667621443865478,4.8248134511401295,175877820.0,178133760.0,174497290.0,176170500.0,178133760.0,178133760.0,178133760.0,178133760.0,18503640.0,18503640.0,17906270.0,17933472.0,18503640.0,18503640.0,18503640.0,18503640.0,11,Lao People's Democratic Republic,Maize (corn),5225.6
41,2021,54.17782434227746,53.14375425978244,0.27714735733138185,0.2771729597134554,24.094841464360556,176876.41217992143,176.49013308794395,145.36026400179384,12.20851717063611,23.58141173562226,0.04167968157797321,0.04167251706130947,1.8837202247181677,12024.99201234778,27.584456489852943,4.6448951709992095,175877820.0,178133760.0,174481740.0,176170500.0,178133760.0,178133760.0,178133760.0,178133760.0,18503640.0,18503640.0,17906220.0,17933472.0,18503640.0,18503640.0,18503640.0,18503640.0,11,Lao People's Democratic Republic,Maize (corn),4826.0
41,2022,54.303424854266,60.7712270938881,0.28940344386630584,0.28939463952942684,23.962327517403498,172121.75282922928,182.07213027117194,145.26168195661424,12.33465511640425,26.279362355653777,0.041343083717684616,0.04133064773314237,1.8487611319399795,11902.42300620131,28.020594224542073,4.791874392057891,175877820.0,178133760.0,174512970.0,176170500.0,178133760.0,178133760.0,178133760.0,178133760.0,18503640.0,18503640.0,17906947.0,17933472.0,18503640.0,18503640.0,18503640.0,18503640.0,11,Lao People's Democratic Republic,Maize (corn),4989.4
52,1984,60.02697639748698,47.06909072007497,0.2646658029726573,0.2670080778296008,25.31585037443373,208868.10633702608,171.0150314316353,147.9168499374319,8.625041135054131,11.809492571948649,0.03501971511594614,0.04291150526502923,1.5681901294866356,6523.96448031877,28.560290464629986,4.667386521286935,15077700.0,15720840.0,9633210.0,14783580.0,15727860.0,15727860.0,15199020.0,15199020.0,2448540.0,2448540.0,1445183.0,2266488.0,2448540.0,2448540.0,2404764.0,2404764.0,3,El Salvador,Maize (corn),2166.2
52,1985,60.02697639748698,46.339133362324176,0.2567034129467275,0.2615178708807373,25.573498407999676,210170.94134070133,174.33542783955394,153.0475819495907,8.625041135054131,11.31859869368682,0.040121071830734864,0.044905449763567064,1.527692838041598,7128.824629160496,33.039604507025665,4.861205312746211,15077700.0,15720840.0,10201815.0,14783580.0,15727860.0,15727860.0,15199020.0,15199020.0,2448540.0,2448540.0,1518333.0,2266488.0,2448540.0,2448540.0,2404764.0,2404764.0,3,El Salvador,Maize (corn),1954.4
52,1986,60.02697639748698,41.42416248938753,0.27643427465643194,0.2720310045653854,25.66315067079332,214922.26289685705,181.56439363328198,154.31832302065362,8.625041135054131,11.208267608939666,0.03973188680608039,0.04240247819168577,1.6076771316124585,5304.612902744951,22.79488081944549,4.778144015668034,15077700.0,15720840.0,8015490.0,14783580.0,15727860.0,15727860.0,15199020.0,15199020.0,2448540.0,2448540.0,1195492.0,2266488.0,2448540.0,2448540.0,2404764.0,2404764.0,3,El Salvador,Maize (corn),1696.0
52,1987,60.02697639748698,44.497220240118104,0.2661796749569475,0.2637575292665168,26.374336814880373,218338.97320689476,169.1656968251114,153.30564250663264,8.625041135054131,10.771975404351686,0.03981354690615947,0.042513574172851225,1.604367100059908,5395.911334143944,27.760764344666313,4.218818666243867,15077700.0,15720840.0,8782585.0,14783580.0,15727860.0,15727860.0,15199020.0,15199020.0,2448540.0,2448540.0,1262153.0,2266488.0,2448540.0,2448540.0,2404764.0,2404764.0,3,El Salvador,Maize (corn),2073.8
52,1988,60.02697639748698,51.46983491918007,0.2574865877628326,0.2555990931520238,25.73383666144477,207306.07125514335,157.1224485697741,150.7740263414203,8.625041135054131,14.989602083759255,0.03224572406294192,0.03968589951381485,1.5317444191781289,6098.120324610617,32.143944816283565,4.919945576315306,15077700.0,15720840.0,9467985.0,14783580.0,15727860.0,15727860.0,15199020.0,15199020.0,2448540.0,2448540.0,1302661.0,2266488.0,2448540.0,2448540.0,2404764.0,2404764.0,3,El Salvador,Maize (corn),2113.7
52,1989,60.02697639748698,50.70994893376693,0.26558649622731734,0.2607581098366412,25.543681950039336,211169.1802770556,186.2415666978686,155.2208240693089,8.625041135054131,11.614560490561257,0.03372901309425579,0.039692292174340275,1.560244507461831,6738.718634206535,33.353922486226224,5.330891313798239,15077700.0,15720840.0,9688670.0,14783580.0,15727860.0,15727860.0,15199020.0,15199020.0,2448540.0,2448540.0,1336482.0,2266488.0,2448540.0,2448540.0,2404764.0,2404764.0,3,El Salvador,Maize (corn),2130.1
52,1990,60.02697639748698,51.33234408042677,0.2673575318521923,0.2616103397200129,26.069871711730958,211763.05473135345,190.22226041676376,154.29250126836223,8.625041135054131,12.534055549181414,0.03519399733465763,0.04133287782007776,1.586229514408516,6016.8742573111385,38.452976884229464,5.64112006806737,15077700.0,15720840.0,9672180.0,14783580.0,15727860.0,15727860.0,15199020.0,15199020.0,2448540.0,2448540.0,1361501.0,2266488.0,2448540.0,2448540.0,2404764.0,2404764.0,3,El Salvador,Maize (corn),2138.3
52,1991,60.02697639748698,40.852469724101425,0.25358848580292287,0.255329660310668,26.060076883104113,214120.95768033044,170.6089908712091,155.0177730377315,8.625041135054131,10.580781421885352,0.03914506576797281,0.04061263290685148,1.6032028314416282,5738.198171160335,34.139507742548226,4.970879347846714,15077700.0,15720840.0,10841250.0,14783580.0,15727860.0,15727860.0,15199020.0,15199020.0,2448540.0,2448540.0,1523999.0,2266488.0,2448540.0,2448540.0,2404764.0,2404764.0,3,El Salvador,Maize (corn),1644.8
52,1992,60.02697639748698,47.436104410198084,0.246340354035298,0.24659117000536612,26.021799002753365,212898.92228977944,149.02484664714177,150.1300710909674,8.625041135054131,12.25809175305837,0.037455182595388166,0.03773965578278038,1.56325976979375,6143.677757228505,47.11963319584629,7.3903699615761145,15077700.0,15720840.0,13797565.0,14783580.0,15727860.0,15727860.0,15199020.0,15199020.0,2448540.0,2448540.0,2081576.0,2266488.0,2448540.0,2448540.0,2404764.0,2404764.0,3,El Salvador,Maize (corn),2198.9
52,1993,60.02697639748698,51.256683436564686,0.256179012523757,0.2567191652062829,25.766467168596055,209455.04738125735,171.41404319820367,150.6243560670402,8.625041135054131,13.23336360255237,0.036331836712681156,0.03688426941319351,1.5329906216062053,5998.5527543581675,29.901794268030816,4.643335078758485,15077700.0,15720840.0,14057520.0,14783580.0,15727860.0,15727860.0,15199020.0,15199020.0,2448540.0,2448540.0,2158621.0,2266488.0,2448540.0,2448540.0,2404764.0,2404764.0,3,El Salvador,Maize (corn),2048.2
52,1994,60.02697639748698,41.18932101217768,0.24739320187105068,0.24747157950501297,26.078845723470053,215914.9796758098,160.78392723121712,147.11041979628865,8.625041135054131,12.349332666469666,0.035004553935826195,0.034726939589087416,1.543970929460294,5990.774268866523,26.149172733762306,5.181399040768846,15077700.0,15720840.0,14434855.0,14783580.0,15727860.0,15727860.0,15199020.0,15199020.0,2448540.0,2448540.0,2203756.0,2266488.0,2448540.0,2448540.0,2404764.0,2404764.0,3,El Salvador,Maize (corn),1524.5
52,1995,60.02697639748698,51.658211191515825,0.259468709760242,0.25935327394878893,25.56346148384942,202134.70192113402,191.03501406765233,151.77563132478699,8.625041135054131,12.039991366383008,0.034125604531809704,0.034005113617234184,1.5409470437452215,6284.869063459146,24.1402148797357,3.823635691281927,15077700.0,15720840.0,14378330.0,14783580.0,15727860.0,15727860.0,15199020.0,15199020.0,2448540.0,2448540.0,2203322.0,2266488.0,2448540.0,2448540.0,2404764.0,2404764.0,3,El Salvador,Maize (corn),2197.2
52,1996,60.02697639748698,52.10746065755788,0.26498365427056947,0.2669937743877201,25.378316169314914,207080.2876072375,195.01945578943563,150.2636654030339,8.625041135054131,14.078249772875402,0.036276099576153804,0.03745979595602069,1.4996010658621732,7082.662161661211,27.348631778482034,4.0723898437801855,15077700.0,15720840.0,13594705.0,14783580.0,15727860.0,15727860.0,15199020.0,15199020.0,2448540.0,2448540.0,2059300.0,2266488.0,2448540.0,2448540.0,2404764.0,2404764.0,3,El Salvador,Maize (corn),2257.2
52,1997,60.02697639748698,41.31358854610862,0.2519488992790381,0.2518851068220855,26.25794684092204,211463.35276288842,194.71611567726166,152.68286950059962,8.625041135054131,12.29051674183842,0.03749505194300154,0.0378850693625412,1.550291113641144,6321.932469838556,25.93896296183503,4.375393979312943,15077700.0,15720840.0,14313995.0,14783580.0,15727860.0,15727860.0,15199020.0,15199020.0,2448540.0,2448540.0,2192392.0,2266488.0,2448540.0,2448540.0,2404764.0,2404764.0,3,El Salvador,Maize (corn),1658.2
52,1998,60.02697639748698,53.3977503507213,0.25498319913943607,0.2593674074668296,26.194067997402616,209280.64340306728,190.28927567204704,151.74032689728577,8.625041135054131,14.175579216413123,0.03596528098942176,0.037930658005767184,1.5200540138216272,6321.13100705245,25.17254486321306,4.1429928905098965,15077700.0,15720840.0,12862885.0,14783580.0,15727860.0,15727860.0,15199020.0,15199020.0,2448540.0,2448540.0,1985789.0,2266488.0,2448540.0,2448540.0,2404764.0,2404764.0,3,El Salvador,Maize (corn),1906.2
52,1999,60.02697639748698,49.91712130721341,0.25555187405811414,0.2565586301371661,25.193671713935004,207795.13445690717,183.59732771471386,147.4689575884046,8.625041135054131,13.549138306413631,0.03688626837092269,0.03754777622106994,1.5580611194169531,6164.842378188319,31.066697422308522,4.424143818304716,15077700.0,15720840.0,14223730.0,14783580.0,15727860.0,15727860.0,15199020.0,15199020.0,2448540.0,2448540.0,2181648.0,2266488.0,2448540.0,2448540.0,2404764.0,2404764.0,3,El Salvador,Maize (corn),2504.7
52,2000,68.91544177506951,40.56529256584723,0.25567300725314346,0.2595026999514844,25.545640002356635,214793.42255592876,161.72398352308912,146.42497803905098,8.426071905681683,8.684498167672084,0.04058568482912049,0.04231422312105131,1.5240786253742635,6010.697000015009,31.728917036209978,4.160885387497384,9214150.0,15720840.0,13815085.0,14783580.0,15727860.0,15727860.0,15199020.0,15199020.0,1496330.0,2448540.0,2101193.0,2266488.0,2448540.0,2448540.0,2404764.0,2404764.0,3,El Salvador,Maize (corn),2247.5
52,2001,58.3133879839777,39.61308077972126,0.2506271889640225,0.2588714360435528,25.810557715098064,215494.84861551787,191.26327761111963,153.8064039065501,8.963147076055588,10.76577904580319,0.03709117710576541,0.04267091894234189,1.5591010609494074,5881.101278397147,25.886087207289197,4.266211024237495,15077700.0,15720840.0,11453165.0,14783580.0,15727860.0,15727860.0,15199020.0,15199020.0,2448540.0,2448540.0,1755893.0,2266488.0,2448540.0,2448540.0,2404764.0,2404764.0,3,El Salvador,Maize (corn),1943.1
52,2002,58.7911268774445,44.642352046763655,0.26258202650480794,0.2657479790417702,26.301400640275745,214012.12182281187,190.62153751086103,153.49745887309567,8.770227552089478,10.413620870454608,0.03656208211589505,0.039996446508094134,1.5664596528226844,6394.290591181796,23.002322942367794,4.005912577783889,15077700.0,15720840.0,12539170.0,14783580.0,15727860.0,15727860.0,15199020.0,15199020.0,2448540.0,2448540.0,1887690.0,2266488.0,2448540.0,2448540.0,2404764.0,2404764.0,3,El Salvador,Maize (corn),2604.1
52,2003,60.07869383508705,47.90884573529982,0.2809733745952447,0.2681245192456987,26.097926743825276,211692.07672794498,187.50793274468768,152.64441013592915,8.984994294929425,11.14329333153758,0.03531630864240899,0.04077060653772849,1.5091798303773332,6209.7129389351285,24.175290049664984,3.902548418518123,15077700.0,15720840.0,12071630.0,14783580.0,15727860.0,15727860.0,15199020.0,15199020.0,2448540.0,2448540.0,1718898.0,2266488.0,2448540.0,2448540.0,2404764.0,2404764.0,3,El Salvador,Maize (corn),2747.1
52,2004,60.02697639748698,44.960855835697124,0.2820984344515535,0.26786820609390344,26.090483114454482,214980.9300433117,190.99031110251275,155.41478415930044,8.70733992307202,10.054602023485804,0.030988226148533717,0.03832710896946518,1.5460471955564665,6097.481784689539,24.96702230625762,4.144589401549281,15077700.0,15720840.0,11843100.0,14783580.0,15727860.0,15727860.0,15199020.0,15199020.0,2448540.0,2448540.0,1662096.0,2266488.0,2448540.0,2448540.0,2404764.0,2404764.0,3,El Salvador,Maize (corn),2764.1
52,2005,59.631573059724694,55.96213818499946,0.2730904359784391,0.2718077150008923,25.87744073867798,204179.0131080449,191.96920816678488,151.31014986594874,8.556428040406335,12.583221369334812,0.03468090839142009,0.03468737885875574,1.5422611362843757,6178.498713032049,19.62640172848866,4.114322978811913,15077700.0,15720840.0,14228890.0,14783580.0,15727860.0,15727860.0,15199020.0,15199020.0,2448540.0,2448540.0,2156007.0,2266488.0,2448540.0,2448540.0,2404764.0,2404764.0,3,El Salvador,Maize (corn),2943.4
52,2006,60.025868410680495,53.717617751744115,0.2700984759463204,0.2698350041597451,25.976024860805936,209916.25812380016,193.92079059889022,152.397473457944,8.808776696348035,11.616291567523763,0.0340361534819836,0.03424336582947244,1.5575342927204467,6351.040351699323,20.313067472856762,4.4367646949784,15077700.0,15720840.0,14326520.0,14783580.0,15727860.0,15727860.0,15199020.0,15199020.0,2448540.0,2448540.0,2171058.0,2266488.0,2448540.0,2448540.0,2404764.0,2404764.0,3,El Salvador,Maize (corn),3079.4
52,2007,59.45133802115298,45.32678144126665,0.25835603649417554,0.25424155616909727,25.893880738152397,209054.84469354004,193.0075416078504,154.83670443804655,8.765513745797948,11.14047807350066,0.03056265933797309,0.03364041886961948,1.5038626088148366,6088.618025953158,18.6876893656708,11.815993512737723,15077700.0,15720840.0,11860020.0,14783580.0,15727860.0,15727860.0,15625030.0,15625030.0,2448540.0,2448540.0,1662192.0,2266488.0,2448540.0,2448540.0,2440028.0,2440028.0,3,El Salvador,Maize (corn),2910.7
52,2008,58.821787814517684,54.423813144179185,0.2525137468344635,0.24821889065888073,25.526794094509548,205117.66151286566,197.10541662531472,153.4501813908575,8.91665693981829,13.697979032052826,0.029207187689469494,0.032421486449444405,1.5631571627276615,6765.395413390526,18.979386417652236,13.487601359012745,15077700.0,15720840.0,11891380.0,14783580.0,15727860.0,15727860.0,15727860.0,15727860.0,2448540.0,2448540.0,1666322.0,2266488.0,2448540.0,2448540.0,2448540.0,2448540.0,3,El Salvador,Maize (corn),3389.5
52,2009,59.5732815075832,44.063967539276284,0.24679881077673696,0.24421767578289497,26.290967157151965,214343.11106541628,200.3492458795941,155.70033983767837,8.51983090985656,11.253360821137743,0.030544218472708433,0.032914903601858725,1.554126113819399,6199.151669141224,16.971994140788006,13.19276258146396,15077700.0,15720840.0,11860020.0,14783580.0,15727860.0,15727860.0,15727860.0,15727860.0,2448540.0,2448540.0,1662192.0,2266488.0,2448540.0,2448540.0,2448540.0,2448540.0,3,El Salvador,Maize (corn),3004.1
52,2010,58.90240471500096,61.914236012907956,0.2583712482617961,0.25217581033001335,25.86612205505371,202287.82694907117,200.8799198966066,154.3288846811006,8.684364445060083,12.47424793620185,0.029215971631486336,0.033393590889307954,1.5082401097001,6331.277321416005,18.194658221409394,13.385432003800787,15077700.0,15720840.0,11821420.0,14783580.0,15727860.0,15727860.0,15727860.0,15727860.0,2448540.0,2448540.0,1653722.0,2266488.0,2448540.0,2448540.0,2448540.0,2448540.0,3,El Salvador,Maize (corn),3025.3
52,2011,59.9828783547225,56.64406621688661,0.25669120459092987,0.25122892173582057,25.875873035854763,205066.6282357697,198.16790836264119,153.6931951289357,8.900187409963308,11.693408575922767,0.030585185300581116,0.03316938419613091,1.4880036033162136,6811.767412635826,18.242284192651724,13.47385171245227,15077700.0,15720840.0,11852300.0,14783580.0,15727860.0,15727860.0,15727860.0,15727860.0,2448540.0,2448540.0,1660498.0,2266488.0,2448540.0,2448540.0,2448540.0,2448540.0,3,El Salvador,Maize (corn),2818.1
52,2012,61.49075939213852,50.63525580413098,0.24893277304040057,0.24642712803196612,26.104602930280898,214633.9366140983,203.74512398449212,155.7395105113984,8.62756132005593,13.595895920005354,0.037136222080242,0.03893597794116456,1.5283611911083284,5875.026584579803,15.988972390146897,13.161692727680798,15077700.0,15720840.0,13185760.0,14783580.0,15727860.0,15727860.0,15727860.0,15727860.0,2448540.0,2448540.0,1926242.0,2266488.0,2448540.0,2448540.0,2448540.0,2448540.0,3,El Salvador,Maize (corn),3258.0
52,2013,60.15216588343439,50.86587340207674,0.2441541768610477,0.24101284758739897,26.24703483581543,210640.71945479827,196.18457878066462,154.62327455492007,8.421597760086048,10.646307150366539,0.03924140066669141,0.04120637328314638,1.5232403537440147,6359.568165872172,17.623096248297447,13.442472809986786,15077700.0,15720840.0,14393660.0,14783580.0,15727860.0,15727860.0,15727860.0,15727860.0,2448540.0,2448540.0,2153948.0,2266488.0,2448540.0,2448540.0,2448540.0,2448540.0,3,El Salvador,Maize (corn),2946.1
52,2014,61.508248664911285,45.06679042460584,0.25071484090553386,0.24866136453148668,26.422599739498562,212779.045823572,203.18354601791154,155.2880760896279,8.438618264324374,11.153205769277776,0.03550522102539528,0.03673113315972,1.5743965067650447,6139.176527545825,16.002227029909573,13.239134658433906,15077700.0,15720840.0,14435000.0,14783580.0,15727860.0,15727860.0,15727860.0,15727860.0,2448540.0,2448540.0,2175011.0,2266488.0,2448540.0,2448540.0,2448540.0,2448540.0,3,El Salvador,Maize (corn),2606.4
52,2015,58.98507855631652,40.31863099047819,0.2384661874009503,0.23764787586734795,26.957173294491238,213776.54765673,193.7692814823735,155.9168704563092,8.97800042526087,10.915138529511623,0.03605919208052196,0.03633367985727708,1.6108748110797555,6183.504984347688,19.126723636259573,13.483585236443416,15077700.0,15720840.0,14578980.0,14783580.0,15727860.0,15727860.0,15727860.0,15727860.0,2448540.0,2448540.0,2214876.0,2266488.0,2448540.0,2448540.0,2448540.0,2448540.0,3,El Salvador,Maize (corn),2511.0
52,2016,60.95545820524625,38.359566429482975,0.22923937630322241,0.22923937792842244,26.688475545247396,211921.49080643133,198.60876172172576,155.40181453755758,8.625041135054131,9.899983030978703,0.03871029945837132,0.03871029945837132,1.5093675544884244,5967.553371351672,17.58765579791532,13.465025771371971,15077700.0,15720840.0,14783580.0,14783580.0,15727860.0,15727860.0,15727860.0,15727860.0,2448540.0,2448540.0,2266488.0,2266488.0,2448540.0,2448540.0,2448540.0,2448540.0,3,El Salvador,Maize (corn),3042.5
52,2017,60.32285020354994,42.810761576581044,0.23520366234911808,0.235203661736821,26.388895405663384,206303.32279353484,199.9259146591562,155.1585322095678,8.502978804541156,10.275156905096763,0.03716269308997252,0.03716269308997252,1.475871275841922,6221.733780873766,17.242789707332303,13.323972881819929,15077700.0,15720840.0,14783580.0,14783580.0,15727860.0,15727860.0,15727860.0,15727860.0,2448540.0,2448540.0,2266488.0,2266488.0,2448540.0,2448540.0,2448540.0,2448540.0,3,El Salvador,Maize (corn),3186.7
52,2018,59.94139678876905,41.587164395717906,0.23299672694669826,0.23299672532248528,26.49226599799262,213132.4301488378,201.41435091958917,154.09794132524897,8.37687916675245,13.150145483587655,0.039903482648226206,0.039903482648226206,1.5430989675060836,6232.249341012058,18.9766449440219,13.59917704511827,15077700.0,15720840.0,14783580.0,14783580.0,15727860.0,15727860.0,15727860.0,15727860.0,2448540.0,2448540.0,2266488.0,2266488.0,2448540.0,2448540.0,2448540.0,2448540.0,3,El Salvador,Maize (corn),2531.2
52,2019,60.71935814797113,40.693177156297985,0.23956753884752588,0.2395675385492305,26.768485440148247,213889.37306478043,199.08747985967966,155.05332599672766,8.342284310445239,11.204687036829059,0.03598158287058195,0.03598158287058195,1.5181129900530101,6122.454038854076,18.286106499062992,13.48083308920665,15077700.0,15720840.0,14783580.0,14783580.0,15727860.0,15727860.0,15727860.0,15727860.0,2448540.0,2448540.0,2266488.0,2266488.0,2448540.0,2448540.0,2448540.0,2448540.0,3,El Salvador,Maize (corn),2971.5
52,2020,61.295397824967374,62.077081817727986,0.25824116046229995,0.25824116242686984,26.437494394514296,206184.2630551864,199.71613917501293,153.8868931834692,8.326522955029315,19.302641779300718,0.03489219869293517,0.03489219869293517,1.4877487590743617,6055.33311390707,18.152264433393864,13.509347854403293,15077700.0,15720840.0,14783580.0,14783580.0,15727860.0,15727860.0,15727860.0,15727860.0,2448540.0,2448540.0,2266488.0,2266488.0,2448540.0,2448540.0,2448540.0,2448540.0,3,El Salvador,Maize (corn),2949.4
52,2021,62.56591684821225,43.97384066970763,0.25147239002916544,0.2514723914023022,26.566262573666044,212023.88919721963,202.87684562237823,154.14902176872798,8.289614806184504,12.248986703282812,0.035137296509653235,0.035137296509653235,1.4541425878967078,6309.07312464649,17.43577634614065,13.426469343013736,15077700.0,15720840.0,14783580.0,14783580.0,15727860.0,15727860.0,15727860.0,15727860.0,2448540.0,2448540.0,2266488.0,2266488.0,2448540.0,2448540.0,2448540.0,2448540.0,3,El Salvador,Maize (corn),3177.1
52,2022,61.60624928161126,47.78677920148935,0.2582409569786654,0.25824095679325965,26.23790850109524,202962.8154580744,199.29499280744204,153.2043715591342,8.212025443762162,13.338279949488282,0.03431117745263525,0.03431117745263525,1.4315460387377381,6419.167669831601,17.579889179879437,13.68656414961177,15077700.0,15720840.0,14783580.0,14783580.0,15727860.0,15727860.0,15727860.0,15727860.0,2448540.0,2448540.0,2266488.0,2266488.0,2448540.0,2448540.0,2448540.0,2448540.0,3,El Salvador,Maize (corn),2896.6
66,1984,42.04674389736894,29.102607160425546,0.20173843068381148,0.2030318083544956,27.13062572479248,188966.8572657949,126.43683172241029,149.63530557656193,9.417148404667488,13.565345839944106,0.043137651555165926,0.04437031528406916,0.9347711424955558,9193.550869543162,24.142144488788087,4.954059144925285,170717040.0,176986620.0,119136945.0,132328080.0,176993280.0,176993280.0,171067500.0,171089820.0,48972816.0,48972060.0,42997879.0,46605060.0,48972816.0,48972816.0,48709476.0,48713472.0,3,Ghana,Maize (corn),961.3
66,1985,42.04674389736894,32.24651205026068,0.1932247982670863,0.19506183058054982,26.91297754711575,185083.7984865675,119.3819965835023,151.60787305037914,9.417148404667488,13.918522638033535,0.04996618871765058,0.051118678724875986,0.9213718333582993,9111.756020988378,27.820708575680868,6.511921074712542,170717040.0,176986620.0,114011240.0,132328080.0,176993280.0,176993280.0,171067500.0,171089820.0,48972816.0,48972060.0,41255317.0,46605060.0,48972816.0,48972816.0,48709476.0,48713472.0,3,Ghana,Maize (corn),1008.6
66,1986,42.04674389736894,30.21208701474423,0.20647261579831439,0.21174378690719742,26.872304926978217,185610.1455266361,130.72857122561376,154.76215857803635,9.417148404667488,13.806429781093172,0.042444452808142186,0.04152626485228392,0.9089073912423687,8979.575062828768,27.5297068100646,6.602321344796669,170717040.0,176986620.0,92907140.0,132328080.0,176993280.0,176993280.0,171067500.0,171089820.0,48972816.0,48972060.0,33808223.0,46605060.0,48972816.0,48972816.0,48709476.0,48713472.0,3,Ghana,Maize (corn),1184.5
66,1987,42.04674389736894,31.56327296784805,0.21271782714654414,0.2108223851216725,27.6066242535909,187182.88868232808,131.1585812679236,156.00863363868876,9.417148404667488,13.329109109902328,0.03887547283767601,0.04030425344864836,0.9363525769211262,9591.702871187077,27.452448102331637,6.1379080610537775,170717040.0,176986620.0,104505120.0,132328080.0,176993280.0,176993280.0,171067500.0,171089820.0,48972816.0,48972060.0,39111550.0,46605060.0,48972816.0,48972816.0,48709476.0,48713472.0,3,Ghana,Maize (corn),1090.7
66,1988,42.04674389736894,29.941791715010282,0.2145327516538756,0.21352904773498022,27.158546034495036,182389.60580552917,127.31267095995817,151.75238253738553,9.417148404667488,14.72643481356725,0.038085441252399155,0.039387683121670174,0.9138866026106206,9261.196121704425,26.888553035526286,5.658954545345854,170717040.0,176986620.0,104368530.0,132328080.0,176993280.0,176993280.0,171067500.0,171089820.0,48972816.0,48972060.0,40192429.0,46605060.0,48972816.0,48972816.0,48709476.0,48713472.0,3,Ghana,Maize (corn),1390.7
66,1989,42.04674389736894,36.596581436941186,0.22242237772378654,0.22293613091946815,26.77641287909614,186855.61246253905,139.03577231225353,158.61638368640206,9.417148404667488,15.21425088559358,0.038123607058184766,0.0390089190885641,0.8168506262663514,9149.790421902988,25.95994136699795,6.922560532382712,170717040.0,176986620.0,106169415.0,132328080.0,176993280.0,176993280.0,171067500.0,171089820.0,48972816.0,48972060.0,40756703.0,46605060.0,48972816.0,48972816.0,48709476.0,48713472.0,3,Ghana,Maize (corn),1261.0
66,1990,42.04674389736894,27.265384434997,0.21440291855898164,0.2168824989361675,27.113542747497558,186808.74583285488,138.28836264902367,157.1579117987905,9.417148404667488,13.482079935319492,0.04002396461688156,0.04098797518396631,0.8589461994235283,9902.02500112376,28.12679789543553,6.995878566000039,170717040.0,176986620.0,106332740.0,132328080.0,176993280.0,176993280.0,171067500.0,171089820.0,48972816.0,48972060.0,40697437.0,46605060.0,48972816.0,48972816.0,48709476.0,48713472.0,3,Ghana,Maize (corn),1188.9
66,1991,42.04674389736894,35.77640546136229,0.22629546821117397,0.22774894569237997,26.77849932776557,182579.54224765376,131.14767083281203,152.28762807701497,9.417148404667488,15.490400073477922,0.03871771255578966,0.03996595107787185,0.7947517478186016,8951.567965211756,24.079065459782672,6.0625085256782025,170717040.0,176986620.0,115386195.0,132328080.0,176993280.0,176993280.0,171067500.0,171089820.0,48972816.0,48972060.0,42888000.0,46605060.0,48972816.0,48972816.0,48709476.0,48713472.0,3,Ghana,Maize (corn),1526.0
66,1992,42.04674389736894,25.802416095575612,0.21179464277293944,0.21270341421768824,26.740820598602294,183706.45409317035,123.85385149962582,154.4667949632503,9.417148404667488,12.392615281527632,0.03745013559855578,0.03794210493343266,0.7886266069246712,8533.777815564941,23.09605098239856,6.074781271729163,170717040.0,176986620.0,127872615.0,132328080.0,176993280.0,176993280.0,171067500.0,171089820.0,48972816.0,48972060.0,45624505.0,46605060.0,48972816.0,48972816.0,48709476.0,48713472.0,3,Ghana,Maize (corn),1204.0
66,1993,42.04674389736894,30.349849545024263,0.21224034250610402,0.21231754594702884,27.06170343822903,185671.12474344525,129.37754671751227,151.9061821436553,9.417148404667488,15.010294534606363,0.039112239620942436,0.03914437085022127,0.9140624472531897,8745.816201255398,24.971306481334736,5.1308891955644675,170717040.0,176986620.0,131335085.0,132328080.0,176993280.0,176993280.0,171067500.0,171089820.0,48972816.0,48972060.0,46425037.0,46605060.0,48972816.0,48972816.0,48709476.0,48713472.0,3,Ghana,Maize (corn),1509.2
66,1994,42.04674389736894,30.901291510150113,0.2117168901695145,0.21170847525281744,26.938666937086317,183099.77837137014,121.523326026177,148.61840169727418,9.417148404667488,14.194159728290735,0.03727007533245156,0.037259908162193676,0.8480931856417772,9207.538997637306,21.177582106580253,5.179746196124174,170717040.0,176986620.0,130161970.0,132328080.0,176993280.0,176993280.0,171067500.0,171089820.0,48972816.0,48972060.0,46188046.0,46605060.0,48972816.0,48972816.0,48709476.0,48713472.0,3,Ghana,Maize (corn),1493.3
66,1995,42.04674389736894,32.13288771706901,0.21869722952445345,0.218893802063641,26.932347287072076,185455.37842991936,142.62901027190978,153.52961131736453,9.417148404667488,13.973615897556423,0.036351794479462095,0.03637975444797934,0.8333967439922028,8179.709358826939,25.765737792564625,6.007738244398922,170717040.0,176986620.0,131120225.0,132328080.0,176993280.0,176993280.0,171067500.0,171089820.0,48972816.0,48972060.0,46334676.0,46605060.0,48972816.0,48972816.0,48709476.0,48713472.0,3,Ghana,Maize (corn),1502.0
66,1996,42.04674389736894,31.568626698691045,0.21732275688813787,0.21743017546404733,27.01817815568712,186616.75884909293,141.18213944604105,153.16523455773722,9.417148404667488,13.752506016504007,0.03848144524805714,0.038510461134571725,0.9029497125324918,9660.622807481865,25.61149391406762,6.42703756404156,170717040.0,176986620.0,131354715.0,132328080.0,176993280.0,176993280.0,171067500.0,171089820.0,48972816.0,48972060.0,46320657.0,46605060.0,48972816.0,48972816.0,48709476.0,48713472.0,3,Ghana,Maize (corn),1515.3
66,1997,42.04674389736894,30.914859126790734,0.21838080585002895,0.21844028348980496,27.146244282192654,186841.13423815995,147.63298523753994,153.33166265232393,9.417148404667488,13.478666604411988,0.035319120745420284,0.03534233573733465,0.8759833977859436,9344.883522706261,23.829619220919554,5.581600282654698,170717040.0,176986620.0,131447725.0,132328080.0,176993280.0,176993280.0,171067500.0,171089820.0,48972816.0,48972060.0,46418328.0,46605060.0,48972816.0,48972816.0,48709476.0,48713472.0,3,Ghana,Maize (corn),1528.5
66,1998,42.04674389736894,29.16141039490718,0.2078384798020124,0.20803715455579283,27.560427527957494,186078.87718163777,140.9291367173091,152.99177232623293,9.417148404667488,13.487347288681217,0.03742629552338528,0.037408863391156705,0.8486088355468567,8511.992905973395,26.052177598061544,5.616188478580659,170717040.0,176986620.0,129455145.0,132328080.0,176993280.0,176993280.0,171067500.0,171089820.0,48972816.0,48972060.0,46038525.0,46605060.0,48972816.0,48972816.0,48709476.0,48713472.0,3,Ghana,Maize (corn),1485.0
66,1999,42.04674389736894,35.976556424148185,0.2168034611890713,0.2169931304777743,26.79608580271403,186246.75032740747,142.7322988239352,150.19008098248165,9.417148404667488,15.003634025014,0.03794351642497728,0.038065678061067525,0.8184368284340059,9380.828393818943,27.37707917382027,5.6303623954251405,170717040.0,176986620.0,129990790.0,132328080.0,176993280.0,176993280.0,171067500.0,171089820.0,48972816.0,48972060.0,46055210.0,46605060.0,48972816.0,48972816.0,48709476.0,48713472.0,3,Ghana,Maize (corn),1455.7
66,2000,50.59450488724399,29.620536422503186,0.2092489906897147,0.20940560103292905,27.065603340996635,191137.52722791344,115.46008122848913,147.95319436312167,9.796006664382158,11.299784453023946,0.037062335027328176,0.037147785995759186,0.8161332425459296,9335.524687811043,24.07161272736672,4.444589342115895,104327080.0,176986620.0,130859355.0,132328080.0,176993280.0,176993280.0,171067500.0,171089820.0,29927832.0,48972060.0,46373034.0,46605060.0,48972816.0,48972816.0,48709476.0,48713472.0,3,Ghana,Maize (corn),1457.8
66,2001,39.88420879847865,25.826001697906133,0.20125602661735478,0.20315476488998366,27.33465469148424,189110.09665454554,132.141877526375,156.32355313985357,9.311051371100856,11.189593297083833,0.03823331956069626,0.039498023733505846,0.956298774416894,9876.708798753876,24.571186660370667,6.752300781999794,170717040.0,176986620.0,122112960.0,132328080.0,176993280.0,176993280.0,171067500.0,171089820.0,48972816.0,48972060.0,44229184.0,46605060.0,48972816.0,48972816.0,48709476.0,48713472.0,3,Ghana,Maize (corn),1315.0
66,2002,41.871429373240666,28.86941591172471,0.21310735398696526,0.21353904633273768,27.295812320709228,187841.67402651306,136.54295885599316,154.70858252568587,9.633158413653094,13.104550751523957,0.04010315483373471,0.04022841061767428,0.9344690040536059,8982.339910699768,25.641702343863184,6.578883695310328,170717040.0,176986620.0,129572245.0,132328080.0,176993280.0,176993280.0,171067500.0,171089820.0,48972816.0,48972060.0,45873649.0,46605060.0,48972816.0,48972816.0,48709476.0,48713472.0,3,Ghana,Maize (corn),1490.0
66,2003,43.571017621041086,32.91179112631886,0.2223161906831794,0.22241179808105296,27.276356389787463,188236.09301788005,140.33491193873533,154.02361567871756,9.948830756573578,14.331841396187041,0.03565012139333458,0.036947473786824385,0.8258847661215084,8704.5372764307,26.013870747665162,5.921552622117663,170717040.0,176986620.0,119322050.0,132328080.0,176993280.0,176993280.0,171067500.0,171089820.0,48972816.0,48972060.0,43789312.0,46605060.0,48972816.0,48972816.0,48709476.0,48713472.0,3,Ghana,Maize (corn),1627.2
66,2004,42.62230429808792,29.223652790532626,0.22119479133850994,0.22159146873493632,27.193397108713786,189286.38401291758,135.14521193798117,153.41071138336847,9.55436799141609,13.265653459780914,0.03631561379814067,0.037617632329053734,0.8155224910496105,9320.433465872693,23.069118677560386,5.976330857999089,170717040.0,176986620.0,121997670.0,132328080.0,176993280.0,176993280.0,171067500.0,171089820.0,48972816.0,48972060.0,44294460.0,46605060.0,48972816.0,48972816.0,48709476.0,48713472.0,3,Ghana,Maize (corn),1579.4
66,2005,42.04674389736894,28.24534808240853,0.2183449870596329,0.2193714391943348,27.346422884199356,187647.97630848523,130.86450919647314,152.08006702266232,9.863351089190493,12.847873656879205,0.035963820086103326,0.037562865751903096,0.8659793993634635,9021.238044978028,25.571982680354278,5.559702927121114,170717040.0,176986620.0,121981855.0,132328080.0,176993280.0,176993280.0,171067500.0,171089820.0,48972816.0,48972060.0,44264060.0,46605060.0,48972816.0,48972816.0,48709476.0,48713472.0,3,Ghana,Maize (corn),1561.3
66,2006,42.19625089662303,29.575481341008214,0.21494281668629908,0.21557142848607394,27.408183776007757,188379.7703104026,132.81379059784683,154.55987327781628,9.835757326111798,12.06975438667034,0.038899394781203044,0.04008099468474041,0.9166832424407301,9271.653176966203,24.866828774123874,6.513795311938997,170717040.0,176986620.0,120422135.0,132328080.0,176993280.0,176993280.0,171067500.0,171089820.0,48972816.0,48972060.0,43972930.0,46605060.0,48972816.0,48972816.0,48709476.0,48713472.0,3,Ghana,Maize (corn),1499.4
66,2007,42.00727231544,33.52211761207985,0.21028203215036123,0.2110073126116084,27.308949195014105,188457.59546516679,135.1931886333568,154.84786981603236,8.866572516585846,14.577489908762754,0.035877187916286954,0.03770515868750695,0.8153789255314285,8864.217704822993,23.05644517251002,7.6036474413783735,170717040.0,176986620.0,126204785.0,132328080.0,176993280.0,176993280.0,175841045.0,175845385.0,48972816.0,48972060.0,45484981.0,46605060.0,48972816.0,48972816.0,48921611.0,48922388.0,3,Ghana,Maize (corn),1543.7
66,2008,42.728276625993054,31.788696436935364,0.2100546406375037,0.21075407246524125,27.21414130528768,191257.94079162923,140.684436077278,153.88158219582715,9.107561705413142,12.457629406248488,0.03551932687823997,0.0373554632886075,0.7988840043129772,9082.581799761656,23.20051826093697,8.073161617031804,170717040.0,176986620.0,126154360.0,132328080.0,176993280.0,176993280.0,176993280.0,176993280.0,48972816.0,48972060.0,45461062.0,46605060.0,48972816.0,48972816.0,48972816.0,48972816.0,3,Ghana,Maize (corn),1737.1
66,2009,43.108095381151045,33.82489492221634,0.21763612151973774,0.21789161393873838,27.537732770707873,188320.26468329574,146.13748425295074,153.892007755988,9.653897390172304,15.645260514493174,0.03521098096482637,0.036758731998765413,0.9072419877185155,9253.115304196885,23.86096462034432,7.995333164900585,170717040.0,176986620.0,125276280.0,132328080.0,176993280.0,176993280.0,176993280.0,176993280.0,48972816.0,48972060.0,44976858.0,46605060.0,48972816.0,48972816.0,48972816.0,48972816.0,3,Ghana,Maize (corn),1696.9
66,2010,43.58069851030855,34.75995960398822,0.2196586172199911,0.21990003502618538,27.664553737640382,184999.64213987932,148.47491320517952,154.24765986850198,9.417148404667488,14.30814384227826,0.034209362478317615,0.03593613524666999,0.7950355744067754,8832.651361710936,23.394639508864813,7.901863580838276,170717040.0,176986620.0,124916025.0,132328080.0,176993280.0,176993280.0,176993280.0,176993280.0,48972816.0,48972060.0,44836250.0,46605060.0,48972816.0,48972816.0,48972816.0,48972816.0,3,Ghana,Maize (corn),1887.4
66,2011,42.696745625347376,32.89769200731103,0.20768985636532303,0.20859185730657057,27.481766499413386,188422.35712899113,141.46322299259236,154.1594453016007,9.812368894993716,14.568165233060714,0.035573839845579304,0.03718130053586974,0.9204027674494882,9183.047940655608,22.504315139143237,8.09701054794608,170717040.0,176986620.0,125830550.0,132328080.0,176993280.0,176993280.0,176993280.0,176993280.0,48972816.0,48972060.0,45425155.0,46605060.0,48972816.0,48972816.0,48972816.0,48972816.0,3,Ghana,Maize (corn),1645.8
66,2012,42.48414087057224,31.5406542576881,0.21170799268616566,0.21288359055869804,27.336616886986626,185887.15750272578,144.14242729847578,153.91851934003392,9.195583704754037,12.903148651827282,0.03390158850994773,0.03530542296398425,0.8782820013020779,8989.455448391385,23.496121831213603,7.8075333554044155,170717040.0,176986620.0,127937270.0,132328080.0,176993280.0,176993280.0,176993280.0,176993280.0,48972816.0,48972060.0,45782798.0,46605060.0,48972816.0,48972816.0,48972816.0,48972816.0,3,Ghana,Maize (corn),1871.2
66,2013,42.307709354191054,23.065683942404878,0.20748641110128824,0.2082564024024836,27.43628846274482,186620.53567858998,144.06706049310534,154.93883061410273,9.552335753677234,10.624543066165286,0.035409487766762976,0.03640298371862272,0.8665540251335185,9042.766940192496,24.247791258728693,7.7752047577232615,170717040.0,176986620.0,130424680.0,132328080.0,176993280.0,176993280.0,176993280.0,176993280.0,48972816.0,48972060.0,46340545.0,46605060.0,48972816.0,48972816.0,48972816.0,48972816.0,3,Ghana,Maize (corn),1724.0
66,2014,42.66500422185968,26.924503600843,0.20275329140325382,0.20352458026478404,27.531718413035076,186891.60163284748,141.01017655185657,154.16102718336558,9.680869411635548,11.159270802335149,0.035492745226127206,0.03647460435521673,0.9011033665559277,9687.751519337577,23.587526326972384,7.996288403421918,170717040.0,176986620.0,130876580.0,132328080.0,176993280.0,176993280.0,176993280.0,176993280.0,48972816.0,48972060.0,46384896.0,46605060.0,48972816.0,48972816.0,48972816.0,48972816.0,3,Ghana,Maize (corn),1729.1
66,2015,40.267784862509345,26.45721921640128,0.18999322727322573,0.19048564105260085,27.64234301249186,188480.7882076624,133.77774811964886,155.13123987966497,9.997826876642957,13.265550796920525,0.038818442097421954,0.039406252300065905,0.9390611076679347,9303.112957487212,23.643116272677087,8.228634026720373,170717040.0,176986620.0,131393185.0,132328080.0,176993280.0,176993280.0,176993280.0,176993280.0,48972816.0,48972060.0,46471265.0,46605060.0,48972816.0,48972816.0,48972816.0,48972816.0,3,Ghana,Maize (corn),1921.8
66,2016,40.455213268659655,30.872292313285467,0.19600420159598186,0.1959965008534431,27.82602701187134,188276.96783777277,136.15438899880098,155.58350636845555,8.970319416684791,14.211738018470296,0.03367862418157197,0.03367471082235814,0.8549012634803055,8983.356471900064,23.079537359194962,7.6971366841852635,170717040.0,176986620.0,132296720.0,132328080.0,176993280.0,176993280.0,176993280.0,176993280.0,48972816.0,48972060.0,46579890.0,46605060.0,48972816.0,48972816.0,48972816.0,48972816.0,3,Ghana,Maize (corn),1950.0
66,2017,41.067630321657866,26.458781540796892,0.19327445990509454,0.19327446542944185,27.801510281032986,188749.82246900583,136.8021515233408,155.05020759487635,9.173733236918574,11.285530611340112,0.036312543373248185,0.036312543373248185,0.8568750772733632,9168.17161838456,22.4371231989144,8.141108248270061,170717040.0,176986620.0,132328080.0,132328080.0,176993280.0,176993280.0,176993280.0,176993280.0,48972816.0,48972060.0,46605060.0,46605060.0,48972816.0,48972816.0,48972816.0,48972816.0,3,Ghana,Maize (corn),2011.2
66,2018,41.46559723738305,31.87243916727662,0.2050812018414338,0.2050812066854049,27.550815031263564,185877.02615641878,140.6577817904536,153.70829591186245,9.136643798446084,12.870296614607964,0.03448421590375918,0.03448421590375918,0.8223854128164708,8645.471141846716,23.48135866439398,7.51746460398995,170717040.0,176986620.0,132328080.0,132328080.0,176993280.0,176993280.0,176993280.0,176993280.0,48972816.0,48972060.0,46605060.0,46605060.0,48972816.0,48972816.0,48972816.0,48972816.0,3,Ghana,Maize (corn),2258.9
66,2019,41.433654142072875,33.26435565442067,0.20598930033544696,0.20598929704363858,27.841297308603924,185561.1843292427,140.30058500480743,154.062936819412,8.988676344746471,12.81918642633443,0.035357075823134854,0.035357075823134854,0.857074229122619,9218.31463115279,23.320311546991434,7.833356177144534,170717040.0,176986620.0,132328080.0,132328080.0,176993280.0,176993280.0,176993280.0,176993280.0,48972816.0,48972060.0,46605060.0,46605060.0,48972816.0,48972816.0,48972816.0,48972816.0,3,Ghana,Maize (corn),2531.3
66,2020,41.408285085463596,30.214145827720728,0.20343235507607457,0.20343235313460145,27.725024689568414,189705.1568360322,139.67688582880908,155.24742322776203,8.690393084255513,13.605231718507849,0.03358869246135509,0.03358869246135509,0.8146608810889102,9137.500759198485,22.573733808405105,7.66102833402213,170717040.0,176986620.0,132328080.0,132328080.0,176993280.0,176993280.0,176993280.0,176993280.0,48972816.0,48972060.0,46605060.0,46605060.0,48972816.0,48972816.0,48972816.0,48972816.0,3,Ghana,Maize (corn),2582.8
66,2021,41.18833835357677,32.66684126007646,0.20296723292105723,0.20296723388823068,28.000865406460232,193355.4530846421,140.8922907211043,155.5058671612989,9.099833199287698,12.962524778172055,0.036922671378331294,0.036922671378331294,0.8795735038520497,9215.276060958895,24.594389370600872,7.781856403016166,170717040.0,176986620.0,132328080.0,132328080.0,176993280.0,176993280.0,176993280.0,176993280.0,48972816.0,48972060.0,46605060.0,46605060.0,48972816.0,48972816.0,48972816.0,48972816.0,3,Ghana,Maize (corn),2530.0
66,2022,41.31968834712864,30.57765300314434,0.21106950855917397,0.21107742076055974,27.3395948515998,189356.36747724065,144.30981480965468,154.13849208225147,9.193286214317128,12.380096678932556,0.0346987100434019,0.0347071020293807,0.7778083295349436,8335.883812824655,25.302859236790436,7.786201864426218,170717040.0,176986620.0,132314020.0,132328080.0,176993280.0,176993280.0,176993280.0,176993280.0,48972816.0,48972060.0,46601414.0,46605060.0,48972816.0,48972816.0,48972816.0,48972816.0,3,Ghana,Maize (corn),2504.4
77,1984,32.44721487898333,8.67403317446103,0.14770262395696976,0.1466217522929186,20.968143774403465,216813.28558969297,108.35484300930457,151.1950786283763,6.046886295028948,4.420837822895178,0.03079339904981806,0.030577643338241683,1.2699400932787592,8869.043463974609,20.172302497644772,3.8376308683711833,360941328.0,366093648.0,340647820.0,362029392.0,366093648.0,366093648.0,365972976.0,365973552.0,10824804.0,10824804.0,10250447.0,10823112.0,10824804.0,10824804.0,10821528.0,10821528.0,6,Botswana,Maize (corn),148.5
77,1985,32.44721487898333,9.47296722469297,0.13947032433417103,0.13998468386237833,20.78456438250012,213106.12441992608,100.68842324689405,158.28285866732682,6.046886295028948,4.779483074697637,0.02995232692783019,0.030143787073632924,1.188420647275388,9743.178905342787,15.848748167548077,4.587416741045203,360941328.0,366093648.0,345938544.0,362029392.0,366093648.0,366093648.0,365972976.0,365973552.0,10824804.0,10824804.0,10328987.0,10823112.0,10824804.0,10824804.0,10821528.0,10821528.0,6,Botswana,Maize (corn),181.6
77,1986,32.44721487898333,10.73545027745573,0.14706827402114866,0.14599618196753336,20.718911661042107,211958.8134875947,102.82960235864526,156.3298542826867,6.046886295028948,6.0061171156836615,0.03414268808549341,0.03217270493061956,1.2300457637421074,8348.692189875585,18.281734817277588,4.68139367848568,360941328.0,366093648.0,272707088.0,362029392.0,366093648.0,366093648.0,365972976.0,365973552.0,10824804.0,10824804.0,8379011.0,10823112.0,10824804.0,10824804.0,10821528.0,10821528.0,6,Botswana,Maize (corn),409.1
77,1987,32.44721487898333,11.534035547095499,0.11917619478395751,0.12405899451567559,21.353911101818085,215561.57465612786,95.6973205047024,155.94156331401308,6.046886295028948,5.994165484082254,0.026457274058989313,0.02581835016649648,1.4123796717115227,9763.677310589606,13.868802674629073,4.555879376392352,360941328.0,366093648.0,314420336.0,362029392.0,366093648.0,366093648.0,365972976.0,365973552.0,10824804.0,10824804.0,9373808.0,10823112.0,10824804.0,10824804.0,10821528.0,10821528.0,6,Botswana,Maize (corn),606.5
77,1988,32.44721487898333,15.260377160479058,0.1642061958887747,0.16437035480087853,19.95905613899231,209023.02628435986,130.36239619361535,147.95287487177478,6.046886295028948,7.152700623976027,0.029487175338364764,0.029324418909020947,1.359171298047941,9437.380186988137,18.92774771158383,4.541311539553095,360941328.0,366093648.0,347227144.0,362029392.0,366093648.0,366093648.0,365972976.0,365973552.0,10824804.0,10824804.0,10498958.0,10823112.0,10824804.0,10824804.0,10821528.0,10821528.0,6,Botswana,Maize (corn),232.2
77,1989,32.44721487898333,13.366366010391154,0.1666854535643425,0.16668425133071194,20.161051048172844,212856.85432442612,123.85092558215226,157.57511583191388,6.046886295028948,5.879289682089578,0.02660224984835352,0.026597650562320087,1.3996262640335464,9274.436318079213,15.917557652353603,5.1040993623475295,360941328.0,366093648.0,348541244.0,362029392.0,366093648.0,366093648.0,365972976.0,365973552.0,10824804.0,10824804.0,10784146.0,10823112.0,10824804.0,10824804.0,10821528.0,10821528.0,6,Botswana,Maize (corn),377.9
77,1990,32.44721487898333,9.500132109618242,0.14262666041031474,0.1425949607212606,20.697136031256782,215242.97318794622,112.31432931997878,160.50923321006428,6.046886295028948,5.23958164190602,0.02684861958184062,0.026833505095479316,1.3987260411305122,8491.950518142356,15.398869372010758,5.503200270981488,360941328.0,366093648.0,358010544.0,362029392.0,366093648.0,366093648.0,365972976.0,365973552.0,10824804.0,10824804.0,10758650.0,10823112.0,10824804.0,10824804.0,10821528.0,10821528.0,6,Botswana,Maize (corn),289.9
77,1991,32.44721487898333,13.138383410712171,0.1567865073577397,0.15676556852076887,20.136709882153404,213566.11915157558,126.44760562242959,155.03316535242078,6.046886295028948,5.846036475152678,0.030502139746796005,0.03045491048325064,1.3921795551298088,9117.50337870238,17.273407112772873,5.240611277152558,360941328.0,366093648.0,351660028.0,362029392.0,366093648.0,366093648.0,365972976.0,365973552.0,10824804.0,10824804.0,10738142.0,10823112.0,10824804.0,10824804.0,10821528.0,10821528.0,6,Botswana,Maize (corn),396.2
77,1992,32.44721487898333,8.763857859733813,0.12108028209250829,0.1210834215147771,21.53621260325114,221912.5882121437,104.97827168965556,158.65976465271638,6.046886295028948,4.590953419705869,0.025436707326955646,0.025438128402568375,1.375379561563215,9253.701197741906,15.768739258757904,4.715844066538954,360941328.0,366093648.0,361270600.0,362029392.0,366093648.0,366093648.0,365972976.0,365973552.0,10824804.0,10824804.0,10821597.0,10823112.0,10824804.0,10824804.0,10821528.0,10821528.0,6,Botswana,Maize (corn),189.9
77,1993,32.44721487898333,9.548506557591713,0.1350821625027391,0.1350835929970103,20.95911748541726,212348.01117986493,110.21950050004585,150.05962911952662,6.046886295028948,5.414394155836704,0.028229206495083068,0.028227724152806825,1.3541812787570775,9710.578498914336,17.787780276907473,4.238519310232191,360941328.0,366093648.0,361754972.0,362029392.0,366093648.0,366093648.0,365972976.0,365973552.0,10824804.0,10824804.0,10821816.0,10823112.0,10824804.0,10824804.0,10821528.0,10821528.0,6,Botswana,Maize (corn),135.3
77,1994,32.44721487898333,8.776458854590482,0.12968021325973997,0.12967657701927612,20.255884806315105,217903.35181338005,104.41015985708115,145.42548785843232,6.046886295028948,4.3238721370353055,0.025575175951499867,0.025573217759615477,1.3004947420266126,8593.156656573614,13.419089826467955,3.670536126918785,360941328.0,366093648.0,360231168.0,362029392.0,366093648.0,366093648.0,365972976.0,365973552.0,10824804.0,10824804.0,10818984.0,10823112.0,10824804.0,10824804.0,10821528.0,10821528.0,6,Botswana,Maize (corn),169.8
77,1995,32.44721487898333,13.023102329951945,0.1317374584678974,0.13173745582117274,21.084717790285747,212729.394680279,114.31258081866218,158.66215440999665,6.046886295028948,6.227168917938684,0.02657308238788812,0.026573068267367012,1.4156242812708022,9672.349679524488,16.329945064552145,4.4736825106811375,360941328.0,366093648.0,361452884.0,362029392.0,366093648.0,366093648.0,365972976.0,365973552.0,10824804.0,10824804.0,10822995.0,10823112.0,10824804.0,10824804.0,10821528.0,10821528.0,6,Botswana,Maize (corn),947.7
77,1996,32.44721487898333,15.291037470251824,0.17052524692068494,0.1705257554441165,19.919112145900726,207980.37613796574,123.96662872252627,152.06293798258014,6.046886295028948,6.325213899461608,0.028967838333797378,0.028967484003544566,1.3070215071254574,10522.013375001065,17.696944138147835,4.757445818930041,360941328.0,366093648.0,359759076.0,362029392.0,366093648.0,366093648.0,365972976.0,365973552.0,10824804.0,10824804.0,10821809.0,10823112.0,10824804.0,10824804.0,10821528.0,10821528.0,6,Botswana,Maize (corn),246.3
77,1997,32.44721487898333,12.97306093504001,0.18227691249921915,0.18227526890288737,20.04635838005278,209469.45179523606,133.22054168735968,151.7984925782629,6.046886295028948,6.499245913590422,0.02839541046082232,0.028396383876355742,1.3655555679981717,10030.706978088198,19.271926551291003,5.324409560279931,360941328.0,366093648.0,359433340.0,362029392.0,366093648.0,366093648.0,365972976.0,365973552.0,10824804.0,10824804.0,10822050.0,10823112.0,10824804.0,10824804.0,10821528.0,10821528.0,6,Botswana,Maize (corn),286.7
77,1998,32.44721487898333,12.459979834451369,0.1491628245760997,0.14916249987146765,20.753323905997807,210781.14521891368,129.02916274986794,153.13007551499246,6.046886295028948,5.395556434712115,0.027492619803727907,0.027474424391808444,1.325320125371974,10681.083398090173,17.695477662121284,4.350056853752239,360941328.0,366093648.0,360341796.0,362029392.0,366093648.0,366093648.0,365972976.0,365973552.0,10824804.0,10824804.0,10800337.0,10823112.0,10824804.0,10824804.0,10821528.0,10821528.0,6,Botswana,Maize (corn),91.0
77,1999,32.44721487898333,9.535016670673889,0.1429530784177283,0.14295234689275932,20.68737385670344,214056.77909095548,112.7476292308276,149.68181224250077,6.046886295028948,4.796587703728374,0.029214932379909228,0.02921515697179744,1.3050646144922755,9259.146990084237,16.515405586569734,4.203823245782418,360941328.0,366093648.0,360950608.0,362029392.0,366093648.0,366093648.0,365972976.0,365973552.0,10824804.0,10824804.0,10822354.0,10823112.0,10824804.0,10824804.0,10821528.0,10821528.0,6,Botswana,Maize (corn),111.1
77,2000,30.75187239164403,17.03178744893627,0.19276802138321927,0.19276808783371846,19.387848767969345,201408.1036797309,129.8044870716346,140.28661186722837,5.321180692161904,7.453127575100122,0.033210111512904414,0.033209991078226114,1.1801736578425641,10842.098499410604,18.377185410069316,3.401886896076127,220575256.0,366093648.0,361729100.0,362029392.0,366093648.0,366093648.0,365972976.0,365973552.0,6615158.0,10824804.0,10822820.0,10823112.0,10824804.0,10824804.0,10821528.0,10821528.0,6,Botswana,Maize (corn),112.3
77,2001,37.04331217019936,12.963616986559439,0.17930043069645757,0.17924508301526396,20.06020184357961,204613.57683177816,136.66807182886836,151.39952629992538,6.58779564032081,6.20422522689091,0.032275798684691284,0.03234083395645166,1.3908686273264181,10987.321258906313,20.04743634828318,5.0036521549735475,360941328.0,366093648.0,361173132.0,362029392.0,366093648.0,366093648.0,365972976.0,365973552.0,10824804.0,10824804.0,10812689.0,10823112.0,10824804.0,10824804.0,10821528.0,10821528.0,6,Botswana,Maize (corn),199.2
77,2002,28.742801022201245,7.69792578997556,0.1483255184979902,0.14832581426781405,21.017931355370415,218223.92643866994,113.9286946890056,158.54374907955022,5.2864195784517385,3.50288528214921,0.02708775319990551,0.02708784214088173,1.3643407970435142,9420.198565069739,14.451139292026678,4.986531676201874,360941328.0,366093648.0,361502544.0,362029392.0,366093648.0,366093648.0,365972976.0,365973552.0,10824804.0,10824804.0,10822754.0,10823112.0,10824804.0,10824804.0,10821528.0,10821528.0,6,Botswana,Maize (corn),294.7
77,2003,27.159272424322147,8.889577697542647,0.13560814431144128,0.13560564205167236,21.461207429567974,217469.2123774526,112.80508925190583,159.29098888330597,5.539373840425813,3.8140480761346516,0.024826655405611447,0.024826391905857798,1.3598122365493575,9153.280589113194,15.168697109055026,4.934488276444873,360941328.0,366093648.0,360787536.0,362029392.0,366093648.0,366093648.0,365972976.0,365973552.0,10824804.0,10824804.0,10818029.0,10823112.0,10824804.0,10824804.0,10821528.0,10821528.0,6,Botswana,Maize (corn),214.4
77,2004,32.44721487898333,11.875755026877256,0.15792974457144732,0.1579258170753178,20.45387171374427,210776.01007535783,125.57124557844509,152.59479846130026,6.406219867209941,5.339120352194913,0.024353167556381023,0.02435579556505816,1.2394943708338526,9526.386142704456,17.25742474878082,4.275703407495156,360941328.0,366093648.0,361301840.0,362029392.0,366093648.0,366093648.0,365972976.0,365973552.0,10824804.0,10824804.0,10819966.0,10823112.0,10824804.0,10824804.0,10821528.0,10821528.0,6,Botswana,Maize (corn),174.3
77,2005,28.538425970394144,10.492132832520527,0.14227391763900712,0.14227196053546207,21.63887953095966,213065.27076430983,112.19512347162167,157.46710346862122,5.598307017184653,4.882938920185519,0.02498740502712343,0.024986768274172417,1.3688171713564896,9840.544934106003,15.869233339068858,4.730355886085614,360941328.0,366093648.0,360687184.0,362029392.0,366093648.0,366093648.0,365972976.0,365973552.0,10824804.0,10824804.0,10817366.0,10823112.0,10824804.0,10824804.0,10821528.0,10821528.0,6,Botswana,Maize (corn),229.7
77,2006,36.58319723389998,16.817689764171394,0.17561560072418714,0.17561000966881202,20.01168809996711,204974.08911084224,131.87359833552165,151.74495046507084,6.2791100921996765,6.520951793482376,0.02616484629514082,0.026169641279853502,1.3525458208767036,9413.99660240869,17.90364094373979,4.516287723300255,360941328.0,366093648.0,361502544.0,362029392.0,366093648.0,366093648.0,365972976.0,365973552.0,10824804.0,10824804.0,10820016.0,10823112.0,10824804.0,10824804.0,10821528.0,10821528.0,6,Botswana,Maize (corn),251.1
77,2007,30.161091330514505,11.289063999117646,0.14810007225929034,0.1481000724407902,20.64604314830568,214453.62167359187,111.83276536439598,157.02268074389428,6.847237760065115,5.266569649873756,0.026308463986747133,0.026308463986747133,1.3205327741926263,11243.720998193707,18.67052185298925,5.133392247195457,360941328.0,366093648.0,361966672.0,362029392.0,366093648.0,366093648.0,366070184.0,366070296.0,10824804.0,10824804.0,10823112.0,10823112.0,10824804.0,10824804.0,10824167.0,10824167.0,6,Botswana,Maize (corn),121.9
77,2008,33.051794410453205,11.563539895419584,0.1640833770959741,0.16408338549488966,20.45004320806927,212618.6493212527,128.55036542823407,153.79822046470932,5.929951861780899,5.91721865744972,0.02553979633668442,0.02553979633668442,1.3220494497481154,10788.163535034802,16.35490461160222,5.244711391318425,360941328.0,366093648.0,362029392.0,362029392.0,366093648.0,366093648.0,366093648.0,366093648.0,10824804.0,10824804.0,10823112.0,10823112.0,10824804.0,10824804.0,10824804.0,10824804.0,6,Botswana,Maize (corn),184.4
77,2009,36.0274771434327,15.316779746845949,0.1842571278620097,0.18425707300522132,20.023043784830307,209253.7087947935,138.35259950873336,151.22962237847145,6.319798035809419,6.039773682964469,0.024881803888103918,0.02488185174969168,1.2679192610346446,9316.345331505854,17.8693099802917,5.132082237507219,360941328.0,366093648.0,361966672.0,362029392.0,366093648.0,366093648.0,366093648.0,366093648.0,10824804.0,10824804.0,10823072.0,10823112.0,10824804.0,10824804.0,10824804.0,10824804.0,6,Botswana,Maize (corn),242.9
77,2010,35.363152070939236,13.450718954587082,0.17202711053606531,0.1720271067367596,20.90996234284507,208665.26057307128,136.3789599123206,153.01122068553107,5.992543667531366,5.483575035297282,0.025578675526900775,0.025578675526900775,1.2997613555233407,9333.251594461362,17.216240009801925,4.860296647198641,360941328.0,366093648.0,362029392.0,362029392.0,366093648.0,366093648.0,366093648.0,366093648.0,10824804.0,10824804.0,10823112.0,10823112.0,10824804.0,10824804.0,10824804.0,10824804.0,6,Botswana,Maize (corn),161.7
77,2011,33.854043688501946,12.576009431083595,0.16755713325821686,0.167557129813506,20.198156383302475,210737.77288631228,132.6628289033077,153.00497840138772,5.655733686571151,7.1989741987208085,0.02568517840974569,0.02568517840974569,1.370517558318514,9702.726470993164,15.53286849486738,5.109599172855839,360941328.0,366093648.0,362029392.0,362029392.0,366093648.0,366093648.0,366093648.0,366093648.0,10824804.0,10824804.0,10823112.0,10823112.0,10824804.0,10824804.0,10824804.0,10824804.0,6,Botswana,Maize (corn),347.3
77,2012,30.11358642953224,9.323995470592843,0.13631256178228388,0.13631256122831148,21.077372511227924,219104.65450462417,120.43019234252218,154.27158567390916,5.918379289220322,4.260270976905835,0.02471456957579524,0.02471456957579524,1.283584392340253,9015.335455451806,15.913913809905779,5.169539243209305,360941328.0,366093648.0,362029392.0,362029392.0,366093648.0,366093648.0,366093648.0,366093648.0,10824804.0,10824804.0,10823112.0,10823112.0,10824804.0,10824804.0,10824804.0,10824804.0,6,Botswana,Maize (corn),137.0
77,2013,28.068414038574062,9.27262711099484,0.1320986074602438,0.13209860822319125,21.099816527631546,215119.88190775074,114.22676486212097,157.1324438315455,5.445143487990617,4.9307584137574505,0.024861961652941453,0.024861961652941453,1.2375803350770196,11019.756171644818,14.65546977083148,5.1135975107130145,360941328.0,366093648.0,362029392.0,362029392.0,366093648.0,366093648.0,366093648.0,366093648.0,10824804.0,10824804.0,10823112.0,10823112.0,10824804.0,10824804.0,10824804.0,10824804.0,6,Botswana,Maize (corn),84.9
77,2014,34.573049774813384,13.977188050608321,0.15343148654533753,0.15343148767784076,20.397956954108345,208551.16962232685,130.55674523890045,152.8231499567001,6.287762228839889,6.459001190439761,0.02453279017205758,0.02453279017205758,1.1734144254999972,9591.765023852005,16.905376564088428,4.518526885294439,360941328.0,366093648.0,362029392.0,362029392.0,366093648.0,366093648.0,366093648.0,366093648.0,10824804.0,10824804.0,10823112.0,10823112.0,10824804.0,10824804.0,10824804.0,10824804.0,6,Botswana,Maize (corn),274.0
77,2015,28.2567226810949,7.205391331636382,0.12743773094067967,0.12743772999169023,22.12815162208345,221667.02658834605,113.31157562538797,158.14319579260402,6.698698651406733,3.50155606477102,0.02490485741898391,0.02490485741898391,1.1329461762663535,9045.733040850984,17.88283197042122,5.124268324278798,360941328.0,366093648.0,362029392.0,362029392.0,366093648.0,366093648.0,366093648.0,366093648.0,10824804.0,10824804.0,10823112.0,10823112.0,10824804.0,10824804.0,10824804.0,10824804.0,6,Botswana,Maize (corn),255.2
77,2016,29.006791675701113,14.430613412602854,0.13571141680909526,0.13571142179853798,21.878688229454887,214767.31483014664,115.52836105178784,156.58085391708275,6.727474542286788,6.730256530496456,0.025970400331606684,0.025970400331606688,1.1251762219621735,9636.12216042424,18.216241301067107,5.309165566874083,360941328.0,366093648.0,362029392.0,362029392.0,366093648.0,366093648.0,366093648.0,366093648.0,10824804.0,10824804.0,10823112.0,10823112.0,10824804.0,10824804.0,10824804.0,10824804.0,6,Botswana,Maize (corn),250.3
77,2017,36.34876277701763,16.935031315285034,0.16254131340732172,0.16254134525930694,20.554638630814022,207759.88243227513,135.08673584151722,152.3740382189165,6.3666822449383655,6.775831371354394,0.024936883315154916,0.02493690518694947,1.0994158395489297,9491.967395327987,17.27023237593146,4.708202856994921,360941328.0,366093648.0,362016848.0,362029392.0,366093648.0,366093648.0,366093648.0,366093648.0,10824804.0,10824804.0,10823076.0,10823112.0,10824804.0,10824804.0,10824804.0,10824804.0,6,Botswana,Maize (corn),240.3
77,2018,31.72568014400237,11.940435957257286,0.14358131504721106,0.14358130944020414,21.357143600781757,215484.03762757752,125.06304376072603,154.97622689634926,5.798569992601415,6.221520993824672,0.027181648438583776,0.027181648438583776,1.24889727128687,9938.090674006953,16.364342309949343,5.090467912566856,360941328.0,366093648.0,362029392.0,362029392.0,366093648.0,366093648.0,366093648.0,366093648.0,10824804.0,10824804.0,10823112.0,10823112.0,10824804.0,10824804.0,10824804.0,10824804.0,6,Botswana,Maize (corn),321.5
77,2019,29.579434605229817,10.081229414463303,0.13400758958111203,0.1340075938027823,22.044793711768257,218684.37075575063,119.4580529186282,158.2572744094489,6.431329772804178,4.889947396012514,0.026236901593642035,0.026236901593642035,1.1284066585181747,8209.169186241374,17.651976048105112,5.533347832197167,360941328.0,366093648.0,362029392.0,362029392.0,366093648.0,366093648.0,366093648.0,366093648.0,10824804.0,10824804.0,10823112.0,10823112.0,10824804.0,10824804.0,10824804.0,10824804.0,6,Botswana,Maize (corn),202.9
77,2020,31.781146319451913,16.58853987909878,0.14734685586558444,0.14734684876255305,20.69500113858117,209074.15647862325,125.10006022858303,152.61882033001072,6.046886295028948,8.328381162346624,0.02700470033200951,0.02700470033200951,1.2680085155400258,11459.131426426378,16.340402773078694,4.881743746629949,360941328.0,366093648.0,362029392.0,362029392.0,366093648.0,366093648.0,366093648.0,366093648.0,10824804.0,10824804.0,10823112.0,10823112.0,10824804.0,10824804.0,10824804.0,10824804.0,6,Botswana,Maize (corn),667.0
77,2021,35.12335210802008,18.454006530695793,0.16049039048246205,0.16049039838357873,20.37293889125188,208973.2434185989,129.57046169743523,151.05736344718244,5.840836284895896,7.622205894334974,0.02561092260536667,0.02561092260536667,1.1745599020158537,10640.924316359531,15.173082454956962,4.612970841669156,360941328.0,366093648.0,362029392.0,362029392.0,366093648.0,366093648.0,366093648.0,366093648.0,10824804.0,10824804.0,10823112.0,10823112.0,10824804.0,10824804.0,10824804.0,10824804.0,6,Botswana,Maize (corn),798.0
77,2022,37.44758631739964,11.44827248840814,0.1672092144274049,0.16720922111363878,20.585265696048737,208964.74562775405,131.41153816387018,150.65192569912247,6.286842171973224,6.2891343476124995,0.02543712126467721,0.02543712126467721,1.250311969836452,8989.576552046907,15.57472219261592,5.562365251024464,360941328.0,366093648.0,362029392.0,362029392.0,366093648.0,366093648.0,366093648.0,366093648.0,10824804.0,10824804.0,10823112.0,10823112.0,10824804.0,10824804.0,10824804.0,10824804.0,6,Botswana,Maize (corn),502.7
79,1984,49.977825199153735,1.2322086271739954,0.12542180003713088,0.13081971422825384,20.654440274945014,206438.58274374207,149.69959659262506,145.87766792774997,9.231557871465272,1.0081746724185485,0.030359078233332778,0.03261634291610819,1.3038487845654043,9581.664086453666,39.8389669214704,3.533056852155494,36578088.0,965282616.0,780674072.0,948460752.0,965284344.0,965284344.0,950150952.0,950244696.0,28606392.0,28606392.0,18973836.0,28180908.0,28606392.0,28606392.0,28504260.0,28504260.0,4,Egypt,Maize (corn),4455.4
79,1985,49.977825199153735,1.7247855589500676,0.12756390790282573,0.1325233864247821,20.93836768909737,204755.82840757686,146.12807562760585,150.9067948208108,9.231557871465272,1.4415783053994315,0.03165425446878825,0.0339115744113793,1.300447710382844,9215.791147326936,38.882772067273606,4.176681215215389,36578088.0,965282616.0,842407176.0,948460752.0,965284344.0,965284344.0,950150952.0,950244696.0,28606392.0,28606392.0,19855078.0,28180908.0,28606392.0,28606392.0,28504260.0,28504260.0,4,Egypt,Maize (corn),4584.6
79,1986,49.977825199153735,1.5700273749145663,0.1290913244163749,0.13281947534879399,20.84507821224354,203427.6308210983,145.79702335314204,150.6905848210698,9.231557871465272,1.3342041112364225,0.03209633000073775,0.033589627490592036,1.2188241978952448,10075.574194915493,41.818094837282246,4.182569076151666,36578088.0,965282616.0,727046436.0,948460752.0,965284344.0,965284344.0,950150952.0,950244696.0,28606392.0,28606392.0,17844326.0,28180908.0,28606392.0,28606392.0,28504260.0,28504260.0,4,Egypt,Maize (corn),4990.3
79,1987,49.977825199153735,1.3640896950379502,0.12485207467540803,0.1321473483698056,20.362157071078265,205120.04317238022,154.52518063542212,148.5541949009755,9.231557871465272,1.0828455045045713,0.030669917483327164,0.03310722058886159,1.388379022492191,9976.93246204618,37.543211307705576,3.9445949936222595,36578088.0,965282616.0,767764248.0,948460752.0,965284344.0,965284344.0,950150952.0,950244696.0,28606392.0,28606392.0,17880775.0,28180908.0,28606392.0,28606392.0,28504260.0,28504260.0,4,Egypt,Maize (corn),4757.1
79,1988,49.977825199153735,1.7915389058518163,0.12150748400461103,0.12956210618046227,20.88585904350987,204875.7464360123,154.14760825405503,148.0853298389197,9.231557871465272,1.4105245250883593,0.026238436321744697,0.030586991316284177,1.3880720220169525,9547.46283258594,38.687492525473075,3.7892474036763817,36578088.0,965282616.0,779547102.0,948460752.0,965284344.0,965284344.0,950150952.0,950244696.0,28606392.0,28606392.0,17768214.0,28180908.0,28606392.0,28606392.0,28504260.0,28504260.0,4,Egypt,Maize (corn),4965.0
79,1989,49.977825199153735,1.4641238638264882,0.12237170976759103,0.12948655457012265,20.679281345120184,206711.39780202502,158.1640697003773,154.4920021524296,9.231557871465272,1.211693799605233,0.0260421704626774,0.030424245227858065,1.3799290529640513,9570.312482195553,44.24311493049075,4.789478086257348,36578088.0,965282616.0,785985696.0,948460752.0,965284344.0,965284344.0,950150952.0,950244696.0,28606392.0,28606392.0,18217894.0,28180908.0,28606392.0,28606392.0,28504260.0,28504260.0,4,Egypt,Maize (corn),5380.4
79,1990,49.977825199153735,1.7292044923935366,0.12412486470269933,0.13078393894001053,20.79528648323483,206945.30735032115,159.36087951464629,153.81547761517473,9.231557871465272,1.3966964046167798,0.028292855661316386,0.03154327484847695,1.306971593519085,8839.291965732415,44.43565753631994,4.640547507880336,36578088.0,965282616.0,786705078.0,948460752.0,965284344.0,965284344.0,950150952.0,950244696.0,28606392.0,28606392.0,18115044.0,28180908.0,28606392.0,28606392.0,28504260.0,28504260.0,4,Egypt,Maize (corn),5780.3
79,1991,49.977825199153735,1.8420846954274732,0.12768641493662636,0.13385244290902942,20.58198214901818,201127.59895174042,152.4984726732202,151.37978948389318,9.231557871465272,1.6739321860542535,0.03028036509218554,0.03410946480894233,1.402245184199929,9942.56712652234,40.84728259365875,4.429126136110339,36578088.0,965282616.0,774220926.0,948460752.0,965284344.0,965284344.0,950150952.0,950244696.0,28606392.0,28606392.0,20390757.0,28180908.0,28606392.0,28606392.0,28504260.0,28504260.0,4,Egypt,Maize (corn),5895.1
79,1992,49.977825199153735,1.647700025534665,0.13503743494274437,0.13559901368002542,20.03690242767334,200655.89851043024,145.98394816533462,148.33564387843316,9.231557871465272,1.5217571933470913,0.034351676500901734,0.03460969643368493,1.3890506022934792,10165.555979008508,39.77753164074076,4.272756694937329,36578088.0,965282616.0,880088646.0,948460752.0,965284344.0,965284344.0,950150952.0,950244696.0,28606392.0,28606392.0,26717592.0,28180908.0,28606392.0,28606392.0,28504260.0,28504260.0,4,Egypt,Maize (corn),6134.6
79,1993,49.977825199153735,1.3286533642521179,0.13101958738708935,0.13143004175239403,20.897803487601102,205439.65339407034,157.20068289110552,147.62482596921475,9.231557871465272,1.0999082812282683,0.03195182044994409,0.03210297066983375,1.4075860214641183,8881.051391743962,34.42132928967366,3.829400698737964,36578088.0,965282616.0,889212936.0,948460752.0,965284344.0,965284344.0,950150952.0,950244696.0,28606392.0,28606392.0,27232452.0,28180908.0,28606392.0,28606392.0,28504260.0,28504260.0,4,Egypt,Maize (corn),6078.0
79,1994,49.977825199153735,1.7070175983549727,0.13655027633325917,0.13734115017506243,21.27068943006021,203347.5988041261,154.49630279377294,145.85210795255693,9.231557871465272,1.4225802307288933,0.035136559077519385,0.035652892012553755,1.2439800038168272,9736.057708634738,32.23510956869075,3.3377388019873417,36578088.0,965282616.0,889788654.0,948460752.0,965284344.0,965284344.0,950150952.0,950244696.0,28606392.0,28606392.0,27512880.0,28180908.0,28606392.0,28606392.0,28504260.0,28504260.0,4,Egypt,Maize (corn),5906.5
79,1995,49.977825199153735,1.2573242254246095,0.13074192042566002,0.13242652549549255,20.968498909914935,206273.31885849277,162.9909741328395,150.75276166526135,9.231557871465272,1.0303083810776823,0.03171775797763084,0.032849598023724266,1.3626562757330722,9175.386782482594,35.55661336970499,4.028517604999861,36578088.0,965282616.0,892190124.0,948460752.0,965284344.0,965284344.0,950150952.0,950244696.0,28606392.0,28606392.0,26909201.0,28180908.0,28606392.0,28606392.0,28504260.0,28504260.0,4,Egypt,Maize (corn),6163.0
79,1996,49.977825199153735,1.2505677358087255,0.13217541306383077,0.13289468257393228,21.26095058741393,205430.12061619872,161.70343927625566,150.79446104635815,9.231557871465272,1.0633649577971527,0.03192787873219775,0.032517945040230804,1.3541976905335167,9841.125114921118,37.21118942434473,3.9622454930536075,36578088.0,965282616.0,894063918.0,948460752.0,965284344.0,965284344.0,950150952.0,950244696.0,28606392.0,28606392.0,27573422.0,28180908.0,28606392.0,28606392.0,28504260.0,28504260.0,4,Egypt,Maize (corn),6952.3
79,1997,49.977825199153735,1.2935859117947481,0.13285828381776807,0.13278415118259126,21.06669514709049,204489.8819950582,165.82746627985702,149.13109109974715,9.231557871465272,1.0280684751710634,0.03227505399599076,0.03229213266922808,1.2218633533935122,10052.344994313886,35.99684324400747,3.927233296820708,36578088.0,965282616.0,890206680.0,948460752.0,965284344.0,965284344.0,950150952.0,950244696.0,28606392.0,28606392.0,28071256.0,28180908.0,28606392.0,28606392.0,28504260.0,28504260.0,4,Egypt,Maize (corn),7129.8
79,1998,49.977825199153735,1.5013960142181901,0.14184286231519996,0.14070393675210555,22.00614204230132,204883.91268485767,166.62285803291564,149.28639714403258,9.231557871465272,1.2418952648986508,0.032698928099046655,0.033135680375788575,1.2039906059180796,9515.442066589252,33.2343140904024,3.8204065180739963,36578088.0,965282616.0,911005278.0,948460752.0,965284344.0,965284344.0,950150952.0,950244696.0,28606392.0,28606392.0,26891678.0,28180908.0,28606392.0,28606392.0,28504260.0,28504260.0,4,Egypt,Maize (corn),7225.7
79,1999,49.977825199153735,1.1194155805284678,0.136659228829322,0.1367952176179531,22.047290916796083,208440.06076971316,160.66341040650167,147.00848651229606,9.231557871465272,0.9184230990785799,0.03212974427010722,0.0322702485390908,1.1420698708000057,8646.088117919702,33.1422938548266,3.512774040087291,36578088.0,965282616.0,894491916.0,948460752.0,965284344.0,965284344.0,950150952.0,950244696.0,28606392.0,28606392.0,24995568.0,28180908.0,28606392.0,28606392.0,28504260.0,28504260.0,4,Egypt,Maize (corn),7517.4
79,2000,43.6385363387101,1.5730317457972485,0.14130395364568185,0.14049862245909703,21.079940760577166,205293.74297076536,144.06653807349852,143.95851974980684,10.001020817986348,1.3522805407903735,0.03474962658179056,0.0343294299263249,1.2000883935281235,10158.620405205093,35.87015592514408,3.208876193953532,22353276.0,965282616.0,897941034.0,948460752.0,965284344.0,965284344.0,950150952.0,950244696.0,17481684.0,28606392.0,24709448.0,28180908.0,28606392.0,28606392.0,28504260.0,28504260.0,4,Egypt,Maize (corn),7680.0
79,2001,49.252274965039405,1.210535788035916,0.1340924066111997,0.1365249030292779,21.701410320070053,206594.15682099108,164.75200017420642,151.79351038454362,10.115615186172658,1.0947106029768354,0.034470168868750525,0.032750500240824494,1.1849406072288635,9427.427903834385,33.14695296907384,3.830372533855225,36578088.0,965282616.0,871550220.0,948460752.0,965284344.0,965284344.0,950150952.0,950244696.0,28606392.0,28606392.0,20416782.0,28180908.0,28606392.0,28606392.0,28504260.0,28504260.0,4,Egypt,Maize (corn),6979.8
79,2002,50.22594705425309,1.5403497772764936,0.13985411043244375,0.13956773034141912,21.803437219725716,205021.32664312664,163.0525049550495,151.20151118581074,10.295269525021759,1.3498589204750862,0.03578264892926898,0.03389313697884181,1.2735601631931486,9620.29565853693,34.70397513962505,3.9045114990909577,36578088.0,965282616.0,901517700.0,948460752.0,965284344.0,965284344.0,950150952.0,950244696.0,28606392.0,28606392.0,25104607.0,28180908.0,28606392.0,28606392.0,28504260.0,28504260.0,4,Egypt,Maize (corn),7765.6
79,2003,49.45208736709434,1.4790745217165895,0.13389598195337585,0.13560281381488634,21.483514074926024,205945.96035085502,161.8614776195614,150.72810861819198,10.177983261783863,1.3019583671217074,0.03125248387137421,0.03304507723416798,1.2624354711031958,9793.211438610402,34.38472384105055,3.7821026496412666,36578088.0,965282616.0,872376492.0,948460752.0,965284344.0,965284344.0,950150952.0,950244696.0,28606392.0,28606392.0,23582087.0,28180908.0,28606392.0,28606392.0,28504260.0,28504260.0,4,Egypt,Maize (corn),7829.3
79,2004,49.526770118845526,1.884471863521445,0.133386834697039,0.13460641507273363,21.394261572096084,206429.15624831425,162.91680329920982,150.52142877409395,9.934150829878037,1.715790846843876,0.031604116885238134,0.03242636432416178,1.3087756321953878,9440.72471027085,34.19643912397161,3.7871816976384918,36578088.0,965282616.0,873020706.0,948460752.0,965284344.0,965284344.0,950150952.0,950244696.0,28606392.0,28606392.0,22364294.0,28180908.0,28606392.0,28606392.0,28504260.0,28504260.0,4,Egypt,Maize (corn),7908.7
79,2005,50.29874586998504,1.300756652798802,0.13445144705474374,0.13441667821590592,21.347330058062518,206350.67652739977,165.3392460623109,150.13789063296005,9.814535601063861,1.1247793650028794,0.032127233738116615,0.03264167506294969,1.2967163861179518,9183.34789784094,31.739697161357146,3.7521125567377767,36578088.0,965282616.0,884517642.0,948460752.0,965284344.0,965284344.0,950150952.0,950244696.0,28606392.0,28606392.0,23847728.0,28180908.0,28606392.0,28606392.0,28504260.0,28504260.0,4,Egypt,Maize (corn),8160.7
79,2006,50.65556852293458,1.3385825529795494,0.13692533438680346,0.1366712320991764,21.31934788050475,205277.0866977302,162.72127399152117,150.30025458771485,9.890411665442027,1.180359468640704,0.03464556040678319,0.034884053094320314,1.3022655039914257,9775.008848237068,29.76771428743086,3.7914408192819176,36578088.0,965282616.0,896548518.0,948460752.0,965284344.0,965284344.0,950150952.0,950244696.0,28606392.0,28606392.0,26722402.0,28180908.0,28606392.0,28606392.0,28504260.0,28504260.0,4,Egypt,Maize (corn),8370.5
79,2007,50.85955971014284,1.2636859969544871,0.12781643450122185,0.13024762622967345,21.607197765950804,205235.9818054557,162.59484055463813,150.65620594785014,9.904809000049731,1.0938908566176357,0.030185786239739214,0.03262263703321699,1.2513586591009054,9768.17340918895,28.223787287266607,4.952675932422057,36578088.0,965282616.0,895133316.0,948460752.0,965284344.0,965284344.0,962341740.0,962359968.0,28606392.0,28606392.0,26214370.0,28180908.0,28606392.0,28606392.0,28586533.0,28586533.0,4,Egypt,Maize (corn),8046.3
79,2008,49.977825199153735,1.2633236313884306,0.12911103814150446,0.13130466281373904,22.036488515359384,207145.00100732403,171.1783677624452,151.0095606656345,9.602302713833618,1.0758016222937963,0.02954052029471697,0.03195856872811586,1.2493939059288943,9174.83789598912,26.57044162561994,5.7133996576960255,36578088.0,965282616.0,894004620.0,948460752.0,965284344.0,965284344.0,965284344.0,965284344.0,28606392.0,28606392.0,26218028.0,28180908.0,28606392.0,28606392.0,28606392.0,28606392.0,4,Egypt,Maize (corn),7905.3
79,2009,49.61844564644199,1.2682196915027735,0.12302667064661225,0.12575004709091764,22.025147018609225,207629.9928738673,170.8506502819451,151.2282204811308,9.381529771387276,1.0926733877007786,0.028110079341189222,0.030882848562972423,1.172704307493696,8542.548827486635,25.70023548204208,5.38375198220008,36578088.0,965282616.0,881813322.0,948460752.0,965284344.0,965284344.0,965284344.0,965284344.0,28606392.0,28606392.0,26190596.0,28180908.0,28606392.0,28606392.0,28606392.0,28606392.0,4,Egypt,Maize (corn),7818.4
79,2010,47.93325868659949,1.0220888111508484,0.12433996275757195,0.12690214589291873,22.954713808165657,208208.07174018866,166.56905556844507,153.40352164254338,9.105293803676673,0.8343002176090204,0.027320497381566326,0.03001862382488783,1.433642015950657,8660.388529590691,24.93003377237267,5.5087706190554675,36578088.0,965282616.0,897811506.0,948460752.0,965284344.0,965284344.0,965284344.0,965284344.0,28606392.0,28606392.0,26025281.0,28180908.0,28606392.0,28606392.0,28606392.0,28606392.0,4,Egypt,Maize (corn),7270.0
79,2011,49.68453066647842,1.2650840719930045,0.12619222973093938,0.12870724660812818,21.435237584290682,203018.32598341003,169.93354160528892,149.9907252864555,9.521643856361289,1.0574822217786326,0.027831812467931413,0.030543617266084684,1.2040294457679626,10908.836770350114,25.421745027933884,5.390977341989226,36578088.0,965282616.0,906497784.0,948460752.0,965284344.0,965284344.0,965284344.0,965284344.0,28606392.0,28606392.0,26425446.0,28180908.0,28606392.0,28606392.0,28606392.0,28606392.0,4,Egypt,Maize (corn),7740.9
79,2012,50.809789613672166,1.5904966888378327,0.12627806335135738,0.1276930841500824,21.943185660574173,205642.54671542064,172.18694628280448,150.8393259952789,9.231557871465272,1.4491280324951938,0.030349592678547352,0.03184135913653308,1.2848718361236036,9664.513367903188,25.26084484602264,5.490541494358921,36578088.0,965282616.0,917399670.0,948460752.0,965284344.0,965284344.0,965284344.0,965284344.0,28606392.0,28606392.0,27277317.0,28180908.0,28606392.0,28606392.0,28606392.0,28606392.0,4,Egypt,Maize (corn),7772.3
79,2013,49.97284984563056,1.4636959850000866,0.1294001626471678,0.12945392654288929,21.877621169443483,208364.47277945763,167.51626218802335,151.13728749336198,8.951753856528061,1.2500316679105115,0.03193732536965229,0.03221482201286583,1.27831285961867,8507.188010897844,24.434962727705706,5.531375282941245,36578088.0,965282616.0,917739630.0,948460752.0,965284344.0,965284344.0,965284344.0,965284344.0,28606392.0,28606392.0,27624096.0,28180908.0,28606392.0,28606392.0,28606392.0,28606392.0,4,Egypt,Maize (corn),7722.3
79,2014,50.49203367183426,1.1338622333543562,0.13059024109194672,0.13046396606684713,22.21355942002049,204657.18952968568,168.94015767713233,151.43151663531293,9.218309486666323,0.8980653207124384,0.03127598019576025,0.03145573931043756,1.3576881374197076,9578.639467765288,24.24028943020435,5.443185941119643,36578088.0,965282616.0,910079976.0,948460752.0,965284344.0,965284344.0,965284344.0,965284344.0,28606392.0,28606392.0,27680865.0,28180908.0,28606392.0,28606392.0,28606392.0,28606392.0,4,Egypt,Maize (corn),7755.6
79,2015,49.80882145670476,1.5345140392065917,0.13133586970744307,0.13099281828538023,22.21212661266327,203367.6252269968,168.56203940573977,151.61221757937122,9.102877189973333,1.3747675316846013,0.031713694129205106,0.03194067922003291,1.2691655211070136,9643.398097365556,25.074704450156098,5.431644374975311,36578088.0,965282616.0,901377534.0,948460752.0,965284344.0,965284344.0,965284344.0,965284344.0,28606392.0,28606392.0,27699365.0,28180908.0,28606392.0,28606392.0,28606392.0,28606392.0,4,Egypt,Maize (corn),7354.6
79,2016,49.419636295286494,2.567127494880332,0.13057278231200242,0.13029890049923518,22.797765700905412,206997.72737593818,167.22651104446754,151.91972367624345,8.99222939640142,2.1418123320409976,0.030946342973005685,0.03108562601510219,1.2055392464603056,8494.817856475129,24.058745297328933,5.512183990260329,36578088.0,965282616.0,911297430.0,948460752.0,965284344.0,965284344.0,965284344.0,965284344.0,28606392.0,28606392.0,27992684.0,28180908.0,28606392.0,28606392.0,28606392.0,28606392.0,4,Egypt,Maize (corn),7607.1
79,2017,50.71429337679837,1.4143595439433776,0.12986673611319724,0.12956766535521505,22.29282651124177,207015.61002070946,171.30941712470764,151.53656510377317,9.160659522517689,1.1275381538289115,0.030377382046717444,0.03051814907164995,1.1393743596169008,9023.33183332437,24.505088713855372,5.37180152138907,36578088.0,965282616.0,903051480.0,948460752.0,965284344.0,965284344.0,965284344.0,965284344.0,28606392.0,28606392.0,27900554.0,28180908.0,28606392.0,28606392.0,28606392.0,28606392.0,4,Egypt,Maize (corn),7789.5
79,2018,49.89787332448826,1.804965734141641,0.13588536541081134,0.1356441332014293,23.14615994029575,204453.2182892142,165.93382489146936,152.6606704897699,8.800597047542686,1.5708018382831568,0.03180566701336937,0.0319316552141751,1.2019780737026484,9169.126893702625,26.629602829898708,5.239591725772239,36578088.0,965282616.0,914866824.0,948460752.0,965284344.0,965284344.0,965284344.0,965284344.0,28606392.0,28606392.0,28002117.0,28180908.0,28606392.0,28606392.0,28606392.0,28606392.0,4,Egypt,Maize (corn),7516.2
79,2019,50.73628498845609,1.4462322940572248,0.13461360538861264,0.13414524901169764,22.335952361424763,206156.47764082387,168.47312189649523,151.13413395130743,8.923968058495175,1.2657768133554996,0.03202602335068246,0.03226308047517876,1.235567619349783,8777.532923267258,27.04500215425414,5.567723904098574,36578088.0,965282616.0,897221118.0,948460752.0,965284344.0,965284344.0,965284344.0,965284344.0,28606392.0,28606392.0,27830555.0,28180908.0,28606392.0,28606392.0,28606392.0,28606392.0,4,Egypt,Maize (corn),4951.3
79,2020,50.853796170220136,1.9007300526253286,0.13999438848070522,0.13970643919031578,22.393329130278694,205419.68430920815,169.50247836553737,151.64015318218551,8.762818974051951,1.5836056804392147,0.03273249477781503,0.03295940959099227,1.2055945031741533,8980.959203202483,25.98283076110545,5.353066178581357,36578088.0,965282616.0,915640194.0,948460752.0,965284344.0,965284344.0,965284344.0,965284344.0,28606392.0,28606392.0,27932774.0,28180908.0,28606392.0,28606392.0,28606392.0,28606392.0,4,Egypt,Maize (corn),7776.7
79,2021,49.938410155633086,2.047364267284598,0.1390790014562231,0.13878401570717466,22.765205096315455,208227.64958622213,171.8372833715283,153.20273081032738,8.774398941765176,1.8837733754031463,0.031144354074628396,0.03134913877597822,1.1980827319386957,8963.338803948696,26.942185051238848,5.459459074888793,36578088.0,965282616.0,917517468.0,948460752.0,965284344.0,965284344.0,965284344.0,965284344.0,28606392.0,28606392.0,27962758.0,28180908.0,28606392.0,28606392.0,28606392.0,28606392.0,4,Egypt,Maize (corn),7827.6
79,2022,50.388315866928934,1.7550745964947743,0.1385352221421069,0.1382671489235038,22.058083715262235,206117.21744714776,173.1427408667779,151.02845552269602,8.826632225971569,1.4283658245325033,0.031232832893076806,0.0314900982588894,1.203412296213182,9303.943704690932,27.14701497374101,5.48163756952026,36578088.0,965282616.0,912179196.0,948460752.0,965284344.0,965284344.0,965284344.0,965284344.0,28606392.0,28606392.0,27915251.0,28180908.0,28606392.0,28606392.0,28606392.0,28606392.0,4,Egypt,Maize (corn),8064.5
83,1984,49.55159275178063,26.3681448235178,0.28863610007933205,0.2912747826694558,22.411246286498177,166649.7297308622,149.83178704733973,138.4673634311813,14.29215975494163,14.584648783838661,0.04639602652377015,0.051141642760108276,3.340224876104148,16276.767113460399,38.52941512320499,6.029923092205212,143911440.0,149744736.0,20968976.0,41973984.0,149793840.0,149793840.0,147379824.0,147389616.0,3581028.0,3581028.0,1561766.0,2765988.0,3581028.0,3581028.0,3543444.0,3543444.0,1,Ecuador,Maize (corn),1329.4
83,1985,49.55159275178063,13.449699742636394,0.27979460539562356,0.28544370947135705,22.20348816447788,173769.70945950074,133.28328558368062,143.9701142065844,14.29215975494163,9.253466727634926,0.05330175944205693,0.05610555755778073,3.3196229885300395,17085.28223583166,35.8631711026017,6.9221177431265675,143911440.0,149744736.0,20937400.0,41973984.0,149793840.0,149793840.0,147379824.0,147389616.0,3581028.0,3581028.0,1580329.0,2765988.0,3581028.0,3581028.0,3543444.0,3543444.0,1,Ecuador,Maize (corn),1621.4
83,1986,49.55159275178063,24.066656820229873,0.2925116387861116,0.2992628993169173,22.425071901745266,169375.23225881043,144.16434507033594,143.40891675269484,14.29215975494163,15.347965092998614,0.04715876362601253,0.048743391678728605,3.3026584310630116,16701.15674937376,39.3492550910506,6.142817985456977,143911440.0,149744736.0,16703448.0,41973984.0,149793840.0,149793840.0,147379824.0,147389616.0,3581028.0,3581028.0,1249653.0,2765988.0,3581028.0,3581028.0,3543444.0,3543444.0,1,Ecuador,Maize (corn),973.7
83,1987,49.55159275178063,44.92789861399319,0.2802259831086677,0.303549560419635,22.9919017818239,164386.32232025417,156.5458347065703,141.04533902995342,14.29215975494163,21.910020815134907,0.038841962924731466,0.04808869323472999,3.292616415088002,16304.875228843224,36.721151369027524,5.827327709761908,143911440.0,149744736.0,16870492.0,41973984.0,149793840.0,149793840.0,147379824.0,147389616.0,3581028.0,3581028.0,1006697.0,2765988.0,3581028.0,3581028.0,3543444.0,3543444.0,1,Ecuador,Maize (corn),916.3
83,1988,49.55159275178063,21.193816983745922,0.25014319909470417,0.29001558469701094,22.446620133188034,165048.5671975835,133.33022394483905,139.5711712657377,14.29215975494163,14.153919218036625,0.03837375242442046,0.04794362035809916,3.2538419606887747,17979.263264570076,40.23980219143451,6.457413911458475,143911440.0,149744736.0,15505856.0,41973984.0,149793840.0,149793840.0,147379824.0,147389616.0,3581028.0,3581028.0,672520.0,2765988.0,3581028.0,3581028.0,3543444.0,3543444.0,1,Ecuador,Maize (corn),881.6
83,1989,49.55159275178063,27.555974265766725,0.2696297732699248,0.2962562234788804,22.391677353117203,166592.998536451,159.30854202926608,144.65931616822328,14.29215975494163,16.195913703636815,0.039711714962605255,0.047893396618749376,3.2997322101152844,16751.026450397352,39.2417320374323,6.3466063400039445,143911440.0,149744736.0,16048092.0,41973984.0,149793840.0,149793840.0,147379824.0,147389616.0,3581028.0,3581028.0,792990.0,2765988.0,3581028.0,3581028.0,3543444.0,3543444.0,1,Ecuador,Maize (corn),1091.7
83,1990,49.55159275178063,15.008688906366688,0.2406782158133056,0.28932577154688116,22.77806149588691,171050.4540365279,144.87150503808783,147.97070294840094,14.29215975494163,10.364863828258512,0.03657084825358015,0.049163721540734936,3.297782724980275,17208.196493110176,41.12965899319751,7.072332434838298,143911440.0,149744736.0,15289220.0,41973984.0,149793840.0,149793840.0,147379824.0,147389616.0,3581028.0,3581028.0,618211.0,2765988.0,3581028.0,3581028.0,3543444.0,3543444.0,1,Ecuador,Maize (corn),1060.2
83,1991,49.55159275178063,21.21154974913486,0.24326212621397436,0.25927395846252166,22.875922348764206,167515.9875477258,132.8331139169541,146.1360405622887,14.29215975494163,12.10659646003314,0.041510861462715355,0.04372428952130422,3.315312623687051,17155.060978942172,39.38968711355913,6.689066811533777,143911440.0,149744736.0,24296572.0,41973984.0,149793840.0,149793840.0,147379824.0,147389616.0,3581028.0,3581028.0,1525273.0,2765988.0,3581028.0,3581028.0,3543444.0,3543444.0,1,Ecuador,Maize (corn),1382.1
83,1992,49.55159275178063,40.23261224356616,0.287699169686271,0.2915539533842481,22.862740172280205,163670.79156253138,151.67620639896268,142.1260104588338,14.29215975494163,20.646627055479016,0.04056123754944006,0.04147061218168324,3.3186721034690434,17147.61333510687,36.076419567439494,5.630775893723854,143911440.0,149744736.0,34499260.0,41973984.0,149793840.0,149793840.0,147379824.0,147389616.0,3581028.0,3581028.0,2322728.0,2765988.0,3581028.0,3581028.0,3543444.0,3543444.0,1,Ecuador,Maize (corn),1041.6
83,1993,49.55159275178063,37.38761295396716,0.2917526678906546,0.2913554435731718,22.817195720142788,164541.48764664016,145.80315317790388,138.4830674415898,14.29215975494163,18.3817886273362,0.0431816006852447,0.0434930758577629,3.3076259299359325,16778.681784879136,37.41147968190353,6.096678157150133,143911440.0,149744736.0,40487100.0,41973984.0,149793840.0,149793840.0,147379824.0,147389616.0,3581028.0,3581028.0,2710202.0,2765988.0,3581028.0,3581028.0,3543444.0,3543444.0,1,Ecuador,Maize (corn),1144.2
83,1994,49.55159275178063,24.78389686876467,0.2752829504509766,0.27661192451233213,22.600247661272686,163700.92195878268,123.00643465661157,134.7750010457892,14.29215975494163,15.46025048555899,0.04062704012070197,0.04109948612282144,3.3110391250568165,16306.045865892956,31.327340801128003,5.967299543240771,143911440.0,149744736.0,38061620.0,41973984.0,149793840.0,149793840.0,147379824.0,147389616.0,3581028.0,3581028.0,2614551.0,2765988.0,3581028.0,3581028.0,3543444.0,3543444.0,1,Ecuador,Maize (corn),1120.8
83,1995,49.55159275178063,19.626151065261805,0.2720296748189462,0.27138484232754645,22.457096457481384,155812.75462912282,151.49754169670985,143.77640807233053,14.29215975494163,11.449408339526398,0.04732051262025199,0.04710310272521142,3.2307379179390847,20130.52169276202,37.18420948369092,6.385213818101752,143911440.0,149744736.0,41079976.0,41973984.0,149793840.0,149793840.0,147379824.0,147389616.0,3581028.0,3581028.0,2710544.0,2765988.0,3581028.0,3581028.0,3543444.0,3543444.0,1,Ecuador,Maize (corn),1155.1
83,1996,49.55159275178063,21.340501755109266,0.24648904997027576,0.24698541509974734,22.106640842225815,163850.85909937305,150.26760006920506,145.35057227782588,14.29215975494163,12.830835255653009,0.042623781397451176,0.04294972985449305,3.2464107523216557,18078.281353244307,36.860141589569004,6.592647307897062,143911440.0,149744736.0,40233028.0,41973984.0,149793840.0,149793840.0,147379824.0,147389616.0,3581028.0,3581028.0,2656611.0,2765988.0,3581028.0,3581028.0,3543444.0,3543444.0,1,Ecuador,Maize (corn),1142.5
83,1997,49.55159275178063,29.48957342039957,0.3158388167826665,0.3162781415932902,23.0043978161282,155839.4034862507,184.09489039482568,138.68374473860118,14.29215975494163,16.980777633005083,0.05364150435756131,0.053765758636660055,3.344464123250465,17682.84027044034,40.220304776507795,5.739351173581426,143911440.0,149744736.0,40637884.0,41973984.0,149793840.0,149793840.0,147379824.0,147389616.0,3581028.0,3581028.0,2709177.0,2765988.0,3581028.0,3581028.0,3543444.0,3543444.0,1,Ecuador,Maize (corn),1148.2
83,1998,49.55159275178063,82.70425829654404,0.31906110731263954,0.32168857166848264,22.77122974395752,151995.3321788181,177.17878604689065,139.45723118539115,14.29215975494163,33.35701214215373,0.04661664062155134,0.04597532632949105,3.233739140255702,18858.859606160127,37.00063931064578,5.514302803891223,143911440.0,149744736.0,36140392.0,41973984.0,149793840.0,149793840.0,147379824.0,147389616.0,3581028.0,3581028.0,2468838.0,2765988.0,3581028.0,3581028.0,3543444.0,3543444.0,1,Ecuador,Maize (corn),1074.3
83,1999,49.55159275178063,34.2325488077392,0.2984329477573434,0.2996662539979967,21.943250563409592,151725.34619132348,139.1423981780832,134.3684403453027,14.29215975494163,16.759077142788286,0.04536214480557518,0.04533496134719234,3.2425569335521924,18962.82898702337,35.31747902050827,5.964843859715865,143911440.0,149744736.0,40018384.0,41973984.0,149793840.0,149793840.0,147379824.0,147389616.0,3581028.0,3581028.0,2690713.0,2765988.0,3581028.0,3581028.0,3543444.0,3543444.0,1,Ecuador,Maize (corn),1181.3
83,2000,44.682939428886186,24.466379481453714,0.281712928165992,0.28472000886545495,21.993343962563408,158487.68575673984,118.62683220525699,135.53762798350436,14.562942321965586,13.449517568298544,0.04674504517202279,0.047594306730593935,3.244087458351708,18442.84268279955,35.93082332514459,5.817016796680599,87945880.0,149744736.0,38549168.0,41973984.0,149793840.0,149793840.0,147379824.0,147389616.0,2188406.0,3581028.0,2589522.0,2765988.0,3581028.0,3581028.0,3543444.0,3543444.0,1,Ecuador,Maize (corn),1461.4
83,2001,49.04065895120337,31.141297610895947,0.2774821416371398,0.28792895660420315,22.083505895402695,158171.62565253314,160.2288956780391,143.55845800421116,14.25413765859772,16.586090056967524,0.04307194822527895,0.04553549953095344,3.206420053960517,19202.305307105824,32.848111932512275,5.8158026821138264,143911440.0,149744736.0,26369608.0,41973984.0,149793840.0,149793840.0,147379824.0,147389616.0,3581028.0,3581028.0,1720208.0,2765988.0,3581028.0,3581028.0,3543444.0,3543444.0,1,Ecuador,Maize (corn),764.2
83,2002,49.287030495906414,43.28872310690403,0.28882553842332626,0.29328500405758695,22.427381568484837,156389.3470477105,149.3608885873575,142.51505715766945,13.869951073752281,20.45284499425254,0.040569846392677036,0.04222449013459983,3.2365523760333774,19794.703641497956,40.800264197337654,5.704075892345575,143911440.0,149744736.0,35528512.0,41973984.0,149793840.0,149793840.0,147379824.0,147389616.0,3581028.0,3581028.0,2310493.0,2765988.0,3581028.0,3581028.0,3543444.0,3543444.0,1,Ecuador,Maize (corn),1431.9
83,2003,50.643577436394466,16.721332307377267,0.2642039707344439,0.28185446881562537,22.298866854773628,157875.66522372895,146.28909575561119,143.52566165992658,13.94120987091819,10.495449587637493,0.03692876268860143,0.0435990639118717,3.209253828393617,20267.79566215157,44.54366546779835,6.054949340525013,143911440.0,149744736.0,25799624.0,41973984.0,149793840.0,149793840.0,147379824.0,147389616.0,3581028.0,3581028.0,1477071.0,2765988.0,3581028.0,3581028.0,3543444.0,3543444.0,1,Ecuador,Maize (corn),1689.8
83,2004,51.05429536493454,17.1558363621472,0.2577865158932076,0.28035012615950844,22.59709021780226,163495.56877764492,153.09828448407393,145.12949026534594,15.042208791251475,10.510684415845706,0.036742305266562775,0.045892826222079935,3.2448455961895277,19561.80537191134,44.218706043914544,6.570451221304148,143911440.0,149744736.0,23514688.0,41973984.0,149793840.0,149793840.0,147379824.0,147389616.0,3581028.0,3581028.0,1327312.0,2765988.0,3581028.0,3581028.0,3543444.0,3543444.0,1,Ecuador,Maize (corn),1884.1
83,2005,47.36832119898037,15.831088212988991,0.2518482969866858,0.27974682486029756,22.741310689184402,167346.21711228113,151.65378376633703,146.02363253015082,14.266803083360568,10.839011245378927,0.039559325895563824,0.04748692335821504,3.266159423652241,18608.443215915002,33.94349452825711,6.587777726661437,143911440.0,149744736.0,23075648.0,41973984.0,149793840.0,149793840.0,147379824.0,147389616.0,3581028.0,3581028.0,1274437.0,2765988.0,3581028.0,3581028.0,3543444.0,3543444.0,1,Ecuador,Maize (corn),2123.2
83,2006,48.75630345333862,27.68173953262807,0.2662490377616551,0.28725801572247656,22.904860801166958,164415.2179853138,147.51262634098322,145.3864623941801,14.390263100693224,16.149154584398513,0.038736138260441005,0.04669254325171791,3.268888043840597,19090.86102674264,32.82847887273286,5.952299194025397,143911440.0,149744736.0,23725088.0,41973984.0,149793840.0,149793840.0,147379824.0,147389616.0,3581028.0,3581028.0,1334910.0,2765988.0,3581028.0,3581028.0,3543444.0,3543444.0,1,Ecuador,Maize (corn),1877.6
83,2007,51.33010933990041,21.694944621892816,0.27031419188198114,0.27135372632316446,22.618072695202297,162238.82935099793,146.75475015024065,144.49159808956097,14.461783168718249,12.45164120238685,0.044959489921126604,0.04635811194139227,3.2493283104237976,19042.24011384774,36.990514725420475,14.857877992276205,143911440.0,149744736.0,36685904.0,41973984.0,149793840.0,149793840.0,149324448.0,149326352.0,3581028.0,3581028.0,2492511.0,2765988.0,3581028.0,3581028.0,3573720.0,3573720.0,1,Ecuador,Maize (corn),2310.5
83,2008,49.08556818216472,35.950463965627335,0.29528356002022815,0.29288387849421177,22.7356821431054,162117.70286612713,160.2717339578416,143.72543911878537,13.846070738790527,17.41818819664866,0.03729154989187095,0.0404705979763844,3.3012595222389076,17318.397532156767,34.230926763079246,16.882593894734534,143911440.0,149744736.0,36836852.0,41973984.0,149793840.0,149793840.0,149793840.0,149793840.0,3581028.0,3581028.0,2506794.0,2765988.0,3581028.0,3581028.0,3581028.0,3581028.0,1,Ecuador,Maize (corn),2244.2
83,2009,50.54721679371868,32.33355429594291,0.25755715214957786,0.26630094015517725,23.05441767639584,166730.53321347004,159.61305507641518,146.50240249627143,13.93314971584873,17.014363910703782,0.03717395066319626,0.043990419425498646,3.298008871131567,17121.094978399735,32.56794581462805,16.37631611755353,143911440.0,149744736.0,35684568.0,41973984.0,149793840.0,149793840.0,149793840.0,149793840.0,3581028.0,3581028.0,2329826.0,2765988.0,3581028.0,3581028.0,3581028.0,3581028.0,1,Ecuador,Maize (corn),2200.3
83,2010,49.55159275178063,25.34177118215792,0.2921042554080486,0.28978750588728475,22.9811200565762,161375.78981697516,155.76373195269096,143.35814816899241,13.506132838809954,13.952177142549589,0.03700336353769011,0.04059370285487383,3.2816212886990512,17956.676724391757,34.55201855117026,17.501280402761928,143911440.0,149744736.0,37149780.0,41973984.0,149793840.0,149793840.0,149793840.0,149793840.0,3581028.0,3581028.0,2558526.0,2765988.0,3581028.0,3581028.0,3581028.0,3581028.0,1,Ecuador,Maize (corn),2234.8
83,2011,49.458189051307755,28.504085504208565,0.27554870479636717,0.27299196675518844,23.041005969047546,166867.3551525822,158.77655276699934,145.55245794695873,14.663620633476304,16.244633221578223,0.04292437085720415,0.04409276621193361,3.3333098322697534,17995.125289274354,34.44448347642006,16.807956679528168,143911440.0,149744736.0,37262592.0,41973984.0,149793840.0,149793840.0,149793840.0,149793840.0,3581028.0,3581028.0,2599380.0,2765988.0,3581028.0,3581028.0,3581028.0,3581028.0,1,Ecuador,Maize (corn),1667.2
83,2012,50.77262651564868,40.869828807695406,0.29410288814041347,0.2908653912602432,23.027935054567124,165262.81058034906,159.06845871726557,144.88794581223112,14.318176427795244,21.670597797033288,0.037769700345955115,0.041450740119684686,3.3278890475397427,17226.963179026854,35.11943040004435,16.59932140241527,143911440.0,149744736.0,38097528.0,41973984.0,149793840.0,149793840.0,149793840.0,149793840.0,3581028.0,3581028.0,2641742.0,2765988.0,3581028.0,3581028.0,3581028.0,3581028.0,1,Ecuador,Maize (corn),2732.4
83,2013,48.487868061715744,29.715290732260762,0.28193880172653324,0.2810457388442577,22.854712949858772,162680.86623867153,156.78615929715238,145.38654217446796,14.082314608276207,16.045049697612193,0.03906041508636985,0.039688763615444884,3.283037144458593,18509.437313060665,33.84221552679301,16.648652924247795,143911440.0,149744736.0,39023052.0,41973984.0,149793840.0,149793840.0,149793840.0,149793840.0,3581028.0,3581028.0,2684102.0,2765988.0,3581028.0,3581028.0,3581028.0,3581028.0,1,Ecuador,Maize (corn),2370.2
83,2014,48.70168073587035,28.123217081143167,0.2883845371090703,0.2873464713812486,23.111174119843376,163679.59393365443,158.38675115218155,146.3710364886864,14.851259209190435,14.333127417694758,0.04515639593557732,0.045637711079019344,3.304158217181444,19051.353860828392,35.71216460994156,16.453137361317594,143911440.0,149744736.0,39080352.0,41973984.0,149793840.0,149793840.0,149793840.0,149793840.0,3581028.0,3581028.0,2684120.0,2765988.0,3581028.0,3581028.0,3581028.0,3581028.0,1,Ecuador,Maize (corn),3433.6
83,2015,51.48873416645138,30.84883768241793,0.290736342780292,0.289684156421271,23.64004451698727,164728.5108657229,162.78775178842335,146.83937068991546,14.97762220284879,17.949454795314054,0.04991217720942937,0.05044982057613218,3.315748007348046,18294.101750263417,36.19925461956574,16.28921850691182,143911440.0,149744736.0,39735496.0,41973984.0,149793840.0,149793840.0,149793840.0,149793840.0,3581028.0,3581028.0,2644400.0,2765988.0,3581028.0,3581028.0,3581028.0,3581028.0,1,Ecuador,Maize (corn),4466.9
83,2016,51.45376128183025,30.000842265068073,0.27732372552984286,0.27811025754000923,23.538346237606472,167162.12122295206,164.72924128977104,148.21754319453254,14.6562139730133,17.727813617112673,0.04818412695598596,0.04808324878553211,3.3136118163233412,17950.358909607407,33.503249284819375,16.058231519867483,143911440.0,149744736.0,41229224.0,41973984.0,149793840.0,149793840.0,149793840.0,149793840.0,3581028.0,3581028.0,2674354.0,2765988.0,3581028.0,3581028.0,3581028.0,3581028.0,1,Ecuador,Maize (corn),3564.6
83,2017,51.97963682193082,65.96537403296394,0.2996019085662232,0.29973002108856445,23.14105372958713,161838.33567862006,162.2240737103343,145.61210855981471,13.825448628180249,31.68557087026187,0.04180895399458568,0.04157922447634675,3.315886324558088,16989.98677221265,34.496906800957085,16.45258764764195,143911440.0,149744736.0,41247952.0,41973984.0,149793840.0,149793840.0,149793840.0,149793840.0,3581028.0,3581028.0,2671738.0,2765988.0,3581028.0,3581028.0,3581028.0,3581028.0,1,Ecuador,Maize (corn),4002.3
83,2018,49.549432969181794,19.737577611411993,0.2788849659264087,0.2797604761153381,23.064988056818645,164450.5280302882,159.6416608224646,145.9774061734848,14.032895255999643,11.143183628033174,0.046929147429111674,0.04685170041454406,3.3232763230907088,18022.341494048283,34.668467137941974,16.51334570893274,143911440.0,149744736.0,41274744.0,41973984.0,149793840.0,149793840.0,149793840.0,149793840.0,3581028.0,3581028.0,2676970.0,2765988.0,3581028.0,3581028.0,3581028.0,3581028.0,1,Ecuador,Maize (corn),3624.5
83,2019,50.2376150648274,35.394293875710794,0.30035855134742123,0.3000701683592163,23.214156693882412,162721.4752272356,159.40985306073617,144.72171007385128,14.405793622184332,18.027989390952307,0.0482923417942721,0.04798639346865921,3.2921029216294664,17174.53932001014,37.17432701501048,16.654924314826346,143911440.0,149744736.0,41510624.0,41973984.0,149793840.0,149793840.0,149793840.0,149793840.0,3581028.0,3581028.0,2713628.0,2765988.0,3581028.0,3581028.0,3581028.0,3581028.0,1,Ecuador,Maize (corn),4583.5
83,2020,49.7972347475566,29.814981104836104,0.2847747006970975,0.2847746854093087,23.26851550738017,169549.69545514492,155.03594048217283,144.9842930415961,14.289694742062418,16.080542552343804,0.05360871986315953,0.05360873356625093,3.298797645436665,17800.46323884069,37.168481478848285,16.618153612110852,143911440.0,149744736.0,41750988.0,41973984.0,149793840.0,149793840.0,149793840.0,149793840.0,3581028.0,3581028.0,2765984.0,2765988.0,3581028.0,3581028.0,3581028.0,3581028.0,1,Ecuador,Maize (corn),3823.3
83,2021,50.630195789989926,31.394672451061133,0.3023005065818627,0.3023004886506917,23.008176419470047,166773.2821509199,159.26050416783764,144.21323434223416,13.885547606308812,16.413604042318585,0.05135881326011551,0.05135881326011551,3.3083960907528187,16333.95801703064,36.561795886198254,16.733999139803625,143911440.0,149744736.0,41781240.0,41973984.0,149793840.0,149793840.0,149793840.0,149793840.0,3581028.0,3581028.0,2765988.0,2765988.0,3581028.0,3581028.0,3581028.0,3581028.0,1,Ecuador,Maize (corn),4641.3
83,2022,46.495755295576814,27.749877170960378,0.2994339107018378,0.2994339374195909,22.874565455648636,167958.4339860839,147.73594612659832,145.16993837400386,14.351255599642364,14.835993755087868,0.05205828038988801,0.052058282777055445,3.3304420881962766,16963.299856621845,39.37049079464318,20.854377384856964,143911440.0,149744736.0,41658604.0,41973984.0,149793840.0,149793840.0,149793840.0,149793840.0,3581028.0,3581028.0,2765984.0,2765988.0,3581028.0,3581028.0,3581028.0,3581028.0,1,Ecuador,Maize (corn),4527.6
111,1984,44.20114089505455,23.633003645811872,0.1916335175434748,0.191774326782736,21.05130727202804,206916.20828913953,158.60622764558647,144.80524571068196,7.414148797321066,10.726413010411049,0.04069200578216199,0.04100587821501032,1.4124040650689396,10455.018761117497,25.50394086299961,4.733788339221626,333273744.0,340015860.0,267162471.0,288237528.0,340015860.0,340015860.0,333728424.0,333728424.0,70361208.0,70361208.0,62885879.0,66560184.0,70361208.0,70361208.0,70266960.0,70266960.0,11,Zambia,Maize (corn),1721.1
111,1985,44.20114089505455,26.35413883036449,0.19605034720842482,0.19631716965333762,20.510930953202426,202762.11439894701,158.12653016884138,147.35842864223108,7.414148797321066,10.898530001507561,0.042265553947850414,0.04246239906690405,1.3384716767780518,11081.6190798302,26.307473892998733,5.822391954969957,333273744.0,340015860.0,273786297.0,288237528.0,340015860.0,340015860.0,333728424.0,333728424.0,70361208.0,70361208.0,64302525.0,66560184.0,70361208.0,70361208.0,70266960.0,70266960.0,11,Zambia,Maize (corn),1928.9
111,1986,44.20114089505455,26.859311002397817,0.19511115602378185,0.19515266450428093,20.409133858150906,203630.8620270981,166.94783294112233,147.2667690880861,7.414148797321066,11.169569689843057,0.044275276919040714,0.042777987652155465,1.3095175784843553,10234.657212332475,22.550707445624603,4.838612142880356,333273744.0,340015860.0,217082985.0,288237528.0,340015860.0,340015860.0,333728424.0,333728424.0,70361208.0,70361208.0,51179350.0,66560184.0,70361208.0,70361208.0,70266960.0,70266960.0,11,Zambia,Maize (corn),2091.1
111,1987,44.20114089505455,18.066595048336282,0.1786406543471065,0.18372274951015427,21.7590278784434,213253.5196004465,142.99808574468247,151.07769478422503,7.414148797321066,9.034354184970315,0.041207845470888974,0.04022880068532579,1.4711344218805922,10190.043847121357,26.07136770790513,5.758425029087395,333273744.0,340015860.0,248155101.0,288237528.0,340015860.0,340015860.0,333728424.0,333728424.0,70361208.0,70361208.0,57852287.0,66560184.0,70361208.0,70361208.0,70266960.0,70266960.0,11,Zambia,Maize (corn),1744.7
111,1988,44.20114089505455,23.14858082089334,0.20225355561290465,0.20292723095822876,21.12902952123571,206609.89430936202,155.2472153730314,145.78897616102947,7.414148797321066,10.033356318963397,0.03661050887307096,0.036845677231799434,1.358750478258152,10801.480830424212,23.97122352287933,5.033683321666094,333273744.0,340015860.0,253418577.0,288237528.0,340015860.0,340015860.0,333728424.0,333728424.0,70361208.0,70361208.0,59581405.0,66560184.0,70361208.0,70361208.0,70266960.0,70266960.0,11,Zambia,Maize (corn),2687.4
111,1989,44.20114089505455,29.74074161091596,0.2091041725404836,0.20833831872894237,20.79731348708824,201527.33686274683,167.40892902583033,152.48432268433376,7.414148797321066,12.744701481991662,0.036314190832712895,0.03656176977423772,1.3215653077240408,11300.30138377403,24.148753163501826,5.809825883440135,333273744.0,340015860.0,267100317.0,288237528.0,340015860.0,340015860.0,333728424.0,333728424.0,70361208.0,70361208.0,62649320.0,66560184.0,70361208.0,70361208.0,70266960.0,70266960.0,11,Zambia,Maize (corn),1807.8
111,1990,44.20114089505455,23.160647026574903,0.20161523828627884,0.20070883697432237,21.309298603623002,209203.34144270295,166.0787878042904,154.6612055905108,7.414148797321066,9.378003966530096,0.036678652186879164,0.03692816250904343,1.3369659556615605,9285.140658333388,22.851523563194696,5.6362363590297715,333273744.0,340015860.0,261765045.0,288237528.0,340015860.0,340015860.0,333728424.0,333728424.0,70361208.0,70361208.0,61389219.0,66560184.0,70361208.0,70361208.0,70266960.0,70266960.0,11,Zambia,Maize (corn),1431.6
111,1991,44.20114089505455,23.2361988475787,0.2047580828959191,0.20406049809851431,21.080904925311053,206235.69662405062,159.9230173202543,150.84172516849026,7.414148797321066,10.8817062203944,0.03895599124130692,0.03901068918304601,1.3645224400346105,8712.954667755244,23.06693348504891,5.390327441285382,333273744.0,340015860.0,256629609.0,288237528.0,340015860.0,340015860.0,333728424.0,333728424.0,70361208.0,70361208.0,60025807.0,66560184.0,70361208.0,70361208.0,70266960.0,70266960.0,11,Zambia,Maize (corn),1714.0
111,1992,44.20114089505455,20.01777000687648,0.18914248207928955,0.18916038987426054,21.862580846857142,213114.01175447155,137.27592296573084,152.5278391224731,7.414148797321066,9.542327391149499,0.03543694786251816,0.03535346005581724,1.5481420193151847,10077.89083576115,22.783453790667,5.739325420551927,333273744.0,340015860.0,274684683.0,288237528.0,340015860.0,340015860.0,333728424.0,333728424.0,70361208.0,70361208.0,63806970.0,66560184.0,70361208.0,70361208.0,70266960.0,70266960.0,11,Zambia,Maize (corn),731.1
111,1993,44.20114089505455,24.720365214124143,0.2102822795924213,0.21026130731554588,21.174724472893608,205825.62168112598,166.72679135416408,143.64764864375542,7.414148797321066,10.131242418417171,0.03441129967999722,0.034417873378023635,1.32628142917109,9870.368055964987,23.33991470064369,4.128850758283724,333273744.0,340015860.0,287886318.0,288237528.0,340015860.0,340015860.0,333728424.0,333728424.0,70361208.0,70361208.0,66495070.0,66560184.0,70361208.0,70361208.0,70266960.0,70266960.0,11,Zambia,Maize (corn),2522.8
111,1994,44.20114089505455,18.800788833878798,0.18982858645419276,0.1894040369150978,21.346929868062336,212326.5028322876,132.9279205488429,141.7268519920031,7.414148797321066,9.573065916381355,0.035400655796049084,0.035429943074112305,1.4502183802393604,9940.20469071515,22.676643157758484,4.079117715347595,333273744.0,340015860.0,281088945.0,288237528.0,340015860.0,340015860.0,333728424.0,333728424.0,70361208.0,70361208.0,64906093.0,66560184.0,70361208.0,70361208.0,70266960.0,70266960.0,11,Zambia,Maize (corn),1502.5
111,1995,44.20114089505455,19.78293599374642,0.18543490098306423,0.18541566935833487,21.936836277997052,211687.87085719916,148.57623585495634,155.4594403683814,7.414148797321066,10.269561059986291,0.034975647309535604,0.035005269360595545,1.509900470480327,11294.478798300986,26.806375006846412,5.797280121067472,333273744.0,340015860.0,287532453.0,288237528.0,340015860.0,340015860.0,333728424.0,333728424.0,70361208.0,70361208.0,66480989.0,66560184.0,70361208.0,70361208.0,70266960.0,70266960.0,11,Zambia,Maize (corn),1418.5
111,1996,44.20114089505455,25.579720414348348,0.20029921264008235,0.20030463280356084,21.469386365678574,208768.88978493452,163.89353734180506,150.66550076035094,7.414148797321066,11.095186645625276,0.03449440035540328,0.03449646448474352,1.433155484546295,11269.722917880108,24.467293073868948,4.861834748740843,333273744.0,340015860.0,287075973.0,288237528.0,340015860.0,340015860.0,333728424.0,333728424.0,70361208.0,70361208.0,66388468.0,66560184.0,70361208.0,70361208.0,70266960.0,70266960.0,11,Zambia,Maize (corn),2086.4
111,1997,44.20114089505455,28.901859454180727,0.21032393537461755,0.21034083771584694,21.18900950749715,202205.6111599341,170.98499238001952,147.47756808864756,7.414148797321066,11.222614661923402,0.035297475225168184,0.03533154842195991,1.3442700335689166,11083.421194533821,22.59159872435488,4.828917904718911,333273744.0,340015860.0,287129148.0,288237528.0,340015860.0,340015860.0,333728424.0,333728424.0,70361208.0,70361208.0,66398030.0,66560184.0,70361208.0,70361208.0,70266960.0,70266960.0,11,Zambia,Maize (corn),1479.4
111,1998,44.20114089505455,23.468809066378597,0.19303992487214228,0.19303765345590362,21.78651562443486,211276.15547861473,162.61754024566835,148.67492948140233,7.414148797321066,10.530648608009514,0.036178895429669185,0.03616544354917125,1.3954342620300482,10569.316316677652,24.377839562493858,4.775455839194226,333273744.0,340015860.0,287501205.0,288237528.0,340015860.0,340015860.0,333728424.0,333728424.0,70361208.0,70361208.0,66428823.0,66560184.0,70361208.0,70361208.0,70266960.0,70266960.0,11,Zambia,Maize (corn),1250.3
111,1999,44.20114089505455,24.188252122134728,0.19860405019587937,0.19864252229604873,21.026430748127126,205670.94608499648,165.11902753867201,144.66623258713705,7.414148797321066,10.598449419970482,0.03705832387541194,0.03708130325491451,1.3550275582598525,10709.287882145827,22.891766009729913,4.319692915398635,333273744.0,340015860.0,287377425.0,288237528.0,340015860.0,340015860.0,333728424.0,333728424.0,70361208.0,70361208.0,66457044.0,66560184.0,70361208.0,70361208.0,70266960.0,70266960.0,11,Zambia,Maize (corn),1375.9
111,2000,37.48326647645681,27.006119328487554,0.20932783055360668,0.20928978080724445,20.940926127963596,202303.23031287437,140.06653386352824,138.84991590676663,6.732083773380947,9.57865180302425,0.034842162250412805,0.03482024444972255,1.3430183832117295,10473.44971372229,22.321406031196712,4.286033102330622,203667288.0,340015860.0,285873807.0,288237528.0,340015860.0,340015860.0,333728424.0,333728424.0,42998516.0,70361208.0,66197200.0,66560184.0,70361208.0,70361208.0,70266960.0,70266960.0,11,Zambia,Maize (corn),1772.0
111,2001,46.730155261826454,28.519849477043735,0.20571287341967773,0.204739304502022,21.128884968934237,205456.69630548326,164.7439914403192,149.6242537460257,7.414148797321066,11.474240309111018,0.03858567525289932,0.037617760915893944,1.3852754295463128,10398.229684296297,22.76488061651077,4.831789346387759,333273744.0,340015860.0,255874575.0,288237528.0,340015860.0,340015860.0,333728424.0,333728424.0,70361208.0,70361208.0,58832114.0,66560184.0,70361208.0,70361208.0,70266960.0,70266960.0,11,Zambia,Maize (corn),1378.0
111,2002,44.200832532012285,20.059069855491966,0.19264480644078164,0.19330471279075545,21.436820542370832,208378.51955671218,156.07887289838965,153.45477191433167,8.770656975028361,10.615120058152606,0.03741434240448055,0.037490218934949665,1.408497842409397,12859.23507756455,26.130061260211523,5.9634743124221705,333273744.0,340015860.0,279270246.0,288237528.0,340015860.0,340015860.0,333728424.0,333728424.0,70361208.0,70361208.0,64508470.0,66560184.0,70361208.0,70361208.0,70266960.0,70266960.0,11,Zambia,Maize (corn),1670.9
111,2003,46.075590088270594,23.962465887586532,0.1984260145022913,0.19839022947829382,21.23391589411983,208409.83071335664,163.2033666250716,152.2896259151803,8.049209893897931,11.210582820011345,0.03557339435926483,0.03576427050481898,1.370611545722269,10182.590663362,24.994734013468882,5.597806434075539,333273744.0,340015860.0,284753310.0,288237528.0,340015860.0,340015860.0,333728424.0,333728424.0,70361208.0,70361208.0,65995093.0,66560184.0,70361208.0,70361208.0,70266960.0,70266960.0,11,Zambia,Maize (corn),1725.6
111,2004,47.3036011547285,27.838457449404693,0.20393554548974388,0.20379972725946255,20.94967770576477,203784.42858772152,165.55986719757018,149.80149728697032,7.547324401013227,11.21162934628441,0.03380475136372964,0.03412693154361108,1.343502470993434,11358.280548123337,24.240019517575554,5.171755277898502,333273744.0,340015860.0,284089332.0,288237528.0,340015860.0,340015860.0,333728424.0,333728424.0,70361208.0,70361208.0,65895402.0,66560184.0,70361208.0,70361208.0,70266960.0,70266960.0,11,Zambia,Maize (corn),1923.9
111,2005,42.38144666331665,19.781445984377434,0.18575080835984809,0.18575205611970513,21.88290114755984,213461.43944226424,150.27831377958316,154.8185653111974,7.919021329335585,9.203886110408032,0.034453633486332715,0.03475818311419418,1.427376438338798,9867.838743614582,22.868748049483703,5.4571881704136,333273744.0,340015860.0,284180997.0,288237528.0,340015860.0,340015860.0,333728424.0,333728424.0,70361208.0,70361208.0,65934661.0,66560184.0,70361208.0,70361208.0,70266960.0,70266960.0,11,Zambia,Maize (corn),1859.4
111,2006,47.2349133255919,28.197830748345908,0.20438826629133133,0.20424969820516573,21.052486234241062,204571.4027400673,161.01353338461675,150.33910345118133,7.365466617629602,10.399287134933449,0.033617560104602213,0.03397365813235909,1.328482407240473,9368.519898863382,21.30957037291637,4.8814068715362975,333273744.0,340015860.0,283990131.0,288237528.0,340015860.0,340015860.0,333728424.0,333728424.0,70361208.0,70361208.0,65911460.0,66560184.0,70361208.0,70361208.0,70266960.0,70266960.0,11,Zambia,Maize (corn),2301.3
111,2007,45.26034871646739,29.882683071597743,0.20137412542546235,0.2012010275012652,21.100535436912818,203969.022581432,151.85385631282406,150.56513384966968,7.604036292586711,10.845293808466737,0.033290258960072684,0.0334927774578152,1.3153352736344772,10148.138446648767,22.464021202212134,5.7123736933027205,333273744.0,340015860.0,286693020.0,288237528.0,340015860.0,340015860.0,338793303.0,338793303.0,70361208.0,70361208.0,66315618.0,66560184.0,70361208.0,70361208.0,70342882.0,70342882.0,11,Zambia,Maize (corn),2334.2
111,2008,45.211249953858264,26.491772930275324,0.20333188206509303,0.203152954227526,20.862775961558025,207660.20087209254,162.6533451180218,150.4362262496637,7.405215020224978,10.648796776291757,0.03260750158067928,0.03283317554709141,1.283613189027534,10190.282600918357,21.0317940918788,5.186909379118628,333273744.0,340015860.0,286768284.0,288237528.0,340015860.0,340015860.0,340015860.0,340015860.0,70361208.0,70361208.0,66315634.0,66560184.0,70361208.0,70361208.0,70361208.0,70361208.0,11,Zambia,Maize (corn),2244.2
111,2009,46.66926723098499,26.495426455941697,0.21191769707258098,0.21171727947381247,20.850449482599895,204542.20158467809,166.7206934025805,149.3992739257056,7.396888823310731,10.696571412637981,0.03213287110118502,0.03239402034338422,1.270224446677795,10364.874599655615,20.62050005237182,5.155136244760988,333273744.0,340015860.0,286730652.0,288237528.0,340015860.0,340015860.0,340015860.0,340015860.0,70361208.0,70361208.0,66315626.0,66560184.0,70361208.0,70361208.0,70361208.0,70361208.0,11,Zambia,Maize (corn),2069.2
111,2010,45.998565744662315,28.92393042120038,0.21147339998020062,0.2112743257942512,21.36663348586471,203543.36918109286,165.96936018514964,151.5354506846015,7.144432477324724,10.824014152853774,0.03162824011188846,0.03190378339079536,1.3265490733266605,9577.91610219588,19.354364245618815,4.914183136997004,333273744.0,340015860.0,286768284.0,288237528.0,340015860.0,340015860.0,340015860.0,340015860.0,70361208.0,70361208.0,66315634.0,66560184.0,70361208.0,70361208.0,70361208.0,70361208.0,11,Zambia,Maize (corn),2587.1
111,2011,45.300269840305056,23.109761176727332,0.20573519466927756,0.20555863652229875,21.176495869954426,209430.48059353692,163.67888418609553,151.90725350026372,7.695253303418112,8.809325832797557,0.03175173174322284,0.03196915541753658,1.3702397298693418,9148.970921005168,20.441893314427123,5.580348231957472,333273744.0,340015860.0,286786911.0,288237528.0,340015860.0,340015860.0,340015860.0,340015860.0,70361208.0,70361208.0,66318308.0,66560184.0,70361208.0,70361208.0,70361208.0,70361208.0,11,Zambia,Maize (corn),2741.4
111,2012,44.75208732816371,25.699712200799823,0.19764927471125565,0.19753563831849205,21.28943994310167,207855.7130060961,159.6201189352528,150.74931139567366,7.349384658296242,9.908145006464638,0.03288090707719276,0.03301951492890989,1.3162056936041286,9397.247284060852,20.27141122070216,5.062331422125659,333273744.0,340015860.0,287345424.0,288237528.0,340015860.0,340015860.0,340015860.0,340015860.0,70361208.0,70361208.0,66441639.0,66560184.0,70361208.0,70361208.0,70361208.0,70361208.0,11,Zambia,Maize (corn),2654.5
111,2013,43.76322775398049,23.865471511603484,0.1897922748078902,0.18979228758178457,21.587877874021178,209530.1192996117,156.77636760161607,152.1748477616272,7.861872746409549,9.336964108636401,0.03374334513049522,0.03374332015968431,1.3417478177545363,9181.584085555703,21.84765199236571,5.473620529113964,333273744.0,340015860.0,287888496.0,288237528.0,340015860.0,340015860.0,340015860.0,340015860.0,70361208.0,70361208.0,66557705.0,66560184.0,70361208.0,70361208.0,70361208.0,70361208.0,11,Zambia,Maize (corn),2538.2
111,2014,43.15650642147852,22.721779040747826,0.19082486408728136,0.19082486227544704,21.686972900673194,207035.2103844508,153.65743922216274,152.87652525111255,7.905904089113876,9.203270083693273,0.03352009753482624,0.03352010803196841,1.3843262374436502,9769.869173542884,21.719184823665554,5.6613970958983435,333273744.0,340015860.0,287898840.0,288237528.0,340015860.0,340015860.0,340015860.0,340015860.0,70361208.0,70361208.0,66558456.0,66560184.0,70361208.0,70361208.0,70361208.0,70361208.0,11,Zambia,Maize (corn),2780.2
111,2015,44.20114089505455,21.859254864701935,0.18851415702590232,0.18851410316573675,21.777467445090966,211877.77523041287,155.65620341409024,153.2498815750703,7.593385118551423,10.576173316039217,0.03397457173220177,0.03397457063167458,1.4311711481989737,10049.777942586481,20.717699868447465,5.871147695360382,333273744.0,340015860.0,288030552.0,288237528.0,340015860.0,340015860.0,340015860.0,340015860.0,70361208.0,70361208.0,66559128.0,66560184.0,70361208.0,70361208.0,70361208.0,70361208.0,11,Zambia,Maize (corn),3031.0
111,2016,43.65185693888032,24.551048596099605,0.18464614133592003,0.18464613674987726,21.95375163466842,210460.6419723174,153.41624656769292,152.80068323787017,7.413533488220133,9.341036472920177,0.03310257486985677,0.03310257486985677,1.43882407848761,10236.694962484546,20.84955232311731,5.723751251060825,333273744.0,340015860.0,288237528.0,288237528.0,340015860.0,340015860.0,340015860.0,340015860.0,70361208.0,70361208.0,66560184.0,66560184.0,70361208.0,70361208.0,70361208.0,70361208.0,11,Zambia,Maize (corn),2481.6
111,2017,45.72955255659164,30.760915070054914,0.2080796420988109,0.2080796404733531,21.343810699604177,199193.91838539147,159.55720497776636,149.99051110026127,7.171983118814126,11.264121108115976,0.033396366046735564,0.033396366046735564,1.311891727346929,10194.208892916029,20.63262870953864,5.279782612754267,333273744.0,340015860.0,288237528.0,288237528.0,340015860.0,340015860.0,340015860.0,340015860.0,70361208.0,70361208.0,66560184.0,66560184.0,70361208.0,70361208.0,70361208.0,70361208.0,11,Zambia,Maize (corn),2515.1
111,2018,44.12156452915292,23.84181243638754,0.19650777415544896,0.19650789845540248,21.75131184966476,206422.65967130626,158.40847748268595,152.0792152443087,7.190378175276431,10.648968844703814,0.03322167365616286,0.03322164960883418,1.374297030600535,11663.834151795732,20.836077009830078,6.248242202280174,333273744.0,340015860.0,288218400.0,288237528.0,340015860.0,340015860.0,340015860.0,340015860.0,70361208.0,70361208.0,66558598.0,66560184.0,70361208.0,70361208.0,70361208.0,70361208.0,11,Zambia,Maize (corn),2205.2
111,2019,41.67058449971085,19.49013882007299,0.17947602437602145,0.17947603201712425,22.054170926411945,210228.25843601592,152.07847917788635,152.79331512323418,8.34079420575801,10.344576525720656,0.03688411103514895,0.03688411103514895,1.444255759108277,12164.893916800373,23.958002805696513,6.436973007798251,333273744.0,340015860.0,288237216.0,288237528.0,340015860.0,340015860.0,340015860.0,340015860.0,70361208.0,70361208.0,66560184.0,66560184.0,70361208.0,70361208.0,70361208.0,70361208.0,11,Zambia,Maize (corn),2381.4
111,2020,42.379502402653664,25.92505155437357,0.18728355525268445,0.1872836829658784,21.66707381495723,204703.28650377784,152.70156483920047,151.7321935186465,7.382863741764113,10.969427796627805,0.03538443117549039,0.035384617221516916,1.3706779014253527,10471.953855316327,21.87876828333411,5.657735298023108,333273744.0,340015860.0,288231600.0,288237528.0,340015860.0,340015860.0,340015860.0,340015860.0,70361208.0,70361208.0,66559828.0,66560184.0,70361208.0,70361208.0,70361208.0,70361208.0,11,Zambia,Maize (corn),2540.2
111,2021,43.11864256435223,23.51779967940044,0.1916669970033345,0.19166699820455294,21.555170094525373,206295.16730157658,151.44473096355438,149.48499838733974,7.205736908229998,10.603836080843482,0.03404856353306326,0.03404856353306326,1.3461454776375126,10248.49535825102,20.725579342497056,5.636500242225737,333273744.0,340015860.0,288237216.0,288237528.0,340015860.0,340015860.0,340015860.0,340015860.0,70361208.0,70361208.0,66560184.0,66560184.0,70361208.0,70361208.0,70361208.0,70361208.0,11,Zambia,Maize (corn),2567.4
111,2022,43.94350332234886,27.3699012239494,0.19929802624715695,0.19929807502453586,21.339625817758066,202525.5417630085,149.74762114048025,150.3329729856759,7.340445048491718,12.359759287207108,0.03395312883301229,0.03395308839995058,1.3718917679366955,11309.755060992495,20.971347465299736,6.287735615826381,333273744.0,340015860.0,288217464.0,288237528.0,340015860.0,340015860.0,340015860.0,340015860.0,70361208.0,70361208.0,66558682.0,66560184.0,70361208.0,70361208.0,70361208.0,70361208.0,11,Zambia,Maize (corn),2426.1
118,1984,40.490842954909404,26.56884993449198,0.2016416784306919,0.20176568421864505,26.995627138349747,190262.63713968708,118.0940083238857,151.06761615748084,8.901907477547498,10.747037372179184,0.037675250572420924,0.03757149851141611,1.075476416432966,9370.503452919751,22.63291941764422,5.029252396621094,50142240.0,50524128.0,46628118.0,47761488.0,50524128.0,50524128.0,50354568.0,50354568.0,25100640.0,25100640.0,24590214.0,25052436.0,25100640.0,25100640.0,25071984.0,25071984.0,3,Togo,Maize (corn),929.4
118,1985,40.490842954909404,28.888114969141423,0.1916678577178606,0.19146521417056733,26.984942542182075,186843.42468059433,112.39591937855363,152.7383079275433,8.901907477547498,11.96006557882506,0.047526337230445644,0.04756772515235385,1.0951976371355967,9496.665068323806,23.088856005141743,5.951719124401218,50142240.0,50524128.0,46183890.0,47761488.0,50524128.0,50524128.0,50354568.0,50354568.0,25100640.0,25100640.0,24306714.0,25052436.0,25100640.0,25100640.0,25071984.0,25071984.0,3,Togo,Maize (corn),906.1
118,1986,40.490842954909404,28.112683661578277,0.21112730933560261,0.215411172524745,26.88821476477164,186875.036503555,123.79631880781287,155.94611288019465,8.901907477547498,12.12581523329692,0.03810675091671689,0.036278736125510386,1.0594184809197256,8990.613798280117,24.94784119528302,6.017113353406904,50142240.0,50524128.0,37657998.0,47761488.0,50524128.0,50524128.0,50354568.0,50354568.0,25100640.0,25100640.0,19809742.0,25052436.0,25100640.0,25100640.0,25071984.0,25071984.0,3,Togo,Maize (corn),645.4
118,1987,40.490842954909404,30.567909858270742,0.21187149733304975,0.20878064010291542,27.552832435678553,188931.74452676743,126.56401682390751,157.93341309576903,8.901907477547498,10.963625439224634,0.033012950539835065,0.03274604402731879,1.0410661601491498,9206.804219621323,24.04508347689935,5.489168224891042,50142240.0,50524128.0,39546102.0,47761488.0,50524128.0,50524128.0,50354568.0,50354568.0,25100640.0,25100640.0,21740576.0,25052436.0,25100640.0,25100640.0,25071984.0,25071984.0,3,Togo,Maize (corn),765.2
118,1988,40.490842954909404,31.058115379381505,0.2168639002456551,0.21468788662983657,27.09629832373725,183185.57323779905,119.3865343325898,153.1940565644239,8.901907477547498,12.550612507799748,0.032722586349753724,0.03240118948808294,1.0070907474500883,9552.20892714741,23.38404994655954,5.56167016576718,50142240.0,50524128.0,39392520.0,47761488.0,50524128.0,50524128.0,50354568.0,50354568.0,25100640.0,25100640.0,22092020.0,25052436.0,25100640.0,25100640.0,25071984.0,25071984.0,3,Togo,Maize (corn),1109.9
118,1989,40.490842954909404,33.02906573478084,0.2263184474367234,0.2256857311485598,26.763772001972907,188195.50971167858,132.32638393504283,160.524403507198,8.901907477547498,12.65387049585154,0.031145507233170215,0.031044719762127606,0.9497961761638718,9288.510755597512,24.176826138110325,6.6375686195311125,50142240.0,50524128.0,40392828.0,47761488.0,50524128.0,50524128.0,50354568.0,50354568.0,25100640.0,25100640.0,22397433.0,25052436.0,25100640.0,25100640.0,25071984.0,25071984.0,3,Togo,Maize (corn),1073.4
118,1990,40.490842954909404,26.796044656008945,0.2132380723746286,0.21410375406541984,27.082516970457853,188484.7679240542,132.98542152425648,158.89705966939744,8.901907477547498,11.15460344990084,0.03270713090782247,0.032392289766024145,0.9758200798906229,9887.228766696468,24.520351967773845,6.482939981978497,50142240.0,50524128.0,40642632.0,47761488.0,50524128.0,50524128.0,50354568.0,50354568.0,25100640.0,25100640.0,22469272.0,25052436.0,25100640.0,25100640.0,25071984.0,25071984.0,3,Togo,Maize (corn),965.3
118,1991,40.490842954909404,33.50015312706162,0.2230999314881585,0.22294195455678534,26.735986753746314,183973.45243284045,123.5106869224363,154.08322297369702,8.901907477547498,11.934225668681213,0.030457772888762395,0.03037646217851238,0.9177644645074724,8790.648119650668,22.303085621955933,5.509601622165389,50142240.0,50524128.0,44354802.0,47761488.0,50524128.0,50524128.0,50354568.0,50354568.0,25100640.0,25100640.0,23967921.0,25052436.0,25100640.0,25100640.0,25071984.0,25071984.0,3,Togo,Maize (corn),906.0
118,1992,40.490842954909404,26.974899953598218,0.21402611290277151,0.21433216069932778,26.590443681787562,184974.07738373408,122.07482217692649,155.18243474235223,8.901907477547498,10.737787412919804,0.02579723231221472,0.025892987749112497,0.9130112023351983,8622.364797945405,20.11671213258512,5.116887606059223,50142240.0,50524128.0,47112990.0,47761488.0,50524128.0,50524128.0,50354568.0,50354568.0,25100640.0,25100640.0,24726349.0,25052436.0,25100640.0,25100640.0,25071984.0,25071984.0,3,Togo,Maize (corn),1014.0
118,1993,40.490842954909404,29.021756130372655,0.2113461235400151,0.2113867582519266,27.02768075907672,187208.56541746217,124.7216206470506,153.3581564535764,8.901907477547498,11.313694944093324,0.030099214268393543,0.0300998253995825,1.0928627349274294,8733.957115003983,22.77821533982349,4.745289298878987,50142240.0,50524128.0,47559576.0,47761488.0,50524128.0,50524128.0,50354568.0,50354568.0,25100640.0,25100640.0,24955902.0,25052436.0,25100640.0,25100640.0,25071984.0,25071984.0,3,Togo,Maize (corn),1159.9
118,1994,40.490842954909404,32.57321018248989,0.21979523432889467,0.21971342612591177,26.822798402221114,183933.31665043856,118.2591670705972,149.21981537401737,8.901907477547498,12.623903349166417,0.028295141853950875,0.028259548574589188,0.9194757689701301,9212.589516839715,18.77776679416798,4.6076117235285565,50142240.0,50524128.0,46629654.0,47761488.0,50524128.0,50524128.0,50354568.0,50354568.0,25100640.0,25100640.0,24569752.0,25052436.0,25100640.0,25100640.0,25071984.0,25071984.0,3,Togo,Maize (corn),930.6
118,1995,40.490842954909404,32.977322295851465,0.22151985968014706,0.2215139169284543,26.95493691938895,186731.60466322486,136.7381471066766,155.20351978158718,8.901907477547498,13.027942715689122,0.027780174511567005,0.02777430443398417,0.9769616929415393,8387.426278361474,24.782553637671,5.505961538967798,50142240.0,50524128.0,47684634.0,47761488.0,50524128.0,50524128.0,50354568.0,50354568.0,25100640.0,25100640.0,25015748.0,25052436.0,25100640.0,25100640.0,25071984.0,25071984.0,3,Togo,Maize (corn),855.3
118,1996,40.490842954909404,31.83245764123396,0.21580475710194416,0.21583970055702406,27.056413588700472,187654.10329869651,135.62190937432888,155.21897849841406,8.901907477547498,12.021672617664803,0.030331052685436694,0.030344980501961046,0.9837393575188594,9468.780372400726,22.155223577916917,5.513099245048092,50142240.0,50524128.0,47681040.0,47761488.0,50524128.0,50524128.0,50354568.0,50354568.0,25100640.0,25100640.0,25010066.0,25052436.0,25100640.0,25100640.0,25071984.0,25071984.0,3,Togo,Maize (corn),940.4
118,1997,40.490842954909404,30.425208965705867,0.22219967721375047,0.22220648399741758,27.115513130470557,188142.5094463717,143.32727023551953,154.5265877426767,8.901907477547498,11.807340770110473,0.027028149922904518,0.02701637265081053,1.0017420531081176,8977.021826874274,22.430810961010643,5.03142973432558,50142240.0,50524128.0,47425824.0,47761488.0,50524128.0,50524128.0,50354568.0,50354568.0,25100640.0,25100640.0,24951876.0,25052436.0,25100640.0,25100640.0,25071984.0,25071984.0,3,Togo,Maize (corn),1067.6
118,1998,40.490842954909404,32.610974138912646,0.21329219915248726,0.21339867053199596,27.469996726071393,187521.71320161785,137.7333403764715,153.81994527184108,8.901907477547498,12.119641660784172,0.029636510282446,0.0295347250573518,0.946140127877559,8179.322221300058,21.70922434221349,4.772864711809715,50142240.0,50524128.0,47144394.0,47761488.0,50524128.0,50524128.0,50354568.0,50354568.0,25100640.0,25100640.0,24758124.0,25052436.0,25100640.0,25100640.0,25071984.0,25071984.0,3,Togo,Maize (corn),867.3
118,1999,40.490842954909404,36.08117334322436,0.22063042902974064,0.2206522516630648,26.78595703619498,187107.39225949126,137.22496465742327,151.61068958622593,8.901907477547498,13.956018403954245,0.03053128708338575,0.030580771596020587,0.9566618064916609,9686.429851143683,23.594879969627375,5.244677924007816,50142240.0,50524128.0,47221422.0,47761488.0,50524128.0,50524128.0,50354568.0,50354568.0,25100640.0,25100640.0,24918956.0,25052436.0,25100640.0,25100640.0,25071984.0,25071984.0,3,Togo,Maize (corn),1197.9
118,2000,49.20438452701111,30.11362297052681,0.20921663001731586,0.20923877530017293,27.03587864946436,191756.14043662042,110.22425455433215,149.11506206417278,8.799864838923112,10.495913712144008,0.028613103794987296,0.028629850515998673,0.987120153146091,9226.756092617881,20.224054427462235,4.233601592855408,30642480.0,50524128.0,47423430.0,47761488.0,50524128.0,50524128.0,50354568.0,50354568.0,15339280.0,25100640.0,24974986.0,25052436.0,25100640.0,25100640.0,25071984.0,25071984.0,3,Togo,Maize (corn),1202.0
118,2001,37.458021763901364,26.1523710238162,0.20191145343361075,0.20230373898203668,27.17180127567715,190952.05041974323,127.92080058171406,157.97057986799388,8.917427939354912,9.994586481958239,0.03061339329014071,0.0308478734585481,1.0501057626273114,9954.122701162447,23.245381655359328,6.2185787580021445,50142240.0,50524128.0,45900978.0,47761488.0,50524128.0,50524128.0,50354568.0,50354568.0,25100640.0,25100640.0,24415713.0,25052436.0,25100640.0,25100640.0,25071984.0,25071984.0,3,Togo,Maize (corn),1307.1
118,2002,39.88577980173243,29.220238761886677,0.21402093609450037,0.21430893005336887,27.10755380877742,189243.7110293972,128.8448190367661,156.14399849511082,8.964619078529884,11.550028490792137,0.029751974720348347,0.02971058215758411,1.064948294228975,9056.095122421722,22.925637137981408,5.829365916012351,50142240.0,50524128.0,46941456.0,47761488.0,50524128.0,50524128.0,50354568.0,50354568.0,25100640.0,25100640.0,24646520.0,25052436.0,25100640.0,25100640.0,25071984.0,25071984.0,3,Togo,Maize (corn),1265.2
118,2003,41.64833780166908,34.17647628861593,0.22231833298725107,0.2224438982884775,27.142588756702565,190544.49176395475,132.29392405846093,155.70087655189684,9.547561516424366,13.629105012234906,0.0276694022424639,0.02771084629372955,0.969869063904403,8750.93970811872,23.3401201578413,5.288113431104732,50142240.0,50524128.0,45518094.0,47761488.0,50524128.0,50524128.0,50354568.0,50354568.0,25100640.0,25100640.0,24413469.0,25052436.0,25100640.0,25100640.0,25071984.0,25071984.0,3,Togo,Maize (corn),1272.8
118,2004,40.479055906888796,30.37682398174729,0.22143260455103933,0.22165785668424956,27.06666941112942,190604.3190382079,127.82936533523352,155.19929505898438,9.146070469420456,11.037722098814399,0.028324496940231113,0.02835955775495871,1.0075064411103503,9010.216541510554,20.803683376322674,5.509711873476615,50142240.0,50524128.0,45657258.0,47761488.0,50524128.0,50524128.0,50354568.0,50354568.0,25100640.0,25100640.0,24379104.0,25052436.0,25100640.0,25100640.0,25071984.0,25071984.0,3,Togo,Maize (corn),1092.0
118,2005,40.60465485352097,29.28012231293495,0.2178329936125212,0.21794094778370418,27.235330334416144,189553.36919797727,127.98816065555083,153.87398357064296,9.567304777348276,11.752067598920997,0.028533139698114614,0.02858563545722589,0.9873577304146024,9029.965483808002,24.423321364265608,5.031716309472618,50142240.0,50524128.0,45967032.0,47761488.0,50524128.0,50524128.0,50354568.0,50354568.0,25100640.0,25100640.0,24560933.0,25052436.0,25100640.0,25100640.0,25071984.0,25071984.0,3,Togo,Maize (corn),1157.7
118,2006,40.373747026860485,28.415771181461174,0.2135300778749364,0.21360957443181436,27.311896121060407,189146.2161703711,127.75981445117074,155.91814035364635,9.151719224095599,11.061516242302286,0.029320567036296083,0.029363121265756995,1.048134716581705,9711.272253143206,22.153131183148442,5.752518838277045,50142240.0,50524128.0,46112532.0,47761488.0,50524128.0,50524128.0,50354568.0,50354568.0,25100640.0,25100640.0,24596922.0,25052436.0,25100640.0,25100640.0,25071984.0,25071984.0,3,Togo,Maize (corn),1155.1
118,2007,40.05844143954088,33.52642972056414,0.2157358585477427,0.21574065626628838,27.191691486923784,189720.08653753862,129.01671605921933,155.8856102979206,8.61737150243168,11.855616745126428,0.02573060693263611,0.025772273284887875,1.003809060069358,8040.529632323488,21.76918185566554,6.2162133824134616,50142240.0,50524128.0,47472048.0,47761488.0,50524128.0,50524128.0,50491158.0,50491158.0,25100640.0,25100640.0,24961576.0,25052436.0,25100640.0,25100640.0,25095068.0,25095068.0,3,Togo,Maize (corn),1166.4
118,2008,40.63067703413985,31.438556377401156,0.21637186970285793,0.2163698707573184,27.028933348479093,193427.805351443,139.85714553207274,154.8795374485527,8.189690895731355,10.00036138529819,0.026916762975006,0.02698385813241164,0.887168312266784,8395.727177136017,20.784947531557346,6.438785874478966,50142240.0,50524128.0,47517624.0,47761488.0,50524128.0,50524128.0,50524128.0,50524128.0,25100640.0,25100640.0,25002000.0,25052436.0,25100640.0,25100640.0,25100640.0,25100640.0,3,Togo,Maize (corn),1192.2
118,2009,41.833572765286526,35.02237135428436,0.22211046803190748,0.2221226318468202,27.433099269866943,190713.64738140337,143.08966995160512,154.69687967828503,9.08855752705726,12.631410684027141,0.027203759427417196,0.027257358642804437,1.0266937258936666,8864.665383722966,21.522159380249768,6.362289886808286,50142240.0,50524128.0,47448852.0,47761488.0,50524128.0,50524128.0,50524128.0,50524128.0,25100640.0,25100640.0,24961065.0,25052436.0,25100640.0,25100640.0,25100640.0,25100640.0,3,Togo,Maize (corn),1255.9
118,2010,41.59198068841265,35.54656716899212,0.21990068063691806,0.21988769190908516,27.613445820631803,185911.461101847,142.59433547199902,155.24191505091673,8.83839184600363,12.448323341681341,0.02768765575480966,0.027745472615895085,0.939322907360419,8503.07166609928,20.95202160458302,6.499946452854903,50142240.0,50524128.0,47513742.0,47761488.0,50524128.0,50524128.0,50524128.0,50524128.0,25100640.0,25100640.0,24998997.0,25052436.0,25100640.0,25100640.0,25100640.0,25100640.0,3,Togo,Maize (corn),1193.7
118,2011,40.73516860636382,32.18296354884826,0.20977876297439688,0.20978202565499796,27.548983026433874,190822.10701849236,137.35650347395415,155.14828638753875,9.303768214154696,12.389922339259126,0.029750980971635574,0.029785661926408087,1.1187845377216066,9146.906700031632,20.919628485019707,7.062463878532969,50142240.0,50524128.0,47517624.0,47761488.0,50524128.0,50524128.0,50524128.0,50524128.0,25100640.0,25100640.0,25002000.0,25052436.0,25100640.0,25100640.0,25100640.0,25100640.0,3,Togo,Maize (corn),1245.3
118,2012,41.53983224363384,34.165771207689346,0.21362118681685788,0.21363873349874307,27.16401195526123,186836.4286836093,141.82864875852863,154.75244936566884,8.760681851694615,12.111858623768269,0.02720397732901399,0.02722573151457061,0.9572837098953313,8754.626103821533,20.55292535068468,6.337007923962527,50142240.0,50524128.0,47629188.0,47761488.0,50524128.0,50524128.0,50524128.0,50524128.0,25100640.0,25100640.0,25024438.0,25052436.0,25100640.0,25100640.0,25100640.0,25100640.0,3,Togo,Maize (corn),1191.4
118,2013,40.93852493921075,25.924461127788046,0.2084093078350027,0.20840985427883407,27.293937939184683,188624.2607450993,138.42315300072053,155.74616024390912,9.041513604145722,10.111623270279827,0.02752153092138285,0.027522762289890458,0.9751765728082629,8234.141620271801,22.171082544196544,6.209750014658617,50142240.0,50524128.0,47751120.0,47761488.0,50524128.0,50524128.0,50524128.0,50524128.0,25100640.0,25100640.0,25049656.0,25052436.0,25100640.0,25100640.0,25100640.0,25100640.0,3,Togo,Maize (corn),924.4
118,2014,40.664837589208084,27.651224656581892,0.20349809058286522,0.20349809435913524,27.388912077303285,188825.8818065846,136.3301938806029,154.6928118988546,8.901907477547498,10.122980499091812,0.027973811545769233,0.027973811545769233,0.9952574303437239,9355.640286664691,21.231715396030854,6.434364856759107,50142240.0,50524128.0,47761488.0,47761488.0,50524128.0,50524128.0,50524128.0,50524128.0,25100640.0,25100640.0,25052436.0,25052436.0,25100640.0,25100640.0,25100640.0,25100640.0,3,Togo,Maize (corn),1195.9
118,2015,38.93792293910941,27.933291249598827,0.19355074602558653,0.19355074932552427,27.484596764599836,189880.06606074306,131.57545667184374,156.02999004904862,9.172521473477296,12.639753257160681,0.029719962125525454,0.029719962125525454,1.0364291892983797,9101.221861438235,20.903775396046417,6.425665584643525,50142240.0,50524128.0,47761488.0,47761488.0,50524128.0,50524128.0,50524128.0,50524128.0,25100640.0,25100640.0,25052436.0,25052436.0,25100640.0,25100640.0,25100640.0,25100640.0,3,Togo,Maize (corn),1389.5
118,2016,39.76646264583895,31.882514867685696,0.19997807209276489,0.19997807288220562,27.678190875936437,189048.54300086928,133.11245193527125,156.346202011719,8.613266170116704,12.049458330081078,0.026081442201771398,0.026081442201771398,0.9654310527201434,8388.822395403895,21.136688317731714,6.1472787975140655,50142240.0,50524128.0,47761488.0,47761488.0,50524128.0,50524128.0,50524128.0,50524128.0,25100640.0,25100640.0,25052436.0,25052436.0,25100640.0,25100640.0,25100640.0,25100640.0,3,Togo,Maize (corn),1223.5
118,2017,40.12122401058012,28.336097632361877,0.19831167109724546,0.19831167038270192,27.571529900586164,190160.1053399533,136.69046087783593,156.23275370718133,8.341090248013376,9.457375807615845,0.027173321907590007,0.027173321907590007,0.8890612147210939,8420.312107745274,20.14404784415826,6.3979510573292835,50142240.0,50524128.0,47761488.0,47761488.0,50524128.0,50524128.0,50524128.0,50524128.0,25100640.0,25100640.0,25052436.0,25052436.0,25100640.0,25100640.0,25100640.0,25100640.0,3,Togo,Maize (corn),1230.8
118,2018,40.490842954909404,31.371951731397136,0.20973671407059383,0.2097367096551766,27.40805247094896,187215.7320577712,138.47224194858612,154.0272243026881,8.596875011847011,11.790579628195767,0.026693762456310874,0.026693762456310874,0.9716559564509515,8545.038269069146,20.525226218937185,6.0751911685529665,50142240.0,50524128.0,47761488.0,47761488.0,50524128.0,50524128.0,50524128.0,50524128.0,25100640.0,25100640.0,25052436.0,25052436.0,25100640.0,25100640.0,25100640.0,25100640.0,3,Togo,Maize (corn),1239.6
118,2019,40.894345461285866,33.967834443499505,0.211086965062552,0.2110869642408119,27.670966236679643,186433.7842792189,136.99055563803856,153.5970375150884,8.737566459637096,11.38198482170608,0.027322003811622773,0.027322003811622773,0.9259498924278192,8765.671100114178,21.695335840396794,6.35335558698988,50142240.0,50524128.0,47761488.0,47761488.0,50524128.0,50524128.0,50524128.0,50524128.0,25100640.0,25100640.0,25052436.0,25052436.0,25100640.0,25100640.0,25100640.0,25100640.0,3,Togo,Maize (corn),1227.1
118,2020,40.38251336070559,32.57796884093344,0.209109039425298,0.20910951053864432,27.52053162786696,190654.4803117778,137.7130789901705,155.84367784254243,8.555520914392458,12.27858317208068,0.0265361275915142,0.026534225895391873,0.8498849535389427,8610.461472746172,21.403794305293108,6.491037051464036,50142240.0,50524128.0,47757606.0,47761488.0,50524128.0,50524128.0,50524128.0,50524128.0,25100640.0,25100640.0,25049433.0,25052436.0,25100640.0,25100640.0,25100640.0,25100640.0,3,Togo,Maize (corn),1226.0
118,2021,39.913099360937075,32.38498532756033,0.20325025167592142,0.20324992457505622,27.90844421033506,195651.22280381987,136.3274702365197,156.73222561395895,8.987513775561,10.366079910465942,0.028839754111363722,0.028837786980102368,0.9340253399858187,8746.269636914549,23.32275745114949,6.427141648518539,50142240.0,50524128.0,47757606.0,47761488.0,50524128.0,50524128.0,50524128.0,50524128.0,25100640.0,25100640.0,25049433.0,25052436.0,25100640.0,25100640.0,25100640.0,25100640.0,3,Togo,Maize (corn),1230.2
118,2022,39.501832718942985,31.978871526476308,0.21348671487498058,0.2134867152817583,27.21412178322121,191261.94579067768,141.37249588885427,154.989261212738,8.51934086486661,11.846889371693699,0.0255275896993081,0.0255275896993081,0.8753903869840579,8196.523382816194,23.785645459097022,5.776108325258012,50142240.0,50524128.0,47761488.0,47761488.0,50524128.0,50524128.0,50524128.0,50524128.0,25100640.0,25100640.0,25052436.0,25052436.0,25100640.0,25100640.0,25100640.0,25100640.0,3,Togo,Maize (corn),1253.8
126,1984,53.752825979248875,69.79820685290107,0.3271216856108771,0.3276743113043054,25.1068896929423,180000.54414613935,156.90574182548113,142.52813180626688,11.455250619796868,48.870970193621915,0.049956220572854156,0.04583641880941892,1.5791538954005395,18768.802590095787,40.70426962705098,6.98965080841151,207421200.0,216842040.0,66168100.0,180792900.0,216863280.0,216863280.0,211617180.0,211630860.0,39167316.0,39167028.0,18193456.0,34523496.0,39167316.0,39167316.0,38690784.0,38690784.0,1,Philippines,Maize (corn),1065.7
126,1985,53.752825979248875,65.99399507334117,0.3225863391326533,0.3250465194633907,25.144059255388047,182092.27851074564,170.61836654061372,146.6433675101585,11.455250619796868,41.83591010122435,0.05434436710915498,0.04908629347748114,1.5905891303488962,19039.52413402771,37.54889772026393,6.3459848137742245,207421200.0,216842040.0,68699185.0,180792900.0,216863280.0,216863280.0,211617180.0,211630860.0,39167316.0,39167028.0,18763146.0,34523496.0,39167316.0,39167316.0,38690784.0,38690784.0,1,Philippines,Maize (corn),1117.1
126,1986,53.752825979248875,73.19875182484358,0.3313642809433596,0.3284260450692185,25.17552835676405,181055.256217953,166.47797461871946,147.25674397516102,11.455250619796868,49.71801085690695,0.05004469968697075,0.042280671599067114,1.5935531429662604,20086.260860116083,37.47111361775059,6.826585578196736,207421200.0,216842040.0,50081960.0,180792900.0,216863280.0,216863280.0,211617180.0,211630860.0,39167316.0,39167028.0,13631004.0,34523496.0,39167316.0,39167316.0,38690784.0,38690784.0,1,Philippines,Maize (corn),1148.2
126,1987,53.752825979248875,48.89832341533369,0.3248059950091622,0.3268175545381309,25.606007300482855,190243.1176433975,173.67394019489782,149.78157387798208,11.455250619796868,31.646367161769593,0.04991793662207241,0.04508546757195183,1.6301996006855195,17860.995892368548,37.19069082643686,6.23959224045076,207421200.0,216842040.0,62074310.0,180792900.0,216863280.0,216863280.0,211617180.0,211630860.0,39167316.0,39167028.0,16920754.0,34523496.0,39167316.0,39167316.0,38690784.0,38690784.0,1,Philippines,Maize (corn),1161.7
126,1988,53.752825979248875,65.08179337731961,0.3273322875159127,0.3255307997446462,25.686982303195528,185080.93783789437,164.61313789634778,145.28012585562348,11.455250619796868,40.053089584701034,0.04556455535798085,0.04319184382803246,1.6428040702108113,18965.913102527906,37.5021723499615,6.796251702395083,207421200.0,216842040.0,68194215.0,180792900.0,216863280.0,216863280.0,211617180.0,211630860.0,39167316.0,39167028.0,18107348.0,34523496.0,39167316.0,39167316.0,38690784.0,38690784.0,1,Philippines,Maize (corn),1182.3
126,1989,53.752825979248875,66.54416024858871,0.33392366419235864,0.33049369201471124,25.28249118593004,182144.73870128748,184.23309157731353,150.633506337886,11.455250619796868,42.21290008657927,0.044751610519436526,0.04286841594082717,1.610607297058111,19819.141804221836,38.82861211802815,6.718572991969321,207421200.0,216842040.0,71445435.0,180792900.0,216863280.0,216863280.0,211617180.0,211630860.0,39167316.0,39167028.0,19316872.0,34523496.0,39167316.0,39167316.0,38690784.0,38690784.0,1,Philippines,Maize (corn),1225.8
126,1990,53.752825979248875,66.56747733256036,0.32920135855674737,0.32731299024446536,25.55799453523424,185913.06856864595,177.89683415834423,151.74320660743703,11.455250619796868,42.361013129547466,0.04363196966428802,0.04256357690212223,1.5787176478991543,20300.809927804337,40.93892821191997,6.502703113720947,207421200.0,216842040.0,69380765.0,180792900.0,216863280.0,216863280.0,211617180.0,211630860.0,39167316.0,39167028.0,18551916.0,34523496.0,39167316.0,39167316.0,38690784.0,38690784.0,1,Philippines,Maize (corn),1335.8
126,1991,53.752825979248875,55.186060709380186,0.3258454448646969,0.32478625332113803,25.46930548350016,187079.63654156617,162.13898055739315,151.77907949466194,11.455250619796868,40.02201856848448,0.04912873152619822,0.04715317255231628,1.6494506692201785,20043.774077505674,40.14165823661345,6.677243412589636,207421200.0,216842040.0,100443195.0,180792900.0,216863280.0,216863280.0,211617180.0,211630860.0,39167316.0,39167028.0,21975876.0,34523496.0,39167316.0,39167316.0,38690784.0,38690784.0,1,Philippines,Maize (corn),1296.9
126,1992,53.752825979248875,57.11940281309467,0.3115908262630303,0.3116414347691097,25.389332464006213,188729.74540064682,158.71325877370717,149.3401332815684,11.455250619796868,35.257577917873114,0.0459438607086714,0.04599859692883827,1.5698205697935228,18262.367345225404,40.392987221692906,7.096577859254512,207421200.0,216842040.0,160553005.0,180792900.0,216863280.0,216863280.0,211617180.0,211630860.0,39167316.0,39167028.0,31590905.0,34523496.0,39167316.0,39167316.0,38690784.0,38690784.0,1,Philippines,Maize (corn),1386.5
126,1993,53.752825979248875,60.4289629720256,0.31422266024682255,0.3142124218144705,25.482068030039468,186745.1999635196,162.6968378391838,148.14777236678708,11.455250619796868,42.68260259103152,0.04548410152978089,0.04511076474055256,1.6304509816918236,19946.17923731993,37.03410721733725,6.489674929355797,207421200.0,216842040.0,175618065.0,180792900.0,216863280.0,216863280.0,211617180.0,211630860.0,39167316.0,39167028.0,33565948.0,34523496.0,39167316.0,39167316.0,38690784.0,38690784.0,1,Philippines,Maize (corn),1523.5
126,1994,53.752825979248875,60.01609109190476,0.3211557718614737,0.32282728679928546,25.471716849009194,185792.93215591332,149.56236404069438,138.45057536132032,11.455250619796868,41.07969679035935,0.04416087291096331,0.04373311056890431,1.6031239447788235,19212.45694789863,30.964413752526177,7.981610639775633,207421200.0,216842040.0,154903950.0,180792900.0,216863280.0,216863280.0,211617180.0,211630860.0,39167316.0,39167028.0,30789326.0,34523496.0,39167316.0,39167316.0,38690784.0,38690784.0,1,Philippines,Maize (corn),1503.5
126,1995,53.752825979248875,66.89739745368651,0.3184972401294443,0.318604969651295,25.290415308210584,182805.3170936923,174.31560348933874,147.19535057874225,11.455250619796868,41.4577421801457,0.043959209201498615,0.04369531613002018,1.6208177483477146,19482.58516905361,35.71902987368139,6.327153884855881,207421200.0,216842040.0,176054250.0,180792900.0,216863280.0,216863280.0,211617180.0,211630860.0,39167316.0,39167028.0,33731555.0,34523496.0,39167316.0,39167316.0,38690784.0,38690784.0,1,Philippines,Maize (corn),1533.4
126,1996,53.752825979248875,66.22310956294115,0.3275002897613578,0.32673398039394147,25.1057292620341,183167.85565900654,183.03752635187737,146.4509483750466,11.455250619796868,45.52638902545747,0.046641947812948815,0.04657998954780785,1.6036174211086898,19102.314509477626,33.492991894105955,5.895065132825188,207421200.0,216842040.0,166360690.0,180792900.0,216863280.0,216863280.0,211617180.0,211630860.0,39167316.0,39167028.0,32190483.0,34523496.0,39167316.0,39167316.0,38690784.0,38690784.0,1,Philippines,Maize (corn),1517.5
126,1997,53.752825979248875,55.03245630343491,0.31788353232873806,0.3166425277621465,25.092877271440294,189697.9288853764,187.44592195223663,148.81739576299924,11.455250619796868,43.32242640464145,0.04772772743049544,0.047527382100482386,1.6088256365733247,18659.158752921056,33.703494679854956,5.4824778749970875,207421200.0,216842040.0,162373580.0,180792900.0,216863280.0,216863280.0,211617180.0,211630860.0,39167316.0,39167028.0,31708784.0,34523496.0,39167316.0,39167316.0,38690784.0,38690784.0,1,Philippines,Maize (corn),1589.4
126,1998,53.752825979248875,56.601254705486355,0.30196976636846856,0.3043011532511672,25.956707625918916,193406.14838233474,180.5930368431509,149.02119606089116,11.455250619796868,35.672140781163826,0.047403683594211925,0.04714161861885527,1.6182584125751103,16227.535364657826,33.47749583431098,5.723238451095067,207421200.0,216842040.0,157503140.0,180792900.0,216863280.0,216863280.0,211617180.0,211630860.0,39167316.0,39167028.0,30688131.0,34523496.0,39167316.0,39167316.0,38690784.0,38690784.0,1,Philippines,Maize (corn),1624.0
126,1999,53.752825979248875,86.94179781634695,0.3321354356076982,0.3320465358532917,25.122703287336563,177000.5164910742,173.83946084120015,141.53600985433656,11.455250619796868,55.926710679766856,0.04570553092496243,0.04565293068513269,1.5774884884801055,19239.085445245484,36.42823604664004,6.904797144236627,207421200.0,216842040.0,166550160.0,180792900.0,216863280.0,216863280.0,211617180.0,211630860.0,39167316.0,39167028.0,32532651.0,34523496.0,39167316.0,39167316.0,38690784.0,38690784.0,1,Philippines,Maize (corn),1735.1
126,2000,53.60621723869257,84.05997546141484,0.33192917456229526,0.33208746139595086,25.297683090633818,176480.8919919541,145.79529395436154,139.26987204477442,11.536259266646416,54.868187220376726,0.045502556623709785,0.04533727948111784,1.550050846449388,18473.308249562724,37.54831881550818,7.1114571926848065,126757400.0,216842040.0,169847505.0,180792900.0,216863280.0,216863280.0,211617180.0,211630860.0,23935582.0,39167028.0,32908380.0,34523496.0,39167316.0,39167316.0,38690784.0,38690784.0,1,Philippines,Maize (corn),1797.0
126,2001,54.29167171057421,67.96894231906666,0.3200918769670857,0.3261374134456524,25.51244265238444,180724.1891275396,183.55129329612703,146.57357317245152,11.148428238884058,42.84273476440135,0.045142480448200316,0.04598786522266231,1.5695859794277514,18338.924230284494,32.122203730453805,5.7999174651136896,207421200.0,216842040.0,126912930.0,180792900.0,216863280.0,216863280.0,211617180.0,211630860.0,39167316.0,39167028.0,27285844.0,34523496.0,39167316.0,39167316.0,38690784.0,38690784.0,1,Philippines,Maize (corn),1819.8
126,2002,53.632924289655854,56.240115234594114,0.32350983321666715,0.3241267544773899,25.613932694329154,186327.1828714624,187.33798650083008,149.47708200943723,11.84684995076522,38.83152427509237,0.042556429265855164,0.042410021608461995,1.597041082046988,19650.22777565849,36.95005722919231,5.542357220702377,207421200.0,216842040.0,163837285.0,180792900.0,216863280.0,216863280.0,211617180.0,211630860.0,39167316.0,39167028.0,32271314.0,34523496.0,39167316.0,39167316.0,38690784.0,38690784.0,1,Philippines,Maize (corn),1803.1
126,2003,52.58267169640419,63.12617977166445,0.3307671210004223,0.3299285550609045,25.541892094082304,184647.4091510887,183.77063894965497,148.72555671810176,12.011216633619775,42.273500962472184,0.03992036332725488,0.04000024435861115,1.6219331680952866,19273.243755734355,38.74341107804442,5.726192969405358,207421200.0,216842040.0,110766235.0,180792900.0,216863280.0,216863280.0,211617180.0,211630860.0,39167316.0,39167028.0,25471501.0,34523496.0,39167316.0,39167316.0,38690784.0,38690784.0,1,Philippines,Maize (corn),1915.3
126,2004,52.83890940054237,59.39660789982497,0.33094667063819033,0.3303207057574131,25.547467051612006,183688.98992602614,179.8878532369467,149.35322451228473,11.92546461854804,42.019589087852864,0.03994737671692243,0.039382168652977126,1.595344975688854,19649.304837076535,38.676322281595304,5.66084445627469,207421200.0,216842040.0,100963905.0,180792900.0,216863280.0,216863280.0,211617180.0,211630860.0,39167316.0,39167028.0,24221216.0,34523496.0,39167316.0,39167316.0,38690784.0,38690784.0,1,Philippines,Maize (corn),2142.1
126,2005,52.89331043262857,64.1631841600346,0.3287308303018411,0.328493092188266,25.649233690897624,182222.4577520346,174.12808916749387,148.08108627784662,11.524593433374902,40.05296285845948,0.04026845631686191,0.03985737740543358,1.5863595949597011,19362.21845144726,32.67711087882963,5.798656018279112,207421200.0,216842040.0,100907280.0,180792900.0,216863280.0,216863280.0,211617180.0,211630860.0,39167316.0,39167028.0,24166014.0,34523496.0,39167316.0,39167316.0,38690784.0,38690784.0,1,Philippines,Maize (corn),2151.4
126,2006,53.41461246849955,65.09697321265361,0.32819467277990444,0.32914765704821114,25.793831708696153,181860.42320274495,177.2274639858856,148.20035689274638,11.192185843501738,43.35496801065176,0.040544264347278244,0.03992128377558373,1.5617825516286739,19067.757791500615,32.28162405625416,6.151802873779,207421200.0,216842040.0,114897230.0,180792900.0,216863280.0,216863280.0,211617180.0,211630860.0,39167316.0,39167028.0,26215606.0,34523496.0,39167316.0,39167316.0,38690784.0,38690784.0,1,Philippines,Maize (corn),2366.0
126,2007,53.37892940985438,68.43922620967864,0.31939590217338665,0.3218957139560393,25.772877767350938,182811.58237742033,179.44916225219717,149.9567297932627,11.286802225639425,44.08690303006045,0.040920990999679094,0.04098900525825781,1.56506474352073,18207.54976255569,30.24079530215771,12.040731547041702,207421200.0,216842040.0,111497110.0,180792900.0,216863280.0,216863280.0,215843205.0,215845865.0,39167316.0,39167028.0,25410839.0,34523496.0,39167316.0,39167316.0,39074657.0,39074657.0,1,Philippines,Maize (corn),2543.9
126,2008,53.841312734196954,78.04860165688449,0.33689180066188174,0.33536536236536646,25.515430535210502,177830.913965119,190.67260549626258,148.63847465645622,10.831675273244677,49.30449334132046,0.03768947682219307,0.037266988417277304,1.5588664924835152,19515.882804333185,26.29476344418042,13.807562414047496,207421200.0,216842040.0,111914725.0,180792900.0,216863280.0,216863280.0,216863280.0,216863280.0,39167316.0,39167028.0,25414781.0,34523496.0,39167316.0,39167316.0,39167316.0,39167316.0,1,Philippines,Maize (corn),2603.6
126,2009,53.38371713364227,81.39487548535622,0.3359117368857065,0.334606194639393,25.539854081471763,175578.71018746993,188.7448825013148,149.2270104305445,11.420108024454253,51.51789194877753,0.04075810954583563,0.040105969465394964,1.5539972468223153,20351.06390687852,28.29958199765609,13.603509038414622,207421200.0,216842040.0,111775870.0,180792900.0,216863280.0,216863280.0,216863280.0,216863280.0,39167316.0,39167028.0,25413623.0,34523496.0,39167316.0,39167316.0,39167316.0,39167316.0,1,Philippines,Maize (corn),2620.8
126,2010,52.74210628788293,63.61660407918431,0.3129683266911241,0.3166435195855516,26.011397404140897,187260.75891437448,186.88485609893476,150.57210577906022,11.601949014845754,38.86336568905371,0.04243142402434562,0.04298702773448985,1.5665966878156503,17110.554650803206,28.630992586648134,13.568842713689886,207421200.0,216842040.0,108959530.0,180792900.0,216863280.0,216863280.0,216863280.0,216863280.0,39167316.0,39167028.0,25025673.0,34523496.0,39167316.0,39167316.0,39167316.0,39167316.0,1,Philippines,Maize (corn),2551.7
126,2011,52.95745281022535,88.04974440514246,0.3325974089403947,0.33187288470972154,25.457663186391194,170643.69412812003,186.74455497466957,147.59261623326066,11.308946831877531,57.21284119839318,0.04065999890044646,0.039575742323435734,1.551990114993524,20830.106200527465,27.59056880561051,14.20803496431062,207421200.0,216842040.0,110945515.0,180792900.0,216863280.0,216863280.0,216863280.0,216863280.0,39167316.0,39167028.0,25282977.0,34523496.0,39167316.0,39167316.0,39167316.0,39167316.0,1,Philippines,Maize (corn),2739.6
126,2012,53.6573785515806,77.26317930338828,0.3241348553034994,0.32476149663514764,25.724876011742484,178338.10658648892,189.07200219096765,149.01895884129337,11.237233898282291,50.05284191030909,0.04176490119823071,0.04093698431454296,1.5483955019976252,17504.04787020795,27.816492441117695,13.77122049387963,207421200.0,216842040.0,136707070.0,180792900.0,216863280.0,216863280.0,216863280.0,216863280.0,39167316.0,39167028.0,28879667.0,34523496.0,39167316.0,39167316.0,39167316.0,39167316.0,1,Philippines,Maize (corn),2855.5
126,2013,53.752825979248875,74.2705310819288,0.3219875877930058,0.3220466916703759,25.820869753095838,176495.80941280074,188.32775371435605,149.30739618946046,11.211021821017633,46.84879915914868,0.042273542700167296,0.04220929981802028,1.5757139952401302,19140.159796593707,27.893224160509302,13.820348334904292,207421200.0,216842040.0,163705130.0,180792900.0,216863280.0,216863280.0,216863280.0,216863280.0,39167316.0,39167028.0,32521707.0,34523496.0,39167316.0,39167316.0,39167316.0,39167316.0,1,Philippines,Maize (corn),2877.6
126,2014,54.287097262384435,63.7056003557517,0.3174272918038898,0.3173485593423772,25.650565030839708,179140.5883646594,188.66077381857167,150.2295247479307,11.415593807791078,43.915060375765606,0.042515034210726624,0.04252667858064263,1.6132533132676359,19793.524793083776,27.824242077204836,13.46637039273505,207421200.0,216842040.0,169317645.0,180792900.0,216863280.0,216863280.0,216863280.0,216863280.0,39167316.0,39167028.0,33066558.0,34523496.0,39167316.0,39167316.0,39167316.0,39167316.0,1,Philippines,Maize (corn),2975.6
126,2015,54.51805429198834,53.3632804806592,0.30613974862628507,0.30633857350351573,25.834318510691325,187779.2823701133,188.35214975064582,152.3729727956937,11.603107434930168,38.99736361517118,0.04706816643216627,0.046988586345410435,1.62577351159867,20099.042247667297,28.03444678249153,13.193487247889577,207421200.0,216842040.0,171469265.0,180792900.0,216863280.0,216863280.0,216863280.0,216863280.0,39167316.0,39167028.0,33481374.0,34523496.0,39167316.0,39167316.0,39167316.0,39167316.0,1,Philippines,Maize (corn),2934.8
126,2016,53.69570102795875,63.68580692005661,0.3066114485263824,0.3067036996872662,26.205004088083903,181802.1448868693,189.7824456354829,151.10592167175642,11.594596168268572,38.283554610459454,0.04678107779747621,0.04682118186284717,1.5965915506236894,19347.972449686487,27.65066683872614,13.481635747594527,207421200.0,216842040.0,179180005.0,180792900.0,216863280.0,216863280.0,216863280.0,216863280.0,39167316.0,39167028.0,34388417.0,34523496.0,39167316.0,39167316.0,39167316.0,39167316.0,1,Philippines,Maize (corn),2905.6
126,2017,55.04272803991137,73.39676628499708,0.3259498014218277,0.3259994824246599,25.864533752865263,175765.9558137445,190.82589375547764,148.71058174552064,11.200865135217303,49.32985519644538,0.043262133590334644,0.04326132518277392,1.5907218569788784,19653.448366425142,27.779611155340525,13.793544194250861,207421200.0,216842040.0,179732800.0,180792900.0,216863280.0,216863280.0,216863280.0,216863280.0,39167316.0,39167028.0,34423253.0,34523496.0,39167316.0,39167316.0,39167316.0,39167316.0,1,Philippines,Maize (corn),3100.7
126,2018,53.93938986529498,65.37289435702242,0.31644617095589633,0.31649609724882305,25.972612041897243,182203.30808975716,189.63036010997328,149.3768609307172,11.887482211035895,45.72247776434427,0.04693701245208175,0.046935783388865886,1.6082038158800354,18487.299273550412,31.361476171686874,13.670228633220619,207421200.0,216842040.0,179451285.0,180792900.0,216863280.0,216863280.0,216863280.0,216863280.0,39167316.0,39167028.0,34397935.0,34523496.0,39167316.0,39167316.0,39167316.0,39167316.0,1,Philippines,Maize (corn),3094.6
126,2019,54.26422575140362,61.41305781686045,0.3119710688789685,0.312107150129709,26.04444875717163,185695.313583621,190.49082908067305,150.46470005874565,11.830023761788334,43.07036792119065,0.0438562941343103,0.04393272055432688,1.582017824809418,18533.579803881606,30.612807588448003,13.561333325579383,207421200.0,216842040.0,178573185.0,180792900.0,216863280.0,216863280.0,216863280.0,216863280.0,39167316.0,39167028.0,34313507.0,34523496.0,39167316.0,39167316.0,39167316.0,39167316.0,1,Philippines,Maize (corn),3170.3
126,2020,54.58006237059428,66.49190120418359,0.31873571202158923,0.3188349445317269,26.18471082051595,184614.41899683868,193.2056161544378,150.38156580787734,11.56118986697381,37.38911136300571,0.03955689000173047,0.03959665683955025,1.6175742495452965,17940.119737599227,29.276068578869435,13.524934559136815,207421200.0,216842040.0,178697715.0,180792900.0,216863280.0,216863280.0,216863280.0,216863280.0,39167316.0,39167028.0,34341708.0,34523496.0,39167316.0,39167316.0,39167316.0,39167316.0,1,Philippines,Maize (corn),3179.0
126,2021,54.63516553139793,68.62017107063656,0.32901769205927844,0.32907285072875675,26.00487125184801,179452.20438293435,189.3106486804673,148.4552557624605,11.455250619796868,48.78538697236003,0.04098370152457082,0.04097041285458365,1.6558087414042146,19855.222684233075,30.30745283677511,13.957249022164337,207421200.0,216842040.0,178853600.0,180792900.0,216863280.0,216863280.0,216863280.0,216863280.0,39167316.0,39167028.0,34343584.0,34523496.0,39167316.0,39167316.0,39167316.0,39167316.0,1,Philippines,Maize (corn),3236.8
126,2022,55.19901191065769,74.13574667328005,0.3355899294217427,0.33561934746666255,25.922870371076797,176184.39694133447,190.55638070361812,148.27861273976902,11.0190233699646,45.93694060671972,0.039248214996201715,0.039233490830918066,1.6210897056081217,17737.7492156828,28.496082456851738,14.125696270843658,207421200.0,216842040.0,178515000.0,180792900.0,216863280.0,216863280.0,216863280.0,216863280.0,39167316.0,39167028.0,34350201.0,34523496.0,39167316.0,39167316.0,39167316.0,39167316.0,1,Philippines,Maize (corn),3268.9
133,1984,31.099418159313455,16.038658939647213,0.24432652034390134,0.24666636236097186,13.049732832445038,212607.75639825614,118.96268298980277,135.89259894947298,5.340147837687266,4.222121156263644,0.029000164471380187,0.029626296907864766,1.2292857865261257,3198.948603936821,16.557050834352335,3.1067991206275583,20427408.0,20487456.0,12491832.0,20487456.0,20487456.0,20487456.0,20487456.0,20487456.0,3715920.0,3715920.0,2914230.0,3715920.0,3715920.0,3715920.0,3715920.0,3715920.0,12,Lesotho,Maize (corn),680.0
133,1985,31.099418159313455,17.857195483367907,0.23513118880135667,0.23878627369548175,13.309006098243925,204164.59870901273,114.49940462893748,141.7310144366803,5.340147837687266,4.935507092943289,0.027426706830226175,0.030648867446004438,1.2058495156275757,3137.310365458187,15.316841280853128,3.6302624003137205,20427408.0,20487456.0,12046244.0,20487456.0,20487456.0,20487456.0,20487456.0,20487456.0,3715920.0,3715920.0,2968600.0,3715920.0,3715920.0,3715920.0,3715920.0,3715920.0,12,Lesotho,Maize (corn),782.2
133,1986,31.099418159313455,19.058684926058216,0.24569668571154274,0.25029287540120143,13.075182848506504,201017.48334940957,118.82234574712177,138.78004077491914,5.340147837687266,5.593376913147335,0.03461040891551449,0.034841738134607586,1.1630298384545679,3186.4505885425187,14.978107871325275,3.4688901345629595,20427408.0,20487456.0,9751856.0,20487456.0,20487456.0,20487456.0,20487456.0,20487456.0,3715920.0,3715920.0,2401676.0,3715920.0,3715920.0,3715920.0,3715920.0,3715920.0,12,Lesotho,Maize (corn),708.9
133,1987,31.099418159313455,20.80033309202502,0.23472120182123032,0.24050135775135498,13.228241672118505,200414.18756174663,115.01512661146704,138.1147129672798,5.340147837687266,6.200356819850716,0.026352929675830465,0.026466568041645475,1.2478386908141894,3680.7758148473595,14.630911762228399,3.2929823934095994,20427408.0,20487456.0,12862692.0,20487456.0,20487456.0,20487456.0,20487456.0,20487456.0,3715920.0,3715920.0,2737648.0,3715920.0,3715920.0,3715920.0,3715920.0,3715920.0,12,Lesotho,Maize (corn),666.4
133,1988,31.099418159313455,26.30629096903061,0.26132118957383293,0.26021355512315325,12.448695148030916,193412.88701259595,120.1726776946113,132.7810903823208,5.340147837687266,7.736240734889138,0.024153355311505174,0.022858200091340205,1.1535451174823776,4352.323458476823,15.264682946175453,2.9896184729351964,20427408.0,20487456.0,16642336.0,20487456.0,20487456.0,20487456.0,20487456.0,20487456.0,3715920.0,3715920.0,3144952.0,3715920.0,3715920.0,3715920.0,3715920.0,3715920.0,12,Lesotho,Maize (corn),922.1
133,1989,31.099418159313455,19.974079783958135,0.26547981519252056,0.2653073952403636,12.153509765863419,198093.31697780394,127.90903253127915,142.37688169190992,5.340147837687266,5.434976488166656,0.023276423685952938,0.023193885818611717,1.1467822053939347,3888.3185200226653,16.05883029428134,3.559992000159383,20427408.0,20487456.0,17714636.0,20487456.0,20487456.0,20487456.0,20487456.0,20487456.0,3715920.0,3715920.0,3304479.0,3715920.0,3715920.0,3715920.0,3715920.0,3715920.0,12,Lesotho,Maize (corn),1047.6
133,1990,31.099418159313455,17.97312377049839,0.2473332539407743,0.24900843554839314,12.582080100973448,202506.4458170342,124.58984609301108,143.43465236007796,5.340147837687266,5.075917262330312,0.024581826554353686,0.024963070612932976,1.1761637926327484,3457.0811959001744,16.81645505654921,3.632867661344275,20427408.0,20487456.0,17790432.0,20487456.0,20487456.0,20487456.0,20487456.0,20487456.0,3715920.0,3715920.0,3360743.0,3715920.0,3715920.0,3715920.0,3715920.0,3715920.0,12,Lesotho,Maize (corn),1100.0
133,1991,31.099418159313455,23.26109578184821,0.25202108226302594,0.25251010247340067,12.71897466480732,198483.36588994332,132.30105127898838,139.15635083496232,5.340147837687266,5.8112535997107635,0.021574331506084145,0.02188534774378389,1.1156818443390184,3447.639977041131,15.683474414745579,3.271867144821764,20427408.0,20487456.0,17344868.0,20487456.0,20487456.0,20487456.0,20487456.0,20487456.0,3715920.0,3715920.0,3378562.0,3715920.0,3715920.0,3715920.0,3715920.0,3715920.0,12,Lesotho,Maize (corn),540.8
133,1992,31.099418159313455,12.584748770455542,0.21492996077156726,0.2154005616482938,13.556346149908173,214922.67502490073,109.20919622995856,143.08241599447246,5.340147837687266,3.9730072065606543,0.020948483870311747,0.0211519308128487,1.2171098352764114,3401.5154397394026,14.028338945784398,3.558119474501509,20427408.0,20487456.0,19637744.0,20487456.0,20487456.0,20487456.0,20487456.0,20487456.0,3715920.0,3715920.0,3617527.0,3715920.0,3715920.0,3715920.0,3715920.0,3715920.0,12,Lesotho,Maize (corn),579.2
133,1993,31.099418159313455,19.083408450812605,0.2386466182975305,0.23871076705405178,13.11762220826414,205149.65242822873,122.28193894148067,134.3289510559396,5.340147837687266,5.699777390091564,0.0204503183959633,0.02044486900930042,1.168805983014038,3622.193249585665,17.094500627873288,3.1454947734851255,20427408.0,20487456.0,20299484.0,20487456.0,20487456.0,20487456.0,20487456.0,20487456.0,3715920.0,3715920.0,3696907.0,3715920.0,3715920.0,3715920.0,3715920.0,3715920.0,12,Lesotho,Maize (corn),887.5
133,1994,31.099418159313455,15.10554428868962,0.22725956866310698,0.22771086685049713,12.352266391946209,208551.59163939414,104.93895211795206,131.2753481828787,5.340147837687266,4.3625723145507695,0.019600783848844436,0.020182209303531352,1.2136585890229334,3495.3727593064777,11.941980078825218,2.7926362061735723,20427408.0,20487456.0,19910624.0,20487456.0,20487456.0,20487456.0,20487456.0,20487456.0,3715920.0,3715920.0,3630228.0,3715920.0,3715920.0,3715920.0,3715920.0,3715920.0,12,Lesotho,Maize (corn),862.9
133,1995,31.099418159313455,18.25477022594643,0.22443554664237628,0.22444074364633826,13.097798079252243,201997.40990509867,120.16618052737174,144.79966158563875,5.340147837687266,4.764645758054594,0.021478760964327038,0.021450507512948285,1.2524502940673803,3138.499875976451,17.10163595265683,3.8225693770786475,20427408.0,20487456.0,20117436.0,20487456.0,20487456.0,20487456.0,20487456.0,20487456.0,3715920.0,3715920.0,3681281.0,3715920.0,3715920.0,3715920.0,3715920.0,3715920.0,12,Lesotho,Maize (corn),812.6
133,1996,31.099418159313455,22.36654942883953,0.26016323278761566,0.26019526182507285,12.155838755269846,197165.10814932454,131.78477455770553,138.0302446655303,5.340147837687266,6.470124502275473,0.02050211383731275,0.02049281947615484,1.1862737953666047,4419.112234240567,16.52421270528675,3.4487412423178085,20427408.0,20487456.0,20283324.0,20487456.0,20487456.0,20487456.0,20487456.0,20487456.0,3715920.0,3715920.0,3702887.0,3715920.0,3715920.0,3715920.0,3715920.0,3715920.0,12,Lesotho,Maize (corn),1249.0
133,1997,31.099418159313455,18.653561300421476,0.27172483389990193,0.271732771803918,12.606581153141128,203443.43968115214,132.68367169767265,138.99475204842673,5.340147837687266,5.797562700850237,0.01969291608256769,0.01970400859087934,1.2226792523779235,3739.0452356285596,16.501480925477853,3.4929536267265373,20427408.0,20487456.0,20440160.0,20487456.0,20487456.0,20487456.0,20487456.0,20487456.0,3715920.0,3715920.0,3713098.0,3715920.0,3715920.0,3715920.0,3715920.0,3715920.0,12,Lesotho,Maize (corn),985.7
133,1998,31.099418159313455,22.10438352290252,0.24939742218703026,0.24943959866821386,13.1968541542689,202469.2552464881,136.10665060332363,137.44195067603246,5.340147837687266,6.177471757069209,0.020535119114095265,0.020555992381624363,1.1426964189632405,3337.4950356621584,16.746588737529404,3.153115730350249,20427408.0,20487456.0,20137500.0,20487456.0,20487456.0,20487456.0,20487456.0,20487456.0,3715920.0,3715920.0,3690616.0,3715920.0,3715920.0,3715920.0,3715920.0,3715920.0,12,Lesotho,Maize (corn),1317.1
133,1999,31.099418159313455,16.834029382389723,0.22900244603968323,0.22905777615571063,13.689596639739143,204651.60513997008,116.65369448325717,136.7327740721543,5.340147837687266,4.814784220586195,0.020453212247063014,0.020427126970096302,1.19282904581658,3331.730973472379,16.27298595548241,3.241536173900853,20427408.0,20487456.0,19687688.0,20487456.0,20487456.0,20487456.0,20487456.0,20487456.0,3715920.0,3715920.0,3632830.0,3715920.0,3715920.0,3715920.0,3715920.0,3715920.0,12,Lesotho,Maize (corn),941.0
133,2000,24.20116615613541,19.700680013152393,0.257085314227475,0.25709336051590753,12.679711717698309,198898.86854769505,122.22120765971901,128.96130013821434,4.182038718007232,5.207288531928854,0.018997419556105274,0.018927369655267007,1.196243257932522,4141.010844071305,15.253229998296986,2.6654220299853826,12483416.0,20487456.0,20168100.0,20487456.0,20487456.0,20487456.0,20487456.0,20487456.0,2270840.0,3715920.0,3677265.0,3715920.0,3715920.0,3715920.0,3715920.0,3715920.0,12,Lesotho,Maize (corn),677.3
133,2001,31.099418159313455,23.459953930991162,0.263192875103818,0.2629761796602101,12.846869808104303,196055.4872654881,130.51825965920904,140.79265159231952,4.940394346819706,5.71384858906414,0.02182502998346736,0.021532280228296872,1.2127511493221703,3933.7960427406742,15.758129618487244,3.2357110871221497,20427408.0,20487456.0,18028332.0,20487456.0,20487456.0,20487456.0,20487456.0,20487456.0,3715920.0,3715920.0,3441748.0,3715920.0,3715920.0,3715920.0,3715920.0,3715920.0,12,Lesotho,Maize (corn),891.3
133,2002,31.366416872758023,18.160067518543634,0.26377270877775216,0.2637030938785168,12.879672606786093,204703.10942677216,130.25362294147138,141.11520368713866,4.979674707383913,3.5031575153039682,0.02158739789710516,0.021605056050107468,1.1604522583188213,3796.401466906499,16.214756795356678,3.2657942707333856,20427408.0,20487456.0,20099888.0,20487456.0,20487456.0,20487456.0,20487456.0,20487456.0,3715920.0,3715920.0,3662486.0,3715920.0,3715920.0,3715920.0,3715920.0,3715920.0,12,Lesotho,Maize (corn),808.8
133,2003,28.498759283677195,15.112895151302256,0.2271237857639789,0.2273696650469835,13.763591231571304,208491.7077685193,118.54714910418008,144.02523632369656,5.015695861334409,3.018668238756396,0.02173246257400614,0.021863112370253644,1.246155553874192,3435.0495451203765,16.890742719608316,3.66816569120903,20427408.0,20487456.0,19367548.0,20487456.0,20487456.0,20487456.0,20487456.0,20487456.0,3715920.0,3715920.0,3648588.0,3715920.0,3715920.0,3715920.0,3715920.0,3715920.0,12,Lesotho,Maize (corn),643.9
133,2004,29.306021831872428,17.643612622706286,0.2356745244728194,0.23581299655756238,13.489508206645647,203836.70933820197,120.2983547475869,141.07036241430944,5.702753118627327,3.925432376883351,0.022163496357055307,0.022228126449788825,1.218955457114782,3473.71407063888,17.53745754887915,3.621520681533999,20427408.0,20487456.0,19416472.0,20487456.0,20487456.0,20487456.0,20487456.0,20487456.0,3715920.0,3715920.0,3673754.0,3715920.0,3715920.0,3715920.0,3715920.0,3715920.0,12,Lesotho,Maize (corn),634.7
133,2005,30.814011345844772,18.230857639318387,0.24524899054732582,0.2453037704133082,13.708731806940502,204599.4472606506,132.5405232549391,141.12078712306587,6.029901645588987,3.8436266665629137,0.020897422391962264,0.020986556798069544,1.2209355345495094,4027.1623601393503,18.22937231139846,3.639053760426959,20427408.0,20487456.0,20171252.0,20487456.0,20487456.0,20487456.0,20487456.0,20487456.0,3715920.0,3715920.0,3706076.0,3715920.0,3715920.0,3715920.0,3715920.0,3715920.0,12,Lesotho,Maize (corn),701.1
133,2006,33.98954041376984,24.20581324659066,0.2815432674768898,0.2815171864343837,12.751746093233427,193595.8168498514,130.31188831634358,138.8400384841318,5.348837423643564,4.832019241316676,0.018186825755830204,0.01821860887567427,1.2196408148168698,4151.375187006604,14.26012306065637,3.2666291070544546,20427408.0,20487456.0,19364840.0,20487456.0,20487456.0,20487456.0,20487456.0,20487456.0,3715920.0,3715920.0,3677434.0,3715920.0,3715920.0,3715920.0,3715920.0,3715920.0,12,Lesotho,Maize (corn),556.7
133,2007,26.460560125429996,17.510378623684396,0.23509542240450776,0.23510430260020035,13.570966399378246,208796.08966761886,110.16514122774247,146.19760750525703,4.804830733787646,3.820811378324383,0.01835639047463995,0.018391078901023514,1.287400855132367,3319.6434484009214,17.18687268630545,4.570586778178178,20427408.0,20487456.0,20256696.0,20487456.0,20487456.0,20487456.0,20487456.0,20487456.0,3715920.0,3715920.0,3704734.0,3715920.0,3715920.0,3715920.0,3715920.0,3715920.0,12,Lesotho,Maize (corn),487.7
133,2008,30.24809122240633,18.306707143004154,0.258038033834762,0.2580316455682426,13.62097719642851,206904.67549496077,128.83502472806788,142.15569632485926,5.355314721576015,3.9405632595897435,0.01702560072251309,0.017033555079005877,1.2751661815733228,3157.71448399852,16.229158213975435,4.219347865454115,20427408.0,20487456.0,20349472.0,20487456.0,20487456.0,20487456.0,20487456.0,20487456.0,3715920.0,3715920.0,3709335.0,3715920.0,3715920.0,3715920.0,3715920.0,3715920.0,12,Lesotho,Maize (corn),434.9
133,2009,31.413462175533336,19.55660512738945,0.266588601283729,0.26659747592820515,13.319876276784473,200404.172905517,132.68782842245608,140.38246321666534,5.857558966006522,4.083598460255745,0.018547541374367028,0.018556631512609265,1.2523639639755195,4076.7457181213194,17.124603683249678,3.878887148254807,20427408.0,20487456.0,20329784.0,20487456.0,20487456.0,20487456.0,20487456.0,20487456.0,3715920.0,3715920.0,3708012.0,3715920.0,3715920.0,3715920.0,3715920.0,3715920.0,12,Lesotho,Maize (corn),415.9
133,2010,31.520859925432482,21.974139174112317,0.25867447919315756,0.25871896885887014,13.849556323554781,202993.6218233443,133.52512335661643,140.81792538528683,5.3723256045259955,4.063116182680086,0.015577610478378613,0.015567867608177346,1.1802307335869815,3810.9607421012383,15.848395207014265,3.657191936722714,20427408.0,20487456.0,20364380.0,20487456.0,20487456.0,20487456.0,20487456.0,20487456.0,3715920.0,3715920.0,3703354.0,3715920.0,3715920.0,3715920.0,3715920.0,3715920.0,12,Lesotho,Maize (corn),907.1
133,2011,32.56413862919855,20.001986281289046,0.27629831598864657,0.27628406839190833,12.714909618099531,201923.1749309842,138.19216823265162,139.35590722408924,4.936342711935126,3.9145026710278565,0.015190873602558615,0.015202591111082544,1.1900961611986614,3914.718925449206,14.222661501660221,3.3785969206106,20427408.0,20487456.0,20276840.0,20487456.0,20487456.0,20487456.0,20487456.0,20487456.0,3715920.0,3715920.0,3708781.0,3715920.0,3715920.0,3715920.0,3715920.0,3715920.0,12,Lesotho,Maize (corn),634.4
133,2012,29.484648800404962,17.749725177959476,0.24742608455320195,0.24742608257746251,13.53756449619929,206600.62171290233,127.72570602824152,141.92243347161158,5.264461527919917,3.6360007363102236,0.018071213237055978,0.018071213237055978,1.2993690879152153,3690.097000370483,15.884379373311905,4.3361217106705086,20427408.0,20487456.0,20487456.0,20487456.0,20487456.0,20487456.0,20487456.0,20487456.0,3715920.0,3715920.0,3715920.0,3715920.0,3715920.0,3715920.0,3715920.0,3715920.0,12,Lesotho,Maize (corn),695.2
133,2013,29.267096681608013,16.83294198336192,0.2267455419318543,0.22674553994951255,14.035978509320152,209839.30210662662,124.24201103679694,143.6785217617729,5.257780057349619,3.6256158045591156,0.01588925613377953,0.01588925613377953,1.2628769485160631,3518.3944743211778,15.900937147659038,4.341128329601059,20427408.0,20487456.0,20487456.0,20487456.0,20487456.0,20487456.0,20487456.0,20487456.0,3715920.0,3715920.0,3715920.0,3715920.0,3715920.0,3715920.0,3715920.0,3715920.0,12,Lesotho,Maize (corn),822.7
133,2014,31.297880823587523,18.60837919631059,0.23439832528432206,0.23448586329478793,13.809649460845524,206194.33752857184,128.51109516518386,141.93483536359162,4.826430841341517,3.842203849190381,0.016076244010347487,0.0160616931732952,1.2183588127128089,3501.081200422318,14.433546941167934,3.8940120764161943,20427408.0,20487456.0,20386004.0,20487456.0,20487456.0,20487456.0,20487456.0,20487456.0,3715920.0,3715920.0,3687852.0,3715920.0,3715920.0,3715920.0,3715920.0,3715920.0,12,Lesotho,Maize (corn),678.6
133,2015,27.989096121997846,14.141337224171886,0.21867523942556644,0.21867327569152312,15.088287601868311,213580.80682774555,119.94604858652107,146.4394529781539,4.917638335846964,2.615952012892917,0.016941421047008586,0.016936789808070854,1.2764172721264986,3046.780703839105,15.316357800662823,4.3813771572968685,20427408.0,20487456.0,20446168.0,20487456.0,20487456.0,20487456.0,20487456.0,20487456.0,3715920.0,3715920.0,3712851.0,3715920.0,3715920.0,3715920.0,3715920.0,3715920.0,12,Lesotho,Maize (corn),657.1
133,2016,29.512960832469812,15.5163323536152,0.23332197043216885,0.23358312581619403,14.755719270971086,207233.58562342444,124.17009971191462,144.91689351668276,5.556395424631459,3.3100422001041565,0.01899415828148397,0.019291375111936324,1.3163428295502528,3864.7482697969817,16.974034192108974,4.123675962613246,20427408.0,20487456.0,20393708.0,20487456.0,20487456.0,20487456.0,20487456.0,20487456.0,3715920.0,3715920.0,3698240.0,3715920.0,3715920.0,3715920.0,3715920.0,3715920.0,12,Lesotho,Maize (corn),468.0
133,2017,31.016239006553278,16.357971148503978,0.22394443903532288,0.2240608351941561,14.139965693155924,205832.7650468238,128.25489432014245,143.39703033928856,5.159905612923344,3.523167452109965,0.0170630883798012,0.017115098438761626,1.2321262584309371,3171.2374259625253,15.034714658983631,4.099885391591436,20427408.0,20487456.0,20400288.0,20487456.0,20487456.0,20487456.0,20487456.0,20487456.0,3715920.0,3715920.0,3695829.0,3715920.0,3715920.0,3715920.0,3715920.0,3715920.0,12,Lesotho,Maize (corn),1040.9
133,2018,31.83461624473103,18.660837514204374,0.23825875493801296,0.23826785347691842,13.961749451027977,209689.26869903173,131.3268406112089,142.8927679568845,5.445186952768246,3.7059147708101756,0.01831722434981994,0.01833068422867615,1.1909808945372502,3493.722339726575,15.943832153365134,4.456140526964052,20427408.0,20487456.0,20470116.0,20487456.0,20487456.0,20487456.0,20487456.0,20487456.0,3715920.0,3715920.0,3706701.0,3715920.0,3715920.0,3715920.0,3715920.0,3715920.0,12,Lesotho,Maize (corn),868.4
133,2019,29.852848580417135,18.08316156372509,0.21236130295114383,0.2123095455200348,15.202051533593071,213220.11180189194,126.24099122120843,146.91893287855984,5.149551982266809,3.6582431228591696,0.015074140783966032,0.01511293192577483,1.1722250852911713,2975.6978735640932,15.40690002286987,4.776081717953733,20427408.0,20487456.0,20399612.0,20487456.0,20487456.0,20487456.0,20487456.0,20487456.0,3715920.0,3715920.0,3684214.0,3715920.0,3715920.0,3715920.0,3715920.0,3715920.0,12,Lesotho,Maize (corn),768.8
133,2020,32.48162050912319,20.152646389434107,0.23061596302108628,0.23065191821375797,13.621126628584332,204917.84159725707,132.6281648290393,140.6930036946526,5.340147837687266,3.95087158800935,0.016158890678709615,0.016164115393765107,1.0972458614268659,3362.8564556378424,14.955921017607904,4.515668481089433,20427408.0,20487456.0,20430908.0,20487456.0,20487456.0,20487456.0,20487456.0,20487456.0,3715920.0,3715920.0,3708872.0,3715920.0,3715920.0,3715920.0,3715920.0,3715920.0,12,Lesotho,Maize (corn),456.9
133,2021,33.82533346877668,17.77630706285663,0.24473043489787308,0.24477972057101333,13.357122452722656,199669.8118846823,131.4235918909109,140.51247914866886,5.3721607625421575,3.9219255891354674,0.01645800233626412,0.016502207592616478,1.1562945020732098,3669.5815952958937,13.239782320822014,3.925836584877003,20427408.0,20487456.0,20401448.0,20487456.0,20487456.0,20487456.0,20487456.0,20487456.0,3715920.0,3715920.0,3705591.0,3715920.0,3715920.0,3715920.0,3715920.0,3715920.0,12,Lesotho,Maize (corn),1025.2
133,2022,36.79751956516372,23.40829376109524,0.2706509428098798,0.27065094198105916,13.578632003731197,196533.98356257554,137.2441074330173,138.7233970568279,5.391341213971846,4.880695468702108,0.016866377714283568,0.016866377714283568,1.1152044490740325,3717.3286201251194,12.772443703085775,3.6105188142936617,20427408.0,20487456.0,20487456.0,20487456.0,20487456.0,20487456.0,20487456.0,20487456.0,3715920.0,3715920.0,3715920.0,3715920.0,3715920.0,3715920.0,3715920.0,3715920.0,12,Lesotho,Maize (corn),804.6
141,1984,35.33272974811962,13.273743691516312,0.17810170342110923,0.1765272260167236,16.417829698986477,206693.11640874093,123.54847038904447,140.93489091641135,13.483713161415452,9.150726200682351,0.05494478388661973,0.05335856980561892,2.0300438358161355,16764.323753365614,33.578895084074354,5.417100160823814,1198832400.0,1225664784.0,1123472880.0,1213910064.0,1225664784.0,1225664784.0,1219502088.0,1219603176.0,110637072.0,110637072.0,101092915.0,109824588.0,110637072.0,110637072.0,110324700.0,110331720.0,7,South Africa,Maize (corn),991.3
141,1985,35.33272974811962,14.678658860274341,0.17182916226900283,0.171913268836096,16.525072318536264,201493.87536264549,122.11623659752979,147.5383783853278,13.483713161415452,9.721336955063192,0.052525337657122854,0.05118760505242424,1.8078938006850889,15288.813070188578,28.90480102762297,5.676351326661695,1198832400.0,1225664784.0,1147074444.0,1213910064.0,1225664784.0,1225664784.0,1219502088.0,1219603176.0,110637072.0,110637072.0,102214253.0,109824588.0,110637072.0,110637072.0,110324700.0,110331720.0,7,South Africa,Maize (corn),1875.6
141,1986,35.33272974811962,15.070806044611288,0.16889067718552214,0.16812491291704712,16.515853329941077,200908.81200597298,120.87039727801869,145.99941798265448,13.483713161415452,9.71213717424208,0.0559524301167358,0.05109632687403839,1.8296376078352727,16016.772115885302,31.047993737713345,6.038380396071272,1198832400.0,1225664784.0,927102714.0,1213910064.0,1225664784.0,1225664784.0,1219502088.0,1219603176.0,110637072.0,110637072.0,82947884.0,109824588.0,110637072.0,110637072.0,110324700.0,110331720.0,7,South Africa,Maize (corn),1780.9
141,1987,35.33272974811962,16.072656935202865,0.17239754336575663,0.1748971752604838,16.456289582782322,199031.67743885802,123.95838211280831,143.46527897371868,13.483713161415452,11.695737680599766,0.052117363982806406,0.05070875545796315,1.9230402674036828,15997.878918827148,32.41977894014598,5.848222241777141,1198832400.0,1225664784.0,1040794476.0,1213910064.0,1225664784.0,1225664784.0,1219502088.0,1219603176.0,110637072.0,110637072.0,91130227.0,109824588.0,110637072.0,110637072.0,110324700.0,110331720.0,7,South Africa,Maize (corn),1558.4
141,1988,35.33272974811962,17.55138440310973,0.18790801628714512,0.18677808365966048,15.988784836398231,196928.55501105796,120.86207826230185,139.48936129190994,13.483713161415452,11.58763471126945,0.04797851913773889,0.047164987097694705,1.8901482831957657,16602.26559255003,29.833318789123048,5.4363158945229415,1198832400.0,1225664784.0,1114237242.0,1213910064.0,1225664784.0,1225664784.0,1219502088.0,1219603176.0,110637072.0,110637072.0,98774802.0,109824588.0,110637072.0,110637072.0,110324700.0,110331720.0,7,South Africa,Maize (corn),1619.5
141,1989,35.33272974811962,16.856171467716038,0.19471818222491827,0.19253124497212795,15.798948533005184,199657.03391518374,136.66551985836563,148.69575924671335,13.483713161415452,10.692169951537236,0.04751637108665855,0.04679061105668314,1.8951634129588821,15846.891936354716,33.32965479254736,6.370372132354511,1198832400.0,1225664784.0,1148791416.0,1213910064.0,1225664784.0,1225664784.0,1219502088.0,1219603176.0,110637072.0,110637072.0,102597690.0,109824588.0,110637072.0,110637072.0,110324700.0,110331720.0,7,South Africa,Maize (corn),2840.5
141,1990,35.33272974811962,13.418793914120375,0.18080193777051234,0.17991609589573532,16.185840792126125,202736.66015380205,131.2790634926462,150.30112339372835,13.483713161415452,8.501442593012792,0.04856243427882636,0.04753285527264218,1.9401838375112537,15663.166588068663,32.336195382993544,6.39496592744959,1198832400.0,1225664784.0,1143724536.0,1213910064.0,1225664784.0,1225664784.0,1219502088.0,1219603176.0,110637072.0,110637072.0,101974945.0,109824588.0,110637072.0,110637072.0,110324700.0,110331720.0,7,South Africa,Maize (corn),2205.1
141,1991,35.33272974811962,16.051396788015392,0.18178507544238254,0.1813234812531824,16.108195892086737,200152.90025510886,134.68081374918455,146.73300656408477,13.483713161415452,10.262554873768165,0.04524288088213019,0.04448095248491998,1.7777427761116784,15742.793371753683,32.00283354236515,5.781107122534909,1198832400.0,1225664784.0,1135353624.0,1213910064.0,1225664784.0,1225664784.0,1219502088.0,1219603176.0,110637072.0,110637072.0,103324863.0,109824588.0,110637072.0,110637072.0,110324700.0,110331720.0,7,South Africa,Maize (corn),2257.3
141,1992,35.33272974811962,12.571151057267048,0.15696795070888817,0.15723830645498302,16.643763972653282,209433.78998402585,115.66069144340001,147.8294506983844,13.483713161415452,8.6932830241742,0.04713262628759042,0.047080074433179006,1.9382766039796624,16019.627183756198,27.45265142560372,6.054327431307625,1198832400.0,1225664784.0,1201240440.0,1213910064.0,1225664784.0,1225664784.0,1219502088.0,1219603176.0,110637072.0,110637072.0,107824463.0,109824588.0,110637072.0,110637072.0,110324700.0,110331720.0,7,South Africa,Maize (corn),785.3
141,1993,35.33272974811962,15.952514973936138,0.1739757466992294,0.17398434326271334,16.51895240721879,203400.89172758994,129.09849961521397,139.5184250718635,13.483713161415452,10.367191295646334,0.049494616342384216,0.04947977305169621,1.8686109246903901,15670.033464637176,28.51067239425242,5.353010848419227,1198832400.0,1225664784.0,1213015914.0,1213910064.0,1225664784.0,1225664784.0,1219502088.0,1219603176.0,110637072.0,110637072.0,109740243.0,109824588.0,110637072.0,110637072.0,110324700.0,110331720.0,7,South Africa,Maize (corn),2284.0
141,1994,35.33272974811962,12.56233038379681,0.16799384127888412,0.168100656817609,15.940811857029244,206013.7791778688,109.04333270086879,136.45381042122682,13.483713161415452,8.295927723402627,0.05108652131883636,0.051072610226417015,1.954529760135027,15927.50456386264,23.41089993888373,5.005415851804303,1198832400.0,1225664784.0,1205643126.0,1213910064.0,1225664784.0,1225664784.0,1219502088.0,1219603176.0,110637072.0,110637072.0,108984597.0,109824588.0,110637072.0,110637072.0,110324700.0,110331720.0,7,South Africa,Maize (corn),2848.1
141,1995,35.33272974811962,17.080865578366474,0.17203032549608632,0.17206528728808784,16.266283147864872,200916.88859705476,133.62414817961422,149.14991571981608,13.483713161415452,10.19211127373446,0.0476673842357787,0.04767855936463827,1.9376616744481168,15329.178229494373,32.627593096927754,6.271446464393296,1198832400.0,1225664784.0,1210081704.0,1213910064.0,1225664784.0,1225664784.0,1219502088.0,1219603176.0,110637072.0,110637072.0,109390677.0,109824588.0,110637072.0,110637072.0,110324700.0,110331720.0,7,South Africa,Maize (corn),1380.0
141,1996,35.33272974811962,19.12350277006106,0.1957658671394542,0.19586846597643906,15.508199089103275,198059.5801349926,141.5061511292308,143.42517395862419,13.483713161415452,12.36198116531806,0.049439523036548305,0.049396441333115944,1.9004551235939287,15773.675034842947,31.977486650822772,5.849486944180891,1198832400.0,1225664784.0,1206588186.0,1213910064.0,1225664784.0,1225664784.0,1219502088.0,1219603176.0,110637072.0,110637072.0,109171138.0,109824588.0,110637072.0,110637072.0,110324700.0,110331720.0,7,South Africa,Maize (corn),2704.3
141,1997,35.33272974811962,16.174471889765933,0.20031218858504735,0.20030997984795895,15.938913197429091,199553.19178540143,140.659026042156,143.72084331537644,13.483713161415452,10.401378433570878,0.049770402115696305,0.049769771346534646,1.8695997918035734,15900.249305747699,31.853921885049882,5.711903883154728,1198832400.0,1225664784.0,1211348682.0,1213910064.0,1225664784.0,1225664784.0,1219502088.0,1219603176.0,110637072.0,110637072.0,109792967.0,109824588.0,110637072.0,110637072.0,110324700.0,110331720.0,7,South Africa,Maize (corn),2519.5
141,1998,35.33272974811962,16.698037442320793,0.18230743720023718,0.18222653546929907,16.471844918198055,200962.9441514602,143.2490966401951,143.98609553625795,13.483713161415452,10.246731766758458,0.0476519365797745,0.04757420732458382,1.8056872660784853,16230.299478502488,32.46543212130212,5.451747564555183,1198832400.0,1225664784.0,1191148278.0,1213910064.0,1225664784.0,1225664784.0,1219502088.0,1219603176.0,110637072.0,110637072.0,109097555.0,109824588.0,110637072.0,110637072.0,110324700.0,110331720.0,7,South Africa,Maize (corn),2161.1
141,1999,35.33272974811962,13.106360432243047,0.17580824986928037,0.1758579192039393,17.001758910991526,202993.54726386737,125.10551205521953,141.46531095972534,13.483713161415452,8.523452414921454,0.04615621416382995,0.04615902757751961,1.8798601378715136,15518.066635482586,30.17823583611828,5.017847047796955,1198832400.0,1225664784.0,1164272100.0,1213910064.0,1225664784.0,1225664784.0,1219502088.0,1219603176.0,110637072.0,110637072.0,108479464.0,109824588.0,110637072.0,110637072.0,110324700.0,110331720.0,7,South Africa,Maize (corn),2227.4
141,2000,31.78803026463808,15.718911520716675,0.1959984452222232,0.19582290556780427,15.947610336321372,197710.89848654694,125.31272877016335,134.5184399348583,12.887043941706812,9.41731218007998,0.053217547271095324,0.053039891353147545,1.8309714076628467,16982.2134516578,30.931398221276474,4.568172920324138,732619800.0,1225664784.0,1179480630.0,1213910064.0,1225664784.0,1225664784.0,1219502088.0,1219603176.0,67611544.0,110637072.0,108574087.0,109824588.0,110637072.0,110637072.0,110324700.0,110331720.0,7,South Africa,Maize (corn),2849.2
141,2001,34.28691475087937,15.39478124869038,0.1988856462002904,0.1943063735765886,16.277226677647345,196614.54566177278,136.72539992454668,146.4603669843176,13.257940165073625,8.603743844371616,0.04640228002945785,0.04674840577418556,1.788283388059472,15956.470727033287,31.299606475732507,5.665496053816803,1198832400.0,1225664784.0,1027038564.0,1213910064.0,1225664784.0,1225664784.0,1219502088.0,1219603176.0,110637072.0,110637072.0,101456733.0,109824588.0,110637072.0,110637072.0,110324700.0,110331720.0,7,South Africa,Maize (corn),2437.1
141,2002,33.82027209370639,13.981827648091338,0.18721864820906406,0.18652518112750982,16.386431912581127,205165.79219600392,131.5814865827408,148.38867078443113,12.963004268543457,7.215064436054895,0.045896936570699716,0.04597470942539856,1.827386586193305,14287.911439376467,30.49065576593564,5.767677518194819,1198832400.0,1225664784.0,1182741384.0,1213910064.0,1225664784.0,1225664784.0,1219502088.0,1219603176.0,110637072.0,110637072.0,108652743.0,109824588.0,110637072.0,110637072.0,110324700.0,110331720.0,7,South Africa,Maize (corn),2851.6
141,2003,31.816576595575984,11.686453585623473,0.1691534851712209,0.1689606200075005,16.923162113737177,206311.04291496347,125.64404994627606,150.02604424447506,12.922261133345845,6.686242094187463,0.047739676428674285,0.04757997448933935,1.8491202248778138,15420.220315730785,30.05521133763743,5.835671065595227,1198832400.0,1225664784.0,1177012470.0,1213910064.0,1225664784.0,1225664784.0,1219502088.0,1219603176.0,110637072.0,110637072.0,106049154.0,109824588.0,110637072.0,110637072.0,110324700.0,110331720.0,7,South Africa,Maize (corn),2658.2
141,2004,33.53987466557896,14.798225576273417,0.17474232075942883,0.17434537764585614,16.647945949324853,202781.15287600283,130.7145695587584,146.51580319177083,13.13070875797171,8.633941509059909,0.04782990883388111,0.04766852206043712,1.7568513482800638,15396.430492554395,30.645753140067004,5.479502494359752,1198832400.0,1225664784.0,1172512332.0,1213910064.0,1225664784.0,1225664784.0,1219502088.0,1219603176.0,110637072.0,110637072.0,105480396.0,109824588.0,110637072.0,110637072.0,110324700.0,110331720.0,7,South Africa,Maize (corn),3030.5
141,2005,35.71945855617342,14.532166144599229,0.17841437631459145,0.1777242844460678,16.952332739476805,203732.7656438909,138.75126216242356,147.05003394783864,13.483713161415452,8.642206538631216,0.04737824660024904,0.04733102461583477,1.9417105977435436,16041.268366190865,32.3847121625389,6.058586815451941,1198832400.0,1225664784.0,1173851418.0,1213910064.0,1225664784.0,1225664784.0,1219502088.0,1219603176.0,110637072.0,110637072.0,105505260.0,109824588.0,110637072.0,110637072.0,110324700.0,110331720.0,7,South Africa,Maize (corn),3635.1
141,2006,36.71197208658035,18.30529621149015,0.20035658438724496,0.19855467009503552,16.133587148454453,194572.34270779495,137.28828032994045,145.55524587534478,13.818819818988231,10.627861568561483,0.04623020866935223,0.046629545126696384,1.7908516826775593,16983.3701735165,31.4090900498007,5.5701218595328506,1198832400.0,1225664784.0,1176921780.0,1213910064.0,1225664784.0,1225664784.0,1219502088.0,1219603176.0,110637072.0,110637072.0,105491310.0,109824588.0,110637072.0,110637072.0,110324700.0,110331720.0,7,South Africa,Maize (corn),3412.2
141,2007,32.989212914616004,14.27582578486749,0.1749970778064043,0.1745425618360732,16.648516365775354,206553.9646268042,123.26317895930266,150.0642190269071,13.1771583023565,8.243909221114604,0.04530839430553626,0.04519066860398514,1.7818138910880212,15304.786075263828,32.756516943402595,7.942535645563673,1198832400.0,1225664784.0,1182845580.0,1213910064.0,1225664784.0,1225664784.0,1224466482.0,1224486138.0,110637072.0,110637072.0,107981895.0,109824588.0,110637072.0,110637072.0,110576333.0,110577698.0,7,South Africa,Maize (corn),2792.1
141,2008,35.104020844529835,14.838615730763763,0.18783728243714126,0.18716392447106125,16.665951953993904,202910.14658890342,140.7859823335257,147.82861848115303,12.97995093448044,9.521868911077469,0.04520207025930643,0.0451934143427975,1.9203022243756076,17020.589919527552,31.157886471845337,8.56063604201473,1198832400.0,1225664784.0,1187407320.0,1213910064.0,1225664784.0,1225664784.0,1225664784.0,1225664784.0,110637072.0,110637072.0,107831391.0,109824588.0,110637072.0,110637072.0,110637072.0,110637072.0,7,South Africa,Maize (corn),4537.3
141,2009,35.98006736499982,16.9016787731753,0.19609540597432187,0.19501435565799533,16.49377003201732,198835.51145604276,142.33888558797028,145.7477895675656,13.287587020826079,9.63058688034982,0.045484846492655884,0.04567689689486735,1.8468412937339125,16197.875577518293,31.50509631255286,8.419918915759455,1198832400.0,1225664784.0,1185066444.0,1213910064.0,1225664784.0,1225664784.0,1225664784.0,1225664784.0,110637072.0,110637072.0,107374853.0,109824588.0,110637072.0,110637072.0,110637072.0,110637072.0,7,South Africa,Maize (corn),4964.0
141,2010,35.72756428755694,16.193334994421598,0.18887824440995848,0.1879467308298491,16.87878912025028,200069.81605268814,142.11608369147,146.3886654772436,12.588718084530443,8.847040573626586,0.04590188449423278,0.04595982040938182,1.763266300455598,16440.196341616513,30.24123927426815,8.328290344714205,1198832400.0,1225664784.0,1185608502.0,1213910064.0,1225664784.0,1225664784.0,1225664784.0,1225664784.0,110637072.0,110637072.0,107532734.0,109824588.0,110637072.0,110637072.0,110637072.0,110637072.0,7,South Africa,Maize (corn),4673.6
141,2011,36.414998976923414,14.144550502521136,0.19654477373869328,0.19584777534417533,16.183348693229533,200577.14963754886,143.6796627888687,145.23279689817122,13.569346471078646,8.37864434236433,0.045165922171578075,0.04517198060457052,1.8207660190339618,16326.249082425004,31.127748625593558,8.615042825308665,1198832400.0,1225664784.0,1188101928.0,1213910064.0,1225664784.0,1225664784.0,1225664784.0,1225664784.0,110637072.0,110637072.0,107987502.0,109824588.0,110637072.0,110637072.0,110637072.0,110637072.0,7,South Africa,Maize (corn),4367.1
141,2012,35.33272974811962,13.285486916371552,0.17451161032335621,0.17441666786049112,16.76816346027233,205383.46220788665,137.64682439910808,147.62426859370345,14.273371213792014,8.270745546063685,0.04652040022919629,0.046402928189257224,1.851612032564975,16374.345880431545,33.09379534312187,8.506397488865296,1198832400.0,1225664784.0,1197508452.0,1213910064.0,1225664784.0,1225664784.0,1225664784.0,1225664784.0,110637072.0,110637072.0,108743072.0,109824588.0,110637072.0,110637072.0,110637072.0,110637072.0,7,South Africa,Maize (corn),4490.5
141,2013,34.71903511860089,14.33948793004724,0.17174514783201392,0.17174608306525682,16.877065022786457,205985.8198842389,135.73919070250383,148.2931793622408,13.696780335227825,8.982159144546454,0.04808315625877708,0.048069543247387915,1.8527721904467171,16910.953140253245,32.209968945761744,8.824560983683567,1198832400.0,1225664784.0,1206753696.0,1213910064.0,1225664784.0,1225664784.0,1225664784.0,1225664784.0,110637072.0,110637072.0,109379023.0,109824588.0,110637072.0,110637072.0,110637072.0,110637072.0,7,South Africa,Maize (corn),4246.6
141,2014,36.89649017835672,13.752640886902267,0.17646449024754537,0.17662299257159034,16.824533131387497,203077.1783938117,139.98356713529768,147.48815832112365,13.189723941064345,8.653030112623965,0.0453073361163121,0.04536939640464523,1.7292362296153796,17107.993262119213,30.821187956406536,8.333739769154139,1198832400.0,1225664784.0,1203769470.0,1213910064.0,1225664784.0,1225664784.0,1225664784.0,1225664784.0,110637072.0,110637072.0,108707742.0,109824588.0,110637072.0,110637072.0,110637072.0,110637072.0,7,South Africa,Maize (corn),5300.9
141,2015,33.116602483613306,11.23815581429094,0.15961482162000953,0.15964446961033346,17.877440249478376,208549.8957397852,130.27327016140114,150.27439110936032,13.152574826826363,7.4613608486949765,0.04472825613088357,0.04473423831040097,1.8066061728060046,15770.494735864202,31.43473047343418,8.578819420872302,1198832400.0,1225664784.0,1209600252.0,1213910064.0,1225664784.0,1225664784.0,1225664784.0,1225664784.0,110637072.0,110637072.0,109437154.0,109824588.0,110637072.0,110637072.0,110637072.0,110637072.0,7,South Africa,Maize (corn),3487.1
141,2016,34.18600807539589,14.2140591295357,0.16684881063109192,0.16691754111961157,17.733643571535747,204893.33814169414,134.51273296256036,149.23552923116327,14.14866493842099,9.117527975466528,0.04637147115888032,0.04642166670981336,1.8936387961843542,16243.175965131259,33.17580599708752,8.585834766829594,1198832400.0,1225664784.0,1210448778.0,1213910064.0,1225664784.0,1225664784.0,1225664784.0,1225664784.0,110637072.0,110637072.0,109538585.0,109824588.0,110637072.0,110637072.0,110637072.0,110637072.0,7,South Africa,Maize (corn),3712.0
141,2017,35.05306578469805,14.224652618308044,0.16539296066319498,0.16545739278024704,17.10285927631237,204327.43910003122,136.37571185575928,148.3087467587258,13.023007451377126,9.276749495387008,0.045314664106922656,0.04537918879797863,1.7159328450166438,16368.83226308282,30.598261204418186,8.375608559757637,1198832400.0,1225664784.0,1201618668.0,1213910064.0,1225664784.0,1225664784.0,1225664784.0,1225664784.0,110637072.0,110637072.0,109636284.0,109824588.0,110637072.0,110637072.0,110637072.0,110637072.0,7,South Africa,Maize (corn),5859.6
141,2018,35.43547378924523,14.102182704908707,0.16475055249476872,0.16489368186933848,17.331768442083288,207226.42582376173,135.66426145101138,148.2222907234712,14.35191931260368,8.607362687811424,0.04625742701147496,0.046324225231026674,1.9365806428308305,14966.139223908605,32.213835582602286,8.717688622106087,1198832400.0,1225664784.0,1203882786.0,1213910064.0,1225664784.0,1225664784.0,1225664784.0,1225664784.0,110637072.0,110637072.0,109348700.0,109824588.0,110637072.0,110637072.0,110637072.0,110637072.0,7,South Africa,Maize (corn),4975.5
141,2019,35.09843790342497,14.739310972487763,0.15913374111470246,0.1593138444017805,17.871588892406887,207709.40306716575,134.86440453047706,150.12335324057855,13.699118779703994,9.358885721641117,0.044272511330126586,0.044356233579921765,1.8325208252745009,16914.856951803296,30.84477896835478,8.332125703508877,1198832400.0,1225664784.0,1200779304.0,1213910064.0,1225664784.0,1225664784.0,1225664784.0,1225664784.0,110637072.0,110637072.0,108854835.0,109824588.0,110637072.0,110637072.0,110637072.0,110637072.0,7,South Africa,Maize (corn),4553.9
141,2020,37.49582337491073,17.670509770885086,0.170235950499773,0.17023936137309792,16.83871501463431,202462.46223709467,139.914056087985,146.8291475686429,14.198532741859262,10.71897470480399,0.04394199572405798,0.0439420017085023,1.8176110026027317,15877.87922964233,31.249406801725225,8.424388539054714,1198832400.0,1225664784.0,1211592726.0,1213910064.0,1225664784.0,1225664784.0,1225664784.0,1225664784.0,110637072.0,110637072.0,109788583.0,109824588.0,110637072.0,110637072.0,110637072.0,110637072.0,7,South Africa,Maize (corn),5447.8
141,2021,37.739744035736166,19.237473136332135,0.17681921790871352,0.17688698496559627,16.646498002387858,199488.84929664526,136.88107918336053,146.4307596455418,13.881216457549783,12.156585270119024,0.046354940195704554,0.04638647002611897,1.7084438241563138,17379.57825175654,30.327346596200805,8.30021242498575,1198832400.0,1225664784.0,1212071292.0,1213910064.0,1225664784.0,1225664784.0,1225664784.0,1225664784.0,110637072.0,110637072.0,109581766.0,109824588.0,110637072.0,110637072.0,110637072.0,110637072.0,7,South Africa,Maize (corn),5436.1
141,2022,38.464843624014605,18.28196172793164,0.19201420633881178,0.1920129856108691,16.92987733858603,199542.74606598404,136.73957449689485,144.44820927740597,13.503264605200183,10.187315143125419,0.045039169793699214,0.04503847944875843,1.6822920651246445,14618.974362730758,28.53301871825553,8.056433441116887,1198832400.0,1225664784.0,1213472628.0,1213910064.0,1225664784.0,1225664784.0,1225664784.0,1225664784.0,110637072.0,110637072.0,109804446.0,109824588.0,110637072.0,110637072.0,110637072.0,110637072.0,7,South Africa,Maize (corn),5375.8
148,1984,44.050393005394945,29.08644540720961,0.2384770802325672,0.23804734739712397,20.49026478661431,201182.6766173599,152.06500920360378,142.21650044105778,7.102554983147475,11.33900820688683,0.04965453775287277,0.04933336329761976,1.854685235289326,9460.073788722633,23.11394771671397,4.263585514176488,56823120.0,71433792.0,46803160.0,57680496.0,69278832.0,69278832.0,57360672.0,57361248.0,34941024.0,34941024.0,30150582.0,34028820.0,34941024.0,34941024.0,34866180.0,34866432.0,3,Malawi,Maize (corn),1191.1
148,1985,44.050393005394945,31.065929280161285,0.24580979761150143,0.2449237273972339,20.152475065655178,197195.59910682213,153.3680805576774,145.38348905201278,7.102554983147475,12.03359622226291,0.053552120059241745,0.05300223731757195,1.7569626758305288,9279.220931816566,22.054050826301378,4.9693545018912175,56823120.0,71433792.0,47034900.0,57680496.0,69278832.0,69278832.0,57360672.0,57361248.0,34941024.0,34941024.0,30300009.0,34028820.0,34941024.0,34941024.0,34866180.0,34866432.0,3,Malawi,Maize (corn),1183.5
148,1986,44.050393005394945,29.203867102171728,0.23814053075580757,0.23909036567634928,20.221435878011917,198055.46221606998,152.91480306279885,145.79760662224183,7.102554983147475,11.521928966715206,0.054307249583521046,0.05221892156965321,1.7341038528337467,9853.328000495938,23.662778138536435,4.664816441937121,56823120.0,71433792.0,37744088.0,57680496.0,69278832.0,69278832.0,57360672.0,57361248.0,34941024.0,34941024.0,24269578.0,34028820.0,34941024.0,34941024.0,34866180.0,34866432.0,3,Malawi,Maize (corn),1084.9
148,1987,44.050393005394945,22.05799937252602,0.22447206978412232,0.2271832358596767,21.110916521814133,206950.70815417034,147.09132872886028,149.08905506421888,7.102554983147475,8.662683370083151,0.04770349762187899,0.047225639503569145,1.855079006834373,9412.61459271821,20.44998414360808,4.733716397142345,56823120.0,71433792.0,43310792.0,57680496.0,69278832.0,69278832.0,57360672.0,57361248.0,34941024.0,34941024.0,27796960.0,34028820.0,34941024.0,34941024.0,34866180.0,34866432.0,3,Malawi,Maize (corn),1016.4
148,1988,44.050393005394945,26.38160732781371,0.23993561257209092,0.24081258192635213,20.77878673871358,202508.81477697377,148.74579404853768,143.97980051863055,7.102554983147475,10.521811031854893,0.04509608760360781,0.04486268282936066,1.7595748672353404,10265.661163741766,22.993696718895958,4.519189081378655,56823120.0,71433792.0,45947876.0,57680496.0,69278832.0,69278832.0,57360672.0,57361248.0,34941024.0,34941024.0,29490189.0,34028820.0,34941024.0,34941024.0,34866180.0,34866432.0,3,Malawi,Maize (corn),1171.8
148,1989,44.050393005394945,34.99004624564532,0.24468823470589182,0.24365976150635024,20.334831913312275,194066.39225393021,156.91127826731565,150.47901818999313,7.102554983147475,14.177862308456248,0.04378065597744138,0.04378880405539784,1.7944789483044394,9748.116060051067,22.201211848816698,5.119376916709026,56823120.0,71433792.0,47686216.0,57680496.0,69278832.0,69278832.0,57360672.0,57361248.0,34941024.0,34941024.0,30487161.0,34028820.0,34941024.0,34941024.0,34866180.0,34866432.0,3,Malawi,Maize (corn),1187.8
148,1990,44.050393005394945,21.913737985310444,0.23521903043405873,0.2347873195388286,20.944292108217876,204872.9819916656,155.1368870393631,154.70052807290378,7.102554983147475,9.4458465018974,0.042837891658688135,0.042770801503103195,1.8190375232228826,9298.125336633131,22.318728657326595,5.312411937561777,56823120.0,71433792.0,47702756.0,57680496.0,69278832.0,69278832.0,57360672.0,57361248.0,34941024.0,34941024.0,30543141.0,34028820.0,34941024.0,34941024.0,34866180.0,34866432.0,3,Malawi,Maize (corn),999.3
148,1991,44.050393005394945,27.581255187715172,0.24150154139432636,0.2403567494094492,20.65012372864617,200654.66403731436,154.11093612485013,149.97670187752286,7.102554983147475,12.830597675838428,0.04405969610996538,0.04418062152492794,1.7873759924775103,9721.18164410246,20.65297176722965,5.2111078798518315,56823120.0,71433792.0,50065288.0,57680496.0,69278832.0,69278832.0,57360672.0,57361248.0,34941024.0,34941024.0,31195032.0,34028820.0,34941024.0,34941024.0,34866180.0,34866432.0,3,Malawi,Maize (corn),1141.9
148,1992,44.050393005394945,19.34019675918635,0.22354712445909775,0.2232501470380546,21.29189842277103,207331.95984213904,130.8307528749031,150.92837940797665,7.102554983147475,8.442273827973501,0.04071640813714373,0.04072884773803127,2.0324922843669793,8861.978213795224,20.515344811455122,5.75081507147368,56823120.0,71433792.0,55038892.0,57680496.0,69278832.0,69278832.0,57360672.0,57361248.0,34941024.0,34941024.0,33055048.0,34028820.0,34941024.0,34941024.0,34866180.0,34866432.0,3,Malawi,Maize (corn),480.2
148,1993,44.050393005394945,25.213964519963266,0.24166422813302935,0.24166206961752648,20.856084373262192,203159.56667183424,151.1472021146635,143.02153875364988,7.102554983147475,11.245437225229747,0.04166812538159079,0.04166866446795683,1.915054903514434,10281.706853591902,19.451540685543975,4.269616949424813,56823120.0,71433792.0,57649344.0,57680496.0,69278832.0,69278832.0,57360672.0,57361248.0,34941024.0,34941024.0,34019301.0,34028820.0,34941024.0,34941024.0,34866180.0,34866432.0,3,Malawi,Maize (corn),1532.7
148,1994,44.050393005394945,20.974018807581135,0.22729768334991396,0.22672051070966884,20.930723706881206,205352.60397719775,128.1661933345349,140.64897054576508,7.102554983147475,9.97552902871232,0.04039141311090191,0.04068030817166515,1.8705885924548649,10079.229669739607,21.190001468970475,4.66359222225047,56823120.0,71433792.0,55401744.0,57680496.0,69278832.0,69278832.0,57360672.0,57361248.0,34941024.0,34941024.0,33183627.0,34028820.0,34941024.0,34941024.0,34866180.0,34866432.0,3,Malawi,Maize (corn),920.9
148,1995,44.050393005394945,21.429679354371448,0.2226021735825472,0.22264632097392065,21.25289297103882,206641.65300520996,144.14155288947202,154.02162720421032,7.102554983147475,10.335070492832337,0.040078828262514944,0.04005614672413355,1.8928389291882144,11055.582847438487,21.153415351077548,5.283373945832558,56823120.0,71433792.0,56831376.0,57680496.0,69278832.0,69278832.0,57360672.0,57361248.0,34941024.0,34941024.0,33714911.0,34028820.0,34941024.0,34941024.0,34866180.0,34866432.0,3,Malawi,Maize (corn),1351.7
148,1996,44.050393005394945,28.822154847940705,0.23847125429246155,0.2385067592265684,20.915148821141983,203980.83263066935,157.37930593039516,149.99945372337436,7.102554983147475,11.484085463413292,0.043333425009657124,0.043257459950279575,1.789236250376452,10234.646933443588,21.533990717523366,4.654731666516479,56823120.0,71433792.0,56642508.0,57680496.0,69278832.0,69278832.0,57360672.0,57361248.0,34941024.0,34941024.0,33696306.0,34028820.0,34941024.0,34941024.0,34866180.0,34866432.0,3,Malawi,Maize (corn),1443.3
148,1997,44.050393005394945,32.86579259742033,0.24855134646511734,0.24875187893521064,20.845892084969414,196086.25467301684,162.60125360210156,146.05347296473494,7.102554983147475,13.62142164370345,0.044806091148267474,0.04490373517868791,1.7139842873394031,10205.442184151329,20.7751866518337,4.653584850338691,56823120.0,71433792.0,56978572.0,57680496.0,69278832.0,69278832.0,57360672.0,57361248.0,34941024.0,34941024.0,33733293.0,34028820.0,34941024.0,34941024.0,34866180.0,34866432.0,3,Malawi,Maize (corn),1095.9
148,1998,44.050393005394945,24.111533039676374,0.2304926275586088,0.23062136744893813,21.208177129427593,209230.70959769547,157.89752859497867,148.79145211178084,7.102554983147475,9.629052466620239,0.0444563492880434,0.04451991589065101,1.7793092032994329,10103.352778969116,19.453770079720307,4.380698000055085,56823120.0,71433792.0,57113464.0,57680496.0,69278832.0,69278832.0,57360672.0,57361248.0,34941024.0,34941024.0,33770083.0,34028820.0,34941024.0,34941024.0,34866180.0,34866432.0,3,Malawi,Maize (corn),1371.1
148,1999,44.050393005394945,28.10871158738713,0.24210169135282433,0.24212126589563132,20.55283878909217,201911.6600399674,157.8436088063319,143.20828722633965,7.102554983147475,13.024742584920073,0.04598032085276806,0.04595892767218558,1.7728826966762232,9178.5220268856,20.967001948655813,3.958109667733052,56823120.0,71433792.0,57447244.0,57680496.0,69278832.0,69278832.0,57360672.0,57361248.0,34941024.0,34941024.0,33940258.0,34028820.0,34941024.0,34941024.0,34866180.0,34866432.0,3,Malawi,Maize (corn),1810.9
148,2000,35.96029081939483,27.074543542928907,0.24648885780738455,0.24662366756027831,20.579982532395256,198082.62939565326,135.74964169879755,138.93168168493835,7.28551197306605,10.507246128289298,0.04627361620863772,0.04630194826354634,1.8054738595054927,10398.330716123413,20.705587589082178,4.04559604163726,34725240.0,71433792.0,55852564.0,57680496.0,69278832.0,69278832.0,57360672.0,57361248.0,21352848.0,34941024.0,33316901.0,34028820.0,34941024.0,34941024.0,34866180.0,34866432.0,3,Malawi,Maize (corn),1742.8
148,2001,44.050393005394945,29.88036279618632,0.24177726875576702,0.24072092915764193,20.97279444005754,202804.06665433684,155.3286631392524,149.82647646894526,7.288064424711512,11.93416894965402,0.045976874769009364,0.04572720022628711,1.7991678153085533,9401.94952452299,18.461971199152423,4.3730787224818055,56823120.0,71433792.0,49432780.0,57680496.0,69278832.0,69278832.0,57360672.0,57361248.0,34941024.0,34941024.0,30365915.0,34028820.0,34941024.0,34941024.0,34866180.0,34866432.0,3,Malawi,Maize (corn),1184.5
148,2002,44.07169823411964,26.44047437749534,0.24341605044901365,0.2429430145825575,20.97897430260976,200592.7859344473,156.51547001008643,150.97727080482662,7.436638940423998,10.031943310020672,0.04272761071742984,0.04275414531171829,1.8934862983722016,11484.27679288066,20.15011816653596,4.922038981826095,56823120.0,71433792.0,55022004.0,57680496.0,69278832.0,69278832.0,57360672.0,57361248.0,34941024.0,34941024.0,32921415.0,34028820.0,34941024.0,34941024.0,34866180.0,34866432.0,3,Malawi,Maize (corn),1046.0
148,2003,45.22040355765188,27.728705494745565,0.24651638480524218,0.24627492134511733,20.772077600161236,203629.54171745977,153.9027008141526,150.40887547707536,6.946637087796237,10.441368527831127,0.0424276275616199,0.042358525340556306,1.7651039944588487,10413.627022199064,20.14810448769072,4.699931326464628,56823120.0,71433792.0,53267996.0,57680496.0,69278832.0,69278832.0,57360672.0,57361248.0,34941024.0,34941024.0,32878610.0,34028820.0,34941024.0,34941024.0,34866180.0,34866432.0,3,Malawi,Maize (corn),1225.9
148,2004,45.10244229631366,28.214794166494713,0.2502145933815174,0.24937187296048785,20.555538449022507,199626.23467195206,151.5497973181,148.22012964543467,7.5949980114428275,9.811582822321261,0.0437648606601363,0.04405509056761832,1.8020345524551655,9360.115411699617,21.76491926390109,4.692969647458985,56823120.0,71433792.0,52646004.0,57680496.0,69278832.0,69278832.0,57360672.0,57361248.0,34941024.0,34941024.0,32716696.0,34028820.0,34941024.0,34941024.0,34866180.0,34866432.0,3,Malawi,Maize (corn),1046.0
148,2005,41.090717032351876,19.106469555346035,0.22597823033316264,0.22578000339692242,21.337642709414165,210625.78255407067,146.4987221017324,153.64446472338486,6.919062147323611,8.709035583351213,0.041991936221329185,0.04199028375810703,1.8940524547387265,10015.372070902613,18.884446465179323,4.690655743414012,56823120.0,71433792.0,52646004.0,57680496.0,69278832.0,69278832.0,57360672.0,57361248.0,34941024.0,34941024.0,32716696.0,34028820.0,34941024.0,34941024.0,34866180.0,34866432.0,3,Malawi,Maize (corn),809.3
148,2006,45.66040267199966,29.758700685009103,0.24752249589396844,0.24681642491974345,20.82831989394294,202542.52561057324,154.00299749469337,150.66522115531023,7.056674545340491,10.813766334728722,0.04160143731819143,0.041950924404287375,1.871545783145451,10124.998964024402,18.626223708197436,4.606999212893794,56823120.0,71433792.0,52644288.0,57680496.0,69278832.0,69278832.0,57360672.0,57361248.0,34941024.0,34941024.0,32716472.0,34028820.0,34941024.0,34941024.0,34866180.0,34866432.0,3,Malawi,Maize (corn),1481.4
148,2007,45.026897328461146,29.174594494542028,0.2468995618530445,0.24623379164683046,20.796590348084766,200375.64719904755,148.5555123021939,150.67889065400942,7.288383706443355,9.993956053861213,0.04183217371732179,0.04211274558399147,1.8271313031387608,9087.185763425541,19.437140773089812,5.98007081965463,56823120.0,71433792.0,53061268.0,57680496.0,69278832.0,69278832.0,68697352.0,68697464.0,34941024.0,34941024.0,32872713.0,34028820.0,34941024.0,34941024.0,34926471.0,34926520.0,3,Malawi,Maize (corn),2654.7
148,2008,42.64073224050232,20.296606727346177,0.2356926738801929,0.2353678601870569,20.58325782749388,205675.82741521043,154.4042407011953,150.8497789548644,6.841347534846371,7.408967767550247,0.0390649977189248,0.039265999754677844,1.8203961926086218,10093.884449862602,17.340546541688717,6.14199541259193,56823120.0,71433792.0,52977660.0,57680496.0,69278832.0,69278832.0,71433792.0,71433792.0,34941024.0,34941024.0,32863415.0,34028820.0,34941024.0,34941024.0,34941024.0,34941024.0,3,Malawi,Maize (corn),1649.8
148,2009,45.12527600176841,27.850442557029233,0.24512435102628333,0.24452294085208365,20.830957545174492,202812.73270948784,158.5382447644157,150.08952744933038,6.996570682840933,10.218559719287155,0.04007118786801976,0.04018847725012913,1.8358569557572169,10940.760173813813,17.9223638915448,6.225398363612075,56823120.0,71433792.0,52584524.0,57680496.0,69278832.0,69278832.0,71433792.0,71433792.0,34941024.0,34941024.0,32744561.0,34028820.0,34941024.0,34941024.0,34941024.0,34941024.0,3,Malawi,Maize (corn),2226.5
148,2010,44.770966391905695,27.37701566828009,0.2432225769799616,0.24258514739567083,21.204846051004196,202714.80218389258,157.70620100733743,152.12989688083383,7.565465544089921,10.416574980705313,0.0421378417273524,0.04221398384723302,1.8477768227981788,10696.54648527847,19.013284515488643,6.212319894325042,56823120.0,71433792.0,52498768.0,57680496.0,69278832.0,69278832.0,71433792.0,71433792.0,34941024.0,34941024.0,32609438.0,34028820.0,34941024.0,34941024.0,34941024.0,34941024.0,3,Malawi,Maize (corn),2015.8
148,2011,44.65322657116041,23.556800717402616,0.23813024328814608,0.23774652495015847,21.16532105869717,207561.0660833862,158.13012883905236,152.53732205271984,7.023851332102495,9.322135037786317,0.04093462773081498,0.04091986304954434,1.8690153564508887,9646.065571850582,17.746681925958228,6.059664326604282,56823120.0,71433792.0,53393800.0,57680496.0,69278832.0,69278832.0,71433792.0,71433792.0,34941024.0,34941024.0,32917733.0,34028820.0,34941024.0,34941024.0,34941024.0,34941024.0,3,Malawi,Maize (corn),2207.9
148,2012,43.53213427278638,30.06922860748608,0.23413035014851222,0.23374011084669893,21.04907817310757,205449.51253769116,154.83862024568742,151.263346258111,6.564064615889804,10.170990504172076,0.04001565591130387,0.04008745610180548,1.8038939062458996,9810.562564540875,16.59236614483701,6.062710011196867,56823120.0,71433792.0,55038468.0,57680496.0,69278832.0,69278832.0,71433792.0,71433792.0,34941024.0,34941024.0,33397251.0,34028820.0,34941024.0,34941024.0,34941024.0,34941024.0,3,Malawi,Maize (corn),2193.2
148,2013,42.12665829974769,25.409947589282275,0.2298848354775044,0.22989355525205893,21.15819431675805,206102.7065861774,151.05133769532202,151.18296860748436,6.965341233437569,9.977547508241113,0.04194219406961211,0.04192670309689239,1.723423549566055,9532.368558044725,17.897170180489027,6.190316091845842,56823120.0,71433792.0,56749888.0,57680496.0,69278832.0,69278832.0,71433792.0,71433792.0,34941024.0,34941024.0,33848434.0,34028820.0,34941024.0,34941024.0,34941024.0,34941024.0,3,Malawi,Maize (corn),2170.8
148,2014,42.550056179397444,24.809947869923977,0.23137924044082558,0.23138175587384494,21.23297369480133,203888.58604855838,151.16850307006422,152.3930454456736,7.231621166342882,9.002759980748914,0.04211256648345654,0.042098515898700256,1.770601139733977,9933.351514288537,18.01545269862584,6.437716947879449,56823120.0,71433792.0,56814624.0,57680496.0,69278832.0,69278832.0,71433792.0,71433792.0,34941024.0,34941024.0,33859692.0,34028820.0,34941024.0,34941024.0,34941024.0,34941024.0,3,Malawi,Maize (corn),2333.9
148,2015,41.32488885246413,23.602004148969158,0.22513103060838244,0.22510643812836717,21.550170951419407,206717.3754288353,147.33910594641577,152.50477547794003,6.798999940922993,9.363197120070348,0.041785514385591443,0.04177763908808982,1.7623197547221956,9699.617074947606,17.29577553094039,6.443928148823975,56823120.0,71433792.0,57151352.0,57680496.0,69278832.0,69278832.0,71433792.0,71433792.0,34941024.0,34941024.0,33925464.0,34028820.0,34941024.0,34941024.0,34941024.0,34941024.0,3,Malawi,Maize (corn),1656.3
148,2016,41.727965474523195,23.30020162078425,0.2164204304313494,0.2164204321147496,21.661213556925457,208563.04908589047,147.5229050269271,153.3093088013148,7.308840080355113,10.149752854654896,0.04379278494612356,0.04379278494612356,1.8993868830470209,10720.227007029385,18.87328269240706,6.68265648738447,56823120.0,71433792.0,57680496.0,57680496.0,69278832.0,69278832.0,71433792.0,71433792.0,34941024.0,34941024.0,34028820.0,34028820.0,34941024.0,34941024.0,34941024.0,34941024.0,3,Malawi,Maize (corn),1415.4
148,2017,44.18117454428911,29.513853086029826,0.23662383243855498,0.23662382752676103,21.352788858943516,198992.6831384762,155.38129185449435,151.52587436711386,7.139781510251128,10.459347485297227,0.043656756524839274,0.043656756524839274,1.8038876808306294,9937.66597333775,18.19580045652142,6.030295652632658,56823120.0,71433792.0,57680496.0,57680496.0,69278832.0,69278832.0,71433792.0,71433792.0,34941024.0,34941024.0,34028820.0,34028820.0,34941024.0,34941024.0,34941024.0,34941024.0,3,Malawi,Maize (corn),2007.8
148,2018,43.16916607557668,27.27615276081672,0.23068708450429964,0.23068709596571424,21.275956445270115,202680.0868048398,152.23011001462734,150.07367843184494,7.184895168981331,11.794369182460857,0.04337475624259474,0.04337475624259474,1.9118525975444527,10271.978432802127,20.289969361589485,6.804568026825884,56823120.0,71433792.0,57680496.0,57680496.0,69278832.0,69278832.0,71433792.0,71433792.0,34941024.0,34941024.0,34028820.0,34028820.0,34941024.0,34941024.0,34941024.0,34941024.0,3,Malawi,Maize (corn),1600.8
148,2019,44.41778169632788,32.605970445343395,0.23409760836511845,0.23409761212861838,21.405378884739346,200630.7816111825,155.5753584451925,149.73810821692334,6.988648721894361,12.15727820418676,0.042849569824205,0.042849569824205,1.7870781086057543,9790.035247087277,20.347891897972612,6.641147612361648,56823120.0,71433792.0,57680496.0,57680496.0,69278832.0,69278832.0,71433792.0,71433792.0,34941024.0,34941024.0,34028820.0,34028820.0,34941024.0,34941024.0,34941024.0,34941024.0,3,Malawi,Maize (corn),1957.8
148,2020,41.569379848733234,23.29249504361189,0.22276873089787028,0.2227687227906055,21.48235595226288,204186.8024396571,150.588674837738,151.63077378302157,7.0438919739543815,8.940809359786467,0.04092701621700586,0.04092701621700586,1.8581519552281298,11668.83155684242,19.977522835481878,6.6262369533240095,56823120.0,71433792.0,57680496.0,57680496.0,69278832.0,69278832.0,71433792.0,71433792.0,34941024.0,34941024.0,34028820.0,34028820.0,34941024.0,34941024.0,34941024.0,34941024.0,3,Malawi,Maize (corn),2095.5
148,2021,42.99235031899153,27.91349242829092,0.22796813005374533,0.22796812877440992,21.271952946980793,204242.29961819982,149.6102652844862,148.54131092132482,7.102554983147475,10.678650226523208,0.04224132913084867,0.04224132913084867,1.8518186852429253,10565.357528782934,20.49490738990496,6.728574533277023,56823120.0,71433792.0,57680496.0,57680496.0,69278832.0,69278832.0,71433792.0,71433792.0,34941024.0,34941024.0,34028820.0,34028820.0,34941024.0,34941024.0,34941024.0,34941024.0,3,Malawi,Maize (corn),2462.9
148,2022,42.696661535366076,37.677589796268265,0.23733027465641493,0.23733027263313103,20.993097133106655,197005.00744397668,144.87978556438736,150.08026845927134,7.781014419234536,14.392913182779555,0.04273714354732909,0.04273714354732909,1.7913274425056531,11502.174925612717,25.87567397629992,11.065835952003143,56823120.0,71433792.0,57680496.0,57680496.0,69278832.0,69278832.0,71433792.0,71433792.0,34941024.0,34941024.0,34028820.0,34028820.0,34941024.0,34941024.0,34941024.0,34941024.0,3,Malawi,Maize (corn),2124.0
155,1984,34.599890551144554,24.547479305311537,0.1765242258707682,0.1759176144621662,26.570354599422878,204549.28187848255,107.59809853181889,152.67971871399408,9.519803745972876,14.883311094870017,0.04915642583774565,0.04923862109401149,1.979782853959307,14691.839963954542,26.1301074285285,6.611398504482925,664758360.0,676359540.0,563153085.0,621041040.0,675252720.0,675252720.0,667549260.0,667566360.0,341781876.0,341781876.0,321149546.0,338535396.0,341778852.0,341778852.0,340582104.0,340587288.0,3,Nigeria,Maize (corn),1139.0
155,1985,34.599890551144554,26.288011934550166,0.18008527913027336,0.18001125830044798,26.391036340925428,201288.72884424106,106.48649076166146,157.00046071258978,9.519803745972876,12.814822130820147,0.047476997113860324,0.047539546649230394,1.8436305956289667,15139.449190646734,25.145754164657774,7.211807875103672,664758360.0,676359540.0,574508995.0,621041040.0,675252720.0,675252720.0,667549260.0,667566360.0,341781876.0,341781876.0,328800572.0,338535396.0,341778852.0,341778852.0,340582104.0,340587288.0,3,Nigeria,Maize (corn),1173.5
155,1986,34.599890551144554,25.71397973656442,0.18094198534886038,0.18424522229115053,26.56465989218818,200965.6386915211,111.06358274560907,158.0497768184932,9.519803745972876,13.639495383585755,0.04628147297442798,0.04726416173827854,1.850587378395196,14720.307244427491,25.581811898075305,7.750785903588669,664758360.0,676359540.0,454661825.0,621041040.0,675252720.0,675252720.0,667549260.0,667566360.0,341781876.0,341781876.0,261285672.0,338535396.0,341778852.0,341778852.0,340582104.0,340587288.0,3,Nigeria,Maize (corn),1267.9
155,1987,34.599890551144554,23.097547706809866,0.16448185715605226,0.16316762208640462,27.01525740093655,205053.6002470564,111.2702636347444,158.86817506123714,9.519803745972876,12.572712750416324,0.05130692078628673,0.05100344971967475,1.9048055182322463,14992.704613344658,25.95412698753556,7.165652947388162,664758360.0,676359540.0,512202505.0,621041040.0,675252720.0,675252720.0,667549260.0,667566360.0,341781876.0,341781876.0,296067166.0,338535396.0,341778852.0,341778852.0,340582104.0,340587288.0,3,Nigeria,Maize (corn),1353.3
155,1988,34.599890551144554,28.04521672302273,0.1807289122683661,0.17910046676356367,26.471479606628417,197589.14365678735,111.78649725806105,154.55751973390645,9.519803745972876,13.904993851393371,0.04582368187315172,0.045747691787146244,1.8204192944774868,14616.76824126889,24.4628498707029,6.203443177425506,664758360.0,676359540.0,538832730.0,621041040.0,675252720.0,675252720.0,667549260.0,667566360.0,341781876.0,341781876.0,317234427.0,338535396.0,341778852.0,341778852.0,340582104.0,340587288.0,3,Nigeria,Maize (corn),1640.1
155,1989,34.599890551144554,27.67646370257359,0.1872000149140755,0.1877890185431092,25.85277705722385,203922.5792735821,121.89997905091323,161.3668424897097,9.519803745972876,13.533841968453048,0.04807698089940664,0.04787432993492163,1.9329702379722684,14553.15258631324,25.123867680780723,7.860843859423913,664758360.0,676359540.0,548115410.0,621041040.0,675252720.0,675252720.0,667549260.0,667566360.0,341781876.0,341781876.0,320320906.0,338535396.0,341778852.0,341778852.0,340582104.0,340587288.0,3,Nigeria,Maize (corn),1395.0
155,1990,34.599890551144554,25.646209957823643,0.17270102161500184,0.17405645024655353,26.759044890933566,202924.20773595604,120.87531320890662,161.85630323832618,9.519803745972876,13.459151600986731,0.048912459698779616,0.04903153218052492,1.8942614223843712,15588.455422531793,26.927441068631122,8.74534464418967,664758360.0,676359540.0,548499695.0,621041040.0,675252720.0,675252720.0,667549260.0,667566360.0,341781876.0,341781876.0,322010746.0,338535396.0,341778852.0,341778852.0,340582104.0,340587288.0,3,Nigeria,Maize (corn),1130.1
155,1991,34.599890551144554,28.74744432366582,0.18744711954560542,0.18768809532083025,26.462914159562853,197707.98127597876,113.10654864410834,156.8486683955196,9.519803745972876,13.959780515906203,0.04678444075108489,0.04705712848246271,1.8011360287268205,15157.725963344563,22.96058769475521,7.136966031459948,664758360.0,676359540.0,569366960.0,621041040.0,675252720.0,675252720.0,667549260.0,667566360.0,341781876.0,341781876.0,327402427.0,338535396.0,341778852.0,341778852.0,340582104.0,340587288.0,3,Nigeria,Maize (corn),1129.9
155,1992,34.599890551144554,27.3546820473822,0.18232579947345784,0.18277596190452872,25.89943857192993,197491.06731539866,114.79066429740577,155.35487739128456,9.519803745972876,13.954732114232055,0.044712784471828686,0.04484667005397628,1.8998959529206803,14592.52193337025,21.7978197617153,6.572978037408294,664758360.0,676359540.0,605873415.0,621041040.0,675252720.0,675252720.0,667549260.0,667566360.0,341781876.0,341781876.0,334116311.0,338535396.0,341778852.0,341778852.0,340582104.0,340587288.0,3,Nigeria,Maize (corn),1118.1
155,1993,34.599890551144554,27.431149980665815,0.1750235982239246,0.17504405225948425,26.519053914811877,203053.008505279,117.73523938978529,154.49378289693635,9.519803745972876,15.00546218896805,0.04662844434461642,0.04661394080150859,1.903020092748772,15391.795754015837,23.188852854658297,6.151225849066858,664758360.0,676359540.0,619298755.0,621041040.0,675252720.0,675252720.0,667549260.0,667566360.0,341781876.0,341781876.0,337915059.0,338535396.0,341778852.0,341778852.0,340582104.0,340587288.0,3,Nigeria,Maize (corn),1184.8
155,1994,34.599890551144554,29.53125890122788,0.18546113342874576,0.18544868520621458,26.138002512190077,197115.24843271123,110.18571271631534,150.8032697585916,9.519803745972876,14.794640750138642,0.04306961088505589,0.043010720687894084,1.8362472649051316,14624.481364168949,21.938243436141505,5.633744345333146,664758360.0,676359540.0,612815430.0,621041040.0,675252720.0,675252720.0,667549260.0,667566360.0,341781876.0,341781876.0,336798968.0,338535396.0,341778852.0,341778852.0,340582104.0,340587288.0,3,Nigeria,Maize (corn),1272.0
155,1995,34.599890551144554,28.27131486754296,0.18199298013415596,0.18200382292773812,26.360217963324654,200812.47688424832,125.77419674649143,157.28251202371106,9.519803745972876,14.018529248021727,0.04547198771890247,0.04546234725185931,1.9085179969029278,14613.067630358542,26.40273753497344,7.317104561011625,664758360.0,676359540.0,619459470.0,621041040.0,675252720.0,675252720.0,667549260.0,667566360.0,341781876.0,341781876.0,338200177.0,338535396.0,341778852.0,341778852.0,340582104.0,340587288.0,3,Nigeria,Maize (corn),1266.6
155,1996,34.599890551144554,29.053865811179644,0.18112379084858626,0.18117849635982575,26.519234498341877,202164.15527533615,124.01044357783735,156.92459270261094,9.519803745972876,14.50333004237343,0.04286338204194041,0.042820515998859686,1.8085564742557314,15654.865980090886,25.320167621111644,7.168768560460556,664758360.0,676359540.0,616561005.0,621041040.0,675252720.0,675252720.0,667549260.0,667566360.0,341781876.0,341781876.0,336947045.0,338535396.0,341778852.0,341778852.0,340582104.0,340587288.0,3,Nigeria,Maize (corn),1326.1
155,1997,34.599890551144554,28.944182878949544,0.18561804162131412,0.18563596528767345,26.49189893934462,200527.261925086,128.24771832261,155.60404998637222,9.519803745972876,15.33558985175736,0.044868963521186266,0.04486589091843331,1.8893505176106458,14784.81628344085,26.939299776661656,6.81721848406696,664758360.0,676359540.0,617754300.0,621041040.0,675252720.0,675252720.0,667549260.0,667566360.0,341781876.0,341781876.0,338201543.0,338535396.0,341778852.0,341778852.0,340582104.0,340587288.0,3,Nigeria,Maize (corn),1251.0
155,1998,34.599890551144554,29.14998406078602,0.18325035613444113,0.18347329976563492,26.963305282592774,200896.50932335033,125.97021482323224,155.23040947496204,9.519803745972876,12.654167149235837,0.04165523050360788,0.04170250205935108,1.8787164343792053,13511.750975344139,24.814808747830043,6.153765209081026,664758360.0,676359540.0,612232195.0,621041040.0,675252720.0,675252720.0,667549260.0,667566360.0,341781876.0,341781876.0,336230742.0,338535396.0,341778852.0,341778852.0,340582104.0,340587288.0,3,Nigeria,Maize (corn),1320.0
155,1999,34.599890551144554,31.02945216173612,0.18484713530374894,0.18497334264422735,26.628985447353788,198758.52847520582,125.18834761796433,152.5034881926746,9.519803745972876,14.665879436073636,0.04535231446816903,0.04533496094035434,1.7237572064787605,14673.955824226177,25.717503074125013,6.117796586320968,664758360.0,676359540.0,614859050.0,621041040.0,675252720.0,675252720.0,667549260.0,667566360.0,341781876.0,341781876.0,336632090.0,338535396.0,341778852.0,341778852.0,340582104.0,340587288.0,3,Nigeria,Maize (corn),1599.8
155,2000,43.30402146879083,27.42208890513251,0.17705587289399566,0.17718787982284104,26.300737211439344,206045.19963910393,104.86774563948131,150.3129766281787,11.717824694469188,12.92696883033208,0.04249117106867709,0.042533537173660006,1.8620885568983614,14606.898273748657,22.077261601594337,5.560733976395909,406241220.0,676359540.0,612242390.0,621041040.0,675252720.0,675252720.0,667549260.0,667566360.0,208866702.0,341781876.0,336876254.0,338535396.0,341778852.0,341778852.0,340582104.0,340587288.0,3,Nigeria,Maize (corn),1300.1
155,2001,34.55972863540542,26.823899233932195,0.18102055676281448,0.18175129007621343,26.374966780344646,204065.13194157556,122.07615340281156,157.23878533859158,9.526473739702185,11.792970535617636,0.041465496785559476,0.0416602599406409,1.8671162470269185,14657.000870596718,23.71903190056726,6.572293062260716,664758360.0,676359540.0,589001600.0,621041040.0,675252720.0,675252720.0,667549260.0,667566360.0,341781876.0,341781876.0,330016252.0,338535396.0,341778852.0,341778852.0,340582104.0,340587288.0,3,Nigeria,Maize (corn),1399.9
155,2002,35.25389574015011,28.22473242380815,0.18131435794962772,0.18164863393484912,26.59383878707886,204101.89395326716,116.99888016880443,157.7710784995027,9.9902195184624,12.568835121908354,0.042195279874913845,0.042244122589953484,1.8979403119867018,14997.183350691252,24.792670271718215,6.976472549747194,664758360.0,676359540.0,610013020.0,621041040.0,675252720.0,675252720.0,667549260.0,667566360.0,341781876.0,341781876.0,334946225.0,338535396.0,341778852.0,341778852.0,340582104.0,340587288.0,3,Nigeria,Maize (corn),1489.9
155,2003,35.83025227709538,28.98627199792992,0.1863581311785512,0.18709786034799775,26.766900783114963,203083.6903098344,118.51551101041031,157.786484386067,9.81132106115812,12.941807241628888,0.04257380393088012,0.04289352777934996,1.7924608075387698,13552.32999499554,23.40811299378512,6.37913781506345,664758360.0,676359540.0,597002550.0,621041040.0,675252720.0,675252720.0,667549260.0,667566360.0,341781876.0,341781876.0,331506198.0,338535396.0,341778852.0,341778852.0,340582104.0,340587288.0,3,Nigeria,Maize (corn),1499.9
155,2004,35.3352038721343,27.523727372176932,0.17937431749370358,0.18041660130346954,26.834707238939075,205036.1767491748,114.955105585502,156.60611132013653,9.89440500211513,13.039530186089193,0.04494353293966143,0.04558663189615057,1.8812433662304935,15200.930670989303,22.17594736719519,6.666870156153923,664758360.0,676359540.0,594745510.0,621041040.0,675252720.0,675252720.0,667549260.0,667566360.0,341781876.0,341781876.0,331265349.0,338535396.0,341778852.0,341778852.0,340582104.0,340587288.0,3,Nigeria,Maize (corn),1600.2
155,2005,35.347504416768345,26.799729922512565,0.18253803840941848,0.18364022669325544,27.236221419440376,203213.15950901632,116.68396459834017,155.81041200729942,9.519803745972876,12.097848256798672,0.0419967309005294,0.04241519208942334,1.7439250988140966,14172.71787667448,22.692865296282772,6.5818710727675,664758360.0,676359540.0,594082540.0,621041040.0,675252720.0,675252720.0,667549260.0,667566360.0,341781876.0,341781876.0,330099249.0,338535396.0,341778852.0,341778852.0,340582104.0,340587288.0,3,Nigeria,Maize (corn),1659.8
155,2006,35.60879235877179,29.548766760110585,0.18363537146813336,0.18477979872341238,27.152467971377902,205279.85791184948,119.44848558873908,157.6057293054197,9.909748576052397,13.7289715555593,0.0439227982706942,0.04449267737785149,1.8452291122991848,14962.167484800008,23.831987808799816,6.860703134434773,664758360.0,676359540.0,594245095.0,621041040.0,675252720.0,675252720.0,667549260.0,667566360.0,341781876.0,341781876.0,330355929.0,338535396.0,341778852.0,341778852.0,340582104.0,340587288.0,3,Nigeria,Maize (corn),1818.2
155,2007,34.599890551144554,27.593441237345846,0.18263930458989405,0.18263695667282817,26.68275063832601,203869.38160673098,114.78372566748222,157.3698828127062,10.075449592581029,13.855926802648698,0.04525041318189819,0.045241110207906096,1.8055208123165762,14687.708656843703,25.878929181847,8.198382788678519,664758360.0,676359540.0,611261340.0,621041040.0,675252720.0,675252720.0,674656000.0,674659325.0,341781876.0,341781876.0,337670482.0,338535396.0,341778852.0,341778852.0,341548587.0,341549595.0,3,Nigeria,Maize (corn),1704.9
155,2008,34.32693651054913,28.68137443867576,0.1828729336460431,0.1828719949786627,26.461534309387208,204375.28858027342,123.4290527330306,158.0187924007044,9.818367643318213,13.197878117425967,0.04176255927853514,0.04175808776097445,1.7952425130970318,14147.767820595898,25.38265658472175,8.25502668461788,664758360.0,676359540.0,611621980.0,621041040.0,675252720.0,675252720.0,676371420.0,676371420.0,341781876.0,341781876.0,337710385.0,338535396.0,341778852.0,341778852.0,341781876.0,341781876.0,3,Nigeria,Maize (corn),1957.1
155,2009,34.894371099426465,27.444652599790416,0.18492247710625326,0.18491875532068083,27.219733556111652,203519.26803738525,124.90633378491701,157.8059261583391,10.282558535995692,13.520496274530345,0.045408707326490265,0.0453950561692904,1.8125609809852596,14656.380185148488,26.370929522278686,8.740282393505817,664758360.0,676359540.0,611449470.0,621041040.0,675252720.0,675252720.0,676371420.0,676371420.0,341781876.0,341781876.0,337686271.0,338535396.0,341778852.0,341778852.0,341781876.0,341781876.0,3,Nigeria,Maize (corn),2196.1
155,2010,35.010279460746695,29.685260038089254,0.18913591023948453,0.18912301383171662,27.38270183139377,200576.07937095274,124.44936394006105,157.10654729032274,9.4061993010423,14.187755546567354,0.04104997140423821,0.04104832639614731,1.738958557456167,14159.674248602381,24.48781963030477,7.95686141010499,664758360.0,676359540.0,610361535.0,621041040.0,675252720.0,675252720.0,676371420.0,676371420.0,341781876.0,341781876.0,337697797.0,338535396.0,341778852.0,341778852.0,341781876.0,341781876.0,3,Nigeria,Maize (corn),1850.2
155,2011,34.733898419133666,26.974373269624028,0.17846507661872435,0.1784734335931862,26.900175783369278,204330.27349383727,122.24937070881573,157.52392659959048,9.852427410232165,13.214805901414795,0.044124160958257753,0.044105043466934,1.7861634829284554,15326.780347525122,23.990413460905327,8.851360696572842,664758360.0,676359540.0,610912965.0,621041040.0,675252720.0,675252720.0,676371420.0,676371420.0,341781876.0,341781876.0,337710508.0,338535396.0,341778852.0,341778852.0,341781876.0,341781876.0,3,Nigeria,Maize (corn),1627.1
155,2012,34.7668943749389,30.201226588083834,0.1795729301869869,0.17960559144860097,26.666869841681585,200015.57815796538,121.33838046529331,156.20051456554773,9.372540533827202,13.356338784660192,0.044518494796757895,0.044524982416294434,1.7335761400768648,14477.28004421589,23.329654380582188,8.296245921118915,664758360.0,676359540.0,614932240.0,621041040.0,675252720.0,675252720.0,676371420.0,676371420.0,341781876.0,341781876.0,338124452.0,338535396.0,341778852.0,341778852.0,341781876.0,341781876.0,3,Nigeria,Maize (corn),1511.8
155,2013,34.08775529394388,24.305603410536882,0.17213842492136686,0.1721384055494868,26.95029160181681,200281.11384539618,120.8443470573369,157.6887971453298,9.685101767471117,12.450745765307783,0.04488172282278849,0.044881745464252186,1.7624267547595032,15083.635575814276,23.948004790977038,8.56834192164234,664758360.0,676359540.0,618164100.0,621041040.0,675252720.0,675252720.0,676371420.0,676371420.0,341781876.0,341781876.0,338535252.0,338535396.0,341778852.0,341778852.0,341781876.0,341781876.0,3,Nigeria,Maize (corn),1461.6
155,2014,34.619758245692445,26.675543547086157,0.17460830865634808,0.17460828530912845,26.78017560111152,200308.99305337106,121.55259229003795,157.53869149720205,9.897026020569712,12.772501770486427,0.04546124707378452,0.04546126862417094,1.8127534375433139,14750.41361595933,24.859509007343696,8.368690739281563,664758360.0,676359540.0,618164100.0,621041040.0,675252720.0,675252720.0,676371420.0,676371420.0,341781876.0,341781876.0,338535252.0,338535396.0,341778852.0,341778852.0,341781876.0,341781876.0,3,Nigeria,Maize (corn),1700.2
155,2015,32.69994983538992,26.253199636812333,0.1623007381541861,0.1623007201085818,26.94992955525716,203833.34300426964,115.70990161236452,158.43215718930728,9.480880540111762,12.28272568195889,0.044622778349352375,0.0446227973917266,1.8194229888612556,15286.100683758832,23.257908724394873,8.215385924263625,664758360.0,676359540.0,619251550.0,621041040.0,675252720.0,675252720.0,676371420.0,676371420.0,341781876.0,341781876.0,338535294.0,338535396.0,341778852.0,341778852.0,341781876.0,341781876.0,3,Nigeria,Maize (corn),1718.8
155,2016,33.74571441592002,27.812366267312353,0.16828108073936565,0.16828104769904578,27.023377026451957,202882.0233933704,119.2073807382158,157.90667325484736,9.299158764347869,12.422567771949677,0.04441369457450442,0.04441369457450442,1.7802096416153628,14097.3864117719,23.361047948933074,8.672802321003296,664758360.0,676359540.0,621041040.0,621041040.0,675252720.0,675252720.0,676371420.0,676371420.0,341781876.0,341781876.0,338535396.0,338535396.0,341778852.0,341778852.0,341781876.0,341781876.0,3,Nigeria,Maize (corn),1783.7
155,2017,32.99893837091074,25.913661943123607,0.1619962199280659,0.16199619264747459,26.994644949171278,205252.19596370816,118.09854545399511,158.46183874167926,8.644060927735266,11.552445938703775,0.04244670940254582,0.04244670940254582,1.8244061150623843,13431.773522772055,21.544310082089225,7.907277948944643,664758360.0,676359540.0,621041040.0,621041040.0,675252720.0,675252720.0,676371420.0,676371420.0,341781876.0,341781876.0,338535396.0,338535396.0,341778852.0,341778852.0,341781876.0,341781876.0,3,Nigeria,Maize (corn),1664.1
155,2018,33.77551779969157,29.751861745809972,0.1721414708014991,0.17214143675629925,26.86848626666599,202830.32962501654,121.69600280811278,157.20162561056262,9.169297131005608,13.356094602194318,0.0438929784812646,0.0438929784812646,1.8551916107893014,14030.898887796178,23.625086143938724,8.127011903202378,664758360.0,676359540.0,621041040.0,621041040.0,675252720.0,675252720.0,676371420.0,676371420.0,341781876.0,341781876.0,338535396.0,338535396.0,341778852.0,341778852.0,341781876.0,341781876.0,3,Nigeria,Maize (corn),1671.6
155,2019,35.193092008617995,30.769157558121435,0.1830887457976738,0.18308870800291238,26.857838482326933,198819.03533628688,124.34879317427142,156.28898981323348,9.15244173148958,14.001058547327016,0.04443955371237202,0.04443955371237202,1.79245739763809,13925.558520819948,23.147722475855826,8.100896574856316,664758360.0,676359540.0,621041040.0,621041040.0,675252720.0,675252720.0,676371420.0,676371420.0,341781876.0,341781876.0,338535396.0,338535396.0,341778852.0,341778852.0,341781876.0,341781876.0,3,Nigeria,Maize (corn),1851.4
155,2020,33.82945583013145,30.041320037273014,0.17524907696578235,0.17524903685645704,26.808761723836263,204418.794387518,121.43878904401281,157.28391573514514,8.626887872891878,13.820920037616121,0.04091905500433399,0.04091905500433399,1.8778921974922194,13223.324788351223,22.370105530177206,7.733331610643817,664758360.0,676359540.0,621041040.0,621041040.0,675252720.0,675252720.0,676371420.0,676371420.0,341781876.0,341781876.0,338535396.0,338535396.0,341778852.0,341778852.0,341781876.0,341781876.0,3,Nigeria,Maize (corn),2050.6
155,2021,32.669807673400754,28.326293556630016,0.16562432112793124,0.16562429757504737,27.032789262135825,208923.44372909062,120.50711243392283,159.61213466617173,8.589730484397476,14.671143740243812,0.04371402620638941,0.04371402620638941,1.8354859178527356,12686.476747602972,22.378889753649066,8.283047522840578,664758360.0,676359540.0,621041040.0,621041040.0,675252720.0,675252720.0,676371420.0,676371420.0,341781876.0,341781876.0,338535396.0,338535396.0,341778852.0,341778852.0,341781876.0,341781876.0,3,Nigeria,Maize (corn),2053.8
155,2022,32.69502083252492,28.905476410403207,0.17574102721280518,0.17574099763422937,26.493231932322185,204086.48443917578,120.97047706416943,156.55242015393674,8.74630821271375,13.469097054687508,0.04195650189711009,0.04195650189711009,1.859884896289239,12285.827126092345,24.00434059979698,7.998407398391723,664758360.0,676359540.0,621041040.0,621041040.0,675252720.0,675252720.0,676371420.0,676371420.0,341781876.0,341781876.0,338535396.0,338535396.0,341778852.0,341778852.0,341781876.0,341781876.0,3,Nigeria,Maize (corn),2232.6
165,1984,53.88156149209434,44.772149228343736,0.2666226241418293,0.24469227345048847,24.421237606472438,201587.62988384624,140.6124804779412,141.1599854447047,10.62311508010793,18.78572238934141,0.035116688124401524,0.04505534050832563,1.817798267092636,11144.153066287323,38.13342686586885,6.9125577419910815,10797660.0,10942020.0,2376905.0,9593460.0,10942020.0,10942020.0,10841760.0,10841760.0,1313568.0,1313568.0,316301.0,1090980.0,1313568.0,1313568.0,1299384.0,1299384.0,3,Timor-Leste,Maize (corn),1087.0
165,1985,53.88156149209434,41.86515753447098,0.2565901125056876,0.24293952589037665,24.454844591352675,209317.00525973603,176.21411450256204,149.55438717943858,10.62311508010793,18.95959147963987,0.029815079481909087,0.041857460438340474,1.8267803315012205,10648.016075365338,33.78331969220934,6.856614621805357,10797660.0,10942020.0,2335265.0,9593460.0,10942020.0,10942020.0,10841760.0,10841760.0,1313568.0,1313568.0,294068.0,1090980.0,1313568.0,1313568.0,1299384.0,1299384.0,3,Timor-Leste,Maize (corn),1067.0
165,1986,53.88156149209434,44.221055857236834,0.247964776944423,0.24281175861367177,24.470928054385716,202862.73964112558,170.6103050003812,148.45266611390832,10.62311508010793,18.99526849056999,0.03873733198008762,0.04339071071520545,1.8198544894407664,10835.15326046458,37.75257360336263,6.5910811953566775,10797660.0,10942020.0,1708224.0,9593460.0,10942020.0,10942020.0,10841760.0,10841760.0,1313568.0,1313568.0,207152.0,1090980.0,1313568.0,1313568.0,1299384.0,1299384.0,3,Timor-Leste,Maize (corn),1072.0
165,1987,53.88156149209434,41.12176088296118,0.2311052650213241,0.22979296888447528,24.50944946077135,208800.92407393738,164.23640561962296,150.37396179454026,10.62311508010793,15.237594479449886,0.027680374414581044,0.03361976326475317,1.8067671520533521,10156.239156364103,34.948263011955895,6.714860058892166,10797660.0,10942020.0,2396875.0,9593460.0,10942020.0,10942020.0,10841760.0,10841760.0,1313568.0,1313568.0,288001.0,1090980.0,1313568.0,1313568.0,1299384.0,1299384.0,3,Timor-Leste,Maize (corn),1140.0
165,1988,53.88156149209434,48.01750277861266,0.24599272710936407,0.23374594487236924,24.75319275326199,203838.76502029892,167.37601298156005,147.68506825437245,10.62311508010793,17.874240322721015,0.031038565054909283,0.036700507626696945,1.7941951167277457,10291.966361507077,32.652140823712436,5.867992318228028,10797660.0,10942020.0,3470095.0,9593460.0,10942020.0,10942020.0,10841760.0,10841760.0,1313568.0,1313568.0,444826.0,1090980.0,1313568.0,1313568.0,1299384.0,1299384.0,3,Timor-Leste,Maize (corn),1288.2
165,1989,53.88156149209434,48.50182529318689,0.25277352821495797,0.23633406028422838,24.62846235699124,210068.49993998362,196.57354367074242,155.43132616032588,10.62311508010793,19.532603729513788,0.03656565590174666,0.0400342664132763,1.828864470684567,9759.948883698498,31.54956574585991,6.379893521765576,10797660.0,10942020.0,3569245.0,9593460.0,10942020.0,10942020.0,10841760.0,10841760.0,1313568.0,1313568.0,457540.0,1090980.0,1313568.0,1313568.0,1299384.0,1299384.0,3,Timor-Leste,Maize (corn),1269.2
165,1990,53.88156149209434,44.909055177602504,0.24787501020090916,0.23370202699075204,24.56925580766466,209066.245908077,190.4625365574301,156.76108004388436,10.62311508010793,18.487139327059076,0.03039304668369853,0.036436529606519365,1.8192400915415599,10796.48462387033,32.40722692356708,6.611493094567792,10797660.0,10942020.0,3407875.0,9593460.0,10942020.0,10942020.0,10841760.0,10841760.0,1313568.0,1313568.0,434374.0,1090980.0,1313568.0,1313568.0,1299384.0,1299384.0,3,Timor-Leste,Maize (corn),1327.5
165,1991,53.88156149209434,37.006125465946035,0.24138061478734013,0.2180659760513614,24.276696904500326,212750.6242731752,164.51357127048146,153.3557469708994,10.62311508010793,13.400523696692007,0.038673269272931084,0.04583072538252285,1.856247195049093,9551.06382704477,30.78177595045322,5.826977268138469,10797660.0,10942020.0,5321595.0,9593460.0,10942020.0,10942020.0,10841760.0,10841760.0,1313568.0,1313568.0,638851.0,1090980.0,1313568.0,1313568.0,1299384.0,1299384.0,3,Timor-Leste,Maize (corn),1392.1
165,1992,53.88156149209434,39.929374392042774,0.21384667907324098,0.21045306141068162,24.499587323930527,210491.4669441458,161.86193723862158,150.58075929805142,10.62311508010793,16.70826388185937,0.0366105500616867,0.03863408693373244,1.8321864499820344,10095.34917203048,30.062943640474305,6.245373784053386,10797660.0,10942020.0,8236850.0,9593460.0,10942020.0,10942020.0,10841760.0,10841760.0,1313568.0,1313568.0,945422.0,1090980.0,1313568.0,1313568.0,1299384.0,1299384.0,3,Timor-Leste,Maize (corn),1409.5
165,1993,53.88156149209434,33.41043238210298,0.22143446885877183,0.22216113414421998,24.391154066721597,208297.98190220413,163.86069218122157,147.60330612860403,10.62311508010793,12.835490613072789,0.037656071253905896,0.03736016386609734,1.8228849122505655,10364.735953295856,32.28028715449123,5.982814256885565,10797660.0,10942020.0,9296475.0,9593460.0,10942020.0,10942020.0,10841760.0,10841760.0,1313568.0,1313568.0,1054358.0,1090980.0,1313568.0,1313568.0,1299384.0,1299384.0,3,Timor-Leste,Maize (corn),1800.0
165,1994,53.88156149209434,35.57558623349238,0.2130569351216157,0.2137204840824394,24.230158381991917,211743.50820276004,135.48639799702093,137.46080564435422,10.62311508010793,13.052609676958996,0.0341642124666836,0.03402210188567,1.8390198413765013,10120.188943369074,27.37407899508189,7.280167440298308,10797660.0,10942020.0,9328420.0,9593460.0,10942020.0,10942020.0,10841760.0,10841760.0,1313568.0,1313568.0,1060683.0,1090980.0,1313568.0,1313568.0,1299384.0,1299384.0,3,Timor-Leste,Maize (corn),1882.3
165,1995,53.88156149209434,45.10639604391714,0.2348747387114498,0.23540906905945821,24.31807721455892,200719.54811095516,186.0877806419371,149.70110550425616,10.62311508010793,17.860807474463872,0.03687003002268163,0.037160080555934644,1.8555732745933926,11145.003709393104,37.17285368433835,6.393406194697905,10797660.0,10942020.0,9035910.0,9593460.0,10942020.0,10942020.0,10841760.0,10841760.0,1313568.0,1313568.0,1028116.0,1090980.0,1313568.0,1313568.0,1299384.0,1299384.0,3,Timor-Leste,Maize (corn),1835.5
165,1996,53.88156149209434,38.79622600900627,0.22765093441638679,0.22739926923219828,24.478723091549345,204862.70599466495,186.354724143168,150.79535943097088,10.62311508010793,14.427129641439665,0.04017827631541359,0.03962231926846373,1.8520672174102657,10178.368708681177,35.970341325189835,6.296314458002685,10797660.0,10942020.0,8982645.0,9593460.0,10942020.0,10942020.0,10841760.0,10841760.0,1313568.0,1313568.0,1019155.0,1090980.0,1313568.0,1313568.0,1299384.0,1299384.0,3,Timor-Leste,Maize (corn),1834.6
165,1997,53.88156149209434,32.28493411009504,0.22885546113053953,0.22946159267792082,24.189956601460775,216158.43085094847,181.10380384807158,153.89344485785836,10.62311508010793,11.46609936841139,0.04481493399598802,0.04321894385701611,1.8405241424361776,9782.487463502022,31.640874884646568,6.114243041827494,10797660.0,10942020.0,8018315.0,9593460.0,10942020.0,10942020.0,10841760.0,10841760.0,1313568.0,1313568.0,925000.0,1090980.0,1313568.0,1313568.0,1299384.0,1299384.0,3,Timor-Leste,Maize (corn),1577.0
165,1998,53.88156149209434,45.482982733551275,0.2344301239897807,0.23688649372097506,24.96232475704617,200054.71564717073,187.7587102806323,144.22778458048288,10.62311508010793,20.95719108148096,0.03851412896529892,0.03940812681295283,1.8294394793985662,10317.400128808811,34.92147574803458,5.81628143859379,10797660.0,10942020.0,7735620.0,9593460.0,10942020.0,10942020.0,10841760.0,10841760.0,1313568.0,1313568.0,905044.0,1090980.0,1313568.0,1313568.0,1299384.0,1299384.0,3,Timor-Leste,Maize (corn),1847.7
165,1999,53.88156149209434,52.85064129757125,0.23417907601429352,0.23346856921668835,24.254682805803085,199234.5990093073,158.74631403505282,140.77704477820026,10.62311508010793,20.261187067186995,0.03537011791971621,0.03533835980603875,1.8796692394818861,10114.820847536594,42.001773325659705,7.164997576449557,10797660.0,10942020.0,7622385.0,9593460.0,10942020.0,10942020.0,10841760.0,10841760.0,1313568.0,1313568.0,896587.0,1090980.0,1313568.0,1313568.0,1299384.0,1299384.0,3,Timor-Leste,Maize (corn),1300.1
165,2000,51.59398846962163,58.55640714000867,0.23915915170477492,0.23708750682267454,24.310090488857693,199319.36749692456,120.352464933007,137.6629931173207,10.741780237427168,20.739931220018764,0.03443326860096008,0.03507407078060493,1.8712489412935165,11021.234079532853,33.37258672815346,6.166596965558496,6598570.0,10942020.0,7370540.0,9593460.0,10942020.0,10942020.0,10841760.0,10841760.0,802736.0,1313568.0,866951.0,1090980.0,1313568.0,1313568.0,1299384.0,1299384.0,3,Timor-Leste,Maize (corn),1608.2
165,2001,55.61421122811142,43.956117301484255,0.2384195193648338,0.23029764511961415,24.442517958747015,203422.63401887583,187.92992967043048,151.38875508947893,10.080153957219714,16.241532348577156,0.033062157363236186,0.03564419551468067,1.868730335614382,10482.940605676045,30.933852143316386,5.676432720464048,10797660.0,10942020.0,6420190.0,9593460.0,10942020.0,10942020.0,10841760.0,10841760.0,1313568.0,1313568.0,775378.0,1090980.0,1313568.0,1313568.0,1299384.0,1299384.0,3,Timor-Leste,Maize (corn),1215.6
165,2002,52.32343398195335,29.662643199413257,0.23069232954747143,0.2289866265027386,24.557749292585584,216250.6152676649,185.11218592572715,153.38653794598238,10.497140556511901,10.200734859790963,0.037897695679892804,0.03854984265172038,1.8332174044867262,9857.777052949708,42.35978340293937,6.498349676897999,10797660.0,10942020.0,8813745.0,9593460.0,10942020.0,10942020.0,10841760.0,10841760.0,1313568.0,1313568.0,1016426.0,1090980.0,1313568.0,1313568.0,1299384.0,1299384.0,3,Timor-Leste,Maize (corn),1755.1
165,2003,54.56763777707765,36.32264693443259,0.23207027730014584,0.22831497370571785,24.639788500467937,207820.74618752205,190.93274775314796,153.11102668254736,11.680149963062917,11.81674361672132,0.03293751382164512,0.03564376538243726,1.8551607750860897,10247.383002051385,56.61720099350736,5.753961388631036,10797660.0,10942020.0,6677615.0,9593460.0,10942020.0,10942020.0,10841760.0,10841760.0,1313568.0,1313568.0,809060.0,1090980.0,1313568.0,1313568.0,1299384.0,1299384.0,3,Timor-Leste,Maize (corn),1392.4
165,2004,53.19954540651258,33.211730750200026,0.2298951186239719,0.22437005103272795,24.509360355801054,212403.21092447,190.2136993743444,155.48171486270482,10.215672735731173,12.29999763566509,0.03516840527038138,0.03829476764582602,1.851050269378715,10460.986312207271,52.67361660056349,6.151545067401887,10797660.0,10942020.0,6217365.0,9593460.0,10942020.0,10942020.0,10841760.0,10841760.0,1313568.0,1313568.0,764900.0,1090980.0,1313568.0,1313568.0,1299384.0,1299384.0,3,Timor-Leste,Maize (corn),1580.9
165,2005,54.1341293673396,30.784540672866232,0.23259784633086783,0.22614816870905358,24.815779166751437,209813.23233411208,183.6283873635493,151.56984346215572,10.62311508010793,10.652601116780048,0.035512620771434765,0.038355213130277864,1.8067660598472366,9530.59997095063,32.78120375431364,6.355913743310745,10797660.0,10942020.0,6201260.0,9593460.0,10942020.0,10942020.0,10841760.0,10841760.0,1313568.0,1313568.0,761413.0,1090980.0,1313568.0,1313568.0,1299384.0,1299384.0,3,Timor-Leste,Maize (corn),1590.0
165,2006,53.12508203774127,43.90114357589074,0.23196404907438486,0.22394615945246374,24.26397238837348,206122.97719249863,181.83153185670614,154.00583555008367,10.40241255871057,14.392622555059233,0.03447659587345965,0.03782470104582016,1.8486310531636547,10906.75715918995,30.351286015930327,5.873970602034539,10797660.0,10942020.0,6624145.0,9593460.0,10942020.0,10942020.0,10841760.0,10841760.0,1313568.0,1313568.0,798828.0,1090980.0,1313568.0,1313568.0,1299384.0,1299384.0,3,Timor-Leste,Maize (corn),1675.8
165,2007,54.87839981395635,42.41231354542171,0.23916040956974025,0.23091734947687673,24.54860455195109,205393.01581414905,182.99033585868477,152.3827680301609,11.065170285726218,15.939496024110456,0.03234595919106631,0.036484979154695445,1.832840201389733,10963.477227395902,29.989572232182677,11.400144354585613,10797660.0,10942020.0,6201260.0,9593460.0,10942020.0,10942020.0,10922525.0,10922525.0,1313568.0,1313568.0,761413.0,1090980.0,1313568.0,1313568.0,1310810.0,1310810.0,3,Timor-Leste,Maize (corn),1128.2
165,2008,50.911904514188336,54.13937340561348,0.23543780735797348,0.22870929250363503,24.54192632039388,202948.3701652053,182.78017332113518,150.19889878195914,10.402539552830808,17.37916363315956,0.03308059239182654,0.037173371063073786,1.8469935628251224,10680.369729412403,28.167520041462108,12.6291891407501,10797660.0,10942020.0,6232620.0,9593460.0,10942020.0,10942020.0,10942020.0,10942020.0,1313568.0,1313568.0,766059.0,1090980.0,1313568.0,1313568.0,1313568.0,1313568.0,3,Timor-Leste,Maize (corn),1261.1
165,2009,51.93330958421195,37.91089040061037,0.23131047603156826,0.22576677931554123,24.693648952907985,210637.332646667,184.74023805329185,152.84958051420801,10.618262967178293,12.421718029568208,0.03288053066689507,0.0366371933849608,1.8470694750398804,9878.376683641782,28.2205621599939,12.346941510212122,10797660.0,10942020.0,6248300.0,9593460.0,10942020.0,10942020.0,10942020.0,10942020.0,1313568.0,1313568.0,768382.0,1090980.0,1313568.0,1313568.0,1313568.0,1313568.0,3,Timor-Leste,Maize (corn),1888.4
165,2010,60.78035494796787,65.09112758981972,0.25044269305136463,0.23891436320073392,24.936280081007215,195028.9219960408,206.20140859649482,149.55577969221824,10.056535902811083,25.9575944502771,0.034114049092796854,0.038382034908632304,1.8595006335546247,10645.916125073247,24.25416668966362,12.380852522982758,10797660.0,10942020.0,5740065.0,9593460.0,10942020.0,10942020.0,10942020.0,10942020.0,1313568.0,1313568.0,710104.0,1090980.0,1313568.0,1313568.0,1313568.0,1313568.0,3,Timor-Leste,Maize (corn),2119.3
165,2011,53.88156149209434,61.56341420239483,0.23840560151471027,0.23025359154712374,24.367635006374783,199514.05722823285,188.97740840934188,149.32799694594922,10.603391425093902,19.73722223176197,0.034558210222390986,0.037878411588278406,1.8350784450022426,10659.739808679045,26.363115606589027,12.514284605394424,10797660.0,10942020.0,6074345.0,9593460.0,10942020.0,10942020.0,10942020.0,10942020.0,1313568.0,1313568.0,748560.0,1090980.0,1313568.0,1313568.0,1313568.0,1313568.0,3,Timor-Leste,Maize (corn),2294.3
165,2012,53.96470182051835,44.78292086256897,0.2367434333595964,0.23036021600935738,24.433276727464463,206852.229969877,188.8812518525692,151.8819482778485,10.40580589802844,15.694529385072196,0.03204107385948715,0.0360663370479987,1.843802548410245,10591.705498890642,26.371125478653514,12.186560465885217,10797660.0,10942020.0,7165725.0,9593460.0,10942020.0,10942020.0,10942020.0,10942020.0,1313568.0,1313568.0,866156.0,1090980.0,1313568.0,1313568.0,1313568.0,1313568.0,3,Timor-Leste,Maize (corn),1390.2
165,2013,57.05473456656361,52.093007738409185,0.2419414343933264,0.23847498614691579,24.741104327307806,200713.81366296974,197.68349519256913,150.94876998771792,10.17203514928197,20.579478908346392,0.030024420946820028,0.03424340642089788,1.825317885172811,10657.277503367142,24.88376102157938,12.22564078234359,10797660.0,10942020.0,8358310.0,9593460.0,10942020.0,10942020.0,10942020.0,10942020.0,1313568.0,1313568.0,974156.0,1090980.0,1313568.0,1313568.0,1313568.0,1313568.0,3,Timor-Leste,Maize (corn),2353.8
165,2014,53.11273574831122,34.735848126962416,0.23293274475468526,0.23258406178449448,24.599648020002576,212800.9332601376,185.83684775491395,152.77770172383816,10.38682838734658,11.752537638756836,0.03514034253775103,0.0364930105991169,1.8542117589738025,10314.772441377265,26.940651032985787,12.313950750157023,10797660.0,10942020.0,8689560.0,9593460.0,10942020.0,10942020.0,10942020.0,10942020.0,1313568.0,1313568.0,1017132.0,1090980.0,1313568.0,1313568.0,1313568.0,1313568.0,3,Timor-Leste,Maize (corn),2772.5
165,2015,53.11658448103742,35.217726004021166,0.22245439783566523,0.22155909841432597,24.556320963965522,212867.23560379364,184.7173457282999,154.4771174313557,10.952098468208176,12.759654081576773,0.03720076853886138,0.0382768763765652,1.8314212801845946,10641.424431651809,27.624121080990097,12.142677470681665,10797660.0,10942020.0,8984330.0,9593460.0,10942020.0,10942020.0,10942020.0,10942020.0,1313568.0,1313568.0,1044698.0,1090980.0,1313568.0,1313568.0,1313568.0,1313568.0,3,Timor-Leste,Maize (corn),2397.0
165,2016,57.40059717337647,42.85575290590587,0.22564868173665467,0.22573975671916457,25.332658958435058,208593.96460368906,198.54310525432703,152.1636282106547,12.448162315666927,19.88262969217779,0.03767440602806917,0.03772354171212048,1.814546298014796,10074.663215512204,30.221003217787583,12.286518946183575,10797660.0,10942020.0,9450100.0,9593460.0,10942020.0,10942020.0,10942020.0,10942020.0,1313568.0,1313568.0,1088068.0,1090980.0,1313568.0,1313568.0,1313568.0,1313568.0,3,Timor-Leste,Maize (corn),2314.6
165,2017,53.82274205352086,47.011420367068,0.22875435468223357,0.22892971933486092,24.924157015482585,199820.68500155557,190.68284628221573,150.65844562185544,11.31280660458761,19.392100957830813,0.03633234574605581,0.036541246560383954,1.8173969876540401,10986.6666171192,29.117404526449818,12.483259630673633,10797660.0,10942020.0,9450100.0,9593460.0,10942020.0,10942020.0,10942020.0,10942020.0,1313568.0,1313568.0,1088068.0,1090980.0,1313568.0,1313568.0,1313568.0,1313568.0,3,Timor-Leste,Maize (corn),2169.3
165,2018,52.434860559863715,33.26298505672213,0.2192462348275714,0.21947067999286615,24.91884060965644,207208.43076833466,187.03564805395627,151.886196634379,11.485839325401631,11.767334296380177,0.03628548165221776,0.03653919868294771,1.8023227346325967,10564.316385765758,33.38000218608504,12.345862033438792,10797660.0,10942020.0,9405300.0,9593460.0,10942020.0,10942020.0,10942020.0,10942020.0,1313568.0,1313568.0,1087158.0,1090980.0,1313568.0,1313568.0,1313568.0,1313568.0,3,Timor-Leste,Maize (corn),2144.5
165,2019,52.12305818747803,33.905198879544905,0.2175719449917475,0.21775372042554086,24.747078715430366,210920.91996360637,186.64963103450447,153.1648499721392,11.367865650888362,12.2100259434375,0.034289056318835526,0.034493232750596,1.7845365978731542,11152.569446023064,32.90971689509767,12.312487091498118,10797660.0,10942020.0,9387380.0,9593460.0,10942020.0,10942020.0,10942020.0,10942020.0,1313568.0,1313568.0,1086794.0,1090980.0,1313568.0,1313568.0,1313568.0,1313568.0,3,Timor-Leste,Maize (corn),2511.6
165,2020,53.7162920074785,36.794816559092446,0.22367116701271794,0.2238213008353138,25.111579831441244,206712.3051855712,189.96881250537672,152.01265614259668,11.912468730182384,14.572052385190508,0.03335274365648435,0.033556007621925704,1.805631622401947,10666.20080504589,33.506228778275144,12.52312700690044,10797660.0,10942020.0,9468020.0,9593460.0,10942020.0,10942020.0,10942020.0,10942020.0,1313568.0,1313568.0,1088432.0,1090980.0,1313568.0,1313568.0,1313568.0,1313568.0,3,Timor-Leste,Maize (corn),2668.6
165,2021,54.785301714799786,50.73471543666327,0.2336959081391493,0.23381918751721473,25.005614397260878,198733.98195941804,187.31312202136368,148.70745786260537,11.682452179827253,19.3250019784922,0.03483334952162447,0.03495640084218563,1.811427131227708,10535.59782168311,32.35174364297033,12.816336924450134,10797660.0,10942020.0,9485940.0,9593460.0,10942020.0,10942020.0,10942020.0,10942020.0,1313568.0,1313568.0,1088796.0,1090980.0,1313568.0,1313568.0,1313568.0,1313568.0,3,Timor-Leste,Maize (corn),972.1
165,2022,57.50709026156514,49.41486115648238,0.24374780265821347,0.24381780999143388,24.90079639222887,202045.55604494817,190.97107543342514,149.91962331604734,11.20862286811715,22.780216870079574,0.038691121329872284,0.0387073496132177,1.8702578471336238,10096.314589947018,30.825141669481592,13.528651380487524,10797660.0,10942020.0,9459060.0,9593460.0,10942020.0,10942020.0,10942020.0,10942020.0,1313568.0,1313568.0,1088250.0,1090980.0,1313568.0,1313568.0,1313568.0,1313568.0,3,Timor-Leste,Maize (corn),1784.5
166,1984,47.05474175136184,26.688718366235346,0.2292572294790593,0.23034892587302885,16.523566690702285,161540.03216726056,167.16890384226866,132.32017087879504,13.799621991483253,15.83083294005565,0.05983046868317557,0.059599120027678004,1.9656508814007039,15620.328798623832,30.051051341879646,5.021829050752011,3259109448.0,3384656856.0,2470772171.0,3267346236.0,3393199656.0,3393199656.0,3446193492.0,3448777752.0,512848476.0,512848476.0,465544734.0,501931058.0,512848476.0,512848476.0,511394076.0,511396560.0,5,Argentina,Maize (corn),3140.7
166,1985,47.05474175136184,22.264775353955137,0.21780543579232123,0.21832789753752146,17.307352177680485,163836.34119024716,172.93439609798415,137.87639308479865,13.799621991483253,15.439968463189562,0.05858960104916792,0.05837301793170954,1.9373604849701813,14360.670988528684,31.8767966486715,5.691580565633683,3259109448.0,3384656856.0,2609560912.0,3265927826.0,3393199656.0,3393199656.0,3446193492.0,3448777752.0,512848476.0,512848476.0,477099133.0,501931046.0,512848476.0,512848476.0,511394076.0,511396560.0,5,Argentina,Maize (corn),3562.9
166,1986,47.05474175136184,24.24820557415218,0.2153393773095948,0.21869197613036398,17.368893547663614,167375.35552266563,168.3857222576658,138.37807029376506,13.799621991483253,15.421814066498374,0.05685322652057145,0.05440027651191755,2.133644777758604,14018.831549132465,33.960813017420236,6.330140364700021,3259109448.0,3384656856.0,2117787588.0,3266702740.0,3393199656.0,3393199656.0,3446193492.0,3448777752.0,512848476.0,512848476.0,383036486.0,501931050.0,512848476.0,512848476.0,511394076.0,511396560.0,5,Argentina,Maize (corn),3745.0
166,1987,47.05474175136184,23.691438042661115,0.21827653626433938,0.2181401577759954,17.08693892615182,171983.25455601583,168.035757027666,136.89891478885298,13.799621991483253,14.28358042059275,0.05449173169797964,0.05327303892039487,1.873049881674469,14272.084985064399,30.85146162899957,5.6663154296623865,3259109448.0,3384656856.0,2478251839.0,3263342558.0,3393199656.0,3393199656.0,3446193492.0,3448777752.0,512848476.0,512848476.0,433936282.0,501931052.0,512848476.0,512848476.0,511394076.0,511396560.0,5,Argentina,Maize (corn),3189.7
166,1988,47.05474175136184,19.11899556462516,0.21037051258038497,0.20979385403766557,16.753081397404745,178661.0908968685,144.07332032639647,137.5536954407819,13.799621991483253,12.911053236206994,0.05219653037508069,0.05176759637175682,2.056844833200418,14648.222207043098,28.758986233499748,6.337728283014013,3259109448.0,3384656856.0,2708699056.0,3252312119.0,3393199656.0,3393199656.0,3446193492.0,3448777752.0,512848476.0,512848476.0,457846112.0,501931044.0,512848476.0,512848476.0,511394076.0,511396560.0,5,Argentina,Maize (corn),3774.4
166,1989,47.05474175136184,19.423661400159443,0.20619353001552912,0.2065583317703003,17.649160943334063,177637.0349032264,175.00500219056318,145.91582959089823,13.799621991483253,11.556961247429497,0.0528285069162617,0.05281771664532057,1.9573290753270944,12835.50127562463,34.45134983230129,6.791959165601588,3259109448.0,3384656856.0,2820830691.0,3252759748.0,3393199656.0,3393199656.0,3446193492.0,3448777752.0,512848476.0,512848476.0,479537077.0,501931044.0,512848476.0,512848476.0,511394076.0,511396560.0,5,Argentina,Maize (corn),2910.3
166,1990,47.05474175136184,24.922764830104683,0.21194326771157126,0.21183173464759542,17.075785196016707,167268.31682883025,187.36579063639024,140.86916359096833,13.799621991483253,15.438923676077202,0.05563965563000618,0.055436545045931485,1.9168951619160903,14544.223412316187,32.10939949246168,6.1483324320267,3259109448.0,3384656856.0,2796218908.0,3252573982.0,3393199656.0,3393199656.0,3446193492.0,3448777752.0,512848476.0,512848476.0,470265349.0,501931044.0,512848476.0,512848476.0,511394076.0,511396560.0,5,Argentina,Maize (corn),3460.8
166,1991,47.05474175136184,24.32466365298027,0.21787337101404627,0.2187362996213764,16.9093680570996,165343.00176927214,182.99090741133668,138.76201788769018,13.799621991483253,14.570223133074947,0.05405517603998338,0.05345435088567496,1.9005834090500628,14816.294244573177,30.6178457625015,5.706658952202479,3259109448.0,3384656856.0,2668228304.0,3254479473.0,3393199656.0,3393199656.0,3446193492.0,3448777752.0,512848476.0,512848476.0,437850480.0,501931044.0,512848476.0,512848476.0,511394076.0,511396560.0,5,Argentina,Maize (corn),4044.4
166,1992,47.05474175136184,25.267561370831558,0.22045658753504827,0.22055015567618266,16.63058455028231,168017.9195819064,168.57924602297197,135.6021679013527,13.799621991483253,14.56526504511513,0.053712603269200083,0.05372676994408767,1.8281640936864367,13895.719844693818,28.165800908385478,5.9020601177232175,3259109448.0,3384656856.0,2991177868.0,3257507904.0,3393199656.0,3393199656.0,3446193492.0,3448777752.0,512848476.0,512848476.0,490941564.0,501931044.0,512848476.0,512848476.0,511394076.0,511396560.0,5,Argentina,Maize (corn),4523.7
166,1993,47.05474175136184,26.58611120292064,0.22276311734366036,0.22281962377542344,16.752539507926457,169342.14846013446,160.59178291456695,134.03682446868044,13.799621991483253,15.09149588236356,0.05541663722753346,0.055369526717610244,1.8428965086208784,14201.66980930042,28.99029281559007,5.711078350613451,3259109448.0,3384656856.0,3087840805.0,3259868759.0,3393199656.0,3393199656.0,3446193492.0,3448777752.0,512848476.0,512848476.0,499532667.0,501931044.0,512848476.0,512848476.0,511394076.0,511396560.0,5,Argentina,Maize (corn),4355.2
166,1994,47.05474175136184,22.601058029224138,0.21159231875623974,0.21196524782819542,17.489158009725905,172923.4747959337,138.22322370598468,132.60073042217607,13.799621991483253,12.886835380631485,0.052029975125996435,0.05222354888243487,2.0652482495381226,13251.667688321724,24.262957716675547,7.433336279237937,3259109448.0,3384656856.0,3072967688.0,3260053328.0,3393199656.0,3393199656.0,3446193492.0,3448777752.0,512848476.0,512848476.0,497412589.0,501931044.0,512848476.0,512848476.0,511394076.0,511396560.0,5,Argentina,Maize (corn),4237.1
166,1995,47.05474175136184,20.118932179089473,0.2022112082276079,0.202191102941546,17.04488954468379,179047.03492084265,171.39700904869738,142.58019709129155,13.799621991483253,12.061619999138074,0.052872258728563194,0.052861802157991786,2.1050409501719867,14566.321113598644,31.978806404547328,6.274494977197013,3259109448.0,3384656856.0,3068333499.0,3261113457.0,3393199656.0,3393199656.0,3446193492.0,3448777752.0,512848476.0,512848476.0,499944833.0,501931044.0,512848476.0,512848476.0,511394076.0,511396560.0,5,Argentina,Maize (corn),4522.3
166,1996,47.05474175136184,23.480065378301173,0.20688058849838042,0.20678534604170845,17.327611777517532,174164.455418152,178.56863724307973,141.64174753768336,13.799621991483253,12.832890664703113,0.05366091558502476,0.05368792851770861,1.9470427831661978,13671.183972723733,32.597848953376236,5.934195906041878,3259109448.0,3384656856.0,3092291118.0,3261023668.0,3393199656.0,3393199656.0,3446193492.0,3448777752.0,512848476.0,512848476.0,498592409.0,501931044.0,512848476.0,512848476.0,511394076.0,511396560.0,5,Argentina,Maize (corn),4039.7
166,1997,47.05474175136184,23.76861089177533,0.20547466358495134,0.20538025581307495,17.771056574488444,167160.4539908517,175.9956216429571,139.67967670761468,13.799621991483253,13.50575186266884,0.05306403724677638,0.05307571414308042,2.234771054659488,14438.232853749814,33.70481032188446,6.866970060793336,3259109448.0,3384656856.0,3053019865.0,3260014121.0,3393199656.0,3393199656.0,3446193492.0,3448777752.0,512848476.0,512848476.0,495787751.0,501931044.0,512848476.0,512848476.0,511394076.0,511396560.0,5,Argentina,Maize (corn),4555.7
166,1998,47.05474175136184,24.21389366050615,0.2339384490180583,0.233818181049352,16.972308968740798,168007.32672276915,192.92822652522466,136.78087955248526,13.799621991483253,14.588322491012784,0.05541073882403798,0.05544283654470452,1.8366497453789719,13371.758440981792,31.11412418405388,4.98161569390278,3259109448.0,3384656856.0,3107350869.0,3263390774.0,3393199656.0,3393199656.0,3446193492.0,3448777752.0,512848476.0,512848476.0,497704629.0,501931068.0,512848476.0,512848476.0,511394076.0,511396560.0,5,Argentina,Maize (corn),6078.0
166,1999,47.05474175136184,23.903681895352502,0.21780413040329535,0.217817734206144,16.894852712040855,168613.5248122873,180.03506707079308,135.12960135858597,13.799621991483253,13.778756060927961,0.04865848492439525,0.0488538125779353,1.9776079902519157,13201.48236212147,30.328132515977554,5.404410000164542,3259109448.0,3384656856.0,3064361748.0,3264283001.0,3393199656.0,3393199656.0,3446193492.0,3448777752.0,512848476.0,512848476.0,494158655.0,501931076.0,512848476.0,512848476.0,511394076.0,511396560.0,5,Argentina,Maize (corn),5370.2
166,2000,44.44617831411616,28.16453770031072,0.22691111857928925,0.2270089465781618,16.708456943905542,168791.9516516279,159.1867773380396,131.3032027153911,13.00004770737806,17.019351129625623,0.052498236743173,0.05262026632357756,1.9229615413105858,15849.843436844896,29.050017861498176,5.64393878292203,1991677996.0,3384656856.0,3000036592.0,3263797229.0,3393199656.0,3393199656.0,3446193492.0,3448777752.0,313407402.0,512848476.0,486845288.0,501931066.0,512848476.0,512848476.0,511394076.0,511396560.0,5,Argentina,Maize (corn),5432.9
166,2001,51.05110258095517,30.734376458962817,0.2308206230047203,0.23034200182572895,17.446433956660922,163320.18451430323,189.80413356305377,138.54016229053465,12.921230188330878,15.190644915087184,0.05029770887338431,0.0507124906513932,1.9634081995092723,15926.32215578281,29.01353713910856,5.828622193937294,3259109448.0,3384656856.0,2893358055.0,3266061477.0,3393199656.0,3393199656.0,3446193492.0,3448777752.0,512848476.0,512848476.0,473029754.0,501931072.0,512848476.0,512848476.0,511394076.0,511396560.0,5,Argentina,Maize (corn),5455.3
166,2002,49.929659537072894,29.79162901467231,0.23403518055639566,0.23406726577421227,17.177113260541642,167410.25624893926,182.3674714116244,138.9305924383214,12.72473038125866,17.003233581362746,0.05194370805029802,0.052015637317158185,2.059665943155156,15323.49020914351,27.82613089555542,5.902839711302314,3259109448.0,3384656856.0,3027286444.0,3262249935.0,3393199656.0,3393199656.0,3446193492.0,3448777752.0,512848476.0,512848476.0,495135451.0,501931062.0,512848476.0,512848476.0,511394076.0,511396560.0,5,Argentina,Maize (corn),6079.1
166,2003,47.738563675821624,24.86746525627889,0.2281712269380925,0.22796903258883155,17.405475111234757,177067.66996568418,172.99093302033393,140.41313582645836,13.743826373919008,14.505344995939494,0.05545849010594437,0.0556004698228842,2.002739507728393,14944.152871807972,29.81099227252988,6.242504051781509,3259109448.0,3384656856.0,2936434823.0,3261736436.0,3393199656.0,3393199656.0,3446193492.0,3448777752.0,512848476.0,512848476.0,493100859.0,501931066.0,512848476.0,512848476.0,511394076.0,511396560.0,5,Argentina,Maize (corn),6476.7
166,2004,48.922859042037935,23.92108546189259,0.21477897004002613,0.21480769600322688,17.337513397610376,174881.68982775373,174.755363410728,139.2973292344232,13.560952773701931,12.35628050102947,0.0453282176579606,0.04574026078187714,2.0071813495388446,13687.419696598155,28.486076476161767,6.174291092775905,3259109448.0,3384656856.0,2929827733.0,3261843900.0,3393199656.0,3393199656.0,3446193492.0,3448777752.0,512848476.0,512848476.0,492613895.0,501931070.0,512848476.0,512848476.0,511394076.0,511396560.0,5,Argentina,Maize (corn),6393.1
166,2005,47.217236344450086,22.032509529713085,0.20904042329343536,0.20917095180114187,17.20235728839087,175037.72011241305,172.8157423554157,140.30668974637896,13.842113654135876,13.154033434800732,0.050934983750629145,0.05113823889195953,2.0429251267254465,14671.378229413283,30.765686278831186,5.88825653010379,3259109448.0,3384656856.0,2878810424.0,3263991199.0,3393199656.0,3393199656.0,3446193492.0,3448777752.0,512848476.0,512848476.0,492593674.0,501931072.0,512848476.0,512848476.0,511394076.0,511396560.0,5,Argentina,Maize (corn),7358.7
166,2006,47.09453914712826,26.11234360800261,0.20153493806719777,0.20175760340358087,17.761233220024714,177229.14223381988,169.54601891082962,142.38765430196335,13.964052344872725,14.18307247482325,0.048625501093380534,0.048923651142123284,2.130451282117417,14556.685570622527,30.664914334111508,5.912888874763735,3259109448.0,3384656856.0,2913501871.0,3263085980.0,3393199656.0,3393199656.0,3446193492.0,3448777752.0,512848476.0,512848476.0,492424981.0,501931068.0,512848476.0,512848476.0,511394076.0,511396560.0,5,Argentina,Maize (corn),5903.0
166,2007,47.05474175136184,26.554613076006827,0.21769550147037656,0.21769980744863615,16.697066948527382,173394.77940929832,164.17634639324334,141.78458530996346,13.281285023296897,14.054677914954242,0.0521370026893762,0.052198977042574174,2.0740900250130894,14849.816902291464,29.594889209894973,7.70237683854643,3259109448.0,3384656856.0,3055416770.0,3266273927.0,3393199656.0,3393199656.0,3504890739.0,3505393234.0,512848476.0,512848476.0,500080855.0,501931070.0,512848476.0,512848476.0,512565676.0,512566159.0,5,Argentina,Maize (corn),7665.5
166,2008,42.40497814005411,19.913529843243857,0.1890576463488359,0.1891161983082688,17.902176993233816,179922.41165789988,164.03584908644777,144.35646088645152,13.27153595955447,11.273272048796384,0.04422620051666579,0.044316032326597504,1.967544051797958,14136.381896919553,30.379403100919173,8.450406838412261,3259109448.0,3384656856.0,3062752238.0,3265470026.0,3393199656.0,3393199656.0,3519059040.0,3519059040.0,512848476.0,512848476.0,500288425.0,501931066.0,512848476.0,512848476.0,512848476.0,512848476.0,5,Argentina,Maize (corn),6452.5
166,2009,40.1247008149834,23.562812922967098,0.18679744235816453,0.18687070931287486,17.870953268475002,181039.73966235528,160.25192861381615,143.87771327862836,14.239864142012545,12.749031307863811,0.05430912701984116,0.05437341157941259,2.0880815665644774,14287.60762571294,33.81923595715933,9.02488761578098,3259109448.0,3384656856.0,3074382675.0,3265611020.0,3393199656.0,3393199656.0,3519059040.0,3519059040.0,512848476.0,512848476.0,500211419.0,501931070.0,512848476.0,512848476.0,512848476.0,512848476.0,5,Argentina,Maize (corn),5576.0
166,2010,45.899805963442745,22.78786463109096,0.20752699821004789,0.2076094350276429,17.08574233925532,176990.72834785623,172.88936440043997,141.73184370260546,13.799621991483253,13.333054693520898,0.05456017844985705,0.054621816168183665,1.9060046789419656,13980.314679783694,29.706846496703008,8.411876622575639,3259109448.0,3384656856.0,3039479191.0,3265722327.0,3393199656.0,3393199656.0,3519059040.0,3519059040.0,512848476.0,512848476.0,499724808.0,501931078.0,512848476.0,512848476.0,512848476.0,512848476.0,5,Argentina,Maize (corn),7804.0
166,2011,44.619230359771144,21.570229682533473,0.1966438946269807,0.19675136856696715,17.279695051056997,179858.79470545225,169.0663887470536,142.14323970389574,13.690247045133216,12.45945644967294,0.05151411889320979,0.051595014482937344,1.9743210910020907,14656.611585367677,29.274181097279225,8.2413896400449,3259109448.0,3384656856.0,3092420471.0,3268523958.0,3393199656.0,3393199656.0,3519059040.0,3519059040.0,512848476.0,512848476.0,499854652.0,501931074.0,512848476.0,512848476.0,512848476.0,512848476.0,5,Argentina,Maize (corn),6350.3
166,2012,44.42676953366222,30.650333522828706,0.20939826374016107,0.20944334335962006,17.769817019265794,175673.5733305718,169.08442103849129,141.99392673422457,13.523639156163252,16.744284331506964,0.050514990755951776,0.050569152138513845,2.2240837930179667,13789.875681040043,29.75919843071488,8.763526692673528,3259109448.0,3384656856.0,3111808231.0,3267566743.0,3393199656.0,3393199656.0,3519059040.0,3519059040.0,512848476.0,512848476.0,500471720.0,501931072.0,512848476.0,512848476.0,512848476.0,512848476.0,5,Argentina,Maize (corn),5734.6
166,2013,43.650262320561275,20.83554303215877,0.19196947125924954,0.19195860672772622,17.60964758812435,181812.75496554797,163.78863020903864,143.2544583759671,13.802767557969881,11.986199511099452,0.05053380079515849,0.05054609315123818,2.1602602566002984,13826.943162440972,30.04858603744562,8.830255225371769,3259109448.0,3384656856.0,3117636718.0,3266958310.0,3393199656.0,3393199656.0,3519059040.0,3519059040.0,512848476.0,512848476.0,501221453.0,501931072.0,512848476.0,512848476.0,512848476.0,512848476.0,5,Argentina,Maize (corn),6603.7
166,2014,48.32339622962327,27.91671374582361,0.21949612201442792,0.21949878002327392,17.700479019255866,172577.1220137802,177.16059616896808,141.8343560428493,14.486163509145637,15.619640896879707,0.0534412047776978,0.05343883886927994,2.0170455116207306,14923.214503884978,30.57083313879989,8.847931930281424,3259109448.0,3384656856.0,3091778802.0,3265810919.0,3393199656.0,3393199656.0,3519059040.0,3519059040.0,512848476.0,512848476.0,501184067.0,501931068.0,512848476.0,512848476.0,512848476.0,512848476.0,5,Argentina,Maize (corn),6840.9
166,2015,47.39579410849212,27.473345661702645,0.2112827630388358,0.21130260641772133,17.826378595261346,171117.4540944269,170.6383655339561,141.4703572542701,13.54755593738189,15.546681123467236,0.05050523866715428,0.050511960774368835,2.065275292509758,14141.461036127961,28.809767760047357,8.23010568328003,3259109448.0,3384656856.0,3075497376.0,3263390333.0,3393199656.0,3393199656.0,3519059040.0,3519059040.0,512848476.0,512848476.0,501490520.0,501931072.0,512848476.0,512848476.0,512848476.0,512848476.0,5,Argentina,Maize (corn),7309.0
166,2016,47.280534687173244,28.018357680934155,0.2254698515411407,0.2254726512939859,17.072175968260993,171431.82193875237,178.217287993799,140.58398845528234,13.384513950843493,13.93638158897641,0.0488116411937609,0.048810348852282436,1.900451107087847,14864.855634517364,26.92619582934516,8.37242119432722,3259109448.0,3384656856.0,3031160804.0,3260292364.0,3393199656.0,3393199656.0,3519059040.0,3519059040.0,512848476.0,512848476.0,501472381.0,501931064.0,512848476.0,512848476.0,512848476.0,512848476.0,5,Argentina,Maize (corn),7442.7
166,2017,47.99126224742198,26.205489724562714,0.22620709607052422,0.226210913434258,17.868952501387824,173700.51108997694,177.69479757278378,142.02885681167533,13.997427964367793,14.85400252828537,0.04982152515851148,0.04982608357517639,1.9554583352069415,12945.163799158434,29.222826004385176,8.510810876379274,3259109448.0,3143553336.0,3054080995.0,3260964987.0,3393199656.0,3393199656.0,3519059040.0,3519059040.0,512848476.0,512798736.0,501609494.0,501931062.0,512848476.0,512848476.0,512848476.0,512848476.0,5,Argentina,Maize (corn),7575.9
166,2018,45.59928010663447,23.24716866289291,0.20024595557460706,0.20025147786142639,17.71388180293734,175358.52989722704,168.61134793474707,142.03581858641633,14.770474420775198,14.159949478953827,0.04980987314126388,0.049792726354337576,1.9255120905800394,15759.015222454284,32.094875044065155,8.403930372432036,3259109448.0,3384656856.0,3016525575.0,3261086010.0,3393199656.0,3393199656.0,3519059040.0,3519059040.0,512848476.0,512848476.0,500305558.0,501931066.0,512848476.0,512848476.0,512848476.0,512848476.0,5,Argentina,Maize (corn),6088.3
166,2019,47.57594144297155,24.023767544297666,0.20769522622937245,0.2077098835353829,17.437399587933978,174878.42614705535,172.36569300852864,141.43881610249028,13.973755452840704,14.299032762134887,0.052045646224277355,0.05200000609023076,1.9497096221479555,13502.6966079362,30.456409804355722,8.070969465269226,3259109448.0,3384656856.0,3031562135.0,3261862100.0,3393199656.0,3393199656.0,3519059040.0,3519059040.0,512848476.0,512848476.0,499165787.0,501931064.0,512848476.0,512848476.0,512848476.0,512848476.0,5,Argentina,Maize (corn),7861.5
166,2020,44.57083518246155,20.187673368777915,0.18819216278100767,0.18819036108488005,17.59721547459799,185260.87683433262,164.36934593471204,143.1722054827898,14.168963203739095,11.643260256099937,0.0474879887139038,0.04748593419903239,2.0822858402271023,13907.261622106878,31.866985306667754,8.682778523804393,3259109448.0,3384656856.0,3053396899.0,3262552384.0,3393199656.0,3393199656.0,3519059040.0,3519059040.0,512848476.0,512848476.0,501674248.0,501931062.0,512848476.0,512848476.0,512848476.0,512848476.0,5,Argentina,Maize (corn),7553.9
166,2021,47.05046688029589,21.774995124679798,0.1929758824408054,0.1929749499505771,17.63649881075299,179679.09453641006,165.70602486772793,142.68848026542386,14.34226701781267,12.544291526446592,0.04662070336461026,0.04661942980221807,1.9521356077973138,14181.746766226091,30.192932211054607,8.263188004157076,3259109448.0,3384656856.0,3102705263.0,3263305199.0,3393199656.0,3393199656.0,3519059040.0,3519059040.0,512848476.0,512848476.0,501747083.0,501931064.0,512848476.0,512848476.0,512848476.0,512848476.0,5,Argentina,Maize (corn),7429.6
166,2022,43.05658875970576,19.112445784353532,0.180389145714423,0.18038943976211963,17.433852405775163,187075.7320758791,152.77071532127374,143.19634966209892,13.428690866556217,10.638828676929096,0.046481784691262115,0.04648234642311978,2.04118198698725,12924.216719053775,29.514344892428454,8.927387083541422,3259109448.0,3384656856.0,3089548385.0,3262621859.0,3393199656.0,3393199656.0,3519059040.0,3519059040.0,512848476.0,512848476.0,501700237.0,501931064.0,512848476.0,512848476.0,512848476.0,512848476.0,5,Argentina,Maize (corn),6732.9
178,1984,61.29761203870683,44.60559482585483,0.30938657222504024,0.3124175430209769,21.776587549845377,171286.72510578038,209.49792521552558,139.9920129001834,12.68921741560624,18.118745724015398,0.05438735105091853,0.05519522923362897,0.8870814158588498,7086.725959110883,20.73198722267625,3.035113140468984,313749000.0,318436380.0,200326807.0,210899700.0,318436380.0,318436380.0,313831800.0,313832520.0,37586628.0,37586628.0,34622724.0,36537048.0,37586628.0,37586628.0,37282068.0,37282068.0,3,Paraguay,Maize (corn),1434.5
178,1985,61.29761203870683,34.16228922984835,0.30875049051311276,0.3092297696569872,21.96636986732483,175865.59634032793,217.75281336502965,145.26217357258454,12.68921741560624,15.306080478956495,0.05514480576639537,0.055199446662139204,0.8158322299427107,7375.49062823958,22.188844352790746,3.5054757421514275,313749000.0,318436380.0,207568595.0,210899700.0,318436380.0,318436380.0,313831800.0,313832520.0,37586628.0,37586628.0,36041030.0,36537048.0,37586628.0,37586628.0,37282068.0,37282068.0,3,Paraguay,Maize (corn),1698.7
178,1986,61.29761203870683,49.72200187017961,0.3066598875769253,0.30692338671596686,21.99927988582187,169869.2281770283,217.90907427266055,144.02451008606877,12.68921741560624,20.287831473861193,0.05562394510988824,0.05461356148946481,0.8262004164325788,7955.603415826884,22.597858120012056,3.641119431382866,313749000.0,318436380.0,162466380.0,210899700.0,318436380.0,318436380.0,313831800.0,313832520.0,37586628.0,37586628.0,28304078.0,36537048.0,37586628.0,37586628.0,37282068.0,37282068.0,3,Paraguay,Maize (corn),1701.3
178,1987,61.29761203870683,47.52882283504247,0.31768157394493324,0.31517021333103484,21.40888908704122,169310.8120657327,209.04569850953425,141.93194944948107,12.68921741560624,18.965758600354622,0.0546495109055561,0.054492769367969054,0.8949201658582017,8136.90476802826,21.299296416879283,3.177688788436151,313749000.0,318436380.0,168916535.0,210899700.0,318436380.0,318436380.0,313831800.0,313832520.0,37586628.0,37586628.0,29757707.0,36537048.0,37586628.0,37586628.0,37282068.0,37282068.0,3,Paraguay,Maize (corn),1804.6
178,1988,61.29761203870683,34.443741878778184,0.3166439867019653,0.30643581459503044,21.44270397292243,175312.74730947913,187.6260443299801,142.86461057422818,12.68921741560624,13.315605605621146,0.05505999056991829,0.0545632951270225,0.9346326156786835,8882.931537176903,21.324367317229985,3.7488286537715636,313749000.0,318436380.0,141344095.0,210899700.0,318436380.0,318436380.0,313831800.0,313832520.0,37586628.0,37586628.0,24252615.0,36537048.0,37586628.0,37586628.0,37282068.0,37282068.0,3,Paraguay,Maize (corn),1902.0
178,1989,61.29761203870683,45.899627752072746,0.3265979927447107,0.3145144032033558,20.989652013778688,169083.00398279243,226.83436593795292,145.18625326183684,12.68921741560624,19.152752975553202,0.055868900781029684,0.05637819698824015,0.8970949032042875,7302.106800567058,19.27713944281665,3.8379627350869607,313749000.0,318436380.0,145821375.0,210899700.0,318436380.0,318436380.0,313831800.0,313832520.0,37586628.0,37586628.0,25010327.0,36537048.0,37586628.0,37586628.0,37282068.0,37282068.0,3,Paraguay,Maize (corn),1988.9
178,1990,61.29761203870683,54.11156371395206,0.316143702632851,0.3078670019229689,21.309326929516264,166517.24202732558,222.76253892933298,144.70590224723676,12.68921741560624,23.839637797279202,0.05485010269223214,0.054384886673521364,0.8922803734157857,8307.004511216152,20.864727953071895,3.5785940275611123,313749000.0,318436380.0,144434985.0,210899700.0,318436380.0,318436380.0,313831800.0,313832520.0,37586628.0,37586628.0,25756411.0,36537048.0,37586628.0,37586628.0,37282068.0,37282068.0,3,Paraguay,Maize (corn),2199.1
178,1991,61.29761203870683,40.70508210127535,0.31922956059376395,0.30958956810972915,21.998972362942165,173555.43727310156,211.66434292283685,147.19508256188624,12.68921741560624,15.469647561886582,0.05514103660850682,0.054153390177325414,0.8524244922761292,7686.686781784261,20.442455696297678,3.918807519533685,313749000.0,318436380.0,142267185.0,210899700.0,318436380.0,318436380.0,313831800.0,313832520.0,37586628.0,37586628.0,23133009.0,36537048.0,37586628.0,37586628.0,37282068.0,37282068.0,3,Paraguay,Maize (corn),1650.2
178,1992,61.29761203870683,53.750054796738205,0.3204944398668077,0.319313583850177,21.239279471503362,167089.74848338807,204.15055075415148,142.602241864813,12.68921741560624,21.96879391994003,0.05188483810974624,0.051479612083561804,0.8191984284629626,7100.139391995318,20.66352211665719,3.2931338297100696,313749000.0,318436380.0,194893945.0,210899700.0,318436380.0,318436380.0,313831800.0,313832520.0,37586628.0,37586628.0,33519999.0,36537048.0,37586628.0,37586628.0,37282068.0,37282068.0,3,Paraguay,Maize (corn),1743.0
178,1993,61.29761203870683,43.504096302994974,0.3115774802035755,0.3104874419655337,21.451501862208048,170183.36791825466,189.81538112706633,142.52531003623386,12.68921741560624,17.851553804169598,0.053581041434717806,0.05355705864424832,0.8794205724195396,7440.8440168838715,23.901722355313687,3.294315682299006,313749000.0,318436380.0,208761650.0,210899700.0,318436380.0,318436380.0,313831800.0,313832520.0,37586628.0,37586628.0,35960704.0,36537048.0,37586628.0,37586628.0,37282068.0,37282068.0,3,Paraguay,Maize (corn),1763.0
178,1994,61.29761203870683,48.41598149456891,0.3118943721055984,0.3110938306565932,22.248407056596545,170115.09554669325,165.5090621521295,140.71502562192,12.68921741560624,18.75228230506573,0.05542254534140641,0.055352711901792855,0.945125903567776,7398.063546638427,18.90290924071453,3.31880482792809,313749000.0,318436380.0,207655040.0,210899700.0,318436380.0,318436380.0,313831800.0,313832520.0,37586628.0,37586628.0,36076442.0,36537048.0,37586628.0,37586628.0,37282068.0,37282068.0,3,Paraguay,Maize (corn),2114.0
178,1995,61.29761203870683,39.92027839353963,0.30777520090341565,0.30674432323647527,21.886313496695625,168751.42287593766,214.9585931971386,146.68674294871417,12.68921741560624,15.456624339937404,0.053549898688299034,0.053515432526343096,0.8596174236267705,9297.738150751275,20.486257713277105,3.999502824572305,313749000.0,318436380.0,208301675.0,210899700.0,318436380.0,318436380.0,313831800.0,313832520.0,37586628.0,37586628.0,35780434.0,36537048.0,37586628.0,37586628.0,37282068.0,37282068.0,3,Paraguay,Maize (corn),2466.0
178,1996,61.29761203870683,52.88136118562926,0.30952530784739385,0.3083286029868682,21.329778046078154,164336.79730926172,217.60431224462073,144.5901076672014,12.68921741560624,21.212754092033215,0.056015449412866146,0.05607249733707053,0.897567815826451,8089.796567724595,21.318150062887586,3.4626564754350353,313749000.0,318436380.0,206330130.0,210899700.0,318436380.0,318436380.0,313831800.0,313832520.0,37586628.0,37586628.0,35754355.0,36537048.0,37586628.0,37586628.0,37282068.0,37282068.0,3,Paraguay,Maize (corn),2015.0
178,1997,61.29761203870683,53.256273397379495,0.30641212049457756,0.305658928167608,22.107355255550807,165158.41095798064,215.63628775607242,144.2062011300749,12.68921741560624,22.45147027161718,0.0537912929417965,0.053839429305923295,0.8798196213506025,8362.74715257264,21.77987211343667,3.3398951976817,313749000.0,318436380.0,206997360.0,210899700.0,318436380.0,318436380.0,313831800.0,313832520.0,37586628.0,37586628.0,35895900.0,36537048.0,37586628.0,37586628.0,37282068.0,37282068.0,3,Paraguay,Maize (corn),2748.3
178,1998,61.29761203870683,57.687579524522285,0.323298827972677,0.32243092166924225,21.59564103550381,161798.5799039742,220.13722276118537,142.2424265987145,12.68921741560624,20.37741494698064,0.05426900558181845,0.05432061897801414,0.8380518437613217,8583.617095596186,20.20334904997801,2.995240591990246,313749000.0,318436380.0,206137245.0,210899700.0,318436380.0,318436380.0,313831800.0,313832520.0,37586628.0,37586628.0,35928820.0,36537048.0,37586628.0,37586628.0,37282068.0,37282068.0,3,Paraguay,Maize (corn),2457.5
178,1999,61.29761203870683,37.420645715422665,0.30126607782310905,0.3010220873826069,21.673454231686062,175750.20298423115,197.84386069526866,143.07715172597239,12.68921741560624,15.89328270937509,0.05894063108745045,0.05864199336864777,0.9143239530883929,7180.147479346506,21.732533441099527,3.3727343839849673,313749000.0,318436380.0,204671790.0,210899700.0,318436380.0,318436380.0,313831800.0,313832520.0,37586628.0,37586628.0,35278207.0,36537048.0,37586628.0,37586628.0,37282068.0,37282068.0,3,Paraguay,Maize (corn),2291.7
178,2000,58.87089110887068,49.32011850040222,0.306481414867772,0.30550267657444624,21.63046032587687,170460.96899196,184.8315385938351,139.38457866450668,12.534114259462585,16.983856835357887,0.05942535171799441,0.059340124812924944,0.8843488746147942,7832.438875104257,21.323128386475563,3.2366930768309836,191735500.0,318436380.0,197859285.0,210899700.0,318436380.0,318436380.0,313831800.0,313832520.0,22969606.0,37586628.0,33776032.0,36537048.0,37586628.0,37586628.0,37282068.0,37282068.0,3,Paraguay,Maize (corn),1951.2
178,2001,63.686738097852576,42.91037957173548,0.30677517602841053,0.3024060762221441,22.17042152616713,169677.9161701893,211.78994715883644,145.5600772441274,12.548244094234754,14.2542116889957,0.059484196394033746,0.05925836636137043,0.8613515366590293,8270.030080399913,22.24275735012149,3.552958874273644,313749000.0,318436380.0,163604525.0,210899700.0,318436380.0,318436380.0,313831800.0,313832520.0,37586628.0,37586628.0,30561938.0,36537048.0,37586628.0,37586628.0,37282068.0,37282068.0,3,Paraguay,Maize (corn),2330.8
178,2002,63.835463311394655,47.17379928210764,0.3069670246707068,0.3060188618895372,22.492591248618233,170974.16970663358,201.61457809141825,146.8361517394989,13.013259215846327,19.265149501238866,0.05590119404732523,0.05592857883773147,1.0611462555058588,8495.361934100309,23.398588452805313,3.8323449087001222,313749000.0,318436380.0,199317150.0,210899700.0,318436380.0,318436380.0,313831800.0,313832520.0,37586628.0,37586628.0,35185304.0,36537048.0,37586628.0,37586628.0,37282068.0,37282068.0,3,Paraguay,Maize (corn),2344.2
178,2003,61.75924195991485,46.283396967901346,0.31161174989408913,0.31059470519481314,21.97944584422641,177381.12483796594,203.16307518862587,147.52740843138437,12.952081528279228,16.95084318499857,0.051603786930444234,0.05127928952722066,0.8769153796740053,7609.083694555154,21.985032305173338,3.57858219252554,313749000.0,318436380.0,195425300.0,210899700.0,318436380.0,318436380.0,313831800.0,313832520.0,37586628.0,37586628.0,34454537.0,36537048.0,37586628.0,37586628.0,37282068.0,37282068.0,3,Paraguay,Maize (corn),2384.9
178,2004,60.872397111331715,40.413092068853715,0.30918520573112696,0.3093937469217,21.822719669342042,179222.8496863323,200.5673149257368,147.57439873250377,12.964949194392931,14.53155216263982,0.052303717317687466,0.05235422821528288,0.8497086476384375,6549.183175524693,22.05077577951582,3.5647728554703186,313749000.0,318436380.0,200796405.0,210899700.0,318436380.0,318436380.0,313831800.0,313832520.0,37586628.0,37586628.0,35894875.0,36537048.0,37586628.0,37586628.0,37282068.0,37282068.0,3,Paraguay,Maize (corn),2545.5
178,2005,60.02387049859113,40.30829937350089,0.3072823809252845,0.3075474766022642,22.154803646935356,172448.54852825133,199.7966137767515,148.55907748207773,12.81237250875348,16.724570041005055,0.05201811754470717,0.05206368568482718,0.7927957817092507,8079.115347757629,22.497980617588404,3.72582045422604,313749000.0,318436380.0,201063100.0,210899700.0,318436380.0,318436380.0,313831800.0,313832520.0,37586628.0,37586628.0,35985562.0,36537048.0,37586628.0,37586628.0,37282068.0,37282068.0,3,Paraguay,Maize (corn),2075.0
178,2006,60.87050390097956,43.21015498750656,0.3103513614998923,0.31051981638448745,22.332320769627888,176906.5928883474,201.97762915809852,147.6796603856224,13.009570936099253,14.671024507318,0.051936000733901325,0.05190868966613371,0.8824853740413491,6160.947542700781,21.720944683522767,3.402217400595293,313749000.0,318436380.0,199979470.0,210899700.0,318436380.0,318436380.0,313831800.0,313832520.0,37586628.0,37586628.0,35725879.0,36537048.0,37586628.0,37586628.0,37282068.0,37282068.0,3,Paraguay,Maize (corn),2682.9
178,2007,59.408641156475866,45.15610850639441,0.30917235513528185,0.30923313563967414,21.998698409398397,173828.90716991565,193.6696383807521,148.71915883149998,12.652225871474744,14.507885715850989,0.05196536957130441,0.05196874704633365,0.9911544038691741,8972.861232661691,24.375501134400565,9.713186376946176,313749000.0,318436380.0,210538380.0,210899700.0,318436380.0,318436380.0,317541045.0,317541185.0,37586628.0,37586628.0,36497160.0,36537048.0,37586628.0,37586628.0,37527408.0,37527408.0,3,Paraguay,Maize (corn),2770.0
178,2008,61.29761203870683,37.722986671382166,0.3076793183883031,0.307740086191017,21.67328724331326,175579.87572360368,209.97650117548628,148.2611265105372,12.68921741560624,16.014766220183898,0.051236556874543156,0.051243832238549815,0.8887335262642744,8148.092003448308,22.2432058842399,11.00922188678486,313749000.0,318436380.0,210295780.0,210899700.0,318436380.0,318436380.0,318436380.0,318436380.0,37586628.0,37586628.0,36494520.0,36537048.0,37586628.0,37586628.0,37586628.0,37586628.0,3,Paraguay,Maize (corn),2880.4
178,2009,59.693061803082045,51.9403857194974,0.3131879051526387,0.31324155787267605,21.682426675160727,169901.48588110204,208.559544789502,148.31743338930562,13.269922011992884,17.062958456609376,0.05207443561296377,0.05207531998836686,0.9653834808530241,6968.921341042866,23.474187057747393,11.031304147817979,313749000.0,318436380.0,210170930.0,210899700.0,318436380.0,318436380.0,318436380.0,318436380.0,37586628.0,37586628.0,36493216.0,36537048.0,37586628.0,37586628.0,37586628.0,37586628.0,3,Paraguay,Maize (corn),2400.0
178,2010,60.85159378566548,44.81703310205382,0.31491386940081917,0.3149656168106664,21.389889171388415,172250.33063998588,206.48257095194364,148.14585239135286,12.533115802505664,16.428952238117173,0.05161807726930079,0.05161510486347301,0.9363208280523584,8452.2702614902,23.423058156600145,11.080861500882401,313749000.0,318436380.0,210174480.0,210899700.0,318436380.0,318436380.0,318436380.0,318436380.0,37586628.0,37586628.0,36493200.0,36537048.0,37586628.0,37586628.0,37586628.0,37586628.0,3,Paraguay,Maize (corn),3915.2
178,2011,62.83858870737715,42.03405475759792,0.31149752901660066,0.31155415488722593,21.729769945144653,174623.0064394614,209.85352978976667,147.71170993786316,13.067847240177942,15.793756004685216,0.05219051628669981,0.05219140529342224,0.8427774772433545,7704.3502531495915,23.705000370014368,10.963368362487683,313749000.0,318436380.0,210344300.0,210899700.0,318436380.0,318436380.0,318436380.0,318436380.0,37586628.0,37586628.0,36495048.0,36537048.0,37586628.0,37586628.0,37586628.0,37586628.0,3,Paraguay,Maize (corn),3919.8
178,2012,60.329153925158465,43.26414260662209,0.2972451157867908,0.2973189727661981,22.466442362467447,179986.50485616896,202.5926802852095,149.49851783813924,13.131619917561892,15.660919790541564,0.051867860201783814,0.05188963351613969,0.8846385004187767,6734.760789324103,23.58232196222937,11.081365290806017,313749000.0,318436380.0,210489860.0,210899700.0,318436380.0,318436380.0,318436380.0,318436380.0,37586628.0,37586628.0,36496632.0,36537048.0,37586628.0,37586628.0,37586628.0,37586628.0,3,Paraguay,Maize (corn),3095.0
178,2013,61.63429013788291,49.427614571647275,0.3077435597777366,0.3078061306138028,21.541121027204724,172973.91201082635,205.53048930468103,147.20544477327132,12.74549657662133,18.343956039720048,0.05524814359286298,0.05525107955177513,0.9700203424240436,7646.313989833453,23.94870602379846,11.31243763193522,313749000.0,318436380.0,210611160.0,210899700.0,318436380.0,318436380.0,318436380.0,318436380.0,37586628.0,37586628.0,36497952.0,36537048.0,37586628.0,37586628.0,37586628.0,37586628.0,3,Paraguay,Maize (corn),4000.0
178,2014,62.04943417624644,61.751153578522604,0.3082278160585297,0.3082898061158049,22.41449680328369,171609.79369884625,204.25351287761853,148.25788169384805,12.809769771627563,22.671860251725857,0.05307293261941524,0.05307836401434504,0.8905467548396696,7686.9751567995645,23.734839001243856,10.953533267599656,313749000.0,318436380.0,210611160.0,210899700.0,318436380.0,318436380.0,318436380.0,318436380.0,37586628.0,37586628.0,36497952.0,36537048.0,37586628.0,37586628.0,37586628.0,37586628.0,3,Paraguay,Maize (corn),4000.0
178,2015,63.18830631026328,62.960992332804814,0.31399438778559363,0.3140279936393174,22.5675342241923,163367.74457550707,202.86781501158137,147.06481453280122,12.52116308247261,19.294885093191752,0.05299274636883233,0.05299060690706815,0.9115077928212136,7565.94646699193,23.062107584688388,11.226247908275724,313749000.0,318436380.0,210723370.0,210899700.0,318436380.0,318436380.0,318436380.0,318436380.0,37586628.0,37586628.0,36513156.0,36537048.0,37586628.0,37586628.0,37586628.0,37586628.0,3,Paraguay,Maize (corn),5248.3
178,2016,61.704624745833804,49.926832164855135,0.31212157077259484,0.3121215699332152,21.50173043674893,173365.18791426183,206.73238309463187,146.63982169252213,12.361939261039488,14.87484205904848,0.051078759557008656,0.051078759557008656,0.8602204038050972,7836.095302835889,22.716693672907518,11.260341053053292,313749000.0,318436380.0,210899700.0,210899700.0,318436380.0,318436380.0,318436380.0,318436380.0,37586628.0,37586628.0,36537048.0,36537048.0,37586628.0,37586628.0,37586628.0,37586628.0,3,Paraguay,Maize (corn),5367.0
178,2017,60.80213583751335,54.97106398195494,0.30462935078475206,0.30462935502203714,22.4805376317766,176248.1645239936,198.48310895662405,148.30412311656647,12.197863612635286,20.297474052727978,0.05421751770982054,0.05421751770982054,0.8778148010077096,7712.818280387505,23.239929576663695,11.056977590443585,313749000.0,318436380.0,210899700.0,210899700.0,318436380.0,318436380.0,318436380.0,318436380.0,37586628.0,37586628.0,36537048.0,36537048.0,37586628.0,37586628.0,37586628.0,37586628.0,3,Paraguay,Maize (corn),5485.0
178,2018,61.99644342648181,50.815129724145976,0.30333879821830323,0.30333878961497235,21.929258097542657,171735.2985868693,205.72643992758887,146.53584371552822,12.407362585676063,17.214573853771107,0.05246959262999506,0.05246959262999506,0.8270194687830784,7202.009138074441,23.315200497194407,11.291874475594806,313749000.0,318436380.0,210899700.0,210899700.0,318436380.0,318436380.0,318436380.0,318436380.0,37586628.0,37586628.0,36537048.0,36537048.0,37586628.0,37586628.0,37586628.0,37586628.0,3,Paraguay,Maize (corn),4995.0
178,2019,59.69247584039306,48.54822622149186,0.2929705529577202,0.29296836673736515,22.654726197984484,175681.48081521102,199.9317450170193,149.2191538408826,12.804350549326664,18.279868007462998,0.05270935288906507,0.0527099880444986,0.9036813206595675,7754.687113998877,25.227340839713797,11.047199109046042,313749000.0,318436380.0,210601780.0,210899700.0,318436380.0,318436380.0,318436380.0,318436380.0,37586628.0,37586628.0,36533932.0,36537048.0,37586628.0,37586628.0,37586628.0,37586628.0,3,Paraguay,Maize (corn),5140.0
178,2020,59.316689978186496,35.141684293803564,0.27634356866280235,0.2763435597063966,22.495869726604887,186937.76619665328,199.35145882331383,150.50134763556457,12.644207120613668,12.230936400134409,0.05371577796000672,0.05371577796000672,0.9765284922527043,7592.902470623751,25.565147659354253,11.148309682798441,313749000.0,318436380.0,210899700.0,210899700.0,318436380.0,318436380.0,318436380.0,318436380.0,37586628.0,37586628.0,36537048.0,36537048.0,37586628.0,37586628.0,37586628.0,37586628.0,3,Paraguay,Maize (corn),5304.2
178,2021,61.421724558779616,36.814985162534136,0.2839461857246028,0.2839461876342891,22.073480097452798,181995.7031383682,196.4749489138772,148.51813697710486,12.357979691856965,13.820092240410824,0.05300393763586093,0.05300393763586093,0.9052749916745167,6425.565944627026,23.918062204344707,11.561242976476914,313749000.0,318436380.0,210899700.0,210899700.0,318436380.0,318436380.0,318436380.0,318436380.0,37586628.0,37586628.0,36537048.0,36537048.0,37586628.0,37586628.0,37586628.0,37586628.0,3,Paraguay,Maize (corn),4129.4
178,2022,59.47877452143461,50.17058259753924,0.29435264286067747,0.29435264472068934,21.646938647164237,182328.830847798,191.28771702067533,149.1073288957695,12.777694705634932,17.79490331960534,0.054851303418399756,0.054851303418399756,0.9645101260723177,7155.541486891928,25.74214486174834,11.283930879855918,313749000.0,318436380.0,210899700.0,210899700.0,318436380.0,318436380.0,318436380.0,318436380.0,37586628.0,37586628.0,36537048.0,36537048.0,37586628.0,37586628.0,37586628.0,37586628.0,3,Paraguay,Maize (corn),5147.7
179,1984,53.31269991124264,26.09573127498781,0.2853708967428516,0.28564203012870715,17.73066873903628,191290.81215195174,175.75056465096387,136.90519074962097,7.812941188654983,8.205495770555473,0.037824035276218866,0.039191892337858025,1.6235791048136587,4971.997250036045,23.98788233477632,4.672976109590517,20821752.0,22371552.0,18845160.0,21610152.0,22371552.0,22371552.0,20831472.0,20831472.0,12584952.0,12584952.0,11352301.0,12533220.0,12584952.0,12584952.0,12503988.0,12503988.0,3,Rwanda,Maize (corn),1198.8
179,1985,53.31269991124264,31.334715604424087,0.2863730000400984,0.28872086581987827,17.69815612722326,186054.21353258117,164.1764681945729,139.2156392836908,7.812941188654983,9.229067694174846,0.03760748589338906,0.038572675525525756,1.5690333948617388,5115.731567955467,23.81404277515616,5.055451053269378,20821752.0,22371552.0,18371526.0,21610152.0,22371552.0,22371552.0,20831472.0,20831472.0,12584952.0,12584952.0,11061184.0,12533220.0,12584952.0,12584952.0,12503988.0,12503988.0,3,Rwanda,Maize (corn),1218.2
179,1986,53.31269991124264,30.88446879375772,0.2779062889601992,0.28318120087666226,17.94636766998856,190044.27743877217,173.41369433166508,141.3306948104108,7.812941188654983,10.011038650554712,0.03702645382451152,0.0365109093075858,1.582643302803511,5007.942738471021,21.992709566911707,5.143757496808527,20821752.0,22371552.0,14692968.0,21610152.0,22371552.0,22371552.0,20831472.0,20831472.0,12584952.0,12584952.0,8824896.0,12533220.0,12584952.0,12584952.0,12503988.0,12503988.0,3,Rwanda,Maize (corn),1130.5
179,1987,53.31269991124264,32.84164702545559,0.2894003269347277,0.29393626072952095,18.45046344509831,191117.60930679739,182.85093884940537,139.49241186899332,7.812941188654983,10.607916810007342,0.036550156257282744,0.03604507640224986,1.627421297919436,5166.361190211697,22.3988333129467,5.004511332067877,20821752.0,22371552.0,16349418.0,21610152.0,22371552.0,22371552.0,20831472.0,20831472.0,12584952.0,12584952.0,9969715.0,12533220.0,12584952.0,12584952.0,12503988.0,12503988.0,3,Rwanda,Maize (corn),1483.9
179,1988,53.31269991124264,33.81542390854309,0.2947599343600727,0.29675081902011596,18.101593203014797,190276.32926485757,173.20720622810222,135.52618641425298,7.812941188654983,10.923317092731883,0.03096070895943513,0.031398120480361176,1.6145810952429274,4950.332793213181,21.770842324987147,4.699461973248676,20821752.0,22371552.0,16971516.0,21610152.0,22371552.0,22371552.0,20831472.0,20831472.0,12584952.0,12584952.0,10614838.0,12533220.0,12584952.0,12584952.0,12503988.0,12503988.0,3,Rwanda,Maize (corn),1800.0
179,1989,53.31269991124264,30.509533245408036,0.3001730256472473,0.30188357578804376,17.89885976579454,190138.0618038543,175.76515398193047,143.47764992206518,7.812941188654983,9.100834969507543,0.03206825073448943,0.03237603666393367,1.598608779409557,5048.184790119557,23.343877320950313,5.902146798921972,20821752.0,22371552.0,17348064.0,21610152.0,22371552.0,22371552.0,20831472.0,20831472.0,12584952.0,12584952.0,10841160.0,12533220.0,12584952.0,12584952.0,12503988.0,12503988.0,3,Rwanda,Maize (corn),1187.5
179,1990,53.31269991124264,31.026143146266964,0.29492122859314635,0.2964612367938819,18.174974273752284,192814.0654743684,180.02906790359782,142.41585285912888,7.812941188654983,9.14261818288844,0.031097910018808548,0.03163585570432246,1.604415425115938,4839.738256339036,22.552414175179756,5.637626999448036,20821752.0,22371552.0,17494320.0,21610152.0,22371552.0,22371552.0,20831472.0,20831472.0,12584952.0,12584952.0,10912309.0,12533220.0,12584952.0,12584952.0,12503988.0,12503988.0,3,Rwanda,Maize (corn),1025.2
179,1991,53.31269991124264,29.79933723317058,0.30188289788310174,0.30176002531556184,17.965955875538015,190508.94585659954,163.8102495273244,140.62963898948956,7.812941188654983,8.632720163191337,0.029399661804619066,0.029794204940892324,1.5859080053695076,5171.818484525838,20.68723096516535,5.527452893793292,20821752.0,22371552.0,17498946.0,21610152.0,22371552.0,22371552.0,20831472.0,20831472.0,12584952.0,12584952.0,10684913.0,12533220.0,12584952.0,12584952.0,12503988.0,12503988.0,3,Rwanda,Maize (corn),1155.6
179,1992,53.31269991124264,28.29103909210286,0.28137488787372905,0.28209066824780565,18.017045665670324,192591.9801536325,166.1196929150717,140.7114422831312,7.812941188654983,9.450365912120231,0.03320496823889813,0.03275329951568397,1.6247686486741402,5244.611711370072,22.521309573486114,5.331221059332743,20821752.0,22371552.0,20435760.0,21610152.0,22371552.0,22371552.0,20831472.0,20831472.0,12584952.0,12584952.0,11945288.0,12533220.0,12584952.0,12584952.0,12503988.0,12503988.0,3,Rwanda,Maize (corn),1225.0
179,1993,53.31269991124264,25.478239722330645,0.2768761828127834,0.27670812884999774,18.15397659054509,194333.49344239358,167.16944022585355,138.1648203125043,7.812941188654983,7.458479864237765,0.028900150543444664,0.028908562762690253,1.6416904874426332,5175.490955146543,22.830323726601247,5.264483957565675,20821752.0,22371552.0,21426660.0,21610152.0,22371552.0,22371552.0,20831472.0,20831472.0,12584952.0,12584952.0,12438747.0,12533220.0,12584952.0,12584952.0,12503988.0,12503988.0,3,Rwanda,Maize (corn),1740.0
179,1994,53.31269991124264,31.517883359048454,0.28786435530141546,0.2879878012095954,17.9309565226237,192343.70145124587,153.78164513705718,132.1011640849698,7.812941188654983,8.999038261157674,0.02934309939669353,0.02904531993227398,1.601412252030025,4913.176106324996,18.60079149569075,4.391443962578934,20821752.0,22371552.0,20851716.0,21610152.0,22371552.0,22371552.0,20831472.0,20831472.0,12584952.0,12584952.0,12173300.0,12533220.0,12584952.0,12584952.0,12503988.0,12503988.0,3,Rwanda,Maize (corn),1675.0
179,1995,53.31269991124264,30.197883234154798,0.2931887841335049,0.2932819730768838,18.112673388587105,195480.43460008333,188.30040907938692,142.68228428067567,7.812941188654983,8.974533218643902,0.029934035408852408,0.02991780606472249,1.6296862864581936,4909.929791809509,22.270203584317574,5.248505512174955,20821752.0,22371552.0,21329058.0,21610152.0,22371552.0,22371552.0,20831472.0,20831472.0,12584952.0,12584952.0,12416685.0,12533220.0,12584952.0,12584952.0,12503988.0,12503988.0,3,Rwanda,Maize (corn),1120.0
179,1996,53.31269991124264,27.046130625511022,0.285987456018726,0.2859744029509818,17.950472257755422,196049.4606796336,186.29787279354107,140.9650697372906,7.812941188654983,8.425972045252053,0.027269642276078313,0.027233193918457754,1.6309155756101335,5093.565460223485,22.777274670809092,4.7655912009322305,20821752.0,22371552.0,21453606.0,21610152.0,22371552.0,22371552.0,20831472.0,20831472.0,12584952.0,12584952.0,12466052.0,12533220.0,12584952.0,12584952.0,12503988.0,12503988.0,3,Rwanda,Maize (corn),1109.9
179,1997,53.31269991124264,32.90648406435317,0.2859594565298822,0.2863078675817793,18.21520917503922,190575.5782491283,186.30602838458339,140.2592711536667,7.812941188654983,9.300623990850285,0.02769253889540824,0.02776610014282675,1.6432324858145475,4831.396124407471,21.137640492208764,4.843950367319752,20821752.0,22371552.0,21011850.0,21610152.0,22371552.0,22371552.0,20831472.0,20831472.0,12584952.0,12584952.0,12251165.0,12533220.0,12584952.0,12584952.0,12503988.0,12503988.0,3,Rwanda,Maize (corn),1090.8
179,1998,53.31269991124264,32.46000169804762,0.29465328488085,0.29465328481044867,18.440304394121522,194605.86847565076,197.1797890238089,140.0670375769071,7.812941188654983,9.034513559910387,0.02844487743935515,0.02844487743935515,1.625741340792687,4790.475317130444,20.516859246529208,4.346432044433057,20821752.0,22371552.0,21610152.0,21610152.0,22371552.0,22371552.0,20831472.0,20831472.0,12584952.0,12584952.0,12533220.0,12533220.0,12584952.0,12584952.0,12503988.0,12503988.0,3,Rwanda,Maize (corn),823.1
179,1999,53.31269991124264,26.836048456736332,0.27878926763380013,0.2789475697547911,17.897603388185853,193514.88401723182,183.3122073762392,139.22148342041433,7.812941188654983,8.593189385643177,0.03203732788474144,0.032018923895454396,1.6609896510232347,4904.114377576298,20.793072690435793,4.805981164014266,20821752.0,22371552.0,21437634.0,21610152.0,22371552.0,22371552.0,20831472.0,20831472.0,12584952.0,12584952.0,12451746.0,12533220.0,12584952.0,12584952.0,12503988.0,12503988.0,3,Rwanda,Maize (corn),755.6
179,2000,45.62596150680519,24.233229980485024,0.2711411595896438,0.2716712061698868,18.16097140312195,197032.49670309384,145.69462778319655,136.5030559858846,8.655734884357331,6.559611137679305,0.03158741465268878,0.03155460999078969,1.6600354900889502,4855.740761042888,20.236135302319123,4.9584081199079355,12724404.0,22371552.0,20922018.0,21610152.0,22371552.0,22371552.0,20831472.0,20831472.0,7690804.0,12584952.0,12126253.0,12533220.0,12584952.0,12584952.0,12503988.0,12503988.0,3,Rwanda,Maize (corn),701.8
179,2001,56.89745528993212,33.28024659846049,0.29565706393784946,0.29607790984709287,17.873954790609854,195787.1930532918,193.03763078215238,142.17015550072358,8.72486652094344,9.342278302404388,0.02976782340643808,0.030696853964321202,1.6224241107439479,5183.170846914447,20.228576634553317,5.089720411174678,20821752.0,22371552.0,20675856.0,21610152.0,22371552.0,22371552.0,20831472.0,20831472.0,12584952.0,12584952.0,12036094.0,12533220.0,12584952.0,12584952.0,12503988.0,12503988.0,3,Rwanda,Maize (corn),767.1
179,2002,53.545424204358284,29.279805333938018,0.28360427784974923,0.2838980258327246,18.23745675440188,195412.3896548098,182.84969547636206,143.02038665331187,7.85860609440627,7.517025842891188,0.026345960248621497,0.026602257001418744,1.6374574649391491,4938.649972822681,18.807407667255536,4.725761053195101,20821752.0,22371552.0,21278730.0,21610152.0,22371552.0,22371552.0,20831472.0,20831472.0,12584952.0,12584952.0,12339228.0,12533220.0,12584952.0,12584952.0,12503988.0,12503988.0,3,Rwanda,Maize (corn),876.3
179,2003,53.59146011049438,27.8493473532488,0.2818975014681065,0.28176882703883854,18.416423506206936,197557.42825605522,185.32347637478657,145.16902594510864,8.184213116816684,6.685546717419912,0.024924592450131275,0.024895143775462817,1.7113692794628803,4768.08857668486,21.974531118357977,5.150545653115403,20821752.0,22371552.0,20995518.0,21610152.0,22371552.0,22371552.0,20831472.0,20831472.0,12584952.0,12584952.0,12292687.0,12533220.0,12584952.0,12584952.0,12503988.0,12503988.0,3,Rwanda,Maize (corn),767.2
179,2004,51.925217661315365,30.887583913174666,0.2778371192376922,0.2776905484495171,18.44639578572026,193878.6420985121,175.82832679839007,143.42054305997345,8.322418366848618,6.950949357588635,0.024599083052567486,0.02462042929400646,1.7706698887548173,4732.80830986736,21.350503572198253,5.076096717328493,20821752.0,22371552.0,20874438.0,21610152.0,22371552.0,22371552.0,20831472.0,20831472.0,12584952.0,12584952.0,12248477.0,12533220.0,12584952.0,12584952.0,12503988.0,12503988.0,3,Rwanda,Maize (corn),767.0
179,2005,52.97951819448258,27.835536492161534,0.2774425886433433,0.2773065490812926,18.579507818928473,195955.32310626455,178.71126929607985,146.81361102434337,8.427086867350106,6.887285861378497,0.02544287055970215,0.02541653579802739,1.7374200434252647,5058.302384555199,22.387772217543258,5.1785135189804175,20821752.0,22371552.0,20906610.0,21610152.0,22371552.0,22371552.0,20831472.0,20831472.0,12584952.0,12584952.0,12256297.0,12533220.0,12584952.0,12584952.0,12503988.0,12503988.0,3,Rwanda,Maize (corn),888.9
179,2006,50.72308125571405,34.49490411576908,0.2799408297847818,0.27980260424632525,18.272808295709115,192631.4453769807,165.75911777662662,145.31709317102613,8.627838255948804,7.537055807595102,0.02662708448217194,0.02665469134964102,1.7260152786978418,5028.650959779291,20.373603588293168,5.410141064433845,20821752.0,22371552.0,20913420.0,21610152.0,22371552.0,22371552.0,20831472.0,20831472.0,12584952.0,12584952.0,12257712.0,12533220.0,12584952.0,12584952.0,12503988.0,12503988.0,3,Rwanda,Maize (corn),853.1
179,2007,55.683607586689334,31.737899922434423,0.29212688019982086,0.2921268705878251,18.12968459835759,193063.93067756708,173.0917447332429,143.08728485594634,8.063085833912425,7.492477070159142,0.022959081045968138,0.02295909304884309,1.6699517860527417,5113.231772695457,19.199664348022996,8.440923695905854,20821752.0,22371552.0,21592440.0,21610152.0,22371552.0,22371552.0,22072092.0,22072092.0,12584952.0,12584952.0,12533184.0,12533220.0,12584952.0,12584952.0,12569209.0,12569209.0,3,Rwanda,Maize (corn),720.1
179,2008,53.12290976767513,25.083632169176436,0.2862204091140517,0.286220402395641,18.04068609520241,193052.94581894035,177.6354409508469,143.52243503318448,8.058753231656187,6.953831740913277,0.024205947013979053,0.024205957380878343,1.6790260384142273,4817.2695112060055,17.851180711193383,8.796197078224631,20821752.0,22371552.0,21592440.0,21610152.0,22371552.0,22371552.0,22371552.0,22371552.0,12584952.0,12584952.0,12533184.0,12533220.0,12584952.0,12584952.0,12584952.0,12584952.0,3,Rwanda,Maize (corn),1151.5
179,2009,52.17370061718955,29.8791819007981,0.27334671488238704,0.2733467095592995,18.397672335306805,193866.1912162336,179.7880890856325,143.68000075431317,7.7436548479533025,7.546510574616617,0.02583168710682235,0.025831692963641493,1.7227740212814473,4865.353912733658,16.632986077277966,8.667037644914476,20821752.0,22371552.0,21592440.0,21610152.0,22371552.0,22371552.0,22371552.0,22371552.0,12584952.0,12584952.0,12533184.0,12533220.0,12584952.0,12584952.0,12584952.0,12584952.0,3,Rwanda,Maize (corn),1950.3
179,2010,54.77124199911246,33.54142413049697,0.27040067239216076,0.2704006636581031,18.720855289035374,193739.96813626692,184.55683645061356,145.65240102114043,7.399049398903423,8.209698552255137,0.02450334719089951,0.02450335258243497,1.660556348643876,4625.407064298723,16.102319786725584,8.60504829872065,20821752.0,22371552.0,21592440.0,21610152.0,22371552.0,22371552.0,22371552.0,22371552.0,12584952.0,12584952.0,12533184.0,12533220.0,12584952.0,12584952.0,12584952.0,12584952.0,3,Rwanda,Maize (corn),2341.6
179,2011,55.42590833591073,34.215494913286314,0.293263787748637,0.29326377578942014,18.13624660174052,191969.5934108482,182.61167224016438,142.33409929220775,7.399731155052331,8.739815330490392,0.026284733386840557,0.026284742597707703,1.6374330680836677,4757.134464600869,15.80753759265079,8.550871837359429,20821752.0,22371552.0,21592440.0,21610152.0,22371552.0,22371552.0,22371552.0,22371552.0,12584952.0,12584952.0,12533184.0,12533220.0,12584952.0,12584952.0,12584952.0,12584952.0,3,Rwanda,Maize (corn),2352.9
179,2012,53.17142281447692,33.05296069246834,0.2918542649734903,0.29185425553332256,18.268734852472942,193246.50195694226,177.1321657683204,143.22934117750987,7.51393290653748,8.252973303912727,0.026686529650524447,0.026686536002867946,1.64177449264902,4797.430598865728,16.98167200814723,8.75982364662235,20821752.0,22371552.0,21599820.0,21610152.0,22371552.0,22371552.0,22371552.0,22371552.0,12584952.0,12584952.0,12533199.0,12533220.0,12584952.0,12584952.0,12584952.0,12584952.0,3,Rwanda,Maize (corn),2258.7
179,2013,52.80078440860349,31.471282599094916,0.2841270795712868,0.2841270754161397,18.52447365831446,193921.65501461405,174.61024842106605,144.22745277569715,7.382338911723919,8.086386338422962,0.027189905544462902,0.027189908594428127,1.6707382555763155,5100.435613848235,16.98153458720447,8.538449104958246,20821752.0,22371552.0,21605232.0,21610152.0,22371552.0,22371552.0,22371552.0,22371552.0,12584952.0,12584952.0,12533210.0,12533220.0,12584952.0,12584952.0,12584952.0,12584952.0,3,Rwanda,Maize (corn),2284.5
179,2014,53.16464401025686,26.806480719908453,0.2913481367544995,0.29134813731268766,18.527345648518317,192005.1968245903,178.57811122671876,144.48497654055225,7.53886670018115,6.405945376447467,0.029200678636975144,0.029200678636975144,1.7003776220565934,4537.655217155129,16.949874175053267,8.62814535841645,20821752.0,22371552.0,21610152.0,21610152.0,22371552.0,22371552.0,22371552.0,22371552.0,12584952.0,12584952.0,12533220.0,12533220.0,12584952.0,12584952.0,12584952.0,12584952.0,3,Rwanda,Maize (corn),1531.6
179,2015,53.494626717021184,28.920509606871082,0.2914092381381326,0.2914092379093629,18.75698783662584,193944.048651021,176.43939808216894,145.33603032078886,7.681120277468534,8.069870898819293,0.029908577719366527,0.029908577719366527,1.7139615200140756,4838.111583421378,17.346784993948113,8.57353970014993,20821752.0,22371552.0,21610152.0,21610152.0,22371552.0,22371552.0,22371552.0,22371552.0,12584952.0,12584952.0,12533220.0,12533220.0,12584952.0,12584952.0,12584952.0,12584952.0,3,Rwanda,Maize (corn),1531.3
179,2016,51.29713407624782,30.703514017406626,0.281548700398869,0.28154870062558424,19.061839660008747,196090.2360496634,170.06888859263253,146.01927431302954,7.87570853522871,8.144541732419524,0.030296603200606002,0.030296603200606002,1.7202346734557254,4742.372606175372,17.500119978263236,8.615388361123488,20821752.0,22371552.0,21610152.0,21610152.0,22371552.0,22371552.0,22371552.0,22371552.0,12584952.0,12584952.0,12533220.0,12533220.0,12584952.0,12584952.0,12584952.0,12584952.0,3,Rwanda,Maize (corn),1574.8
179,2017,49.55708788757088,28.763210629612768,0.28570232547267715,0.2857023289671164,18.761359161800808,192519.6204434082,169.2461149447878,145.47543817268337,7.812941188654983,8.108116318116812,0.0316798073936131,0.0316798073936131,1.7391535603401407,4723.435787494807,18.041897633029095,8.501462006055114,20821752.0,22371552.0,21610152.0,21610152.0,22371552.0,22371552.0,22371552.0,22371552.0,12584952.0,12584952.0,12533220.0,12533220.0,12584952.0,12584952.0,12584952.0,12584952.0,3,Rwanda,Maize (corn),1379.3
179,2018,53.2386113911572,37.444938640340744,0.30845228575721934,0.30845228240031763,18.492577808874625,190210.4453554961,181.72285123642413,143.40456809784277,7.957763610355092,9.40600249987993,0.030929418287393515,0.030929418287393515,1.6449241896051392,4825.2149958702075,18.23984607360279,8.501382771980992,20821752.0,22371552.0,21610152.0,21610152.0,22371552.0,22371552.0,22371552.0,22371552.0,12584952.0,12584952.0,12533220.0,12533220.0,12584952.0,12584952.0,12584952.0,12584952.0,3,Rwanda,Maize (corn),1431.5
179,2019,53.373161137432945,31.420358578056092,0.3060574749553645,0.3060233407736359,18.802416015554357,189437.67524776774,179.45110729398473,142.68413394412903,8.03957133254215,7.963192011214669,0.028741855005881917,0.028751018347888076,1.7286335803803463,4977.598042786716,19.167070769129396,8.655443372315494,20821752.0,22371552.0,21592740.0,21610152.0,22371552.0,22371552.0,22371552.0,22371552.0,12584952.0,12584952.0,12523538.0,12533220.0,12584952.0,12584952.0,12584952.0,12584952.0,3,Rwanda,Maize (corn),1461.0
179,2020,53.540919250099144,39.64795900449386,0.3120276615437534,0.31202766158756134,19.009358370745623,189092.39967674203,181.3043910806082,143.39652558971432,7.327535933412678,10.062336685388438,0.02689853231061771,0.02689853231061771,1.7043849931733108,4945.8219648485865,18.443712078451117,8.379218338409107,20821752.0,22371552.0,21610152.0,21610152.0,22371552.0,22371552.0,22371552.0,22371552.0,12584952.0,12584952.0,12533220.0,12533220.0,12584952.0,12584952.0,12584952.0,12584952.0,3,Rwanda,Maize (corn),1523.7
179,2021,53.31269991124264,32.04382479100146,0.3089699321598918,0.30896993154514235,18.82992157229671,189978.79551568162,178.9206152951225,143.2515758449686,7.808501025522782,8.862271603965095,0.028712963755747885,0.028712963755747885,1.7177245619017472,4807.6967627123195,21.501780296161062,8.664993858034023,20821752.0,22371552.0,21610152.0,21610152.0,22371552.0,22371552.0,22371552.0,22371552.0,12584952.0,12584952.0,12533220.0,12533220.0,12584952.0,12584952.0,12584952.0,12584952.0,3,Rwanda,Maize (corn),1521.6
179,2022,53.82564509347626,32.20601933584718,0.31419607162199636,0.314196070994132,18.693029271231758,189312.90700387507,186.06904620135285,142.84253648701477,7.651848433012344,9.033579679814457,0.028303863561682567,0.028303863561682567,1.702643520730194,5156.5024362276945,19.975905345091746,9.99126230048575,20821752.0,22371552.0,21610152.0,21610152.0,22371552.0,22371552.0,22371552.0,22371552.0,12584952.0,12584952.0,12533220.0,12533220.0,12584952.0,12584952.0,12584952.0,12584952.0,3,Rwanda,Maize (corn),1528.6
183,1984,55.07569801942418,73.75638442211124,0.3261987167100111,0.3175989012346786,24.93484402762519,181330.13867956243,149.8640273895271,137.67892720457334,14.681456451058082,40.158288296645885,0.057350960595732275,0.05439137686387176,1.8129781014240156,17890.29841395436,41.832325869849186,8.308118166368242,1334555280.0,1374800940.0,385664565.0,800158860.0,1374885180.0,1374885180.0,1355686560.0,1355952420.0,98513316.0,98513172.0,42226538.0,86209128.0,98513316.0,98513316.0,97371180.0,97375716.0,1,Indonesia,Maize (corn),1713.4
183,1985,55.07569801942418,63.17588677341404,0.3226738304727607,0.3158107538306325,25.087873035007053,188855.9328945835,174.31484279431606,144.5987305932653,14.681456451058082,37.80005497367157,0.0602790065640748,0.055989622648662675,1.8583331804542014,17870.271605772734,38.70782127486964,8.001131043350561,1334555280.0,1374800940.0,394380360.0,800158860.0,1374885180.0,1374885180.0,1355686560.0,1355952420.0,98513316.0,98513172.0,42938513.0,86209128.0,98513316.0,98513316.0,97371180.0,97375716.0,1,Indonesia,Maize (corn),1774.4
183,1986,55.07569801942418,65.93538788624207,0.31816071415769637,0.315611264064961,25.055202685462103,184315.25569013454,167.8210773760173,144.49748148218512,14.681456451058082,39.73443127010567,0.06263198241228475,0.055261628108631645,1.845217670609798,18473.395516222616,40.49353725248976,7.984167044795359,1334555280.0,1374800940.0,303770810.0,800158860.0,1374885180.0,1374885180.0,1355686560.0,1355952420.0,98513316.0,98513172.0,32900861.0,86209128.0,98513316.0,98513316.0,97371180.0,97375716.0,1,Indonesia,Maize (corn),1883.8
183,1987,55.07569801942418,55.70460801202527,0.31137267649173733,0.3107773099476204,25.370315244462756,189706.31312316743,161.30999647756258,145.81150811303368,14.681456451058082,34.5575314876209,0.05833736434794027,0.054248058300949926,1.8945476351481192,18493.350789352313,40.79479660852037,7.769316749410029,1334555280.0,1374800940.0,307519770.0,800158860.0,1374885180.0,1374885180.0,1355686560.0,1355952420.0,98513316.0,98513172.0,37430089.0,86209128.0,98513316.0,98513316.0,97371180.0,97375716.0,1,Indonesia,Maize (corn),1963.3
183,1988,55.07569801942418,62.89856096884564,0.3150207654067448,0.31250126087645824,25.2971342086792,183881.29750018226,163.43551750434028,141.55925783130036,14.681456451058082,37.862461758986775,0.05171544037624984,0.051884838897964275,1.8513001867571224,18324.20223816477,39.14996381888616,7.563050331153364,1334555280.0,1374800940.0,289740755.0,800158860.0,1374885180.0,1374885180.0,1355686560.0,1355952420.0,98513316.0,98513172.0,42690995.0,86209128.0,98513316.0,98513316.0,97371180.0,97375716.0,1,Indonesia,Maize (corn),1953.1
183,1989,55.07569801942418,67.01761372304983,0.3205636916061242,0.3149453528939656,25.07980285220676,186386.5064119831,188.97731797521362,147.23845954304736,14.681456451058082,38.18839654671572,0.051433614745203284,0.05171404285938856,1.8333036045776905,17918.12221231345,39.37055160290327,8.04854565618028,1334555280.0,1374800940.0,294830565.0,800158860.0,1374885180.0,1374885180.0,1355686560.0,1355952420.0,98513316.0,98513172.0,43774194.0,86209128.0,98513316.0,98513316.0,97371180.0,97375716.0,1,Indonesia,Maize (corn),2103.3
183,1990,55.07569801942418,60.72115541850136,0.3152396745979785,0.31210625553114635,25.271602863735623,190369.54479439926,188.29688788871215,149.74645689015833,14.681456451058082,36.02078286620497,0.05320629923210205,0.052286986186196475,1.8976794286451444,17715.053916319797,40.148973915237725,8.14686789435409,1334555280.0,1374800940.0,287000710.0,800158860.0,1374885180.0,1374885180.0,1355686560.0,1355952420.0,98513316.0,98513172.0,42501894.0,86209128.0,98513316.0,98513316.0,97371180.0,97375716.0,1,Indonesia,Maize (corn),2132.3
183,1991,55.07569801942418,55.07225390306095,0.30226165892349344,0.2950562359478826,25.03765524758233,189345.67903947778,155.9356608817097,148.111858840745,14.681456451058082,31.76033133918262,0.055237711203594594,0.057087550289483396,1.883001456946345,18807.06610499673,36.93762911874331,8.40900506455606,1334555280.0,1374800940.0,399411775.0,800373760.0,1374885180.0,1374885180.0,1355686560.0,1355952420.0,98513316.0,98513172.0,53729674.0,86209660.0,98513316.0,98513316.0,97371180.0,97375716.0,1,Indonesia,Maize (corn),2150.5
183,1992,55.07569801942418,65.36581687980336,0.31399951527516046,0.3111985454101155,25.030687522888183,185649.14811243874,157.8755296287738,143.17622858088077,14.681456451058082,36.37510376706873,0.056965184175876184,0.05730606357368719,1.8335601710410967,17966.25957308827,42.98871354272117,8.530471560927692,1334555280.0,1374800940.0,659601530.0,800589140.0,1374885180.0,1374885180.0,1355686560.0,1355952420.0,98513316.0,98513172.0,77815581.0,86210154.0,98513316.0,98513316.0,97371180.0,97375716.0,1,Indonesia,Maize (corn),2203.0
183,1993,55.07569801942418,56.05646595219198,0.30535192812482514,0.30531919474731917,25.228725624084472,190877.19849473142,158.17680918023433,143.95235812516364,14.681456451058082,33.49963171334082,0.05600216942152689,0.0560831659856048,1.8661586901214702,17736.252008406347,38.08688374276635,7.8241972123262915,1334555280.0,1374800940.0,737816475.0,800696110.0,1374885180.0,1374885180.0,1355686560.0,1355952420.0,98513316.0,98513172.0,84104362.0,86210458.0,98513316.0,98513316.0,97371180.0,97375716.0,1,Indonesia,Maize (corn),2197.5
183,1994,55.07569801942418,54.88841166953067,0.29369234020511303,0.2929935586442251,25.100442091623943,190509.42739993375,129.82956474816646,135.23135825157564,14.681456451058082,30.898806005305726,0.05763989029400423,0.05738494739709902,1.892224171483014,18724.765882349162,33.10689600735245,11.822325066488219,1334555280.0,1374800940.0,701578385.0,800687715.0,1374885180.0,1374885180.0,1355686560.0,1355952420.0,98513316.0,98513172.0,80804173.0,86210496.0,98513316.0,98513316.0,97371180.0,97375716.0,1,Indonesia,Maize (corn),2209.1
183,1995,55.07569801942418,67.26804707952063,0.3169013071391317,0.3167581196494022,25.252846452924942,180862.6874406895,182.93307504323036,143.57806772968465,14.681456451058082,41.209018031077946,0.053573865667748216,0.05362035703838798,1.8393642813193745,18483.92721959259,37.23473695691386,7.308987717269489,1334555280.0,1374800940.0,748033650.0,800696110.0,1374885180.0,1374885180.0,1355686560.0,1355952420.0,98513316.0,98513172.0,84931044.0,86210458.0,98513316.0,98513316.0,97371180.0,97375716.0,1,Indonesia,Maize (corn),2258.0
183,1996,55.07569801942418,63.159482363943034,0.3083253354661994,0.3079819488247382,25.346037440829807,186262.910340055,185.0632795269056,145.40294733040835,14.681456451058082,41.109933152999815,0.055870520784040936,0.055835979830167706,1.8604935094691706,18078.318018482252,37.69761107269898,7.277495423280628,1334555280.0,1374800940.0,697594865.0,800672365.0,1374885180.0,1374885180.0,1355686560.0,1355952420.0,98513316.0,98513172.0,81247786.0,86210458.0,98513316.0,98513316.0,97371180.0,97375716.0,1,Indonesia,Maize (corn),2486.2
183,1997,55.07569801942418,42.14055960938625,0.2886486811770333,0.2888436395223402,25.39975553088718,198086.0317446853,174.11926612949688,150.2488621060382,14.681456451058082,25.222454407590778,0.05822465054272627,0.05747694796247963,1.8975485674906107,17200.47430523337,38.94840189106632,7.4296348240956185,1334555280.0,1374800940.0,667442290.0,800597535.0,1374885180.0,1374885180.0,1355686560.0,1355952420.0,98513316.0,98513172.0,79001807.0,86210116.0,98513316.0,98513316.0,97371180.0,97375716.0,1,Indonesia,Maize (corn),2614.1
183,1998,55.07569801942418,67.47111271755936,0.32087429306573334,0.32027181301911095,25.796007294125026,180524.27973753182,181.01647316022138,140.3688696021222,14.681456451058082,38.472819120148024,0.05448768974050722,0.05471034863540515,1.8353846537786327,17251.778830731386,39.35287117713116,7.018285006062528,1334555280.0,1374800940.0,727719105.0,800530620.0,1374885180.0,1374885180.0,1355686560.0,1355952420.0,98513316.0,98513172.0,83367789.0,86209774.0,98513316.0,98513316.0,97371180.0,97375716.0,1,Indonesia,Maize (corn),2652.6
183,1999,55.07569801942418,70.34214794454849,0.3087584322525395,0.3084336511098145,25.20716733932495,183004.76369581546,160.69631476283692,139.09119164052237,14.681456451058082,37.25078253579838,0.05289896711824809,0.053055801645819294,1.8486812594312072,17365.048931624995,39.215533025233945,7.614811853300544,1334555280.0,1374800940.0,729350880.0,800546450.0,1374885180.0,1374885180.0,1355686560.0,1355952420.0,98513316.0,98513172.0,83302757.0,86209774.0,98513316.0,98513316.0,97371180.0,97375716.0,1,Indonesia,Maize (corn),2662.9
183,2000,54.34225331673451,70.89261947975902,0.3107296624117427,0.31021727438235674,25.21187710232205,183440.65322611138,127.32137942202604,136.29707601797176,15.246660526612397,38.31064664707668,0.052866684888148385,0.053095132288192966,1.8350019422930248,18131.490520618598,38.910777047429775,8.025012684655538,815561560.0,1374800940.0,723126595.0,800568275.0,1374885180.0,1374885180.0,1355686560.0,1355952420.0,60202582.0,98513172.0,83030327.0,86209926.0,98513316.0,98513316.0,97371180.0,97375716.0,1,Indonesia,Maize (corn),2764.9
183,2001,56.33301066640986,66.95682526018432,0.3125368395613299,0.30878353259212865,25.260866673787437,186061.70922510314,179.23887094894258,144.57533286514237,14.626700321285007,39.024944714402665,0.0527569566773538,0.053481827195690765,1.849163067434252,17938.13818534569,35.61384411460088,7.207921857260365,1334555280.0,1374800940.0,578458415.0,800419330.0,1374885180.0,1374885180.0,1355686560.0,1355952420.0,98513316.0,98513172.0,67616597.0,86209812.0,98513316.0,98513316.0,97371180.0,97375716.0,1,Indonesia,Maize (corn),2844.6
183,2002,54.291021000475794,52.4911406162922,0.3054238989949226,0.3044159748817237,25.46529117160373,194159.4144376424,181.9360509450074,150.57829724709737,15.26630615032964,32.314421229373245,0.05508205601338318,0.055247487940943016,1.8993562203718592,17505.71699694523,40.94691832574012,7.398150069513608,1334555280.0,1374800940.0,735177345.0,800627275.0,1374885180.0,1374885180.0,1355686560.0,1355952420.0,98513316.0,98513172.0,82080528.0,86210268.0,98513316.0,98513316.0,97371180.0,97375716.0,1,Indonesia,Maize (corn),3065.5
183,2003,55.41993601283428,56.645084593749175,0.32373272950450577,0.31756950026883807,25.477295017242433,188403.736209803,185.14427409304582,147.00622892857788,15.182065182596457,35.12489435334048,0.04876678233530867,0.050882499956488046,1.8836900984128575,18748.321405298295,45.81390015636976,7.372658593488658,1334555280.0,1374800940.0,588157555.0,800219780.0,1374885180.0,1374885180.0,1355686560.0,1355952420.0,98513316.0,98513172.0,68543392.0,86209318.0,98513316.0,98513316.0,97371180.0,97375716.0,1,Indonesia,Maize (corn),3241.4
183,2004,54.76910036987725,57.70035652021545,0.3216767374840047,0.31476846515524926,25.50821181403266,191650.944243187,181.02334635594326,149.68686613882832,15.0907581794129,35.27322123819487,0.04877774520319516,0.051515416000958505,1.8903385280736709,17262.735184463763,45.32952667325907,7.384994367718861,1334555280.0,1374800940.0,558156060.0,800158860.0,1374885180.0,1374885180.0,1355686560.0,1355952420.0,98513316.0,98513172.0,65727542.0,86209128.0,98513316.0,98513316.0,97371180.0,97375716.0,1,Indonesia,Maize (corn),3343.9
183,2005,56.56685466169304,60.1050732450276,0.3229463770985603,0.31577432132429195,25.565853998396133,187719.35888265955,179.4930980169219,146.43183466147656,14.592495052791431,35.84317262494771,0.04809867979027674,0.05070130632357948,1.877324890050202,17366.453985616692,37.18978342169511,7.104850970150979,1334555280.0,1374800940.0,562528590.0,800158860.0,1374885180.0,1374885180.0,1355686560.0,1355952420.0,98513316.0,98513172.0,65833866.0,86209128.0,98513316.0,98513316.0,97371180.0,97375716.0,1,Indonesia,Maize (corn),3453.9
183,2006,53.49549015255711,58.73106762314283,0.3081092537277274,0.3018959231326801,25.447314304775663,191384.536832356,171.4645643270907,149.82162533931503,14.919222149416616,33.74153614546812,0.04969496735033843,0.05247973522731548,1.9006988692188174,17583.35109311736,37.576678005295435,7.493504485546941,1334555280.0,1374800940.0,595541465.0,800196995.0,1374885180.0,1374885180.0,1355686560.0,1355952420.0,98513316.0,98513172.0,69410076.0,86209242.0,98513316.0,98513316.0,97371180.0,97375716.0,1,Indonesia,Maize (corn),3469.9
183,2007,56.0330168202367,64.34220400159346,0.3097275362246566,0.3047908141743163,25.488669872283936,187361.01980575174,180.8503183750758,148.80422125653936,14.608057561129312,39.73587315154913,0.04922363439241594,0.051319544452351734,1.8881746722702966,19199.88456216483,34.510472441050716,12.404642372016813,1334555280.0,1374800940.0,606671645.0,800158860.0,1374885180.0,1374885180.0,1371152115.0,1371203810.0,98513316.0,98513172.0,67361918.0,86209128.0,98513316.0,98513316.0,98291234.0,98292116.0,1,Indonesia,Maize (corn),3660.1
183,2008,54.06729793047441,65.59247277594793,0.3082770565317736,0.3048297918854319,25.33031675550673,186126.98963714144,184.7001648518478,146.91811016369562,14.798026094077157,37.63597092706273,0.05024574937261588,0.051675777904970695,1.874950428014614,18701.936694613956,32.29097758896304,13.585551535937741,1334555280.0,1374800940.0,607430925.0,800158860.0,1374885180.0,1374885180.0,1374885180.0,1374885180.0,98513316.0,98513172.0,67445761.0,86209128.0,98513316.0,98513316.0,98513316.0,98513316.0,1,Indonesia,Maize (corn),4077.6
183,2009,55.07569801942418,58.28947621872583,0.302008708483643,0.29999889989166306,25.660465282864042,191729.2067570439,186.43315123852489,149.63042147979343,14.803066018992551,34.85378322752351,0.04975560248471034,0.050923362878792094,1.903427666345619,18154.09016228251,31.17753333724837,13.316020693363365,1334555280.0,1374800940.0,604398490.0,800158860.0,1374885180.0,1374885180.0,1374885180.0,1374885180.0,98513316.0,98513172.0,67096944.0,86209128.0,98513316.0,98513316.0,98513316.0,98513316.0,1,Indonesia,Maize (corn),4237.2
183,2010,58.427568772107044,89.28929045788098,0.3330813373128573,0.32256586246914004,25.7287186410692,176074.26323020904,196.29787823031447,145.7708741114479,14.144699349498882,44.83965427283202,0.0479909748668042,0.05125898112563074,1.8070549980055357,16772.461577399015,29.134922027936582,13.27568601093578,1334555280.0,1374800940.0,595718185.0,800158860.0,1374885180.0,1374885180.0,1374885180.0,1374885180.0,98513316.0,98513172.0,65548591.0,86209128.0,98513316.0,98513316.0,98513316.0,98513316.0,1,Indonesia,Maize (corn),4435.9
183,2011,54.170108547357806,64.38931103051124,0.3101893669201268,0.30603050353116307,25.40997518963284,184956.09714825175,184.07211085037582,147.71286939386738,14.654371653972797,32.616708923944884,0.048838857828022046,0.05071217699054374,1.8712844544902896,17146.20648505394,30.971780581738145,13.219215297937579,1334555280.0,1374800940.0,603654690.0,800158860.0,1374885180.0,1374885180.0,1374885180.0,1374885180.0,98513316.0,98513172.0,67447007.0,86209128.0,98513316.0,98513316.0,98513316.0,98513316.0,1,Indonesia,Maize (corn),4565.2
183,2012,55.3135404910008,60.01086426558884,0.30544950366020196,0.30127865179124186,25.49024356206258,187236.86049512733,184.90134248090362,148.3461516191951,14.728944263325186,33.483154343584026,0.05035457067553027,0.051626914139750284,1.8955116795631066,18695.453618487947,30.974066226890464,13.343809420139431,1334555280.0,1374800940.0,667392015.0,800477355.0,1374885180.0,1374885180.0,1374885180.0,1374885180.0,98513316.0,98513172.0,73999834.0,86214594.0,98513316.0,98513316.0,98513316.0,98513316.0,1,Indonesia,Maize (corn),4898.7
183,2013,57.132320386527304,75.62255582801643,0.31414252478215426,0.311725399534772,25.598296387990317,181240.2819318872,190.2195868047042,147.19706296017029,14.269808027345533,41.20827028699193,0.0500589421249104,0.05102894188240197,1.8532598051829818,18180.062827527017,29.763710209237377,13.294961810533671,1334555280.0,1374800940.0,742322625.0,800814745.0,1374885180.0,1374885180.0,1374885180.0,1374885180.0,98513316.0,98513172.0,80952067.0,86220541.0,98513316.0,98513316.0,98513316.0,98513316.0,1,Indonesia,Maize (corn),4844.1
183,2014,55.25248492687324,60.725706498528716,0.3043168103529347,0.3026047432858123,25.644805198245578,188943.976713761,180.446456762009,148.21847451829805,14.607497095846107,37.36535875268909,0.050859697749046924,0.05144915566392685,1.8997905446480101,18994.7185433424,31.98097117496762,13.597835470684412,1334555280.0,1374800940.0,753839115.0,800751210.0,1374885180.0,1374885180.0,1374885180.0,1374885180.0,98513316.0,98513172.0,81368175.0,86218815.0,98513316.0,98513316.0,98513316.0,98513316.0,1,Indonesia,Maize (corn),4954.0
183,2015,54.73414225178766,51.23936671074006,0.28829799633887077,0.2862722198210121,25.736833816104465,193551.65753519448,178.37630047597096,150.6784981732585,15.029858563550606,29.341415580523023,0.051700501510654355,0.05275883508356794,1.8999506045219963,17786.532131307227,32.66069745474006,13.118373935042069,1334555280.0,1374800940.0,753929875.0,800766845.0,1374885180.0,1374885180.0,1374885180.0,1374885180.0,98513316.0,98513172.0,82897587.0,86219851.0,98513316.0,98513316.0,98513316.0,98513316.0,1,Indonesia,Maize (corn),5178.4
183,2016,58.6347239043897,81.30667445376578,0.3183229604529009,0.3183062562022973,26.049776299794516,181050.74344778087,193.33166116489886,146.705197724213,14.08639498329547,42.66747998715936,0.05206147163053808,0.0520627649645889,1.8485771783077436,17411.063024257997,29.75594641040667,13.296610843682089,1334555280.0,1374800940.0,794925685.0,800790915.0,1374885180.0,1374885180.0,1374885180.0,1374885180.0,98513316.0,98513172.0,86037921.0,86220148.0,98513316.0,98513316.0,98513316.0,98513316.0,1,Indonesia,Maize (corn),5305.2
183,2017,55.6222384015942,73.35573162326482,0.31173221990466116,0.31169852421803373,25.712651761372886,181687.56154817756,187.06385986177034,146.83104169397774,14.332083339234812,41.739084642934856,0.051737926961230654,0.05175376087591547,1.8736397334751085,18179.876389031644,30.80507624553648,13.45082424881321,1334555280.0,1374800940.0,795788675.0,800803460.0,1374885180.0,1374885180.0,1374885180.0,1374885180.0,98513316.0,98513172.0,85954506.0,86220253.0,98513316.0,98513316.0,98513316.0,98513316.0,1,Indonesia,Maize (corn),5227.4
183,2018,54.12551279240173,56.69554244043667,0.29232537034485073,0.29233541304200283,25.762485673692492,189030.69061997652,181.50462165106947,148.2820534039155,15.00301074892173,34.759103301976886,0.05465524129654942,0.05466305773273489,1.918745916109254,18794.409726299684,34.61610852408657,13.301700987218897,1334555280.0,1374800940.0,793436615.0,800744015.0,1374885180.0,1374885180.0,1374885180.0,1374885180.0,98513316.0,98513172.0,85859708.0,86219272.0,98513316.0,98513316.0,98513316.0,98513316.0,1,Indonesia,Maize (corn),5326.1
183,2019,54.2693890676099,50.751952565187864,0.28406710434291094,0.2840757004277662,25.857455974155002,194483.14380906834,179.5013552981215,149.84512117567633,15.173506642391532,30.36450311337322,0.05431702777328568,0.05433240656532038,1.9335587125297324,18391.802793149513,34.486829343598906,13.1574601631162,1334555280.0,1374800940.0,793209900.0,800732905.0,1374885180.0,1374885180.0,1374885180.0,1374885180.0,98513316.0,98513172.0,85862884.0,86219730.0,98513316.0,98513316.0,98513316.0,98513316.0,1,Indonesia,Maize (corn),5441.9
183,2020,56.16285077529711,71.5130735103306,0.31442423810561493,0.31439427607496917,25.92437915802002,183313.34817137,185.73038197428514,146.61385100517793,14.681456451058082,41.14651585202069,0.05334026517983348,0.05334174687512027,1.8930767185482835,18783.222724504343,34.1579890636663,13.537341347830388,1334555280.0,1374800940.0,791580275.0,800801285.0,1374885180.0,1374885180.0,1374885180.0,1374885180.0,98513316.0,98513172.0,85859922.0,86219879.0,98513316.0,98513316.0,98513316.0,98513316.0,1,Indonesia,Maize (corn),5680.4
183,2021,54.70298676101931,76.5571499768028,0.3197917733755376,0.3197362880425957,25.719078159332277,181080.33475579266,185.93484941907022,146.10009661051492,14.556560921140731,41.93949583881411,0.05128893431567229,0.05130066205544845,1.869207025209755,17397.370618131226,33.76662188900238,13.623292292303804,1334555280.0,1374800940.0,790625685.0,800794175.0,1374885180.0,1374885180.0,1374885180.0,1374885180.0,98513316.0,98513172.0,85817940.0,86219593.0,98513316.0,98513316.0,98513316.0,98513316.0,1,Indonesia,Maize (corn),5695.7
183,2022,55.787465434486954,82.26660082401426,0.33115557167265147,0.33106396526394166,25.64377301534017,180078.37910210973,189.6839538740181,145.85756864511663,14.096154485907569,42.910837546907686,0.04964156293433714,0.04967298073117036,1.8462247508062177,17784.121110210814,32.21786689508495,14.919358081680835,1334555280.0,1374800940.0,788908845.0,800786740.0,1374885180.0,1374885180.0,1374885180.0,1374885180.0,98513316.0,98513172.0,85804320.0,86220146.0,98513316.0,98513316.0,98513316.0,98513316.0,1,Indonesia,Maize (corn),5793.6
193,1984,44.49455659482576,32.78712534834259,0.21201779834098283,0.21126692415060558,25.889175139533148,197944.6924366136,124.92357970887639,149.03091353160613,7.375385797021917,13.908169168777722,0.03610820507906062,0.036630298230989615,1.1493685629511676,7541.155142139263,18.833258200606164,3.8602760291118217,180070020.0,180982440.0,122564230.0,133697520.0,180982440.0,180982440.0,180593640.0,180593640.0,9598068.0,9598068.0,8801372.0,9393804.0,9598068.0,9598068.0,9547776.0,9547776.0,3,Guinea,Maize (corn),1055.8
193,1985,44.49455659482576,34.29135977178556,0.2049096475044886,0.2042782010589742,26.05748618443807,195482.1239563469,126.38087801416039,153.78166631406356,7.375385797021917,14.599443907590576,0.03605599311459063,0.0360952123084781,1.168788421981599,7912.119684810551,19.26716785499011,5.153139918636831,180070020.0,180982440.0,127007130.0,133697520.0,180982440.0,180982440.0,180593640.0,180593640.0,9598068.0,9598068.0,9133413.0,9393804.0,9598068.0,9598068.0,9547776.0,9547776.0,3,Guinea,Maize (corn),1111.1
193,1986,44.49455659482576,34.02104309431012,0.21428077277438393,0.21293448169612397,25.777851878272163,195752.92547956004,134.5037764859919,155.49323753918296,7.375385797021917,13.777859314948232,0.035068888150995195,0.03411598564914419,1.0752641293042473,7342.024861788083,20.01140439795829,4.379296377666138,180070020.0,180982440.0,99150755.0,133697520.0,180982440.0,180982440.0,180593640.0,180593640.0,9598068.0,9598068.0,7053920.0,9393804.0,9598068.0,9598068.0,9547776.0,9547776.0,3,Guinea,Maize (corn),1111.1
193,1987,44.49455659482576,35.15165746221177,0.21959172089894607,0.2141651018514941,26.590183713701038,197594.57663993165,138.05108360531887,155.2308485418195,7.375385797021917,12.731881832817258,0.029812885513134216,0.0306671638955685,1.0988295301271256,7802.50061061332,19.336769542358454,4.082560090655988,180070020.0,180982440.0,100451730.0,133697520.0,180982440.0,180982440.0,180593640.0,180593640.0,9598068.0,9598068.0,7609028.0,9393804.0,9598068.0,9598068.0,9547776.0,9547776.0,3,Guinea,Maize (corn),1000.0
193,1988,44.49455659482576,32.65919585815128,0.21706769036395204,0.21543950787451405,26.24051922692193,195686.83870355424,132.51651445619785,153.61251297636232,7.375385797021917,14.319836229129763,0.03255723101626346,0.032754024330050174,1.1473428818324705,7901.86523275008,19.68344363050574,4.743858162544791,180070020.0,180982440.0,107344665.0,133697520.0,180982440.0,180982440.0,180593640.0,180593640.0,9598068.0,9598068.0,7984326.0,9393804.0,9598068.0,9598068.0,9547776.0,9547776.0,3,Guinea,Maize (corn),952.0
193,1989,44.49455659482576,33.85798254062067,0.21891133507920632,0.2181225134707813,26.066851721869575,196146.66137193103,145.43291373523294,159.71408870635736,7.375385797021917,14.53860396086001,0.03652809331293327,0.036399703337850725,1.1243877429238913,7584.192951477261,21.033151532259758,5.234364087668103,180070020.0,180982440.0,102097610.0,133697520.0,180982440.0,180982440.0,180593640.0,180593640.0,9598068.0,9598068.0,7780595.0,9393804.0,9598068.0,9598068.0,9547776.0,9547776.0,3,Guinea,Maize (corn),984.5
193,1990,44.49455659482576,35.860728291027506,0.21547268095115818,0.2156439107788265,26.28476858139038,197583.50496214145,150.12639131525566,158.15490082535229,7.375385797021917,14.158216263465182,0.03190553558863588,0.03288288688201224,1.1614055007248407,8384.368659208661,21.75620851305421,5.24911293092091,180070020.0,180982440.0,105981900.0,133697520.0,180982440.0,180982440.0,180593640.0,180593640.0,9598068.0,9598068.0,8030773.0,9393804.0,9598068.0,9598068.0,9547776.0,9547776.0,3,Guinea,Maize (corn),1017.9
193,1991,44.49455659482576,36.34899208507074,0.21198677135010557,0.21324502944507906,26.21662844551934,194330.19538874133,132.6568685302324,156.99756872037915,7.375385797021917,14.497315825673631,0.03403006509798805,0.03423874514790983,1.1354644592888534,8766.38227212004,20.12962229823651,5.47194426770182,180070020.0,180982440.0,122669960.0,133697520.0,180982440.0,180982440.0,180593640.0,180593640.0,9598068.0,9598068.0,8834514.0,9393804.0,9598068.0,9598068.0,9547776.0,9547776.0,3,Guinea,Maize (corn),1052.7
193,1992,44.49455659482576,34.13353369333151,0.21115347540212998,0.21125125813772516,25.943646081288655,192156.82164065048,132.765208301144,153.9430818991251,7.375385797021917,14.321729506413147,0.030688878955293798,0.03070862249096472,1.1203532167701693,7999.722666977491,18.964817877789756,4.410036950400385,180070020.0,180982440.0,129717020.0,133697520.0,180982440.0,180982440.0,180593640.0,180593640.0,9598068.0,9598068.0,9227548.0,9393804.0,9598068.0,9598068.0,9547776.0,9547776.0,3,Guinea,Maize (corn),1088.5
193,1993,44.49455659482576,34.099747407581646,0.21439400489131605,0.21459340127352738,26.144855361514622,194137.89490320624,135.4737302006419,151.98802390376068,7.375385797021917,16.254301083123984,0.03194965999371499,0.03191671697268114,1.2071870375005311,7725.7526803218525,19.143668197134165,4.133490001796494,180070020.0,180982440.0,127775680.0,133697520.0,180982440.0,180982440.0,180593640.0,180593640.0,9598068.0,9598068.0,9044273.0,9393804.0,9598068.0,9598068.0,9547776.0,9547776.0,3,Guinea,Maize (corn),1125.5
193,1994,44.49455659482576,40.81266453207143,0.21549910927812255,0.21530016464789195,25.89293557273017,192724.05103295023,130.37158859488582,150.22411871202326,7.375385797021917,16.197331726166066,0.03069536596372238,0.030465335729002847,1.1005621098124472,7824.880355241025,17.754991921502047,3.74458352114215,180070020.0,180982440.0,129438910.0,133697520.0,180982440.0,180982440.0,180593640.0,180593640.0,9598068.0,9598068.0,9053775.0,9393804.0,9598068.0,9598068.0,9547776.0,9547776.0,3,Guinea,Maize (corn),1163.9
193,1995,44.49455659482576,39.889949056800575,0.2192666172981262,0.21943401808152335,25.987214003668893,195285.58876624046,155.62813175685946,156.05120193684948,7.375385797021917,13.942595300970508,0.030400152719575097,0.030531092135582864,1.2115643263375264,7846.924049321648,19.90048289591237,4.6332460797190596,180070020.0,180982440.0,130944920.0,133697520.0,180982440.0,180982440.0,180593640.0,180593640.0,9598068.0,9598068.0,9246367.0,9393804.0,9598068.0,9598068.0,9547776.0,9547776.0,3,Guinea,Maize (corn),1203.6
193,1996,44.49455659482576,38.46249309981282,0.20957724087768126,0.20966701475781527,26.273685455322266,195615.1882704478,152.54093750655727,155.78455398071074,7.375385797021917,16.452933611611215,0.028952366356853946,0.029176220986879626,1.1658494570069864,8122.193106184782,20.097285984674745,4.483392547727399,180070020.0,180982440.0,132583495.0,133697520.0,180982440.0,180982440.0,180593640.0,180593640.0,9598068.0,9598068.0,9364666.0,9393804.0,9598068.0,9598068.0,9547776.0,9547776.0,3,Guinea,Maize (corn),1244.6
193,1997,44.49455659482576,39.19423272079631,0.21470921296212403,0.21470958513690894,26.065351094139945,197055.5511269781,151.3717293977245,154.45241240774757,7.375385797021917,14.405602264125221,0.02987206280978465,0.02986261150469519,1.1402086855807585,7915.211947802494,19.765968423030458,4.358293310629686,180070020.0,180982440.0,133337520.0,133697520.0,180982440.0,180982440.0,180593640.0,180593640.0,9598068.0,9598068.0,9385011.0,9393804.0,9598068.0,9598068.0,9547776.0,9547776.0,3,Guinea,Maize (corn),1287.0
193,1998,44.49455659482576,36.51181993511855,0.20825978666543957,0.20822879816313344,26.454590829213462,197898.30907206627,151.11756069606312,153.6235500795077,7.375385797021917,14.098631068215337,0.029824837706580745,0.02979728575535579,1.2233305169196145,8027.204721581203,19.624270986115786,4.256024196401748,180070020.0,180982440.0,132639605.0,133697520.0,180982440.0,180982440.0,180593640.0,180593640.0,9598068.0,9598068.0,9355884.0,9393804.0,9598068.0,9598068.0,9547776.0,9547776.0,3,Guinea,Maize (corn),1330.8
193,1999,44.49455659482576,42.31451797483599,0.2164229448470804,0.21644638618212703,25.886530939737955,194265.91589915095,150.1856470688992,151.097210101813,7.375385797021917,14.576260935289268,0.02759398140019355,0.027610460619205354,1.2026504112175875,7513.527279743547,20.577641432548223,4.2914595347736535,180070020.0,180982440.0,132995515.0,133697520.0,180982440.0,180982440.0,180593640.0,180593640.0,9598068.0,9598068.0,9373283.0,9393804.0,9598068.0,9598068.0,9547776.0,9547776.0,3,Guinea,Maize (corn),1376.1
193,2000,52.55582065131258,36.86770752971785,0.21909735314548012,0.21911036984135027,25.968014028337265,198308.5993701138,125.87171301231527,148.43966324995776,8.392160029401577,11.93941414841733,0.029128097449940275,0.029133112206879048,1.1853194137695722,7667.238626689503,17.084446418785053,3.731583846425041,110042790.0,180982440.0,133273165.0,133697520.0,180982440.0,180982440.0,180593640.0,180593640.0,5865486.0,9598068.0,9386868.0,9393804.0,9598068.0,9598068.0,9547776.0,9547776.0,3,Guinea,Maize (corn),1423.0
193,2001,43.128728627975036,36.48683964690613,0.20855833184387945,0.20876982268949812,26.34513315624661,196837.08267861843,149.89450034800427,156.7721614408527,7.763844284279114,12.184889314320642,0.028706915094839455,0.029007469778147502,1.2067687022728903,7993.850752020646,19.132059809461868,4.582102304606732,180070020.0,180982440.0,126320445.0,133697520.0,180982440.0,180982440.0,180593640.0,180593640.0,9598068.0,9598068.0,9153496.0,9393804.0,9598068.0,9598068.0,9547776.0,9547776.0,3,Guinea,Maize (corn),1443.0
193,2002,44.4993123799065,34.26489584995083,0.20371429878804415,0.20382440955144396,26.674277337392173,197137.9764120517,146.37407677341133,157.18236510768577,7.584182824345775,11.805227172457922,0.029395061063377786,0.029455412697947634,1.218220247694094,7867.125073375897,19.346454831822825,4.486022562179953,180070020.0,180982440.0,132526530.0,133697520.0,180982440.0,180982440.0,180593640.0,180593640.0,9598068.0,9598068.0,9377179.0,9393804.0,9598068.0,9598068.0,9547776.0,9547776.0,3,Guinea,Maize (corn),1466.4
193,2003,43.93156735846206,35.05156755569651,0.2124538017229901,0.21245557354616496,26.59312589433458,194219.14959417947,142.15166027801658,154.1725253486678,8.11287200128982,12.268293451884528,0.028613771790738676,0.028616361717256008,1.1957370252986408,8334.758108074306,19.87060296544282,4.311617435732911,180070020.0,180982440.0,133048335.0,133697520.0,180982440.0,180982440.0,180593640.0,180593640.0,9598068.0,9598068.0,9387418.0,9393804.0,9598068.0,9598068.0,9547776.0,9547776.0,3,Guinea,Maize (corn),1490.1
193,2004,44.49455659482576,32.593201184943666,0.21013657467232807,0.21013679723020726,26.689987585279678,197269.31063981974,143.0488747782972,155.43126461664468,7.756712611942859,11.482416273592637,0.030879331193578732,0.030879492881748752,1.2392063093669659,9167.696338927966,18.678352596064187,4.35386304332979,180070020.0,180982440.0,133656700.0,133697520.0,180982440.0,180982440.0,180593640.0,180593640.0,9598068.0,9598068.0,9393543.0,9393804.0,9598068.0,9598068.0,9547776.0,9547776.0,3,Guinea,Maize (corn),1514.3
193,2005,44.61568567681239,36.66272559009603,0.21359824004272615,0.2136265025130983,26.772346136305067,195164.459918064,145.89996133089892,154.70398070520665,7.452981287334134,12.788137730862594,0.0306511981059469,0.03066142721737322,1.2834200809268137,8575.914619118761,18.472069336398935,4.195557008757315,180070020.0,180982440.0,133518060.0,133697520.0,180982440.0,180982440.0,180593640.0,180593640.0,9598068.0,9598068.0,9388657.0,9393804.0,9598068.0,9598068.0,9547776.0,9547776.0,3,Guinea,Maize (corn),1538.8
193,2006,45.59717614994897,34.91798549995909,0.21487734599245914,0.21488594242613387,26.456639533572726,199107.58041875175,149.2163748641659,156.32325587840248,7.439800000694995,12.605375797994984,0.028121693823743507,0.02812344513995029,1.1826992685135755,8090.75695685868,18.223742014257596,4.537283084201999,180070020.0,180982440.0,133452165.0,133697520.0,180982440.0,180982440.0,180593640.0,180593640.0,9598068.0,9598068.0,9388788.0,9393804.0,9598068.0,9598068.0,9547776.0,9547776.0,3,Guinea,Maize (corn),1563.7
193,2007,43.673258311916186,32.65227191431631,0.2043490829153193,0.20435511532812853,26.44979411231147,197523.36176428356,142.50311555534154,156.6161615934377,7.626623948778115,11.740375280678,0.02742376347253194,0.027435427129137213,1.2022882603359368,7456.242024095346,21.59474467036153,9.754210637853546,180070020.0,180982440.0,132859980.0,133697520.0,180982440.0,180982440.0,180906840.0,180906840.0,9598068.0,9598068.0,9386263.0,9393804.0,9598068.0,9598068.0,9588289.0,9588289.0,3,Guinea,Maize (corn),1589.1
193,2008,44.518107204077,41.32227049913396,0.21199757506450012,0.21199994512765008,26.217450438605415,197567.76588546016,155.07022829977862,156.42171122220836,7.687899849683022,13.298846531218118,0.027190062744962457,0.027199317485310095,1.160218067201235,7561.0769702693315,21.515538928173616,10.666175782320538,180070020.0,180982440.0,132915420.0,133697520.0,180982440.0,180982440.0,180982440.0,180982440.0,9598068.0,9598068.0,9387947.0,9393804.0,9598068.0,9598068.0,9598068.0,9598068.0,3,Guinea,Maize (corn),1079.3
193,2009,44.766955660278875,36.880616320676225,0.21244585985938705,0.21245110291251734,26.511513402726916,196853.22716975308,155.3354624700853,156.74298048326045,7.777665858024445,14.02774086954303,0.02808688109921513,0.028096555227961364,1.1803484068998176,8078.982368209721,22.084075254850536,10.7976667290732,180070020.0,180982440.0,132873840.0,133697520.0,180982440.0,180982440.0,180982440.0,180982440.0,9598068.0,9598068.0,9386684.0,9393804.0,9598068.0,9598068.0,9598068.0,9598068.0,3,Guinea,Maize (corn),1631.8
193,2010,45.099059863264934,41.087452883608705,0.2147049323138263,0.21470790158271857,26.697351752387153,193964.44543380046,157.25448864258604,155.80174477349672,7.231050227207312,14.983148797586495,0.027177073207345807,0.027186092814433332,1.1870273100634392,7954.439088161692,20.565504683321237,10.752884815496879,180070020.0,180982440.0,132404630.0,133697520.0,180982440.0,180982440.0,180982440.0,180982440.0,9598068.0,9598068.0,9386154.0,9393804.0,9598068.0,9598068.0,9598068.0,9598068.0,3,Guinea,Maize (corn),1631.3
193,2011,44.72189755875225,35.601531720701054,0.20943791208167867,0.20944253231371868,26.450375927819145,197149.1259540395,154.03377774164449,156.38955298532503,7.533341013609667,14.564246733347414,0.02953241109695908,0.029540303865441257,1.2034435457049266,8362.854428466071,21.355434025916797,10.6324909531763,180070020.0,180982440.0,132720750.0,133697520.0,180982440.0,180982440.0,180982440.0,180982440.0,9598068.0,9598068.0,9387065.0,9393804.0,9598068.0,9598068.0,9598068.0,9598068.0,3,Guinea,Maize (corn),1658.4
193,2012,44.572538322760735,36.86400898611502,0.2130083907395601,0.21301101425122612,26.221592733595106,194283.69774089727,153.35953560473783,154.92148171546177,7.4152416405116455,12.877902799552656,0.027129386505559905,0.027138697081126626,1.19720219770461,8010.587394584672,21.426711085839585,10.6490351718775,180070020.0,180982440.0,132929280.0,133697520.0,180982440.0,180982440.0,180982440.0,180982440.0,9598068.0,9598068.0,9388368.0,9393804.0,9598068.0,9598068.0,9598068.0,9598068.0,3,Guinea,Maize (corn),1220.0
193,2013,44.89523794332383,40.26546995392078,0.20440656261311632,0.2044108359813264,26.559659078386094,195628.1664390767,154.96431838066798,157.8313189643673,7.374735310522571,15.498038598705618,0.027672993540487394,0.027681618361895394,1.2057746799123916,8493.14475228258,21.146496470107646,10.563908412640744,180070020.0,180982440.0,132929280.0,133697520.0,180982440.0,180982440.0,180982440.0,180982440.0,9598068.0,9598068.0,9388368.0,9393804.0,9598068.0,9598068.0,9598068.0,9598068.0,3,Guinea,Maize (corn),1250.0
193,2014,44.69028659240246,32.856480402677086,0.20306594438023035,0.2030704564462114,26.52554734547933,197041.29236904354,153.6115148155276,156.50630245995575,6.947718372983229,11.656275007304561,0.027590379154468714,0.02760004542183042,1.1888038035278041,8391.87546613537,20.45549491359377,10.608531934149253,180070020.0,180982440.0,132929280.0,133697520.0,180982440.0,180982440.0,180982440.0,180982440.0,9598068.0,9598068.0,9388368.0,9393804.0,9598068.0,9598068.0,9598068.0,9598068.0,3,Guinea,Maize (corn),1232.3
193,2015,44.30851146087346,37.3155565248051,0.20612332150340076,0.20612738351861878,26.459744718339707,195353.0662651949,148.70311171605258,155.285916193191,7.201592399265939,13.383991567621957,0.027222825917232837,0.027229083753759854,1.1889609799446612,8217.920165167883,21.105432133354835,10.615521210942594,180070020.0,180982440.0,133228040.0,133697520.0,180982440.0,180982440.0,180982440.0,180982440.0,9598068.0,9598068.0,9390482.0,9393804.0,9598068.0,9598068.0,9598068.0,9598068.0,3,Guinea,Maize (corn),1250.3
193,2016,44.22525598954374,35.808668175181836,0.2056542386197381,0.20565424353000855,26.63748590681288,196536.70121071275,152.13996835440486,157.47046393261695,7.375385797021917,13.802925589421012,0.026213597831628264,0.026213597831628264,1.1821948257965926,8169.004284415438,21.007452671051222,10.53747341089943,180070020.0,180982440.0,133697520.0,133697520.0,180982440.0,180982440.0,180982440.0,180982440.0,9598068.0,9598068.0,9393804.0,9393804.0,9598068.0,9598068.0,9598068.0,9598068.0,3,Guinea,Maize (corn),1226.5
193,2017,43.4922264033734,32.2805550038456,0.1984879968894852,0.1984879972066093,26.748587735493977,198228.3656331284,150.3275451568218,157.08901379832244,6.929529249257391,14.982338097282609,0.02868052079165023,0.02868052079165023,1.166399649280866,8311.031453470845,20.54496714222073,10.525717613998365,180070020.0,180982440.0,133697520.0,133697520.0,180982440.0,180982440.0,180982440.0,180982440.0,9598068.0,9598068.0,9393804.0,9393804.0,9598068.0,9598068.0,9598068.0,9598068.0,3,Guinea,Maize (corn),1350.0
193,2018,42.14050363853374,39.256694673790214,0.2015864330447382,0.20158643193372175,26.75008813010322,193171.81764263217,149.73490460681222,155.94806948452162,7.08302044808991,13.000327024673929,0.02788505176615697,0.02788505176615697,1.2034172485493235,7762.219165169971,22.356385594026754,10.923560921023594,180070020.0,180982440.0,133697520.0,133697520.0,180982440.0,180982440.0,180982440.0,180982440.0,9598068.0,9598068.0,9393804.0,9393804.0,9598068.0,9598068.0,9598068.0,9598068.0,3,Guinea,Maize (corn),1338.6
193,2019,43.85212749179354,36.29773725032851,0.2017175613592068,0.20171756635482294,26.758232816060385,196362.16489634084,155.10995188863586,157.39833332020646,6.909349777650724,13.159713881300902,0.027275435873487144,0.027275435873487144,1.1778281485991768,8361.534668210754,21.615036422214132,10.579581840653779,180070020.0,180982440.0,133697520.0,133697520.0,180982440.0,180982440.0,180982440.0,180982440.0,9598068.0,9598068.0,9393804.0,9393804.0,9598068.0,9598068.0,9598068.0,9598068.0,3,Guinea,Maize (corn),1450.0
193,2020,43.22705539068616,37.81585880522479,0.20770720880892538,0.2077072038025817,26.91171798706055,195695.74745126115,150.71777480378182,156.878508182044,6.991332517562085,12.874610713412995,0.025475046734231975,0.025475046734231975,1.1748852227405109,7832.689442622484,22.295609867581916,10.709589891974586,180070020.0,180982440.0,133697520.0,133697520.0,180982440.0,180982440.0,180982440.0,180982440.0,9598068.0,9598068.0,9393804.0,9393804.0,9598068.0,9598068.0,9598068.0,9598068.0,3,Guinea,Maize (corn),1420.0
193,2021,43.487006655264466,38.08448751986023,0.2087549739413791,0.20875497428545586,27.090616681840686,199769.39658844008,153.96049692903796,157.48126321249887,7.1083071962275435,13.161316555373133,0.027764450108746057,0.027764450108746057,1.2104965106042467,8058.596935425423,21.985788587430342,10.495605880569723,180070020.0,180982440.0,133697520.0,133697520.0,180982440.0,180982440.0,180982440.0,180982440.0,9598068.0,9598068.0,9393804.0,9393804.0,9598068.0,9598068.0,9598068.0,9598068.0,3,Guinea,Maize (corn),1450.0
193,2022,43.66609793133403,34.353755764800994,0.20977931850486328,0.20977931456030652,26.654969766404893,195947.97858406958,152.6036126558959,155.8304470439724,7.2942673059978285,12.186347291568,0.02753781617592192,0.02753781617592192,1.209959632861591,7419.058857130611,22.967236028273884,10.638643287798818,180070020.0,180982440.0,133697520.0,133697520.0,180982440.0,180982440.0,180982440.0,180982440.0,9598068.0,9598068.0,9393804.0,9393804.0,9598068.0,9598068.0,9598068.0,9598068.0,3,Guinea,Maize (corn),1500.0
195,1984,44.141582005867924,25.260599231824543,0.1988455052487552,0.19916103294105061,26.569494220945572,194956.368613927,128.03191489014725,150.16700988911882,7.591561665912061,9.831712081640442,0.033034710368259675,0.03314187840686936,1.0910909262979525,10816.630638253524,18.985584938269785,4.267228424151927,68296896.0,68617152.0,65294500.0,67347216.0,68618160.0,68618160.0,68430384.0,68430384.0,31484412.0,31484340.0,30990020.0,31446756.0,31484412.0,31484412.0,31432068.0,31432068.0,3,Benin,Maize (corn),807.7
195,1985,44.141582005867924,28.40822107563117,0.1904470771551132,0.19070317670814754,26.562531643443638,191668.7426841194,122.89478638655282,153.54427751066837,7.591561665912061,10.282591362717461,0.03639217513021773,0.0366159109330679,1.040432010246763,10944.997572668835,20.169432362137005,6.039207676173235,68296896.0,68617152.0,63015500.0,67347216.0,68618160.0,68618160.0,68430384.0,68430384.0,31484412.0,31484340.0,29771826.0,31446756.0,31484412.0,31484412.0,31432068.0,31432068.0,3,Benin,Maize (corn),889.0
195,1986,44.141582005867924,27.05899641747675,0.20389582974215345,0.20715968137892463,26.45946004655626,190464.48174390124,133.1710662898189,154.87153504093308,7.591561665912061,10.271111667360936,0.036279122252784714,0.03490256254760524,1.0167689411047776,10149.207702477057,21.371727124417323,5.408455762816655,68296896.0,68617152.0,54356228.0,67347216.0,68618160.0,68618160.0,68430384.0,68430384.0,31484412.0,31484340.0,25660511.0,31446756.0,31484412.0,31484412.0,31432068.0,31432068.0,3,Benin,Maize (corn),854.3
195,1987,44.141582005867924,26.344904989920188,0.20101738945745368,0.19485657652052893,27.153701278898453,194296.84990319502,134.09098948292504,157.31503757242345,7.591561665912061,9.890865734160014,0.03745067231839217,0.03672056148762247,1.0174160197303976,10876.107913934733,20.529374699989106,5.179522883295657,68296896.0,68617152.0,55149360.0,67347216.0,68618160.0,68618160.0,68430384.0,68430384.0,31484412.0,31484340.0,25731379.0,31446756.0,31484412.0,31484412.0,31432068.0,31432068.0,3,Benin,Maize (corn),707.5
195,1988,44.141582005867924,31.65957578373923,0.21183974764176774,0.20563084109688104,26.743779566552902,186760.22135196324,130.383583493706,152.79826432235353,7.591561665912061,11.991639677676485,0.034701307811329955,0.03357055114014404,0.9585353526365886,10286.776665928714,21.257193792364493,4.98412810300356,68296896.0,68617152.0,56873348.0,67347216.0,68618160.0,68618160.0,68430384.0,68430384.0,31484412.0,31484340.0,26455644.0,31446756.0,31484412.0,31484412.0,31432068.0,31432068.0,3,Benin,Maize (corn),871.2
195,1989,44.141582005867924,32.2105489392036,0.2189518123761647,0.2132441856549511,26.291605194409687,192471.6278460069,143.36821441049554,160.10903667458177,7.591561665912061,10.018507056738072,0.035883334292675644,0.0348441281377718,0.9740685720499823,10359.073172516195,21.275546187839986,6.717064744223507,68296896.0,68617152.0,55106588.0,67347216.0,68618160.0,68618160.0,68430384.0,68430384.0,31484412.0,31484340.0,25619835.0,31446756.0,31484412.0,31484412.0,31432068.0,31432068.0,3,Benin,Maize (corn),885.3
195,1990,44.141582005867924,26.991459396917858,0.2028375720708734,0.20221963742921095,26.79399397638109,192544.65418798415,140.7835251918719,159.0756066318274,7.591561665912061,10.685696840602274,0.035821091660496115,0.03428456293539375,0.9847286016590111,10998.690048001394,20.94437970098538,6.509967807563297,68296896.0,68617152.0,58699576.0,67347216.0,68618160.0,68618160.0,68430384.0,68430384.0,31484412.0,31484340.0,27640272.0,31446756.0,31484412.0,31484412.0,31432068.0,31432068.0,3,Benin,Maize (corn),895.4
195,1991,44.141582005867924,34.14841369921306,0.21283070520601335,0.21184916800086706,26.470807472864788,188158.77119860292,134.25286553728927,154.36061062905213,7.591561665912061,13.005843712923733,0.03074023335867243,0.030499533927684827,0.9223792412206121,10329.668677209953,21.34782391919454,5.4889713921997725,68296896.0,68617152.0,62703004.0,67347216.0,68618160.0,68618160.0,68430384.0,68430384.0,31484412.0,31484340.0,29472078.0,31446756.0,31484412.0,31484412.0,31432068.0,31432068.0,3,Benin,Maize (corn),928.1
195,1992,44.141582005867924,27.394668145121383,0.19958364849703175,0.19983263722407532,26.237424612045288,189306.34416164985,129.45478690243147,154.8667930065849,7.591561665912061,10.796844944116295,0.027891463841037974,0.0280367744919134,0.9664155851894463,9820.695971262427,18.025500575287627,4.966746118821352,68296896.0,68617152.0,66352976.0,67347216.0,68618160.0,68618160.0,68430384.0,68430384.0,31484412.0,31484340.0,31064356.0,31446756.0,31484412.0,31484412.0,31432068.0,31432068.0,3,Benin,Maize (corn),977.1
195,1993,44.141582005867924,27.19371138966021,0.19739531441074276,0.19738344305594652,26.705404188897873,192536.4684320806,133.39069435325686,152.68692566530711,7.591561665912061,10.287570561047849,0.030071974453087996,0.030071918482463916,1.0636879717933263,10564.702345837955,19.914312943011176,4.65980615435128,68296896.0,68617152.0,67302588.0,67347216.0,68618160.0,68618160.0,68430384.0,68430384.0,31484412.0,31484340.0,31420972.0,31446756.0,31484412.0,31484412.0,31432068.0,31432068.0,3,Benin,Maize (corn),977.8
195,1994,44.141582005867924,33.69285423509345,0.2087862322417398,0.20873722984151533,26.411597781711155,187248.31302376685,125.11639958686662,148.87728329496966,7.591561665912061,12.132975967806333,0.026758760510425764,0.026669310132293487,0.9337310732874761,9817.038323881572,16.885885075047536,4.210098023333519,68296896.0,68617152.0,66496092.0,67347216.0,68618160.0,68618160.0,68430384.0,68430384.0,31484412.0,31484340.0,31034963.0,31446756.0,31484412.0,31484412.0,31432068.0,31432068.0,3,Benin,Maize (corn),1022.8
195,1995,44.141582005867924,31.77772644495511,0.20817212672490207,0.2081701343096245,26.6785003874037,191254.41564494206,151.21119708880565,155.15081778415325,7.591561665912061,11.06978234197546,0.028955760764225076,0.028946399720713643,1.0449727856320676,10139.330826190502,20.529374435130485,5.1499460706814695,68296896.0,68617152.0,67312744.0,67347216.0,68618160.0,68618160.0,68430384.0,68430384.0,31484412.0,31484340.0,31428722.0,31446756.0,31484412.0,31484412.0,31432068.0,31432068.0,3,Benin,Maize (corn),1173.7
195,1996,44.141582005867924,30.489415480051193,0.20301764608464304,0.20301764781411247,26.863911204867893,192000.3678909848,147.65205089435287,155.05134937915466,7.591561665912061,10.696701385815375,0.028766862353825084,0.028766862353825084,0.995431208953073,11157.471275804135,20.923831673548577,5.365113345850051,68296896.0,68617152.0,67347216.0,67347216.0,68618160.0,68618160.0,68430384.0,68430384.0,31484412.0,31484340.0,31446756.0,31446756.0,31484412.0,31484412.0,31432068.0,31432068.0,3,Benin,Maize (corn),1081.8
195,1997,44.141582005867924,29.45246832957922,0.20942801842465994,0.20939041604815128,26.66635121239556,190605.3336713642,153.4066226224864,154.1116774368537,7.591561665912061,10.990193971703299,0.028859991478687272,0.028849249680826732,0.994462014435225,9758.107411699551,20.17458368138935,5.2475424534804604,68296896.0,68617152.0,67058340.0,67347216.0,68618160.0,68618160.0,68430384.0,68430384.0,31484412.0,31484340.0,31325842.0,31446756.0,31484412.0,31484412.0,31432068.0,31432068.0,3,Benin,Maize (corn),1202.0
195,1998,44.141582005867924,33.23550755541038,0.2081194154711233,0.20812254233900299,27.07338689433204,191491.52750894253,148.8660025400526,153.1555384793697,7.591561665912061,11.316778020051403,0.02685858918812538,0.02684703829845856,0.9511191529631221,9289.036053373036,19.172476962503183,4.6335968525921665,68296896.0,68617152.0,66920360.0,67347216.0,68618160.0,68618160.0,68430384.0,68430384.0,31484412.0,31484340.0,31248453.0,31446756.0,31484412.0,31484412.0,31432068.0,31432068.0,3,Benin,Maize (corn),1114.3
195,1999,44.141582005867924,33.750881591433945,0.21205894685246876,0.21216179033441424,26.64369723531935,190771.79382458772,150.79463969005585,150.86575994363093,7.591561665912061,12.571255996011761,0.029991672885397794,0.03031560499351629,1.0468390150160567,10265.802219697078,20.02348394872121,4.617872765289847,68296896.0,68617152.0,67047340.0,67347216.0,68618160.0,68618160.0,68430384.0,68430384.0,31484412.0,31484340.0,31311087.0,31446756.0,31484412.0,31484412.0,31432068.0,31432068.0,3,Benin,Maize (corn),1251.8
195,2000,53.453186948823856,29.24813903293219,0.20293310424312946,0.2029819704016468,26.657278617223103,196031.87218614834,117.95490988973165,147.88994905418963,7.357017943526793,9.381742614453744,0.02624717237621812,0.026263448027156425,0.9716493475317457,10377.657184199983,17.060261153116393,4.039127309416539,41736992.0,68617152.0,67039360.0,67347216.0,68618160.0,68618160.0,68430384.0,68430384.0,19240474.0,31484340.0,31341138.0,31446756.0,31484412.0,31484412.0,31432068.0,31432068.0,3,Benin,Maize (corn),1148.1
195,2001,42.47266770787602,27.486420603578907,0.19876304765542346,0.19883321388514413,26.81106370025211,195153.7804357575,141.35143669312262,156.6639118421607,7.9059277993470785,10.013676234767765,0.02849269312465306,0.02894622996043162,1.0114708375534682,10974.571219628462,19.522833327586383,5.461789092011923,68296896.0,68617152.0,65005148.0,67347216.0,68618160.0,68618160.0,68430384.0,68430384.0,31484412.0,31484340.0,30491253.0,31446756.0,31484412.0,31484412.0,31432068.0,31432068.0,3,Benin,Maize (corn),1100.2
195,2002,45.27401715211209,30.717028161042055,0.2041762672985593,0.20428218753866617,26.70806958940294,194199.3466356112,144.9019165051333,155.47984284478392,7.863881912718343,10.27225722265038,0.02853699848541301,0.028683922623514435,1.0425576036891038,10541.357218282297,20.458310330521,5.320682533804909,68296896.0,68617152.0,66756720.0,67347216.0,68618160.0,68618160.0,68430384.0,68430384.0,31484412.0,31484340.0,31280280.0,31446756.0,31484412.0,31484412.0,31432068.0,31432068.0,3,Benin,Maize (corn),1164.4
195,2003,45.56628300185713,35.109113058741194,0.2098968450186981,0.21029715126628698,26.873125924004448,193718.33947103337,143.37974941640766,155.4256880416607,7.57605503237424,13.078015893363961,0.028232067757363127,0.02814629112821654,0.9742690383843549,9362.473252103175,20.610872923312712,4.776495334278288,68296896.0,68617152.0,64500648.0,67347216.0,68618160.0,68618160.0,68430384.0,68430384.0,31484412.0,31484340.0,30652465.0,31446756.0,31484412.0,31484412.0,31432068.0,31432068.0,3,Benin,Maize (corn),1189.9
195,2004,45.28537108311294,29.90362044697236,0.20943262707442042,0.2096914322777563,26.812490741411846,194524.89703296998,139.54757851474128,153.94832449840112,7.470043245827254,9.765324917673482,0.029944438577471127,0.029885322372210286,1.0440118136355867,10245.142280171445,18.962850044233996,5.133552994537793,68296896.0,68617152.0,64408936.0,67347216.0,68618160.0,68618160.0,68430384.0,68430384.0,31484412.0,31484340.0,30755798.0,31446756.0,31484412.0,31484412.0,31432068.0,31432068.0,3,Benin,Maize (corn),1179.0
195,2005,44.55957296058096,29.532675250774034,0.2046657391927308,0.2048833635624258,27.124192277590435,193944.93714387983,137.96403126847747,153.30861656146976,7.976532481333619,10.68143771353841,0.02956781507575194,0.029612197759935052,1.064419483246944,10702.874090460551,20.054313069199807,5.002071924874509,68296896.0,68617152.0,64634232.0,67347216.0,68618160.0,68618160.0,68430384.0,68430384.0,31484412.0,31484340.0,30777604.0,31446756.0,31484412.0,31484412.0,31432068.0,31432068.0,3,Benin,Maize (corn),1144.7
195,2006,44.67576622689424,28.333439334427222,0.2030288399611082,0.20315811904889294,27.061298423343235,193587.49666164225,139.9038560069281,155.17383289375528,8.419977743929294,10.378104986978254,0.0313090397679143,0.03116768131830676,1.0609141017726098,11407.618106053507,20.502266458297967,5.639924143526023,68296896.0,68617152.0,64816656.0,67347216.0,68618160.0,68618160.0,68430384.0,68430384.0,31484412.0,31484340.0,30853386.0,31446756.0,31484412.0,31484412.0,31432068.0,31432068.0,3,Benin,Maize (corn),1227.3
195,2007,44.141582005867924,32.43230487652994,0.20149821187886924,0.20149151703105747,26.853347765074837,193887.57517341524,138.30909850158537,155.53816899999742,7.591561665912061,10.79298670469797,0.02716609166338219,0.027183173817793286,1.0372922848000972,9315.136609028232,19.235347374533507,6.242086047757835,68296896.0,68617152.0,66687244.0,67347216.0,68618160.0,68618160.0,68581648.0,68581648.0,31484412.0,31484340.0,31428541.0,31446756.0,31484412.0,31484412.0,31474234.0,31474234.0,3,Benin,Maize (corn),1334.4
195,2008,44.27269496393451,34.19526211068299,0.20649132344664795,0.20649527455940317,26.651411016782124,196806.24177573714,149.54125910856945,155.0791812112617,6.8955581169806,10.69094745012396,0.02523041113281408,0.025239055261665772,0.9359951141077875,9085.207471636939,17.160993441908722,6.4302649630464925,68296896.0,68617152.0,66697200.0,67347216.0,68618160.0,68618160.0,68618160.0,68618160.0,31484412.0,31484340.0,31436604.0,31446756.0,31484412.0,31484412.0,31484412.0,31484412.0,3,Benin,Maize (corn),1127.9
195,2009,45.08701827056022,32.69629409667251,0.21073923047838938,0.21074954217253275,27.0979858107037,194963.66472889695,150.1795489730877,154.72408107335937,8.097945871025395,11.224993960288932,0.026227268831105294,0.026238821431409938,1.0429314155419427,9932.129818143141,19.17222500689529,6.501042842712721,68296896.0,68617152.0,66655240.0,67347216.0,68618160.0,68618160.0,68618160.0,68618160.0,31484412.0,31484340.0,31429903.0,31446756.0,31484412.0,31484412.0,31484412.0,31484412.0,3,Benin,Maize (corn),1397.7
195,2010,44.8661309845619,33.187309966069364,0.21125627345302037,0.21125133291698875,27.28301215171814,190086.31232162553,150.76166929975182,154.6582303893407,7.639532743332435,11.295743926903755,0.02581749885595415,0.025822566146606205,0.9919690208001354,9723.701085172434,19.110360628738555,6.216797394693384,68296896.0,68617152.0,66687244.0,67347216.0,68618160.0,68618160.0,68618160.0,68618160.0,31484412.0,31484340.0,31428541.0,31446756.0,31484412.0,31484412.0,31484412.0,31484412.0,3,Benin,Maize (corn),1102.8
195,2011,43.9668659601904,29.55375809638099,0.19908197674279407,0.1990865534187148,27.21145456367069,195735.6743085865,144.2349479193038,154.54836258851944,7.856313858007997,10.86151936409192,0.028030208310304408,0.02803795900130278,1.1190773860831584,10600.974315217489,18.65402628877176,6.561618152626297,68296896.0,68617152.0,66697200.0,67347216.0,68618160.0,68618160.0,68618160.0,68618160.0,31484412.0,31484340.0,31436604.0,31446756.0,31484412.0,31484412.0,31484412.0,31484412.0,3,Benin,Maize (corn),1421.6
195,2012,44.45507897598257,33.46707229505919,0.2055321601219475,0.20553586277612385,26.821707129478455,190559.9226034243,146.4839973786663,153.89310355069745,7.723426096225143,10.59843724988702,0.02733893366260309,0.027345557642265993,0.972375362659705,9813.313550697118,19.053025089668694,6.306859793662886,68296896.0,68617152.0,66866112.0,67347216.0,68618160.0,68618160.0,68618160.0,68618160.0,31484412.0,31484340.0,31438494.0,31446756.0,31484412.0,31484412.0,31484412.0,31484412.0,3,Benin,Maize (corn),1262.2
195,2013,44.19336237795328,27.0852350090336,0.1984704077347285,0.19847281766811256,27.004640605714584,190758.56851674727,147.05499315740585,155.00435779246507,7.452505641277262,9.83569910152668,0.02663988023104513,0.026643658235319032,1.0002158353402484,8857.676006697773,18.568344306636227,6.092776835423601,68296896.0,68617152.0,67035024.0,67347216.0,68618160.0,68618160.0,68618160.0,68618160.0,31484412.0,31484340.0,31440384.0,31446756.0,31484412.0,31484412.0,31484412.0,31484412.0,3,Benin,Maize (corn),1308.4
195,2014,43.58016882626287,28.25324132824623,0.19583897623750893,0.1958414701872188,27.01901792155372,191899.33412587264,144.81063849106937,155.16077208850126,7.770188278255745,9.688368139419337,0.029863303365605838,0.029866814443765686,0.9855710393189211,9916.549331413591,19.13553795409322,6.46421036392907,68296896.0,68617152.0,67035024.0,67347216.0,68618160.0,68618160.0,68618160.0,68618160.0,31484412.0,31484340.0,31440384.0,31446756.0,31484412.0,31484412.0,31484412.0,31484412.0,3,Benin,Maize (corn),1399.1
195,2015,41.004776151276104,27.347398343885164,0.1833993225979308,0.18340139780016185,27.112828069263035,193882.2949473243,136.09762101885545,156.00989156415253,7.81476572736931,10.584193417115232,0.029395304293541164,0.029398242311484506,1.0572416329862662,10562.714328001435,18.43451808354126,6.598047395727103,68296896.0,68617152.0,67165104.0,67347216.0,68618160.0,68618160.0,68618160.0,68618160.0,31484412.0,31484340.0,31443039.0,31446756.0,31484412.0,31484412.0,31484412.0,31484412.0,3,Benin,Maize (corn),1281.3
195,2016,43.158861217083114,29.799193053959275,0.193463754426274,0.1934637521404104,27.31697652075026,192408.0734533278,140.8806459489942,155.69403722812234,7.554635623131795,9.852318178741616,0.02612243157628002,0.02612243157628002,1.0269115152987585,9587.627310260825,18.702362375360842,6.30530557668171,68296896.0,68617152.0,67347216.0,67347216.0,68618160.0,68618160.0,68618160.0,68618160.0,31484412.0,31484340.0,31446756.0,31446756.0,31484412.0,31484412.0,31484412.0,31484412.0,3,Benin,Maize (corn),1376.2
195,2017,42.345145151594664,30.60555631007383,0.1908185253333714,0.19081852451333217,27.22063112258911,195300.12109321594,141.72887939596026,156.1605923879807,6.973358565348583,8.903126646692222,0.02657341863861553,0.02657341863861553,0.9397877530782046,10010.81729051131,17.541498090006133,6.181890854831192,68296896.0,68617152.0,67347216.0,67347216.0,68618160.0,68618160.0,68618160.0,68618160.0,31484412.0,31484340.0,31446756.0,31446756.0,31484412.0,31484412.0,31484412.0,31484412.0,3,Benin,Maize (corn),1321.5
195,2018,43.56359417939425,33.44233234828436,0.20005569560453293,0.20005569936492748,26.999114592870075,191129.90700885668,145.21604253845058,154.1081131230311,7.203132302926649,11.105724644280135,0.026727240200327324,0.026727240200327324,1.034850130782577,9295.311669777666,17.84445763695457,6.21457461953255,68296896.0,68617152.0,67347216.0,67347216.0,68618160.0,68618160.0,68618160.0,68618160.0,31484412.0,31484340.0,31446756.0,31446756.0,31484412.0,31484412.0,31484412.0,31484412.0,3,Benin,Maize (corn),1304.0
195,2019,44.208635463624994,34.05184125720567,0.20324700755170647,0.20324700562277523,27.169459091292488,189352.28854949644,145.5722407100198,153.60652535859344,7.500632646865678,11.06237314533427,0.027296125498012688,0.027296125498012688,0.9782113047004368,9690.944814065251,18.490238831413244,6.488022387572111,68296896.0,68617152.0,67347216.0,67347216.0,68618160.0,68618160.0,68618160.0,68618160.0,31484412.0,31484340.0,31446756.0,31446756.0,31484412.0,31484412.0,31484412.0,31484412.0,3,Benin,Maize (corn),1075.2
195,2020,42.695423043296486,32.65962803523175,0.19878984294417829,0.1987921578654691,27.117632733450996,194117.66030221627,144.86986452534336,155.72313077657765,7.092661128188435,11.204264661321684,0.025273243095775534,0.025270459405436672,0.9805881380646212,8940.571516866752,18.18296663513334,5.923654979019139,68296896.0,68617152.0,67337260.0,67347216.0,68618160.0,68618160.0,68618160.0,68618160.0,31484412.0,31484340.0,31438693.0,31446756.0,31484412.0,31484412.0,31484412.0,31484412.0,3,Benin,Maize (corn),1271.8
195,2021,42.070819503544826,32.18797114116329,0.19069310453616908,0.19069352729840436,27.57618953122033,200067.1547379465,139.68398611317528,156.595695037366,7.470964612859384,10.605938013909087,0.029866859661977982,0.029863719283101012,1.0287231198990012,9339.154268789433,19.385244934171435,6.331647293671477,68296896.0,68617152.0,67337260.0,67347216.0,68618160.0,68618160.0,68618160.0,68618160.0,31484412.0,31484340.0,31438693.0,31446756.0,31484412.0,31484412.0,31484412.0,31484412.0,3,Benin,Maize (corn),1206.4
195,2022,42.31918189317518,33.023429443102245,0.1990721500996086,0.1990721514851034,26.942955242262947,194884.94583066207,144.33505429646766,154.9331167430101,7.775790613027809,11.789234063894192,0.027258078697572533,0.027258078697572533,0.9801344282068312,8802.108730295602,21.205515822699574,5.862965442082383,68296896.0,68617152.0,67347216.0,67347216.0,68618160.0,68618160.0,68618160.0,68618160.0,31484412.0,31484340.0,31446756.0,31446756.0,31484412.0,31484412.0,31484412.0,31484412.0,3,Benin,Maize (corn),1164.3
210,1984,56.05365112463943,27.421349883850365,0.2358050333956877,0.2362779586145729,19.345022086743956,176461.4210867811,184.31077029827543,139.2175076949925,12.006545362380646,8.5043258576719,0.04665135897884952,0.04664157881523026,1.8387027490205046,5384.66919205581,22.66758200188744,2.7668998953574744,8430696.0,8489664.0,8329080.0,8489664.0,8489664.0,8489664.0,8477568.0,8477568.0,1913220.0,1913220.0,1879982.0,1913220.0,1913220.0,1913220.0,1912932.0,1912932.0,6,Eswatini,Maize (corn),1790.0
210,1985,56.05365112463943,20.778183554138465,0.22469491428799096,0.22532581736485413,20.237823919013696,183022.61969036557,165.37172340609908,146.4527371775748,12.006545362380646,7.106357744544997,0.046977889703850924,0.046739135847648376,1.9756906581934852,4757.638136171787,23.18227945289982,3.2864188731296657,8430696.0,8489664.0,8165232.0,8489664.0,8489664.0,8489664.0,8477568.0,8477568.0,1913220.0,1913220.0,1868806.0,1913220.0,1913220.0,1913220.0,1912932.0,1912932.0,6,Eswatini,Maize (corn),2022.0
210,1986,56.05365112463943,17.730977990267476,0.19959324581184604,0.20150632919776149,20.30000341380084,181708.41056144141,156.97188620820432,148.16426162208293,12.006545362380646,6.032734499855653,0.046051175770605864,0.044901108875086485,2.0884314617933506,4061.8585017154605,24.246619217401417,3.809714706637215,8430696.0,8489664.0,6485118.0,8489664.0,8489664.0,8489664.0,8477568.0,8477568.0,1913220.0,1913220.0,1478482.0,1913220.0,1913220.0,1913220.0,1912932.0,1912932.0,6,Eswatini,Maize (corn),1431.2
210,1987,56.05365112463943,21.941965223896542,0.2135783861957344,0.21446887513077148,20.529155254364014,173399.98167205925,167.6056067458776,143.42066653713889,12.006545362380646,7.269487657968974,0.04578551702317487,0.04619212664098917,2.0631204136510632,4397.012541979765,25.81317987232332,3.5568063870339124,8430696.0,8489664.0,7533648.0,8489664.0,8489664.0,8489664.0,8477568.0,8477568.0,1913220.0,1913220.0,1707345.0,1913220.0,1913220.0,1913220.0,1912932.0,1912932.0,6,Eswatini,Maize (corn),1238.5
210,1988,56.05365112463943,21.66672485696569,0.23106592254979266,0.23201123283028408,20.06677751187925,179393.19021490696,160.86563597573405,143.560017952663,12.006545362380646,7.815285247938427,0.04438048776294614,0.04413995026915311,2.0297840078477534,4394.0796856509705,22.756653897050438,3.464765792125187,8430696.0,8489664.0,8106597.0,8489664.0,8489664.0,8489664.0,8477568.0,8477568.0,1913220.0,1913220.0,1847238.0,1913220.0,1913220.0,1913220.0,1912932.0,1912932.0,6,Eswatini,Maize (corn),1287.0
210,1989,56.05365112463943,23.321685526207002,0.23244401729769174,0.23249809241175848,20.019829087787205,181686.2729780165,179.77826383560455,148.67690290661832,12.006545362380646,8.0711578229404,0.04273649632841163,0.04274926436129751,2.0706953151700347,3873.612720610861,22.31886709712985,3.6763808834736995,8430696.0,8489664.0,8392854.0,8489664.0,8489664.0,8489664.0,8477568.0,8477568.0,1913220.0,1913220.0,1909538.0,1913220.0,1913220.0,1913220.0,1912932.0,1912932.0,6,Eswatini,Maize (corn),1018.8
210,1990,56.05365112463943,17.125380596814328,0.22859074754847417,0.22854525023040825,19.79573467925743,176689.09911313842,173.87236445204363,149.03956608649503,12.006545362380646,6.207581890869329,0.04481710335337229,0.04470212004776931,1.9973018036560732,4479.082387145243,22.561907754258968,3.6425924889927503,8430696.0,8489664.0,8307684.0,8489664.0,8489664.0,8489664.0,8477568.0,8477568.0,1913220.0,1913220.0,1893433.0,1913220.0,1913220.0,1913220.0,1912932.0,1912932.0,6,Eswatini,Maize (corn),1240.3
210,1991,56.05365112463943,22.116659302767403,0.23151036324324428,0.2312805147178882,20.136877642737495,183947.54062125157,186.76067554961554,146.86762344859068,12.006545362380646,7.89295879901452,0.04474375988828976,0.04478791800315354,2.0397589122672595,4437.779285108662,23.121257067231525,3.69256341898421,8430696.0,8489664.0,8082294.0,8489664.0,8489664.0,8489664.0,8477568.0,8477568.0,1913220.0,1913220.0,1848051.0,1913220.0,1913220.0,1913220.0,1912932.0,1912932.0,6,Eswatini,Maize (corn),1010.5
210,1992,56.05365112463943,15.999226669085147,0.1935833245515823,0.19367524632368407,21.255393240186905,189390.43686623403,145.83284358439246,150.1958383809346,12.006545362380646,5.644668708396664,0.042337145554413196,0.04235850198276223,2.096872071082276,4465.126445935864,22.395948198961204,4.518512658909989,8430696.0,8489664.0,8455275.0,8489664.0,8489664.0,8489664.0,8477568.0,8477568.0,1913220.0,1913220.0,1908622.0,1913220.0,1913220.0,1913220.0,1912932.0,1912932.0,6,Eswatini,Maize (corn),1543.5
210,1993,56.05365112463943,19.44924531821442,0.2280119244975072,0.22801192327285558,20.373769945568508,181448.94997785563,159.66445768677713,142.46687772422322,12.006545362380646,8.308109576866869,0.03916323882752516,0.03916323882752516,2.0035448784131464,4531.496412360218,22.533483055888155,3.74033070469036,8430696.0,8489664.0,8489664.0,8489664.0,8489664.0,8489664.0,8477568.0,8477568.0,1913220.0,1913220.0,1913220.0,1913220.0,1913220.0,1913220.0,1912932.0,1912932.0,6,Eswatini,Maize (corn),1378.5
210,1994,56.05365112463943,16.713804681737763,0.21082278437636515,0.21084943133405468,19.715924669195104,188175.59362443708,128.92205394787885,139.3809991063076,12.006545362380646,6.827797538723522,0.04119610414517602,0.04119449633753338,2.0242446556263745,4290.330357575456,18.242679448296972,3.1564683794961805,8430696.0,8489664.0,8477397.0,8489664.0,8489664.0,8489664.0,8477568.0,8477568.0,1913220.0,1913220.0,1911327.0,1913220.0,1913220.0,1913220.0,1912932.0,1912932.0,6,Eswatini,Maize (corn),1273.3
210,1995,56.05365112463943,20.28911614305883,0.21479335510068467,0.21479335457843265,19.729010007999563,178564.12203875164,174.9808556882356,149.47765217214274,12.006545362380646,6.777887911006726,0.041375409950836425,0.041375409950836425,1.9183947646549866,4722.623984483172,26.90237054238889,4.088409094865604,8430696.0,8489664.0,8489664.0,8489664.0,8489664.0,8489664.0,8477568.0,8477568.0,1913220.0,1913220.0,1913220.0,1913220.0,1913220.0,1913220.0,1912932.0,1912932.0,6,Eswatini,Maize (corn),2206.5
210,1996,56.05365112463943,22.242345182839934,0.23443926788038674,0.23443234886454306,19.708648981871427,179060.12706452564,183.41088862836037,144.86583880939247,12.006545362380646,7.94073724629697,0.0426213166870674,0.042612020889082544,1.9150581955818362,4330.916074362654,22.41429049057665,3.277205526012069,8430696.0,8489664.0,8481696.0,8489664.0,8489664.0,8489664.0,8477568.0,8477568.0,1913220.0,1913220.0,1911958.0,1913220.0,1913220.0,1913220.0,1912932.0,1912932.0,6,Eswatini,Maize (corn),1776.6
210,1997,56.05365112463943,22.510809060312937,0.24581671478571712,0.24581671900157445,19.617606772316826,175577.1931561005,196.14431068460848,144.11035675121104,12.006545362380646,8.327347747667522,0.04138027026183209,0.04138027026183209,1.913590634991367,3726.935259031637,24.913362494592466,3.224927753137461,8430696.0,8489664.0,8489664.0,8489664.0,8489664.0,8489664.0,8477568.0,8477568.0,1913220.0,1913220.0,1913220.0,1913220.0,1913220.0,1913220.0,1912932.0,1912932.0,6,Eswatini,Maize (corn),1921.8
210,1998,56.05365112463943,22.882420998347918,0.23070442676544187,0.2307188354621761,20.38476460068314,177888.67349612026,178.1878224446949,144.87465312100343,12.006545362380646,7.418047979173045,0.04222532009003667,0.042236063856025775,1.9756422569561125,4581.054549097798,23.11004881911227,3.5225207167463526,8430696.0,8489664.0,8478249.0,8489664.0,8489664.0,8489664.0,8477568.0,8477568.0,1913220.0,1913220.0,1912995.0,1913220.0,1913220.0,1913220.0,1912932.0,1912932.0,6,Eswatini,Maize (corn),1917.8
210,1999,56.05365112463943,23.35276861178768,0.2358623417439284,0.2358960674311348,20.246412100615323,183635.36993566022,174.50527728512984,141.06777860521626,12.006545362380646,8.478263210525775,0.03884254106064769,0.03884260637725709,1.8646552453522665,4466.464566172709,24.05717551615896,2.994710881048237,8430696.0,8489664.0,8468739.0,8489664.0,8489664.0,8489664.0,8477568.0,8477568.0,1913220.0,1913220.0,1911004.0,1913220.0,1913220.0,1913220.0,1912932.0,1912932.0,6,Eswatini,Maize (corn),1645.6
210,2000,49.48083423001388,32.56660672418009,0.2630623997085624,0.2631095995371602,19.45650913980272,172127.34628285567,153.28145521765924,135.72297587064867,9.833621629552187,9.95139928232159,0.043472873780560944,0.04341532955322177,1.782647678555997,4244.604088517195,18.90296862717254,2.492638775862888,5152092.0,8489664.0,8427867.0,8489664.0,8489664.0,8489664.0,8477568.0,8477568.0,1169190.0,1913220.0,1903787.0,1913220.0,1913220.0,1913220.0,1912932.0,1912932.0,6,Eswatini,Maize (corn),1645.6
210,2001,55.24646094715266,21.704804590882222,0.24780643483002976,0.24527628610215638,20.052527251066984,178543.41513440717,180.62005380454613,146.56781823933508,11.13800613627558,5.586808447124382,0.04621263161575747,0.04612699262575345,1.9112295493202565,4453.4559711458,21.415665339707747,3.338568214764195,8430696.0,8489664.0,7559745.0,8489664.0,8489664.0,8489664.0,8477568.0,8477568.0,1913220.0,1913220.0,1739702.0,1913220.0,1913220.0,1913220.0,1912932.0,1912932.0,6,Eswatini,Maize (corn),1426.7
210,2002,52.11320025362148,15.733561959376102,0.2220159999474331,0.2220190526087774,20.290708285790902,185607.32878787513,171.49520917943872,149.60236521329895,13.093901594216387,5.165076964911968,0.04314915942377017,0.043141582951256044,2.0261172584276093,3909.1849280215692,22.22763680668238,3.6096202391444403,8430696.0,8489664.0,8468553.0,8489664.0,8489664.0,8489664.0,8477568.0,8477568.0,1913220.0,1913220.0,1911575.0,1913220.0,1913220.0,1913220.0,1912932.0,1912932.0,6,Eswatini,Maize (corn),996.2
210,2003,49.54127225249435,13.96862824676019,0.2097409442067146,0.20983041699171576,20.848368574071813,187061.85157186122,159.75885374273597,149.81443316763674,14.494635944367316,4.398684228096243,0.04182766476600682,0.04188215022473447,2.0341917825967704,4394.285498397753,24.23261557968557,3.8614653780048465,8430696.0,8489664.0,8416608.0,8489664.0,8489664.0,8489664.0,8477568.0,8477568.0,1913220.0,1913220.0,1911780.0,1913220.0,1913220.0,1913220.0,1912932.0,1912932.0,6,Eswatini,Maize (corn),1023.5
210,2004,55.67287148159039,22.344629760513627,0.23339674166507188,0.23345164255474274,20.25463746212147,186299.2023606091,179.7631201150987,145.88852395620455,11.513986863315985,6.264324467095562,0.040610888098271625,0.04061700445742812,1.9536563915708245,4329.783728791641,22.305945146679512,3.1997452085170885,8430696.0,8489664.0,8407476.0,8489664.0,8489664.0,8489664.0,8477568.0,8477568.0,1913220.0,1913220.0,1911600.0,1913220.0,1913220.0,1913220.0,1912932.0,1912932.0,6,Eswatini,Maize (corn),1250.0
210,2005,52.6486495900312,20.097556538186886,0.22089522594103103,0.22096872134706824,20.636933856540256,178659.87265391514,161.7757074958243,148.55579213734265,13.24856513868795,6.030665352452189,0.03950852021964041,0.0395406668086656,2.0048227916521424,4552.06726783263,21.51574207139063,3.6001981785111323,8430696.0,8489664.0,8407476.0,8489664.0,8489664.0,8489664.0,8477568.0,8477568.0,1913220.0,1913220.0,1911600.0,1913220.0,1913220.0,1913220.0,1912932.0,1912932.0,6,Eswatini,Maize (corn),1321.0
210,2006,57.11794030940726,26.88061899531692,0.23909699447728966,0.23914387436896622,20.018651538425022,182138.94626970185,183.92397120113728,146.5333477101171,11.581891585350082,7.554989814138067,0.036823580315770835,0.036825189089519275,1.9355002847060692,4317.093235887877,22.01915374443488,3.457985862896917,8430696.0,8489664.0,8407476.0,8489664.0,8489664.0,8489664.0,8477568.0,8477568.0,1913220.0,1913220.0,1911600.0,1913220.0,1913220.0,1913220.0,1912932.0,1912932.0,6,Eswatini,Maize (corn),1429.1
210,2007,53.003406056364504,18.373767857896414,0.21783872321248052,0.21783871837195032,20.332440623530633,186939.8742830683,169.9691592301375,150.24883116367596,12.942845052984122,5.27790772176025,0.03984540161927986,0.03984540161927986,1.9745244528040105,4372.116087920203,23.88035984422566,3.918135150309777,8430696.0,8489664.0,8489664.0,8489664.0,8489664.0,8489664.0,8487312.0,8487312.0,1913220.0,1913220.0,1913220.0,1913220.0,1913220.0,1913220.0,1913164.0,1913164.0,6,Eswatini,Maize (corn),552.0
210,2008,53.27148651087432,18.882173843615085,0.2154274949872935,0.21542749743955295,20.143552276823257,182249.95501373045,177.1252767560089,148.9415887941793,13.119324631213269,6.10492449060503,0.038772873674795594,0.038772873674795594,1.945939131371676,4874.1379564778545,23.424653865530576,3.9643385488436853,8430696.0,8489664.0,8489664.0,8489664.0,8489664.0,8489664.0,8489664.0,8489664.0,1913220.0,1913220.0,1913220.0,1913220.0,1913220.0,1913220.0,1913220.0,1913220.0,6,Eswatini,Maize (corn),994.3
210,2009,55.41785243427639,23.318229066292353,0.2332808970025292,0.23328089641017158,20.131197099332457,178666.92446138107,182.54984930799395,146.52412139390987,12.006545362380646,7.885408234770619,0.04211624590138157,0.04211624590138157,1.925942915714683,4104.703217464497,21.393151581641312,3.5361638341190664,8430696.0,8489664.0,8489664.0,8489664.0,8489664.0,8489664.0,8489664.0,8489664.0,1913220.0,1913220.0,1913220.0,1913220.0,1913220.0,1913220.0,1913220.0,1913220.0,6,Eswatini,Maize (corn),1286.9
210,2010,56.05365112463943,21.091928741903754,0.23680826317932868,0.23680826254407952,20.751538885964287,178386.6739959579,181.60756084108888,146.81615674443398,11.603310979297854,5.515480111351006,0.03858327618523751,0.03858327618523751,1.9931250236814149,4503.565388173964,19.943369471115894,3.3985186772286693,8430696.0,8489664.0,8489664.0,8489664.0,8489664.0,8489664.0,8489664.0,8489664.0,1913220.0,1913220.0,1913220.0,1913220.0,1913220.0,1913220.0,1913220.0,1913220.0,6,Eswatini,Maize (corn),1204.0
210,2011,56.12776514376674,15.198426696461318,0.22769084614184165,0.2276908384493521,20.346070563351667,184653.34124344817,184.40618001114314,146.2575177836463,12.164184939102947,4.948948609187471,0.03970357227528677,0.03970355703368245,2.038915646745609,4675.179251224456,20.695270620208163,3.567987796988163,8430696.0,8489664.0,8488992.0,8489664.0,8489664.0,8489664.0,8489664.0,8489664.0,1913220.0,1913220.0,1913199.0,1913220.0,1913220.0,1913220.0,1913220.0,1913220.0,6,Eswatini,Maize (corn),1345.2
210,2012,56.51348196320549,20.674825440731297,0.21623204689886832,0.2162320136447729,20.53934910562303,186225.63404895258,177.16709477085658,147.18976202105756,12.625376536085978,5.7415434022815415,0.03794439417709965,0.03794435352192035,1.9494738110584064,4171.668419974658,20.255432286938984,3.73792775304841,8430696.0,8489664.0,8488032.0,8489664.0,8489664.0,8489664.0,8489664.0,8489664.0,1913220.0,1913220.0,1913169.0,1913220.0,1913220.0,1913220.0,1913220.0,1913220.0,6,Eswatini,Maize (corn),1337.5
210,2013,57.07784837139621,21.981775051118436,0.23451140495362102,0.23451140487854746,20.125525059523405,176627.09104324182,181.0448584278511,145.71271743541524,11.88494337710578,5.999990245242481,0.03980008969485169,0.03980008969485169,1.9480397737177382,4489.27953182739,19.217090919462706,3.5391743732366505,8430696.0,8489664.0,8489664.0,8489664.0,8489664.0,8489664.0,8489664.0,8489664.0,1913220.0,1913220.0,1913220.0,1913220.0,1913220.0,1913220.0,1913220.0,1913220.0,6,Eswatini,Maize (corn),1370.2
210,2014,55.81569689418439,15.274790016974874,0.22192198741767138,0.221921987446515,20.277384881620055,181430.97380129911,178.2922189851029,148.23516279561147,12.523879107181926,5.425120898348825,0.037581237912649876,0.037581237912649876,1.8659473018068256,4566.416692201978,21.4466273846577,3.5306711799870936,8430696.0,8489664.0,8489664.0,8489664.0,8489664.0,8489664.0,8489664.0,8489664.0,1913220.0,1913220.0,1913220.0,1913220.0,1913220.0,1913220.0,1913220.0,1913220.0,6,Eswatini,Maize (corn),1365.2
210,2015,53.53918339972794,16.297617730653467,0.19803250677607676,0.19803250729019786,21.37983108449865,185388.5011216245,166.80415982817246,150.52358607245569,14.723365505021938,5.607086188808751,0.037852368115808915,0.037852368115808915,1.9591031054809542,4184.637736433595,24.513607885129613,4.398395681895421,8430696.0,8489664.0,8489664.0,8489664.0,8489664.0,8489664.0,8489664.0,8489664.0,1913220.0,1913220.0,1913220.0,1913220.0,1913220.0,1913220.0,1913220.0,1913220.0,6,Eswatini,Maize (corn),1260.8
210,2016,51.427491982372445,22.399703101165805,0.19325296539399356,0.1932529675875671,21.25528805344193,178378.82513228594,170.5426911582737,150.4153073902625,13.573291912941967,7.496920895244885,0.041361633857839246,0.041361633857839246,1.9172988328856788,4554.2549458038775,25.162681723069554,4.213316017727363,8430696.0,8489664.0,8489664.0,8489664.0,8489664.0,8489664.0,8489664.0,8489664.0,1913220.0,1913220.0,1913220.0,1913220.0,1913220.0,1913220.0,1913220.0,1913220.0,6,Eswatini,Maize (corn),1224.8
210,2017,56.25796526028876,18.82984606340634,0.2088210291608616,0.2088210279126081,20.415257904264664,180904.14987004115,178.72672445999416,148.9161743531082,13.778578221935478,6.293471095201402,0.03844657564553998,0.03844657564553998,1.8489148488736715,4659.478288221757,24.43029074309891,4.30444578071055,8430696.0,8489664.0,8489664.0,8489664.0,8489664.0,8489664.0,8489664.0,8489664.0,1913220.0,1913220.0,1913220.0,1913220.0,1913220.0,1913220.0,1913220.0,1913220.0,6,Eswatini,Maize (corn),1238.7
210,2018,59.89307283888729,18.618591567445588,0.22051194323985662,0.22051193896390778,20.44347701249299,183590.3322598732,184.36561335660687,146.46449490490878,11.897477325107117,5.930695800490965,0.04175038041989635,0.04175038041989635,1.8779261900939872,4788.458800489526,19.913347196338716,3.894980360644764,8430696.0,8489664.0,8489664.0,8489664.0,8489664.0,8489664.0,8489664.0,8489664.0,1913220.0,1913220.0,1913220.0,1913220.0,1913220.0,1913220.0,1913220.0,1913220.0,6,Eswatini,Maize (corn),1268.9
210,2019,57.35466599840835,20.8332007799221,0.2108878934824908,0.21088789347169049,20.967641159340186,178409.6041108417,176.2559414854681,149.5024841145672,12.303912404652829,6.011886278290842,0.040224487880930464,0.040224487880930464,1.8626430843254675,4934.70949704642,20.73640814343574,3.6484940348470807,8430696.0,8489664.0,8489664.0,8489664.0,8489664.0,8489664.0,8489664.0,8489664.0,1913220.0,1913220.0,1913220.0,1913220.0,1913220.0,1913220.0,1913220.0,1913220.0,6,Eswatini,Maize (corn),1279.7
210,2020,57.23862297218304,18.177401218584333,0.2093165776243916,0.20931658218171978,20.42165954907735,180847.63716621435,181.60381499940246,147.6570025251916,11.56125570221739,5.4799852300413825,0.03988244777951179,0.03988244777951179,1.9080115461949843,4252.229994355132,19.32088533836714,3.698424231039332,8430696.0,8489664.0,8489664.0,8489664.0,8489664.0,8489664.0,8489664.0,8489664.0,1913220.0,1913220.0,1913220.0,1913220.0,1913220.0,1913220.0,1913220.0,1913220.0,6,Eswatini,Maize (corn),1279.4
210,2021,57.61411774645944,27.94904713758705,0.2247889207469092,0.22478892068530898,20.154782666100395,177292.6463404475,178.83401669065782,147.51187313250347,11.019103665606217,8.245146743744298,0.04055918181200994,0.04055918181200994,1.872913388601391,4116.337556436213,19.14642689144816,4.290049777104563,8430696.0,8489664.0,8489664.0,8489664.0,8489664.0,8489664.0,8489664.0,8489664.0,1913220.0,1913220.0,1913220.0,1913220.0,1913220.0,1913220.0,1913220.0,1913220.0,6,Eswatini,Maize (corn),1428.6
210,2022,61.778767994491176,21.022851379772103,0.23735193218345993,0.23735193240414387,20.5289979952353,179626.36649199625,183.0474376313581,145.4278003608236,10.396505573832789,7.385976354651233,0.041185127599507154,0.041185127599507154,1.8766885437513945,4357.675772289439,17.664473580073807,3.3333081531094098,8430696.0,8489664.0,8489664.0,8489664.0,8489664.0,8489664.0,8489664.0,8489664.0,1913220.0,1913220.0,1913220.0,1913220.0,1913220.0,1913220.0,1913220.0,1913220.0,6,Eswatini,Maize (corn),1587.5
218,1984,39.911701694045824,16.49279172907343,0.1749740635493287,0.17520529036700816,20.56828369917693,207469.57498621286,136.69215881187296,147.3346734051781,7.74529902606129,7.7306988222546345,0.04304693174848584,0.043190117716987025,2.0462949167120854,11952.159749369812,25.522647667749684,4.757699336457987,179256024.0,181701900.0,172044357.0,180468216.0,181701900.0,181701900.0,180394452.0,180394452.0,71111520.0,71111520.0,68208750.0,71001432.0,71111520.0,71111520.0,71093124.0,71093124.0,6,Zimbabwe,Maize (corn),832.6
218,1985,39.911701694045824,22.704250644364212,0.17657589850326375,0.17681785540814002,20.050222317377727,203139.49124140939,136.22566727819188,149.57240927144852,7.74529902606129,9.881441128104267,0.04181880872326662,0.041751503821238795,1.9403071096778837,10503.325634432955,24.787215624610962,5.681315073935292,179256024.0,181701900.0,171954309.0,180468216.0,181701900.0,181701900.0,180394452.0,180394452.0,71111520.0,71111520.0,68123887.0,71001432.0,71111520.0,71111520.0,71093124.0,71093124.0,6,Zimbabwe,Maize (corn),2163.7
218,1986,39.911701694045824,19.34331448381587,0.1807153296881708,0.17774225766341925,20.063280714882744,207720.52504797315,145.86696341880338,149.96751850717726,7.74529902606129,8.86826282119711,0.044301386324544154,0.04208818369092749,1.8940390203286148,10143.223908052863,24.056067168860583,4.9276485904605485,179256024.0,181701900.0,136614918.0,180468216.0,181701900.0,181701900.0,180394452.0,180394452.0,71111520.0,71111520.0,54401458.0,71001432.0,71111520.0,71111520.0,71093124.0,71093124.0,6,Zimbabwe,Maize (corn),1937.3
218,1987,39.911701694045824,14.170531476143871,0.15164832635359327,0.15655944241962086,21.39715498465079,216511.98299078617,125.97431037989412,153.61111837459532,7.74529902606129,7.048819909953325,0.03871605180720916,0.03766027089002735,2.0748211997670407,11116.451804770839,21.447283468840766,5.330838931759445,179256024.0,181701900.0,156240798.0,180468216.0,181701900.0,181701900.0,180394452.0,180394452.0,71111520.0,71111520.0,61817734.0,71001432.0,71111520.0,71111520.0,71093124.0,71093124.0,6,Zimbabwe,Maize (corn),917.3
218,1988,39.911701694045824,19.110906200065347,0.18157204829511184,0.1826423469234175,20.487901281427455,207544.81676912773,143.78906591237822,147.82845257899433,7.74529902606129,8.652638366040112,0.03769428392292864,0.037729765772740495,1.9467767566611656,10116.706720328795,22.496051037294105,4.6851159388907675,179256024.0,181701900.0,173910444.0,180468216.0,181701900.0,181701900.0,180394452.0,180394452.0,71111520.0,71111520.0,68849102.0,71001432.0,71111520.0,71111520.0,71093124.0,71093124.0,6,Zimbabwe,Maize (corn),1806.6
218,1989,39.911701694045824,18.84327338776315,0.18247430681906363,0.18240831716982414,20.485772486086244,203948.37866589648,142.17778819521928,155.78612799942366,7.74529902606129,10.498097876780811,0.039476900550632264,0.03949827782131461,2.020293980927858,12187.71854682093,24.25128587152435,6.12854636646017,179256024.0,181701900.0,179206869.0,180468216.0,181701900.0,181701900.0,180394452.0,180394452.0,71111520.0,71111520.0,70880813.0,71001432.0,71111520.0,71111520.0,71093124.0,71093124.0,6,Zimbabwe,Maize (corn),1707.9
218,1990,39.911701694045824,18.10240778945005,0.1728086450171691,0.17278013026040034,20.870761270876283,209897.50021641678,141.98923662124054,157.10956571608816,7.74529902606129,8.208220812667541,0.038532373377326845,0.038561689076687874,2.018649880634441,9229.366542002255,24.735495899803723,6.136544375327604,179256024.0,181701900.0,178821306.0,180468216.0,181701900.0,181701900.0,180394452.0,180394452.0,71111520.0,71111520.0,70845120.0,71001432.0,71111520.0,71111520.0,71093124.0,71093124.0,6,Zimbabwe,Maize (corn),1720.6
218,1991,39.911701694045824,14.873627620437741,0.1676214011730971,0.16775258233963136,20.82877069932443,212051.48053317016,139.1466784584222,156.7617291694947,7.74529902606129,7.517957026450102,0.0391798181165083,0.03934924215578189,1.9948627399151586,10815.8324658216,23.62536775583056,5.53776773003533,179256024.0,181701900.0,176260956.0,180468216.0,181701900.0,181701900.0,180394452.0,180394452.0,71111520.0,71111520.0,69523681.0,71001432.0,71111520.0,71111520.0,71093124.0,71093124.0,6,Zimbabwe,Maize (corn),1440.0
218,1992,39.911701694045824,13.706394946368341,0.1466093660090808,0.14656595491243804,21.78045693150273,216981.39005038788,117.0475008848892,156.66341023357793,7.74529902606129,6.346246799558583,0.03791606538446973,0.03789577982383991,2.1429882312541104,10225.273520121416,20.7868840654045,6.170211485978679,179256024.0,181701900.0,179504472.0,180468216.0,181701900.0,181701900.0,180394452.0,180394452.0,71111520.0,71111520.0,70723707.0,71001432.0,71111520.0,71111520.0,71093124.0,71093124.0,6,Zimbabwe,Maize (corn),410.8
218,1993,39.911701694045824,18.631470239776664,0.1780406366343851,0.17803828830433457,20.8950958693469,207098.49301962496,141.21036988833336,146.01186145519148,7.74529902606129,8.170334015049612,0.03737666836575116,0.037378302931922625,2.0165232734675547,10132.719005711082,24.084739463994968,4.728653636912484,179256024.0,181701900.0,180435492.0,180468216.0,181701900.0,181701900.0,180394452.0,180394452.0,71111520.0,71111520.0,70998340.0,71001432.0,71111520.0,71111520.0,71093124.0,71093124.0,6,Zimbabwe,Maize (corn),1652.6
218,1994,39.911701694045824,13.946478335612415,0.163002035546082,0.16297781101576927,20.714517063564724,214725.1200477505,121.45642036504063,143.69792846115297,7.74529902606129,6.487840956683674,0.036666471587865644,0.03667788447615613,2.0844527597878204,10014.93706986575,17.951947570327683,4.326189267176395,179256024.0,181701900.0,179673747.0,180468216.0,181701900.0,181701900.0,180394452.0,180394452.0,71111520.0,71111520.0,70830637.0,71001432.0,71111520.0,71111520.0,71093124.0,71093124.0,6,Zimbabwe,Maize (corn),1213.3
218,1995,39.911701694045824,13.099023071214457,0.15575638827350402,0.155737615734945,21.395597961213852,211916.99464227984,125.5063206003949,158.28287796480856,7.74529902606129,6.626604073188321,0.036481139263563216,0.03648667107069878,2.1263217995220063,11127.358767366037,23.193254664130812,5.761953120702924,179256024.0,181701900.0,180333276.0,180468216.0,181701900.0,181701900.0,180394452.0,180394452.0,71111520.0,71111520.0,70975461.0,71001432.0,71111520.0,71111520.0,71093124.0,71093124.0,6,Zimbabwe,Maize (corn),594.9
218,1996,39.911701694045824,20.229160324026044,0.1829699306162419,0.18296081197636035,20.47543927475258,206913.89955659327,144.23348475111888,151.0783852602207,7.74529902606129,8.20586172862942,0.036665539590543916,0.03665957908029695,1.988741630600403,11935.048282403208,24.3719241542875,4.975352671210707,179256024.0,181701900.0,180332070.0,180468216.0,181701900.0,181701900.0,180394452.0,180394452.0,71111520.0,71111520.0,70971172.0,71001432.0,71111520.0,71111520.0,71093124.0,71093124.0,6,Zimbabwe,Maize (corn),1415.0
218,1997,39.911701694045824,22.28536491597686,0.1966889008051819,0.19668769395471664,20.37819876494231,202350.92177260134,156.25872197726918,149.59285328590462,7.74529902606129,9.720604394085719,0.03654955721893029,0.03654894774934171,1.895287182480523,11414.202641433927,24.334192048109234,5.052737255703551,179256024.0,181701900.0,180409926.0,180468216.0,181701900.0,181701900.0,180394452.0,180394452.0,71111520.0,71111520.0,70995738.0,71001432.0,71111520.0,71111520.0,71093124.0,71093124.0,6,Zimbabwe,Maize (corn),1104.3
218,1998,39.911701694045824,20.344134597454506,0.17597273240486777,0.175986401220519,21.062172642460578,208535.1324988025,147.66156066281994,149.61481370059948,7.74529902606129,9.151304064421051,0.03712054588451494,0.0371160533546203,1.9445583562907311,11888.252771753616,23.65122375423112,5.162300338080234,179256024.0,181701900.0,180163209.0,180468216.0,181701900.0,181701900.0,180394452.0,180394452.0,71111520.0,71111520.0,70864917.0,71001432.0,71111520.0,71111520.0,71093124.0,71093124.0,6,Zimbabwe,Maize (corn),1012.5
218,1999,39.911701694045824,20.738254226536064,0.1864146389481094,0.1864024151980928,20.329547652491815,207647.11040781313,152.63673177897823,145.47343246387356,7.74529902606129,9.068262614869958,0.03746586917067975,0.037465565839866655,1.9726562732078319,10926.78875092505,23.882547316115684,4.408826663711423,179256024.0,181701900.0,180354642.0,180468216.0,181701900.0,181701900.0,180394452.0,180394452.0,71111520.0,71111520.0,70961241.0,71001432.0,71111520.0,71111520.0,71093124.0,71093124.0,6,Zimbabwe,Maize (corn),1087.0
218,2000,36.16919262685742,24.984818762986098,0.208000850484327,0.2079763680746353,20.191494049849332,200113.9178380102,137.23815227199023,139.37987774093048,7.783968632350659,10.220558269215132,0.038825168027053304,0.038807722720623855,1.957072320293705,11439.32508574687,21.926234891915833,3.790473721853363,109545348.0,181701900.0,179951991.0,180468216.0,181701900.0,181701900.0,180394452.0,180394452.0,43457040.0,71111520.0,70883157.0,71001432.0,71111520.0,71111520.0,71093124.0,71093124.0,6,Zimbabwe,Maize (corn),1179.5
218,2001,42.8397555172976,24.962464952580703,0.19179525240151968,0.19180144570958127,20.616117936593515,203481.25001471865,149.65414114081574,149.6413489509122,8.09645043080138,10.77082592649359,0.03772048474105425,0.0377310759930121,1.8582184419273222,12045.44709458461,22.860110387361857,4.721112390468749,179256024.0,181701900.0,174497757.0,180468216.0,181701900.0,181701900.0,180394452.0,180394452.0,71111520.0,71111520.0,69505549.0,71001432.0,71111520.0,71111520.0,71093124.0,71093124.0,6,Zimbabwe,Maize (corn),1230.9
218,2002,37.6813370768944,11.019891829894323,0.16847131318516198,0.16853403106266193,21.088862313164604,214353.80801643847,140.32839166735442,156.4050852137577,8.496158170334882,5.558668092173831,0.03790480710390961,0.03789688554843978,2.096228243864999,11088.606604547069,23.134209218807698,5.567833144451414,179256024.0,181701900.0,180044724.0,180468216.0,181701900.0,181701900.0,180394452.0,180394452.0,71111520.0,71111520.0,70877706.0,71001432.0,71111520.0,71111520.0,71093124.0,71093124.0,6,Zimbabwe,Maize (corn),455.4
218,2003,39.911701694045824,16.183858330637907,0.1760884177767568,0.1760456476770473,20.871693982018364,210416.04568037324,145.43647664433863,154.66911768408295,8.606507991153624,7.521561775006203,0.03750101211481086,0.0375070595670323,2.0944426858029552,12072.899934518846,25.40712640506146,5.341812473902554,179256024.0,181701900.0,179411121.0,180468216.0,181701900.0,181701900.0,180394452.0,180394452.0,71111520.0,71111520.0,70901356.0,71001432.0,71111520.0,71111520.0,71093124.0,71093124.0,6,Zimbabwe,Maize (corn),782.9
218,2004,41.67824273462225,20.05606393042361,0.1843944094661209,0.18432424344392562,20.583235528733994,206529.94885714495,147.47676285860044,150.5667736617013,7.846685672323596,8.564316860504256,0.03565430239474927,0.03569318156334736,1.9668966070074165,10900.452824668459,23.12840127813281,4.568772646317849,179256024.0,181701900.0,179292843.0,180468216.0,181701900.0,181701900.0,180394452.0,180394452.0,71111520.0,71111520.0,70889874.0,71001432.0,71111520.0,71111520.0,71093124.0,71093124.0,6,Zimbabwe,Maize (corn),1296.5
218,2005,36.35126909268435,16.47076114116465,0.16389649368270676,0.1638585767376134,21.577492042824073,213303.91780663797,133.08663977065692,154.5682517055531,7.654911827906186,7.043507969068298,0.034781795248729756,0.034782728874578867,2.0795923824373186,10491.913621252927,20.721246769491106,5.251799549617017,179256024.0,181701900.0,179251467.0,180468216.0,181701900.0,181701900.0,180394452.0,180394452.0,71111520.0,71111520.0,70867454.0,71001432.0,71111520.0,71111520.0,71093124.0,71093124.0,6,Zimbabwe,Maize (corn),619.5
218,2006,42.531854469619475,17.891738981980918,0.18487666574893172,0.1848134409982892,20.753464460372925,205953.11721765337,146.24886214180353,151.59456348444897,7.881953354349553,7.313217668413348,0.03439825338850971,0.034430691645084624,2.0363311796885104,10272.08783872074,22.224399309039157,4.897223333418126,179256024.0,181701900.0,179282172.0,180468216.0,181701900.0,181701900.0,180394452.0,180394452.0,71111520.0,71111520.0,70888559.0,71001432.0,71111520.0,71111520.0,71093124.0,71093124.0,6,Zimbabwe,Maize (corn),977.2
218,2007,39.19929896200899,23.517040313105387,0.17412144352716424,0.17410484120164935,20.80780110535798,205013.99470848124,134.03168816084852,152.6378603180429,7.820449683541914,10.418546842123215,0.035571969012129744,0.03558015676340109,1.9829299781628773,10694.981144219448,21.857706664490493,5.7977422980642634,179256024.0,181701900.0,179557236.0,180468216.0,181701900.0,181701900.0,181447674.0,181447674.0,71111520.0,71111520.0,70949448.0,71001432.0,71111520.0,71111520.0,71107943.0,71107943.0,6,Zimbabwe,Maize (corn),865.1
218,2008,39.398040796727635,20.533544626172265,0.1720565277393217,0.17204094056779132,20.719319158130222,211006.3798193122,145.11320155992735,152.7613083759703,7.408040875179961,10.24181187334543,0.03555805344912525,0.03556361663255122,1.8676230867188812,10147.238373737266,21.362312633327438,5.302826153241962,179256024.0,181701900.0,179557236.0,180468216.0,181701900.0,181701900.0,181701900.0,181701900.0,71111520.0,71111520.0,70949448.0,71001432.0,71111520.0,71111520.0,71111520.0,71111520.0,6,Zimbabwe,Maize (corn),286.7
218,2009,42.22892817077699,20.018966339465006,0.18692624665520807,0.18690377775019765,20.49475860595703,207800.22451196756,154.95561059283213,152.10014671437523,7.5052816820507875,8.111009319129305,0.03538762255057167,0.035399952244806354,1.901901481782752,9949.630653152162,21.484170714059722,5.110450656828983,179256024.0,181701900.0,179557236.0,180468216.0,181701900.0,181701900.0,181701900.0,181701900.0,71111520.0,71111520.0,70949448.0,71001432.0,71111520.0,71111520.0,71111520.0,71111520.0,6,Zimbabwe,Maize (corn),464.2
218,2010,41.55452909652176,19.048499074631,0.18606983325271692,0.1860476784192704,21.24495569864909,205810.04925799032,153.21405450353092,152.99429438672183,7.560900675728971,8.056539932354115,0.036701033589624774,0.03671252392758103,1.9186219369700452,11011.743624543104,22.203411074939,5.139358354871678,179256024.0,181701900.0,179557236.0,180468216.0,181701900.0,181701900.0,181701900.0,181701900.0,71111520.0,71111520.0,70949448.0,71001432.0,71111520.0,71111520.0,71111520.0,71111520.0,6,Zimbabwe,Maize (corn),875.1
218,2011,39.89984888579873,20.800279103325032,0.179259054293787,0.17923999367520355,20.942757615336664,210529.4356041759,148.87903464724084,153.5048579158843,7.74529902606129,8.468288927738707,0.03639018132986356,0.03639655472797624,1.9453792847962381,9493.319001114813,21.53264831070678,5.22462006650065,179256024.0,181701900.0,179557425.0,180468216.0,181701900.0,181701900.0,181701900.0,181701900.0,71111520.0,71111520.0,70949448.0,71001432.0,71111520.0,71111520.0,71111520.0,71111520.0,6,Zimbabwe,Maize (corn),656.8
218,2012,38.74647210481325,15.369005218258394,0.16246713056332532,0.1624571148958763,21.130157355908995,214505.71758886104,141.53036839320862,152.78009765989776,7.941170961120647,7.46015633992012,0.03798348817521626,0.037984289222974345,2.002335485674875,10679.764735175124,21.263808234415386,5.53441027107847,179256024.0,181701900.0,179958528.0,180468216.0,181701900.0,181701900.0,181701900.0,181701900.0,71111520.0,71111520.0,70973916.0,71001432.0,71111520.0,71111520.0,71111520.0,71111520.0,6,Zimbabwe,Maize (corn),791.2
218,2013,38.94738488957886,19.030938651249134,0.16526148792494222,0.16526135884927876,20.925752154103034,208386.54268507662,143.73374348699716,153.99535797117764,7.8488607038439815,7.729847815136755,0.03591266788327044,0.03591259678392291,1.9948757846143683,11152.515773965159,21.59275688990871,5.2358006519442135,179256024.0,181701900.0,180440928.0,180468216.0,181701900.0,181701900.0,181701900.0,181701900.0,71111520.0,71111520.0,71000670.0,71001432.0,71111520.0,71111520.0,71111520.0,71111520.0,6,Zimbabwe,Maize (corn),744.9
218,2014,40.67293509506813,20.94184307921988,0.17575476842897905,0.17575478210936712,20.93682747417026,206423.14192002607,146.660915867629,153.46133057033168,7.157447982715322,8.10642901462081,0.034545370852786236,0.034545370852786236,1.9268615414579366,8717.868465123205,19.861805746469177,4.868424439510911,179256024.0,181701900.0,180468216.0,180468216.0,181701900.0,181701900.0,181701900.0,181701900.0,71111520.0,71111520.0,71001432.0,71001432.0,71111520.0,71111520.0,71111520.0,71111520.0,6,Zimbabwe,Maize (corn),930.1
218,2015,39.75156987901522,13.966857759350523,0.16202088693777716,0.1620208998233434,21.454874868746156,216220.04258317512,143.24451455164143,155.3623926457976,7.6607751264286525,7.783870850544826,0.03726020345463938,0.03726020345463938,1.9600435547407289,10640.82812608699,20.378268038494575,5.184178706803421,179256024.0,181701900.0,180468216.0,180468216.0,181701900.0,181701900.0,181701900.0,181701900.0,71111520.0,71111520.0,71001432.0,71001432.0,71111520.0,71111520.0,71111520.0,71111520.0,6,Zimbabwe,Maize (corn),580.3
218,2016,39.225157005706606,20.684836536664935,0.16151331123654486,0.16151332846666003,21.690098038426154,212464.16812926705,143.04239149934003,154.32721630016022,7.993220845269673,9.07259132800569,0.03749563151401999,0.03749563151401999,2.019363360121732,10418.964926826957,21.592991474824803,5.470696614632596,179256024.0,181701900.0,180468216.0,180468216.0,181701900.0,181701900.0,181701900.0,181701900.0,71111520.0,71111520.0,71001432.0,71001432.0,71111520.0,71111520.0,71111520.0,71111520.0,6,Zimbabwe,Maize (corn),440.5
218,2017,44.14978632908337,24.74234789361154,0.19309704509322287,0.19309706836126936,20.717298578332972,202320.81309952863,157.0004802625817,151.11125703987247,7.421194938692171,9.67712511160282,0.03608778926624654,0.03608778926624654,1.8512159676594293,10109.580087333105,20.245230954502798,4.641927209648938,179256024.0,181701900.0,180468216.0,180468216.0,181701900.0,181701900.0,181701900.0,181701900.0,71111520.0,71111520.0,71001432.0,71001432.0,71111520.0,71111520.0,71111520.0,71111520.0,6,Zimbabwe,Maize (corn),1393.3
218,2018,41.341689417509876,18.408634716301897,0.17812174324084207,0.17812168071575468,21.315877976240934,210363.3624535611,151.70782748250056,152.592956126924,7.291240448912188,7.258978612748142,0.03567170916420604,0.035671692978047384,2.0427652825212363,10734.351920017712,20.82392647123946,5.110007879594905,179256024.0,181701900.0,180459120.0,180468216.0,181701900.0,181701900.0,181701900.0,181701900.0,71111520.0,71111520.0,71001178.0,71001432.0,71111520.0,71111520.0,71111520.0,71111520.0,6,Zimbabwe,Maize (corn),1350.6
218,2019,38.15339644058776,14.77006800164448,0.15693840625937336,0.1569383673545341,21.83951068807531,215355.18584381754,143.8511933431532,154.69185602913112,7.630022777081417,6.867842818203235,0.034043097690596595,0.034043073786343074,2.0863868615650354,11105.44840375695,21.679537909386788,5.665700572151797,179256024.0,181701900.0,180459120.0,180468216.0,181701900.0,181701900.0,181701900.0,181701900.0,71111520.0,71111520.0,71001178.0,71001432.0,71111520.0,71111520.0,71111520.0,71111520.0,6,Zimbabwe,Maize (corn),780.7
218,2020,38.0290410434092,20.630800775241998,0.16367628204601778,0.16367623082271957,21.360962382069342,204858.78355743323,141.59570734167824,152.759403376327,7.594558671869625,9.046853170725239,0.03481861833106066,0.03481854925221272,1.97541403640399,11824.04045764864,20.952283115015913,5.290094794383236,179256024.0,181701900.0,180450024.0,180468216.0,181701900.0,181701900.0,181701900.0,181701900.0,71111520.0,71111520.0,71000924.0,71001432.0,71111520.0,71111520.0,71111520.0,71111520.0,6,Zimbabwe,Maize (corn),1180.1
218,2021,41.60182914832004,17.579208686463225,0.17920874997421543,0.17920869365169179,21.15468352812308,206135.48988826934,146.949702951562,151.0866450435384,7.059850579849243,7.624108700638293,0.033922850300289444,0.03392284382136602,1.95239953980756,10575.777525961823,18.778062407733135,4.789682305762166,179256024.0,181701900.0,180459120.0,180468216.0,181701900.0,181701900.0,181701900.0,181701900.0,71111520.0,71111520.0,71001178.0,71001432.0,71111520.0,71111520.0,71111520.0,71111520.0,6,Zimbabwe,Maize (corn),1534.4
218,2022,43.39628758600844,19.367109574832998,0.18894787036158417,0.18894745560129436,21.046371813173646,205659.95062495602,147.18534160891355,151.40050199607373,7.9708887004922095,9.429239693081838,0.03707236598882555,0.03707245593696874,2.024385063365452,10521.400554850181,20.463448783452844,5.259023289978688,179256024.0,181701900.0,180431832.0,180468216.0,181701900.0,181701900.0,181701900.0,181701900.0,71111520.0,71111520.0,71000416.0,71001432.0,71111520.0,71111520.0,71111520.0,71111520.0,6,Zimbabwe,Maize (corn),1500.0
