asap_unit_id,year,mean_ASAP:FPAR,mean_ASAP:RAIN,mean_ASAP:SM,mean_ASAP:SM_combined,mean_ASAP:TEMP,mean_ASAP:rad,mean_ASIS:ASIS_NDVI,mean_ASIS:BT4,std_ASAP:FPAR,std_ASAP:RAIN,std_ASAP:SM,std_ASAP:SM_combined,std_ASAP:TEMP,std_ASAP:rad,std_ASIS:ASIS_NDVI,std_ASIS:BT4,px_ASAP:FPAR,px_ASAP:RAIN,px_ASAP:SM,px_ASAP:SM_combined,px_ASAP:TEMP,px_ASAP:rad,px_ASIS:ASIS_NDVI,px_ASIS:BT4,px_masked_ASAP:FPAR,px_masked_ASAP:RAIN,px_masked_ASAP:SM,px_masked_ASAP:SM_combined,px_masked_ASAP:TEMP,px_masked_ASAP:rad,px_masked_ASIS:ASIS_NDVI,px_masked_ASIS:BT4,koppen_class,country,crop,yield
20,1984,45.009491006270814,76.84304395229302,0.29449772139390307,0.29328899574071887,24.083882331848145,162427.00932882668,120.95542028163872,143.96840716067877,12.460075951493089,33.14578862998944,0.03634528589347132,0.03843861068261485,0.7801056346369121,9887.425238304168,36.41156134194541,4.344383990252975,57894912.0,65265480.0,47019288.0,62548956.0,65267316.0,65267316.0,63012276.0,63231300.0,47041416.0,47041416.0,35549638.0,45429696.0,47041416.0,47041416.0,46610604.0,46638216.0,11,Bangladesh,Rice,2145.4
20,1985,45.009491006270814,61.15932411960689,0.28040833384902386,0.2810439942128907,24.412015084867125,164488.07088247463,126.19200910215122,146.10320017370395,12.460075951493089,31.06264267027627,0.03527168284268932,0.03683290476017859,0.8439509943372732,9502.506442173399,34.84020102888087,4.728129278861981,57894912.0,65265480.0,52594032.0,62548956.0,65267316.0,65267316.0,63012276.0,63231300.0,47041416.0,47041416.0,39991289.0,45429696.0,47041416.0,47041416.0,46610604.0,46638216.0,11,Bangladesh,Rice,2169.3
20,1986,45.009491006270814,65.93054008422143,0.27790173873597496,0.27930361501720385,24.3026794857449,161587.7611333317,136.09177235104661,148.74347076237686,12.460075951493089,32.351283119603686,0.03746087865349398,0.03951932496008798,0.7613863809576782,8675.588338042986,36.05894814604073,4.538430088470218,57894912.0,65265480.0,42212094.0,62548956.0,65267316.0,65267316.0,63012276.0,63231300.0,47041416.0,47041416.0,32192064.0,45429696.0,47041416.0,47041416.0,46610604.0,46638216.0,11,Bangladesh,Rice,2178.3
20,1987,45.009491006270814,68.28479914257562,0.2814080656477899,0.28098026141074345,24.634406390013517,167246.59407444563,126.77072807724659,146.6088701968229,12.460075951493089,33.4341342231148,0.03387916857027985,0.035231974469607685,0.8214230694378684,9341.588997225641,35.243716617516206,4.697733729390483,57894912.0,65265480.0,48088299.0,62548956.0,65267316.0,65267316.0,63012276.0,63231300.0,47041416.0,47041416.0,36977727.0,45429696.0,47041416.0,47041416.0,46610604.0,46638216.0,11,Bangladesh,Rice,2239.9
20,1988,45.009491006270814,71.98664666841258,0.2815987226508912,0.28172523662677024,24.56219948662652,163298.1949687712,128.51837332873217,145.21483922036657,12.460075951493089,41.2679651499098,0.03230303705642201,0.03487940708856531,0.75222708623025,9191.688230874059,37.05226501232874,5.1259040535119835,57894912.0,65265480.0,51771462.0,62548956.0,65267316.0,65267316.0,63012276.0,63231300.0,47041416.0,47041416.0,40149642.0,45429696.0,47041416.0,47041416.0,46610604.0,46638216.0,11,Bangladesh,Rice,2280.5
20,1989,45.009491006270814,58.34074549483921,0.27313558329586624,0.2755961050125187,24.258111264970566,165235.32810536033,133.9226549375437,149.53451720350228,12.460075951493089,33.72016064006556,0.031639883039559454,0.034632283936676105,0.771326574082485,9732.918848272528,35.03608013640852,5.173525986479477,57894912.0,65265480.0,53508300.0,62548956.0,65267316.0,65267316.0,63012276.0,63231300.0,47041416.0,47041416.0,41506315.0,45429696.0,47041416.0,47041416.0,46610604.0,46638216.0,11,Bangladesh,Rice,2556.2
20,1990,45.009491006270814,63.56935165862418,0.2823283544017209,0.28393704624544563,24.199972196861548,154891.2471818642,138.93256862127006,146.7772633355652,12.460075951493089,31.282380869858766,0.0339209764564296,0.03593346035942334,0.7147118489123199,9565.89635577278,36.133177922313244,4.131058733966634,57894912.0,65265480.0,53736624.0,62548956.0,65267316.0,65267316.0,63012276.0,63231300.0,47041416.0,47041416.0,41629223.0,45429696.0,47041416.0,47041416.0,46610604.0,46638216.0,11,Bangladesh,Rice,2566.1
20,1991,45.009491006270814,66.75814319854781,0.2810066267848014,0.2824710055061166,24.270411491394043,156627.84612362456,124.09065274998159,146.73901010649774,12.460075951493089,34.68419929274518,0.032903566276493094,0.034851246037188394,0.8184511531017362,10409.820057346731,33.52841521509853,4.5303021623117425,57894912.0,65265480.0,55643706.0,62548956.0,65267316.0,65267316.0,63012276.0,63231300.0,47041416.0,47041416.0,42298946.0,45429696.0,47041416.0,47041416.0,46610604.0,46638216.0,11,Bangladesh,Rice,2659.2
20,1992,45.009491006270814,46.65711232214907,0.2650708698288158,0.26615265914990915,24.31402337109601,166746.72970891852,134.71751993691967,146.5960638595187,12.460075951493089,24.235162519411542,0.03086289576172792,0.03188450669685908,0.7910715396583998,8600.235794266626,32.76202895734659,4.257033794347404,57894912.0,65265480.0,59057886.0,62548956.0,65267316.0,65267316.0,63012276.0,63231300.0,47041416.0,47041416.0,43884398.0,45429696.0,47041416.0,47041416.0,46610604.0,46638216.0,11,Bangladesh,Rice,2689.3
20,1993,45.009491006270814,70.229636272942,0.27657409771173086,0.2766449544208458,24.129711716263383,154561.32844081966,130.86117571643132,144.64236697871723,12.460075951493089,34.257795577525044,0.03215185468438007,0.03226856733719053,0.7594737576116634,9804.395193702127,32.44020047673594,4.268692147542427,57894912.0,65265480.0,61388664.0,62548956.0,65267316.0,65267316.0,63012276.0,63231300.0,47041416.0,47041416.0,44884414.0,45429696.0,47041416.0,47041416.0,46610604.0,46638216.0,11,Bangladesh,Rice,2718.5
20,1994,45.009491006270814,50.17977731701303,0.26944330113905446,0.26947051731059046,24.467130449083115,162620.52599835617,137.28686948760702,143.76091707061454,12.460075951493089,27.21251795065707,0.032132822394678115,0.03231837028449656,0.7965320833949077,8833.964300546604,30.389256620393876,4.1947471336412026,57894912.0,65265480.0,61639101.0,62548956.0,65267316.0,65267316.0,63012276.0,63231300.0,47041416.0,47041416.0,44999719.0,45429696.0,47041416.0,47041416.0,46610604.0,46638216.0,11,Bangladesh,Rice,2532.8
20,1995,45.009491006270814,65.11584893795492,0.27426222532435696,0.2742661806703581,24.61408242472896,158434.34807894067,131.92246544686793,146.33616068148862,12.460075951493089,32.3533470230528,0.032172300741093736,0.03227127946639169,0.7801577275467211,9645.511765323185,35.44489635866763,4.8365529297146725,57894912.0,65265480.0,61671441.0,62548956.0,65267316.0,65267316.0,63012276.0,63231300.0,47041416.0,47041416.0,45022851.0,45429696.0,47041416.0,47041416.0,46610604.0,46638216.0,11,Bangladesh,Rice,2652.7
20,1996,45.009491006270814,59.00595384583486,0.2784652195318981,0.27897919985927044,24.58165654429683,162310.23031357786,140.88399117898643,145.25538504290168,12.460075951493089,30.2605595075116,0.03325892918797512,0.03387846364013449,0.8037043104321417,10768.011940345952,33.553596252416824,4.121116873278286,57894912.0,65265480.0,58757460.0,62548956.0,65267316.0,65267316.0,63012276.0,63231300.0,47041416.0,47041416.0,43558779.0,45429696.0,47041416.0,47041416.0,46610604.0,46638216.0,11,Bangladesh,Rice,2762.9
20,1997,45.009491006270814,69.10637381017607,0.2745313369841487,0.2749173949836687,24.09509856612594,160261.3148272455,141.06074500749307,144.65464713385862,12.460075951493089,32.09654092551822,0.03197106743828711,0.03250434603053259,0.7251669573276706,8833.819132093518,32.371649363086995,3.8714310857141014,57894912.0,65265480.0,58666275.0,62548956.0,65267316.0,65267316.0,63012276.0,63231300.0,47041416.0,47041416.0,43770317.0,45429696.0,47041416.0,47041416.0,46610604.0,46638216.0,11,Bangladesh,Rice,2743.1
20,1998,45.009491006270814,68.19798883172767,0.29227471475799877,0.29260871785536374,24.546314195350366,155842.0809325119,140.03234214420502,143.40606967240396,12.460075951493089,33.06908027369442,0.03565629911034676,0.036093515771780015,0.695479797973105,9706.305864004717,34.73254864092321,4.291615582777279,57894912.0,65265480.0,59357412.0,62548956.0,65267316.0,65267316.0,63012276.0,63231300.0,47041416.0,47041416.0,44110576.0,45429696.0,47041416.0,47041416.0,46610604.0,46638216.0,11,Bangladesh,Rice,2935.8
20,1999,45.009491006270814,71.9386183212612,0.2809387550309852,0.28219371614923955,24.71655042083175,162233.01662177328,135.85988849285263,142.67114922967724,12.460075951493089,30.184791284639804,0.03278885779784064,0.03404327136508111,0.6791759489906896,8720.463367198246,33.00738899043888,4.639745050120148,57894912.0,65265480.0,58565688.0,62548956.0,65267316.0,65267316.0,63012276.0,63231300.0,47041416.0,47041416.0,43605080.0,45429696.0,47041416.0,47041416.0,46610604.0,46638216.0,11,Bangladesh,Rice,3213.9
20,2000,39.687842109103805,70.0897344929918,0.2900633529104568,0.29051085492812734,24.2545447172942,160458.55681080543,112.56450224882539,141.2458936301739,13.583289434567991,33.446959641631814,0.034829278975951734,0.03514028300886012,0.7830973365285524,10189.743949197771,33.4287837427885,4.30490867929452,35380224.0,65265480.0,60614529.0,62548956.0,65267316.0,65267316.0,63012276.0,63231300.0,28747532.0,47041416.0,44646982.0,45429696.0,47041416.0,47041416.0,46610604.0,46638216.0,11,Bangladesh,Rice,3483.6
20,2001,41.77516702167339,63.03219254068526,0.27958289147527127,0.2812945799551815,24.4576355792858,160974.323886611,143.56068482929254,146.1410240268159,12.117149662075267,31.684831308768977,0.03340707675424274,0.0351247780582535,0.6904170958449389,8752.068776039841,33.08478020151391,4.091107041565343,57894912.0,65265480.0,57822498.0,62548956.0,65267316.0,65267316.0,63012276.0,63231300.0,47041416.0,47041416.0,43468418.0,45429696.0,47041416.0,47041416.0,46610604.0,46638216.0,11,Bangladesh,Rice,3402.0
20,2002,41.54112093508596,67.04533978519778,0.2868277591963609,0.2872323365714663,24.415957503848606,154881.1531951761,137.77706537467824,144.89433284535824,12.080313432023578,32.54450369180928,0.033146570704723766,0.03357832333865195,0.7306045873569926,9474.026655323447,31.67283071866445,4.367839315163038,57894912.0,65265480.0,61301274.0,62548956.0,65267316.0,65267316.0,63012276.0,63231300.0,47041416.0,47041416.0,44938670.0,45429696.0,47041416.0,47041416.0,46610604.0,46638216.0,11,Bangladesh,Rice,3490.2
20,2003,41.84499532825954,61.263288826941846,0.28622813812560505,0.287226743064067,24.379775524139404,159412.3281700203,136.12651773903045,145.0173540670458,12.353719621552726,29.529033615354802,0.030097116254111572,0.031243724679439908,0.7969151669672043,9337.177983932046,31.93892164810231,3.9813065534622902,57894912.0,65265480.0,56236986.0,62548956.0,65267316.0,65267316.0,63012276.0,63231300.0,47041416.0,47041416.0,43008556.0,45429696.0,47041416.0,47041416.0,46610604.0,46638216.0,11,Bangladesh,Rice,3576.8
20,2004,39.33427507592169,73.18447315497048,0.28960292924333497,0.2908346007102816,24.536236418618095,158506.0469029123,130.4862487252573,145.31956679896504,13.022205367133482,35.77138658821485,0.03248220273517924,0.03408208607585922,0.7871792387496531,9995.278428603764,32.699773605155414,4.5991481265381955,57894912.0,65265480.0,55209009.0,62548956.0,65267316.0,65267316.0,63012276.0,63231300.0,47041416.0,47041416.0,42533378.0,45429696.0,47041416.0,47041416.0,46610604.0,46638216.0,11,Bangladesh,Rice,3535.9
20,2005,43.13848090085916,61.73411486047913,0.28379745533068973,0.28534576522718447,24.825874770129168,162177.6394306569,141.7605791792988,144.86991369170252,12.702465431326152,32.486006743637866,0.03136584072627967,0.03292855500322767,0.8238067633614212,10511.678216570743,31.930917950621236,4.064453783753938,57894912.0,65265480.0,55458924.0,62548956.0,65267316.0,65267316.0,63012276.0,63231300.0,47041416.0,47041416.0,42702741.0,45429696.0,47041416.0,47041416.0,46610604.0,46638216.0,11,Bangladesh,Rice,3781.4
20,2006,45.009491006270814,52.80016560247025,0.2726101247524773,0.274184203883939,25.029006286903662,166490.17592976373,143.59335654615705,146.51742473399787,12.140168559397678,24.546902659367422,0.030080670121364943,0.0320574683153022,0.741069961719127,8331.130300945104,30.45520429878332,3.863848446576629,57894912.0,65265480.0,56507421.0,62548956.0,65267316.0,65267316.0,63012276.0,63231300.0,47041416.0,47041416.0,43061429.0,45429696.0,47041416.0,47041416.0,46610604.0,46638216.0,11,Bangladesh,Rice,3854.1
20,2007,41.76946255323083,71.31246561992292,0.2826498363305021,0.2833862382203838,24.558437524018466,159210.8769792015,136.5929903049849,147.16283320990885,13.48619144479902,34.94201548000105,0.03468069622923172,0.03576918399302981,0.7740086669556957,9564.378032161909,33.57688004630276,7.078881172912098,57894912.0,65265480.0,59857392.0,62548956.0,65267316.0,65267316.0,64828836.0,64871424.0,47041416.0,47041416.0,43909015.0,45429696.0,47041416.0,47041416.0,46957647.0,46963016.0,11,Bangladesh,Rice,4083.3
20,2008,42.67054209767042,59.431675331080335,0.28154361179029497,0.28231401129995315,24.696316842679625,159798.25269284454,144.8001861808863,145.3763333908523,12.253294993014563,27.201021949178386,0.03333000670832766,0.03422925223948206,0.7309268667751541,8596.693692389164,30.37613219352407,8.033464760747226,57894912.0,65265480.0,59530407.0,62548956.0,65267316.0,65267316.0,65267316.0,65267316.0,47041416.0,47041416.0,43639677.0,45429696.0,47041416.0,47041416.0,47041416.0,47041416.0,11,Bangladesh,Rice,4144.1
20,2009,44.31339860261395,60.3059272692126,0.2677831731184765,0.26898803013721956,25.185297771736426,164675.58129447966,151.00724226192142,147.40026118185676,11.706069762828243,30.361983533577522,0.030944783804074925,0.03256198548134587,0.7937801781402462,9551.44693062485,28.258283789823015,7.852392089001336,57894912.0,65265480.0,59456121.0,62548956.0,65267316.0,65267316.0,65267316.0,65267316.0,47041416.0,47041416.0,43705355.0,45429696.0,47041416.0,47041416.0,47041416.0,47041416.0,11,Bangladesh,Rice,4240.4
20,2010,43.34448178273422,60.70863665593275,0.2771753801239861,0.2782080129305146,25.203341095535844,160669.1585566247,146.7530602653598,145.5399730254492,12.876682666022036,36.67537049718071,0.03251470470119373,0.03382245082796919,0.8737295538044592,11032.264346024127,30.609082798603502,8.068856922272497,57894912.0,65265480.0,59596713.0,62548956.0,65267316.0,65267316.0,65267316.0,65267316.0,47041416.0,47041416.0,43993863.0,45429696.0,47041416.0,47041416.0,47041416.0,47041416.0,11,Bangladesh,Rice,4342.2
20,2011,45.0554666930348,62.531907693992245,0.2784555136329598,0.2793657245709882,24.53728501001994,161131.56607605264,150.1596809998953,145.63150693665298,12.48038014207605,28.684407168761005,0.030372552544465317,0.031682139959304516,0.7254568102377694,8887.42029104186,29.521579487103168,7.881196913248267,57894912.0,65265480.0,60016428.0,62548956.0,65267316.0,65267316.0,65267316.0,65267316.0,47041416.0,47041416.0,44048646.0,45429696.0,47041416.0,47041416.0,47041416.0,47041416.0,11,Bangladesh,Rice,4391.7
20,2012,44.924300970263886,59.92986901081566,0.27082204749738725,0.2718913289599108,24.636769312399405,163937.441234922,148.49535781418618,145.70811224927294,12.460075951493089,32.55566872095576,0.03166201145222628,0.03323350041816004,0.8591298805563903,10688.448509995293,29.753734406313647,8.038987937661407,57894912.0,65265480.0,60547050.0,62548956.0,65267316.0,65267316.0,65267316.0,65267316.0,47041416.0,47041416.0,44393024.0,45429696.0,47041416.0,47041416.0,47041416.0,47041416.0,11,Bangladesh,Rice,4420.6
20,2013,46.644495610296055,58.07154704605474,0.27361759460634655,0.27424721579942246,24.623442738144487,161511.56418577323,150.5625896892251,145.0200012913639,12.434738849152327,31.910785055970877,0.032445868720549394,0.03361296837060712,0.679929190828031,9279.441587542153,29.195904905337446,8.197460670828017,57894912.0,65265480.0,61158720.0,62548956.0,65267316.0,65267316.0,65267316.0,65267316.0,47041416.0,47041416.0,44776534.0,45429696.0,47041416.0,47041416.0,47041416.0,47041416.0,11,Bangladesh,Rice,4531.7
20,2014,46.872775824296056,57.789031306387834,0.26819914662175703,0.2687873000494088,24.64620602572406,165802.78823087434,151.44321739443697,147.0217306251603,12.6034533463514,31.883802679561413,0.028726558434820994,0.02983569849192021,0.7470475818928389,8417.151570470533,28.78209147695814,7.812802327783091,57894912.0,65265480.0,61180500.0,62548956.0,65267316.0,65267316.0,65267316.0,65267316.0,47041416.0,47041416.0,44785143.0,45429696.0,47041416.0,47041416.0,47041416.0,47041416.0,11,Bangladesh,Rice,4538.2
20,2015,47.54534517890056,67.81675200000271,0.2737717943059073,0.2741839181394088,24.648521511643022,156383.86392304167,149.76885767146914,146.31241491086988,12.830532550849329,37.60934431447678,0.030676965789047,0.03139814011090794,0.7841628732857387,9608.592916727815,29.868403651656415,8.076577782308664,57894912.0,65265480.0,61628733.0,62548956.0,65267316.0,65267316.0,65267316.0,65267316.0,47041416.0,47041416.0,44985018.0,45429696.0,47041416.0,47041416.0,47041416.0,47041416.0,11,Bangladesh,Rice,4551.8
20,2016,49.14423675691961,63.52422475757691,0.27515160016439577,0.27558006615802416,25.063010957505966,158742.16340918693,151.4238603106754,146.19104826352745,12.61358781759302,36.21023447521697,0.03306948020552022,0.03387100182841388,0.7837756411285425,10240.270481097796,29.654703222853673,7.966632743932073,57894912.0,65265480.0,62279016.0,62548956.0,65267316.0,65267316.0,65267316.0,65267316.0,47041416.0,47041416.0,45260202.0,45429696.0,47041416.0,47041416.0,47041416.0,47041416.0,11,Bangladesh,Rice,4586.3
20,2017,48.67379837217546,83.88724066548454,0.2890225083187774,0.28943306041833644,24.74662916748612,155951.95699177228,153.34526047313614,144.93010840386657,12.84455754086315,39.26426986837492,0.03159368566264704,0.0322400309449734,0.7503621976496816,9459.332693717259,30.291727437174146,8.14482148846007,57894912.0,65265480.0,62168052.0,62548956.0,65267316.0,65267316.0,65267316.0,65267316.0,47041416.0,47041416.0,45196723.0,45429696.0,47041416.0,47041416.0,47041416.0,47041416.0,11,Bangladesh,Rice,4661.9
20,2018,49.10859995450032,55.06960055641615,0.2757829325618567,0.27625462999021005,24.565427409278023,162346.5281675232,149.49428452046297,144.7307528907518,11.57285031540729,28.37825609070497,0.029752144475947304,0.03058141355985464,0.7527244954354172,8206.10838835728,30.057920152844048,8.077723838700834,57894912.0,65265480.0,62107740.0,62548956.0,65267316.0,65267316.0,65267316.0,65267316.0,47041416.0,47041416.0,45154131.0,45429696.0,47041416.0,47041416.0,47041416.0,47041416.0,11,Bangladesh,Rice,4725.7
20,2019,50.88341202803919,67.59071688441153,0.2780193330513106,0.2784696819058593,24.883709624961572,161485.3980721003,157.35004076647763,146.3149298888516,12.073225199661579,33.687704595667824,0.03003792273070514,0.030858364161038442,0.757287525049341,9211.668396100842,29.94491789523415,7.86151603194442,57894912.0,65265480.0,62146524.0,62548956.0,65267316.0,65267316.0,65267316.0,65267316.0,47041416.0,47041416.0,45185566.0,45429696.0,47041416.0,47041416.0,47041416.0,47041416.0,11,Bangladesh,Rice,4740.2
20,2020,48.18929242113595,70.86499394989958,0.29526013811981233,0.29568466023696377,24.572548424756086,158829.26036063954,149.22739588352582,145.00473305133994,13.052243354315092,36.6718616275726,0.030223494754893915,0.031026769400788,0.6800250470896039,9264.673996643183,31.936168448526367,8.058270222280841,57894912.0,65265480.0,62180979.0,62548956.0,65267316.0,65267316.0,65267316.0,65267316.0,47041416.0,47041416.0,45204724.0,45429696.0,47041416.0,47041416.0,47041416.0,47041416.0,11,Bangladesh,Rice,4808.8
20,2021,48.89585359725567,61.982583540310706,0.2842056505658008,0.2846233832401263,24.975421181431525,163506.13429142063,159.08310736863987,145.39183956866884,12.188482821205765,27.772095302255476,0.03184500451112929,0.03264501200647788,0.7343382333444728,9454.691428193206,31.719691150104378,8.023899352412526,57894912.0,65265480.0,62192814.0,62548956.0,65267316.0,65267316.0,65267316.0,65267316.0,47041416.0,47041416.0,45204981.0,45429696.0,47041416.0,47041416.0,47041416.0,47041416.0,11,Bangladesh,Rice,4818.7
20,2022,51.12057699059187,56.42053203890876,0.28639852048622233,0.2867185178220736,24.953717708587646,163234.75232421004,173.56151290494776,145.67369781552603,12.582781951208652,32.469224677930534,0.030488522052617033,0.031017445851832113,0.7581504291699295,9957.164873117184,32.49331023971254,8.479852491790322,57894912.0,65265480.0,62273223.0,62548956.0,65267316.0,65267316.0,65267316.0,65267316.0,47041416.0,47041416.0,45239614.0,45429696.0,47041416.0,47041416.0,47041416.0,47041416.0,11,Bangladesh,Rice,4891.2
41,1984,53.88864672256704,54.66589324914999,0.27768467035558486,0.28240745493137226,23.225820276472305,173414.08476465158,165.03448886538624,141.81828861947497,12.969788902676614,22.088773278528667,0.04874047592275626,0.04965171465209723,1.893700919766857,12129.470860003468,29.906014706512103,4.786742307283182,175877820.0,178133760.0,119649700.0,176170500.0,178133760.0,178133760.0,177691680.0,177691680.0,18503640.0,18503640.0,15432607.0,17933472.0,18503640.0,18503640.0,18480636.0,18480636.0,11,Lao People's Democratic Republic,Rice,2016.6
41,1985,53.88864672256704,48.62400348559137,0.2755223275058799,0.2803670733731058,23.247558519575332,170343.89175365647,170.16916557623404,144.47060203329062,12.969788902676614,20.52998701426496,0.048773633449457315,0.04964386584768792,1.9421365072924741,13242.07417925131,29.412169976401007,5.24108062574072,175877820.0,178133760.0,121615970.0,176170500.0,178133760.0,178133760.0,177691680.0,177691680.0,18503640.0,18503640.0,15744510.0,17933472.0,18503640.0,18503640.0,18480636.0,18480636.0,11,Lao People's Democratic Republic,Rice,2102.8
41,1986,53.88864672256704,49.286758265284064,0.27361431738425945,0.2799417995922722,23.226512930128308,172019.82519959874,176.89540697848318,145.89665019996514,12.969788902676614,23.602801945966526,0.05007967837107209,0.049600506584770394,1.8982227545872883,13834.48293734011,29.165500605637813,4.843407250811058,175877820.0,178133760.0,96892695.0,176170500.0,178133760.0,178133760.0,177691680.0,177691680.0,18503640.0,18503640.0,12550704.0,17933472.0,18503640.0,18503640.0,18480636.0,18480636.0,11,Lao People's Democratic Republic,Rice,2258.8
41,1987,53.88864672256704,48.61128534559756,0.26615691351539944,0.2740918088739157,23.754766596688164,176369.23944250928,173.0256549764916,145.8892496651664,12.969788902676614,21.243362852574958,0.050596824149079435,0.05014474891895147,1.9891960012454752,12908.2445933929,28.926233833252486,5.235370649660212,175877820.0,178133760.0,85270040.0,176170500.0,178133760.0,178133760.0,177691680.0,177691680.0,18503640.0,18503640.0,13445748.0,17933472.0,18503640.0,18503640.0,18480636.0,18480636.0,11,Lao People's Democratic Republic,Rice,2227.2
41,1988,53.88864672256704,46.85152372795796,0.2703881450210298,0.2808069375956048,23.611726421780055,172474.72756651856,165.92924582089057,143.8835978030612,12.969788902676614,21.64906522792979,0.04745785224882206,0.046877933904793584,1.9352421104625155,13207.913635324876,29.388859649835336,5.154420350916048,175877820.0,178133760.0,52473490.0,176170500.0,178133760.0,178133760.0,177691680.0,177691680.0,18503640.0,18503640.0,12473814.0,17933472.0,18503640.0,18503640.0,18480636.0,18480636.0,11,Lao People's Democratic Republic,Rice,1911.8
41,1989,53.88864672256704,49.82405491882534,0.27548187706205574,0.2855109459514972,23.412852573394776,174511.06215086448,184.44979659934566,150.60476714833283,12.969788902676614,20.658717128448725,0.045229618983428685,0.044277738776047015,1.9745448394142722,13338.334779956886,30.26767487579253,5.456629891240952,175877820.0,178133760.0,51785370.0,176170500.0,178133760.0,178133760.0,177691680.0,177691680.0,18503640.0,18503640.0,12583704.0,17933472.0,18503640.0,18503640.0,18480636.0,18480636.0,11,Lao People's Democratic Republic,Rice,2355.2
41,1990,53.88864672256704,52.89500174931508,0.2764371778402063,0.28712252872746075,23.59681945906745,171351.27692232293,177.25044225886063,146.5741846591228,12.969788902676614,22.19446903586375,0.046289371325601326,0.04449621588592313,1.9624747948928634,13747.647210623223,30.53921625752531,5.321344756682637,175877820.0,178133760.0,53852455.0,176170500.0,178133760.0,178133760.0,177691680.0,177691680.0,18503640.0,18503640.0,12760267.0,17933472.0,18503640.0,18503640.0,18480636.0,18480636.0,11,Lao People's Democratic Republic,Rice,2293.5
41,1991,53.88864672256704,44.16154076320442,0.2737813822097248,0.2836605538162818,23.913482348124187,173433.4815126177,159.0629124017541,147.25323811412156,12.969788902676614,20.24163580370011,0.046953369010647616,0.0471389541047027,1.9614191596090005,12516.232310186031,28.79083594768597,5.317708023301599,175877820.0,178133760.0,79589575.0,176170500.0,178133760.0,178133760.0,177691680.0,177691680.0,18503640.0,18503640.0,13916694.0,17933472.0,18503640.0,18503640.0,18480636.0,18480636.0,11,Lao People's Democratic Republic,Rice,2197.7
41,1992,53.88864672256704,47.96308844235759,0.2734167683455679,0.27838727346467995,23.30748609436883,174797.68808743762,158.89681265981022,146.47166391705366,12.969788902676614,19.384184929226645,0.04268353575672685,0.04422008585035912,2.0186971580074355,12294.23889214592,26.85706384294302,5.230131837993587,175877820.0,178133760.0,143569440.0,176170500.0,178133760.0,178133760.0,177691680.0,177691680.0,18503640.0,18503640.0,16404016.0,17933472.0,18503640.0,18503640.0,18480636.0,18480636.0,11,Lao People's Democratic Republic,Rice,2655.5
41,1993,53.88864672256704,42.54776546910728,0.27009531358877814,0.27069973065406266,23.31674639383952,176516.62230755042,165.00990889276633,145.2569038049352,12.969788902676614,19.569049266934716,0.04299264807279787,0.04301918520449543,1.9283755942310317,11149.070085135416,26.972112266472116,4.987950849340954,175877820.0,178133760.0,159701805.0,176170500.0,178133760.0,178133760.0,177691680.0,177691680.0,18503640.0,18503640.0,17150394.0,17933472.0,18503640.0,18503640.0,18480636.0,18480636.0,11,Lao People's Democratic Republic,Rice,2266.8
41,1994,53.88864672256704,56.316622849695655,0.27515941005614064,0.2802116927188165,23.557402197519938,169408.78355620222,148.51929458983187,141.1810741476778,12.969788902676614,24.912358323977344,0.04500429108577742,0.04676310601798058,1.893975749179555,13380.30579430782,25.969299816243133,4.970425618393526,175877820.0,178133760.0,142022775.0,176170500.0,178133760.0,178133760.0,177691680.0,177691680.0,18503640.0,18503640.0,16312294.0,17933472.0,18503640.0,18503640.0,18480636.0,18480636.0,11,Lao People's Democratic Republic,Rice,2581.2
41,1995,53.88864672256704,49.681559715062384,0.27342577808433105,0.27406918944462155,23.512681685553655,173870.39877290282,176.7881068047218,145.9172369692536,12.969788902676614,21.693771787196876,0.04318423698956727,0.043275677341866645,1.939578509679116,12988.519283940845,29.714885883266845,5.003667539684924,175877820.0,178133760.0,167075700.0,176170500.0,178133760.0,178133760.0,177691680.0,177691680.0,18503640.0,18503640.0,17609642.0,17933472.0,18503640.0,18503640.0,18480636.0,18480636.0,11,Lao People's Democratic Republic,Rice,2532.3
41,1996,53.88864672256704,54.09506371003925,0.27291660449571076,0.27372829202478677,23.250209866629707,171779.54600445915,177.31406622049056,144.31323877806136,12.969788902676614,22.87183514195323,0.04252696339796344,0.04249133284033422,1.8953569278012423,13677.860568304324,30.36049794193429,5.0015031606886975,175877820.0,178133760.0,159728450.0,176170500.0,178133760.0,178133760.0,177691680.0,177691680.0,18503640.0,18503640.0,17233341.0,17933472.0,18503640.0,18503640.0,18480636.0,18480636.0,11,Lao People's Democratic Republic,Rice,2552.6
41,1997,53.88864672256704,48.62775401376321,0.2755928763084941,0.2757553121097224,23.615436871846516,173464.1327141802,177.00262222131263,144.03935828393747,12.969788902676614,22.741523778830018,0.04245260950709696,0.04220759431694628,1.8899709391349002,13003.32763334604,29.26151324716728,5.140899247298519,175877820.0,178133760.0,165396770.0,176170500.0,178133760.0,178133760.0,177691680.0,177691680.0,18503640.0,18503640.0,17474282.0,17933472.0,18503640.0,18503640.0,18480636.0,18480636.0,11,Lao People's Democratic Republic,Rice,2760.7
41,1998,53.88864672256704,44.311814293367995,0.2685783229768276,0.27060823399774525,24.437788671917385,179559.87734902222,174.84423361008658,145.2800497254883,12.969788902676614,20.847960086864823,0.04639157864324257,0.04684100235877542,1.9191533848121964,12594.87272362517,27.941400356357818,4.992835778358376,175877820.0,178133760.0,160092035.0,176170500.0,178133760.0,178133760.0,177691680.0,177691680.0,18503640.0,18503640.0,17271516.0,17933472.0,18503640.0,18503640.0,18480636.0,18480636.0,11,Lao People's Democratic Republic,Rice,2711.6
41,1999,53.88864672256704,52.9483467500152,0.28317644488480354,0.2850412401818068,23.348693312538995,167085.8071322978,168.69134373294426,141.6767538458509,12.969788902676614,22.301830047251958,0.043280459908377186,0.04344238067865664,1.8232076946556968,12831.750927516921,28.427132601754057,4.971373956188297,175877820.0,178133760.0,153510815.0,176170500.0,178133760.0,178133760.0,177691680.0,177691680.0,18503640.0,18503640.0,16869667.0,17933472.0,18503640.0,18503640.0,18480636.0,18480636.0,11,Lao People's Democratic Republic,Rice,2930.4
41,2000,60.14395152020084,52.81883651284157,0.2863066853748427,0.28801270218400915,23.416364924112955,169798.68417105655,153.0603191550533,141.12750912247728,13.469936986294478,22.779000962783194,0.042111734765743515,0.04241329920687093,1.8847858856192494,13059.441978760757,28.65275571937383,4.411199707493708,107480890.0,178133760.0,162676130.0,176170500.0,178133760.0,178133760.0,177691680.0,177691680.0,11307780.0,18503640.0,17258998.0,17933472.0,18503640.0,18503640.0,18480636.0,18480636.0,11,Lao People's Democratic Republic,Rice,3060.6
41,2001,56.29104969661311,50.38081546585126,0.2770052531527148,0.2859327544980005,23.779711453119912,170146.4330184666,172.13028254768713,144.0455118725448,13.818633264156754,20.61093111518976,0.044225260469506374,0.04547681139287363,1.9593333394325243,12939.765770818904,28.465630712344577,4.971938089826615,175877820.0,178133760.0,118246200.0,176170500.0,178133760.0,178133760.0,177691680.0,177691680.0,18503640.0,18503640.0,15368382.0,17933472.0,18503640.0,18503640.0,18480636.0,18480636.0,11,Lao People's Democratic Republic,Rice,3126.4
41,2002,53.350845286237664,53.89262951908511,0.2815624250306023,0.2836983739611673,23.877447197172376,170503.5427001895,163.12580566399294,144.172057509769,13.66466186187529,24.870349229882823,0.045936004166749346,0.04602335395371123,1.9085244150923883,14498.006142359012,28.537441451648622,5.109391893132579,175877820.0,178133760.0,154151560.0,176170500.0,178133760.0,178133760.0,177691680.0,177691680.0,18503640.0,18503640.0,16977710.0,17933472.0,18503640.0,18503640.0,18480636.0,18480636.0,11,Lao People's Democratic Republic,Rice,3273.9
41,2003,57.07412924205247,47.49961837069297,0.26466967869136065,0.27679042699753315,23.95053834385342,176570.64054027016,170.35052401634317,146.40295799565743,13.504927587300855,20.251375961136695,0.0450648336778015,0.04526827313275657,1.903895983246548,12317.155028433855,28.9403702217682,4.889341537423691,175877820.0,178133760.0,79702570.0,176170500.0,178133760.0,178133760.0,177691680.0,177691680.0,18503640.0,18503640.0,14434648.0,17933472.0,18503640.0,18503640.0,18480636.0,18480636.0,11,Lao People's Democratic Republic,Rice,3140.3
41,2004,53.88864672256704,51.45316328528043,0.26358790811565186,0.2773524983059455,23.594159857432047,177520.13711289785,159.94409838955494,146.94357928595963,13.456116343077323,22.47926768238833,0.0440792022752787,0.04492408003079774,1.9937355279533364,13843.068281469708,28.993430347112234,5.240666113997086,175877820.0,178133760.0,68401980.0,176170500.0,178133760.0,178133760.0,177691680.0,177691680.0,18503640.0,18503640.0,14181452.0,17933472.0,18503640.0,18503640.0,18480636.0,18480636.0,11,Lao People's Democratic Republic,Rice,3283.1
41,2005,53.0414764663367,55.23020724687952,0.26972205109066427,0.28207600430256546,23.854103962580364,173339.141882705,160.08209648197652,145.64685612442037,13.351363520341327,22.746419998498038,0.04262552073542986,0.04328070227638982,1.921913834467699,12281.259043103066,27.416082325528144,5.281797078286819,175877820.0,178133760.0,73044590.0,176170500.0,178133760.0,178133760.0,177691680.0,177691680.0,18503640.0,18503640.0,14359461.0,17933472.0,18503640.0,18503640.0,18480636.0,18480636.0,11,Lao People's Democratic Republic,Rice,3489.0
41,2006,55.26476038801775,51.75759983390236,0.2704846548537413,0.27782043017599833,24.047162421544392,175083.20643939546,166.75079323263242,145.63119961590107,13.301372398310969,24.154444833662588,0.043526655869921195,0.04322510746994996,1.9294277452371826,12228.671292642806,28.099552910352724,4.905659726627386,175877820.0,178133760.0,94481630.0,176170500.0,178133760.0,178133760.0,177691680.0,177691680.0,18503640.0,18503640.0,15125690.0,17933472.0,18503640.0,18503640.0,18480636.0,18480636.0,11,Lao People's Democratic Republic,Rice,3585.5
41,2007,55.11862256085734,51.778609030836314,0.2768856276240613,0.2771498668805926,23.887904696994358,174746.18489405848,164.51773091874352,145.82957202003686,12.97716667946047,23.509547504355947,0.040128569136017665,0.04028947225517887,1.8968255736638608,12095.343121413473,28.139909111248194,4.775690444497465,175877820.0,178133760.0,171036895.0,176170500.0,178133760.0,178133760.0,178047800.0,178047800.0,18503640.0,18503640.0,17803383.0,17933472.0,18503640.0,18503640.0,18499167.0,18499167.0,11,Lao People's Democratic Republic,Rice,3723.3
41,2008,53.78381322311466,54.32710315217733,0.29053367227315896,0.290726848995536,23.188333627912733,169618.43274328997,173.1645496430638,142.99784886833805,13.086130807594898,23.209439191445746,0.03873797488501832,0.038819173708083195,1.9272330893256513,13780.741238357261,26.123890733192702,5.0918885030359675,175877820.0,178133760.0,170100875.0,176170500.0,178133760.0,178133760.0,178133760.0,178133760.0,18503640.0,18503640.0,17791228.0,17933472.0,18503640.0,18503640.0,18503640.0,18503640.0,11,Lao People's Democratic Republic,Rice,3777.2
41,2009,54.50037531355788,51.24134317806907,0.2824654089907805,0.28268162522373047,23.867072174284193,174502.86414835323,176.60287896837056,146.02057959504663,12.904205741029799,26.553421167905633,0.040627164621913854,0.04053057310821266,1.817130667820341,12012.006366456459,26.154750721546204,4.823334869667284,175877820.0,178133760.0,168825940.0,176170500.0,178133760.0,178133760.0,178133760.0,178133760.0,18503640.0,18503640.0,17599313.0,17933472.0,18503640.0,18503640.0,18503640.0,18503640.0,11,Lao People's Democratic Republic,Rice,3841.9
41,2010,52.87959827377488,49.86476993452879,0.27531400976909526,0.27542264667049726,24.330621094173857,174642.4858499492,169.57376777400947,146.0584393729028,12.969788902676614,21.88801947797824,0.03951558161806019,0.039456219241677644,1.9024217124131588,12715.638966340419,26.091955747675584,5.099287429215868,175877820.0,178133760.0,173224255.0,176170500.0,178133760.0,178133760.0,178133760.0,178133760.0,18503640.0,18503640.0,17639946.0,17933472.0,18503640.0,18503640.0,18503640.0,18503640.0,11,Lao People's Democratic Republic,Rice,3590.9
41,2011,52.83785379911267,60.150778381402574,0.2865215098692311,0.28658244090535234,23.128290515475804,165305.5506324436,170.02340115936818,144.92441947233098,13.405128847130449,26.899894678701102,0.038677065417948624,0.03871517881175793,1.9931003624987476,14075.875274140157,27.512775187832222,5.244736238478047,175877820.0,178133760.0,173846835.0,176170500.0,178133760.0,178133760.0,178133760.0,178133760.0,18503640.0,18503640.0,17870536.0,17933472.0,18503640.0,18503640.0,18503640.0,18503640.0,11,Lao People's Democratic Republic,Rice,3751.3
41,2012,52.51172117812999,49.787335041554755,0.2798612380193339,0.27985450421936403,24.26466629240248,171717.2038800153,170.90291921870963,145.2092006486696,12.792999485032862,23.446812500137305,0.04234000478943796,0.042354590911541964,1.9278805770079104,12108.767422582294,26.408119939468122,4.967554742269186,175877820.0,178133760.0,175576105.0,176170500.0,178133760.0,178133760.0,178133760.0,178133760.0,18503640.0,18503640.0,17921535.0,17933472.0,18503640.0,18503640.0,18503640.0,18503640.0,11,Lao People's Democratic Republic,Rice,3736.7
41,2013,54.10594829420712,56.705274281863964,0.2803245338300864,0.28032728839391274,23.85291225115458,171787.32400049426,170.64448881113026,145.76799463084475,12.95200762831616,25.172426000045995,0.04264140201728475,0.04264262578890738,1.9484980695903444,12927.83316631123,25.850381686625028,4.933786682427297,175877820.0,178133760.0,175668740.0,176170500.0,178133760.0,178133760.0,178133760.0,178133760.0,18503640.0,18503640.0,17931922.0,17933472.0,18503640.0,18503640.0,18503640.0,18503640.0,11,Lao People's Democratic Republic,Rice,3831.5
41,2014,53.06939077520505,50.61941336389859,0.27645035758614533,0.2764507435398786,23.943868541717528,174668.22072934543,169.56853968989128,145.6529205694736,12.543554394295596,22.56749708102975,0.043763859652157906,0.043764151051756635,1.901456979262423,11823.98091760011,25.883399187437806,4.825913194703309,175877820.0,178133760.0,176139140.0,176170500.0,178133760.0,178133760.0,178133760.0,178133760.0,18503640.0,18503640.0,17933172.0,17933472.0,18503640.0,18503640.0,18503640.0,18503640.0,11,Lao People's Democratic Republic,Rice,4178.6
41,2015,53.954291681643035,43.01882124042731,0.26605741083621975,0.26613814957369103,24.432203202777437,175921.2269860027,170.98575652151868,148.39479978298203,12.606535951860103,19.410377765764796,0.046117585894223365,0.046079315766231116,1.9630578231881768,13500.209404604626,26.502238860741944,4.819160758712944,175877820.0,178133760.0,173663405.0,176170500.0,178133760.0,178133760.0,178133760.0,178133760.0,18503640.0,18503640.0,17892391.0,17933472.0,18503640.0,18503640.0,18503640.0,18503640.0,11,Lao People's Democratic Republic,Rice,4250.1
41,2016,55.23110251429029,52.17760120649398,0.2755519424047735,0.2756908869086276,24.363596195644803,174051.03266039668,171.84022577936867,147.28765384244784,12.477297467210242,24.907467774092517,0.044454155518465974,0.04443184839858336,1.9583536156159742,12268.911944107485,25.37476005943604,4.827389954090283,175877820.0,178133760.0,172913445.0,176170500.0,178133760.0,178133760.0,178133760.0,178133760.0,18503640.0,18503640.0,17879450.0,17933472.0,18503640.0,18503640.0,18503640.0,18503640.0,11,Lao People's Democratic Republic,Rice,4262.5
41,2017,53.92222577807326,60.072601853714666,0.28372743171122333,0.28384418711944914,24.125830745697023,167256.6042224721,176.40159836013538,144.78804920399634,12.34507187499979,24.473986675036617,0.04266612728471086,0.04262744492421999,1.8451045882324766,12316.496377791014,25.747970669942852,4.980323312476053,175877820.0,178133760.0,172989820.0,176170500.0,178133760.0,178133760.0,178133760.0,178133760.0,18503640.0,18503640.0,17878934.0,17933472.0,18503640.0,18503640.0,18503640.0,18503640.0,11,Lao People's Democratic Republic,Rice,4225.1
41,2018,52.2010802448019,57.01847475301175,0.28240987948245466,0.2824818521267925,24.07837005721198,169629.48511062373,173.31855556684621,145.27816144990214,13.00151187765229,24.001115458903875,0.04517096830679317,0.04510845454932496,1.9549543524498265,13636.472513933633,30.16351174280472,4.863685359540884,175877820.0,178133760.0,173075010.0,176170500.0,178133760.0,178133760.0,178133760.0,178133760.0,18503640.0,18503640.0,17879274.0,17933472.0,18503640.0,18503640.0,18503640.0,18503640.0,11,Lao People's Democratic Republic,Rice,4226.4
41,2019,50.71539278759555,48.28158291393255,0.26220897303687196,0.26224339743065994,24.856599283218383,179662.08205987854,167.57810080747973,147.29345623050355,12.649199431295644,22.33266178988005,0.045604660114117845,0.04560732908271029,1.8945975721902852,11183.259921888855,29.201607670418337,5.375269370967873,175877820.0,178133760.0,174866800.0,176170500.0,178133760.0,178133760.0,178133760.0,178133760.0,18503640.0,18503640.0,17907043.0,17933472.0,18503640.0,18503640.0,18503640.0,18503640.0,11,Lao People's Democratic Republic,Rice,4154.8
41,2020,51.670680102735,50.21386519952541,0.2664645548495981,0.2665051751629286,24.48302238252428,177500.3805669144,168.51775011899278,146.87086318988713,12.401842861213986,23.004120163046384,0.0423212523318407,0.0423254712504498,1.8828805554930552,11556.301318748401,27.667621443865478,4.8248134511401295,175877820.0,178133760.0,174497290.0,176170500.0,178133760.0,178133760.0,178133760.0,178133760.0,18503640.0,18503640.0,17906270.0,17933472.0,18503640.0,18503640.0,18503640.0,18503640.0,11,Lao People's Democratic Republic,Rice,3818.1
41,2021,54.17782434227746,53.14375425978244,0.27714735733138185,0.2771729597134554,24.094841464360556,176876.41217992143,176.49013308794395,145.36026400179384,12.20851717063611,23.58141173562226,0.04167968157797321,0.04167251706130947,1.8837202247181677,12024.99201234778,27.584456489852943,4.6448951709992095,175877820.0,178133760.0,174481740.0,176170500.0,178133760.0,178133760.0,178133760.0,178133760.0,18503640.0,18503640.0,17906220.0,17933472.0,18503640.0,18503640.0,18503640.0,18503640.0,11,Lao People's Democratic Republic,Rice,4071.9
41,2022,54.303424854266,60.7712270938881,0.28940344386630584,0.28939463952942684,23.962327517403498,172121.75282922928,182.07213027117194,145.26168195661424,12.33465511640425,26.279362355653777,0.041343083717684616,0.04133064773314237,1.8487611319399795,11902.42300620131,28.020594224542073,4.791874392057891,175877820.0,178133760.0,174512970.0,176170500.0,178133760.0,178133760.0,178133760.0,178133760.0,18503640.0,18503640.0,17906947.0,17933472.0,18503640.0,18503640.0,18503640.0,18503640.0,11,Lao People's Democratic Republic,Rice,4393.5
51,1984,42.479769504399805,42.932944534116366,0.23109311574981323,0.2228569722742842,20.104851404825848,194972.39072406272,156.13484977182776,139.79540728147597,10.640781227263748,25.921203672256986,0.04741293550819284,0.0516217417200718,3.6055359272180847,17964.849707718036,29.522931407583048,5.9020325766759765,271008720.0,274535460.0,213156525.0,267415560.0,274535460.0,274535460.0,273036960.0,273043764.0,28918404.0,28918404.0,22897618.0,28405332.0,28918404.0,28918404.0,28816992.0,28817532.0,3,Madagascar,Rice,1821.3
51,1985,42.479769504399805,40.43424345422262,0.2240145329248022,0.21815023530042477,20.11797497007582,199661.2582199386,149.6220548634863,147.21277795278934,10.640781227263748,24.18503243956054,0.04820063771555993,0.05169256559619281,3.7777878004914154,17873.370861830907,29.56486686968676,7.150840670891898,271008720.0,274535460.0,223238649.0,267415560.0,274535460.0,274535460.0,273036960.0,273043764.0,28918404.0,28918404.0,23845199.0,28405332.0,28918404.0,28918404.0,28816992.0,28817532.0,3,Madagascar,Rice,1840.0
51,1986,42.479769504399805,36.64282181100747,0.23147243740303172,0.22379571448847968,20.1082214779324,200497.1502310011,149.09870124451,145.99403936565844,10.640781227263748,22.328906491744835,0.05034962299736271,0.052426114709995884,3.676945124305568,17846.41579518229,32.254604458862524,6.837942403637985,271008720.0,274535460.0,173354781.0,267415560.0,274535460.0,274535460.0,273036960.0,273043764.0,28918404.0,28918404.0,18558585.0,28405332.0,28918404.0,28918404.0,28816992.0,28817532.0,3,Madagascar,Rice,1878.0
51,1987,42.479769504399805,32.958617402442385,0.22387757692851268,0.21884321694356515,20.726491822136772,202280.71369996466,154.19749799402857,146.12561958119147,10.640781227263748,22.144879465525307,0.04498239710063086,0.04824419403963612,3.603184823921134,17648.941018549776,27.88520796248129,5.978235016298482,271008720.0,274535460.0,209312697.0,267415560.0,274535460.0,274535460.0,273036960.0,273043764.0,28918404.0,28918404.0,22845651.0,28405332.0,28918404.0,28918404.0,28816992.0,28817532.0,3,Madagascar,Rice,1983.6
51,1988,42.479769504399805,33.95342814797805,0.2205608623368399,0.21578731044675686,20.695910259529395,204186.40771108193,146.8311875842483,145.11210660270774,10.640781227263748,21.21379807874758,0.04150389507636572,0.04603734781994918,3.7646007939530155,17199.133365685222,29.500419428281862,6.763763908075926,271008720.0,274535460.0,222355305.0,267415560.0,274535460.0,274535460.0,273036960.0,273043764.0,28918404.0,28918404.0,24575149.0,28405332.0,28918404.0,28918404.0,28816992.0,28817532.0,3,Madagascar,Rice,1934.3
51,1989,42.479769504399805,39.62601983521863,0.23257855781250528,0.22487301551166294,20.438354562830042,197354.84839019238,160.77374076157994,150.84976497471433,10.640781227263748,22.779521116627116,0.04074687653903201,0.04677867503750982,3.6364921208426986,18140.29957622639,29.702666888592503,6.658893463015219,271008720.0,274535460.0,226879497.0,267415560.0,274535460.0,274535460.0,273036960.0,273043764.0,28918404.0,28918404.0,25232959.0,28405332.0,28918404.0,28918404.0,28816992.0,28817532.0,3,Madagascar,Rice,2076.8
51,1990,42.479769504399805,29.949831688354887,0.22550972702878488,0.21874003555017602,20.632898136421485,204788.95129553377,161.2158114504364,152.28067413478962,10.640781227263748,17.578702738893785,0.040219295389772675,0.04551134624583088,3.6410670402440917,15815.117328521705,29.352616255520367,6.23896379888,271008720.0,274535460.0,224419326.0,267415560.0,274535460.0,274535460.0,273036960.0,273043764.0,28918404.0,28918404.0,24920435.0,28405332.0,28918404.0,28918404.0,28816992.0,28817532.0,3,Madagascar,Rice,2077.3
51,1991,42.479769504399805,34.864159021325776,0.2247561565427868,0.21863193611970486,20.56975636658845,202870.24254435566,154.62423812964593,150.62523280323572,10.640781227263748,23.26397461616315,0.043099358546381604,0.047234613049358935,3.730917505815297,18074.681665408552,30.232806884945997,7.180664837059213,271008720.0,274535460.0,237950079.0,267415560.0,274535460.0,274535460.0,273036960.0,273043764.0,28918404.0,28918404.0,26145166.0,28405332.0,28918404.0,28918404.0,28816992.0,28817532.0,3,Madagascar,Rice,2054.6
51,1992,42.479769504399805,36.72162202252144,0.21632690838089694,0.21419678862647687,20.378989272647434,203727.2628143349,141.45606779611728,147.5798367053718,10.640781227263748,23.659473279846367,0.04998020794627095,0.051735024149850484,3.777021022563489,17669.504563206676,28.823303991422517,7.362240941382847,271008720.0,274535460.0,260695755.0,267415560.0,274535460.0,274535460.0,273036960.0,273043764.0,28918404.0,28918404.0,27885929.0,28405332.0,28918404.0,28918404.0,28816992.0,28817532.0,3,Madagascar,Rice,2086.9
51,1993,42.479769504399805,34.9742865335142,0.22238018653459016,0.2222327281726824,20.347526144098353,202478.93641774275,147.24119071235384,142.85748410328475,10.640781227263748,21.10335345004228,0.043630768511773006,0.043842489655738864,3.647982057965144,17099.39518239289,26.274624066510697,6.396751716440731,271008720.0,274535460.0,266794239.0,267415560.0,274535460.0,274535460.0,273036960.0,273043764.0,28918404.0,28918404.0,28365014.0,28405332.0,28918404.0,28918404.0,28816992.0,28817532.0,3,Madagascar,Rice,2078.2
51,1994,42.479769504399805,37.346907922859764,0.22961755234886094,0.22868761283112612,20.494054352795636,198485.83734854672,129.2091261206284,139.03421586156983,10.640781227263748,21.55726707143804,0.04467775299420243,0.04608102828197915,3.5997822441334826,18001.131582167098,24.11438242201796,6.734190451817454,271008720.0,274535460.0,264795768.0,267415560.0,274535460.0,274535460.0,273036960.0,273043764.0,28918404.0,28918404.0,28220304.0,28405332.0,28918404.0,28918404.0,28816992.0,28817532.0,3,Madagascar,Rice,2069.4
51,1995,42.479769504399805,37.304009937698694,0.2209121438640135,0.2208400804590768,20.714302115970188,200695.33939437146,156.51239677788922,149.29869373403375,10.640781227263748,21.374602780423103,0.0463905485482544,0.0464593955487171,3.623730370671601,18336.694790514823,30.132330621075855,6.870593080413733,271008720.0,274535460.0,266677380.0,267415560.0,274535460.0,274535460.0,273036960.0,273043764.0,28918404.0,28918404.0,28365537.0,28405332.0,28918404.0,28918404.0,28816992.0,28817532.0,3,Madagascar,Rice,2130.4
51,1996,42.479769504399805,33.78807418330394,0.22074078120015284,0.22053288787375788,20.569914411615443,203220.8584112138,155.77054798055684,149.27838774352588,10.640781227263748,18.27719196075425,0.04233981168824699,0.042524679625890446,3.6036678848921953,17204.154162118128,27.832357006294583,6.048678395092601,271008720.0,274535460.0,265235886.0,267415560.0,274535460.0,274535460.0,273036960.0,273043764.0,28918404.0,28918404.0,28269374.0,28405332.0,28918404.0,28918404.0,28816992.0,28817532.0,3,Madagascar,Rice,2193.0
51,1997,42.479769504399805,39.239096401638236,0.22766830441024566,0.2274297243829522,20.65166605843438,200101.13614397033,162.45181633161818,147.47457266760247,10.640781227263748,22.217141787568885,0.048322943463112625,0.04836386406754464,3.7191599187533715,17160.340351162627,30.690421675587412,6.812988683089092,271008720.0,274535460.0,264906252.0,267415560.0,274535460.0,274535460.0,273036960.0,273043764.0,28918404.0,28918404.0,28261618.0,28405332.0,28918404.0,28918404.0,28816992.0,28817532.0,3,Madagascar,Rice,2173.7
51,1998,42.479769504399805,39.63496038346918,0.222097132217001,0.22200314531338172,20.93182318298905,200446.8079678306,159.9283306762945,145.65299020346475,10.640781227263748,21.681417543341595,0.04550588884313541,0.045581952534461394,3.7376415278085973,17789.434533610176,27.68766351567318,6.47578047241429,271008720.0,274535460.0,264583920.0,267415560.0,274535460.0,274535460.0,273036960.0,273043764.0,28918404.0,28918404.0,28280286.0,28405332.0,28918404.0,28918404.0,28816992.0,28817532.0,3,Madagascar,Rice,2034.1
51,1999,42.479769504399805,31.607678171223583,0.2177617251873016,0.21787420701561255,20.60437642203437,205653.46693244058,158.11769398781794,144.28812596288515,10.640781227263748,17.519977099731918,0.043101902457808226,0.04319631641611723,3.765526929412844,16402.465419991186,26.576924486193313,5.993392777880472,271008720.0,274535460.0,263747412.0,267415560.0,274535460.0,274535460.0,273036960.0,273043764.0,28918404.0,28918404.0,28192175.0,28405332.0,28918404.0,28918404.0,28816992.0,28817532.0,3,Madagascar,Rice,2128.4
51,2000,35.54845921151831,35.09253520504112,0.22038688634832695,0.22010797993396877,20.658356542940492,200714.12657780177,128.24825280564622,139.97961290456,11.14256946400146,20.873579671120414,0.048060602832957926,0.04817365392581312,3.7824370887758985,18228.722842066218,29.142773543495995,6.456895692389273,165616440.0,274535460.0,262892316.0,267415560.0,274535460.0,274535460.0,273036960.0,273043764.0,17672358.0,28918404.0,28041929.0,28405332.0,28918404.0,28918404.0,28816992.0,28817532.0,3,Madagascar,Rice,2051.2
51,2001,43.53794910023086,36.954718283688734,0.219193333690917,0.21633260457897285,20.866171766210485,206061.15565429846,154.9859485094599,150.6569202267462,10.901660439458155,20.716388975892393,0.0429903484651716,0.04453413965072311,3.653128208421398,17242.403375593774,27.566180151035187,6.067149935482059,271008720.0,274535460.0,243783441.0,267415560.0,274535460.0,274535460.0,273036960.0,273043764.0,28918404.0,28918404.0,26869487.0,28405332.0,28918404.0,28918404.0,28816992.0,28817532.0,3,Madagascar,Rice,2195.6
51,2002,44.1614549971798,35.50286793855062,0.22780688258784784,0.22678203935629165,20.809941539057977,200552.5101610636,156.19768566219952,149.3319788897115,11.018205155213955,21.995254641714027,0.048232662820170406,0.049060874618357404,3.707875067375711,17612.435608484357,29.381606151419238,6.53604219417405,271008720.0,274535460.0,262944438.0,267415560.0,274535460.0,274535460.0,273036960.0,273043764.0,28918404.0,28918404.0,28124379.0,28405332.0,28918404.0,28918404.0,28816992.0,28817532.0,3,Madagascar,Rice,2141.4
51,2003,43.56213977796756,38.1342540729061,0.23218380673616018,0.22933039143418044,20.845401940522372,200165.0663177068,153.8307351495747,148.63657378936853,11.225855741894009,23.341746490110925,0.042944635372667635,0.044981908399965596,3.6540267105690294,18277.80563901407,29.48005546260635,6.252494326199214,271008720.0,274535460.0,250918377.0,267415560.0,274535460.0,274535460.0,273036960.0,273043764.0,28918404.0,28918404.0,27187342.0,28405332.0,28918404.0,28918404.0,28816992.0,28817532.0,3,Madagascar,Rice,2296.2
51,2004,43.81518257721471,39.80791576574993,0.2362120815173343,0.23191857675673605,20.847435703984015,197367.56652384263,153.8512706284626,147.8768615091274,11.185230188808521,22.969942626057648,0.04450611269473437,0.04738308766693152,3.7316335255048076,18520.30014131453,28.993238489725314,6.571339353059921,271008720.0,274535460.0,248837382.0,267415560.0,274535460.0,274535460.0,273036960.0,273043764.0,28918404.0,28918404.0,27006678.0,28405332.0,28918404.0,28918404.0,28816992.0,28817532.0,3,Madagascar,Rice,2447.5
51,2005,43.477803787415866,36.38057266973496,0.2336030912895997,0.2295110233535707,20.83563078774346,203309.45329512205,155.95274446152797,148.60424263420535,10.98958413420472,22.286390403371247,0.04217613611942249,0.045455728576772506,3.6562941099236554,17402.4525137862,27.058343168979096,6.584817723640062,271008720.0,274535460.0,248971032.0,267415560.0,274535460.0,274535460.0,273036960.0,273043764.0,28918404.0,28918404.0,27005263.0,28405332.0,28918404.0,28918404.0,28816992.0,28817532.0,3,Madagascar,Rice,2714.0
51,2006,42.35010305559791,32.92256314106643,0.22439530133097257,0.2210271652339532,21.073453126130282,204551.67945721405,145.53331532381804,150.66336366089774,10.722788113093987,19.673671501002204,0.04207691215561501,0.04458117928211396,3.7478264185020356,17486.610332637134,27.46639538302065,6.907713574200095,271008720.0,274535460.0,249288078.0,267415560.0,274535460.0,274535460.0,273036960.0,273043764.0,28918404.0,28918404.0,27018046.0,28405332.0,28918404.0,28918404.0,28816992.0,28817532.0,3,Madagascar,Rice,2766.7
51,2007,43.76721471594166,41.087589923778474,0.23493901419418825,0.23070966551021754,20.879990648340296,199760.99896777183,149.8446846894515,150.4887075769397,10.734473960075256,22.140599854786814,0.039095544259364956,0.04296144090199009,3.6634714551078047,18418.115201306406,28.312673918415243,10.182683580414873,271008720.0,274535460.0,253975434.0,267415560.0,274535460.0,274535460.0,274244085.0,274245408.0,28918404.0,28918404.0,27114795.0,28405332.0,28918404.0,28918404.0,28898685.0,28898790.0,3,Madagascar,Rice,2826.8
51,2008,42.93745585972006,33.59175845238925,0.23491369243021362,0.230717740350993,20.66617552439372,201759.36933536647,158.5859251427584,150.28627775868816,10.625936174703154,18.98713477421253,0.043151668423706685,0.046249730207380046,3.684371857121895,17244.768822038484,28.771282013620993,11.483387583533151,271008720.0,274535460.0,253977999.0,267415560.0,274535460.0,274535460.0,274535460.0,274535460.0,28918404.0,28918404.0,27116511.0,28405332.0,28918404.0,28918404.0,28918404.0,28918404.0,3,Madagascar,Rice,3049.5
51,2009,43.750313312234525,34.21947630425223,0.23502445414110462,0.23079758892007027,20.992019088179976,199951.3644632679,160.36508157732803,151.14606539420544,10.672008096504989,19.13904308332744,0.04452988911289769,0.04720052573799807,3.6814750451723004,17912.9594194862,28.283111103828542,11.394664663482137,271008720.0,274535460.0,253704930.0,267415560.0,274535460.0,274535460.0,274535460.0,274535460.0,28918404.0,28918404.0,27111556.0,28405332.0,28918404.0,28918404.0,28918404.0,28918404.0,3,Madagascar,Rice,3505.6
51,2010,41.889837983766675,33.25866933661557,0.22083508913163782,0.21794147080193366,21.23461189976445,203348.7597172318,154.5266878610824,151.9499007681834,10.640781227263748,20.63106843559346,0.046328824063111666,0.04806126861407026,3.7073960012278047,17801.42079744578,28.952203993275262,11.420365923430952,271008720.0,274535460.0,253627440.0,267415560.0,274535460.0,274535460.0,274535460.0,274535460.0,28918404.0,28918404.0,27206441.0,28405332.0,28918404.0,28918404.0,28918404.0,28918404.0,3,Madagascar,Rice,3624.9
51,2011,44.23348312068626,39.13515352737124,0.2282775550804756,0.22509100972179466,20.992074648539226,202290.3550047332,160.62424956029204,150.8376862715232,10.328033420492883,23.997505257496385,0.04097507821968815,0.04349973385361989,3.5474770566831846,16090.571178820692,26.674847680651396,11.180636998512185,271008720.0,274535460.0,254286363.0,267415560.0,274535460.0,274535460.0,274535460.0,274535460.0,28918404.0,28918404.0,27257736.0,28405332.0,28918404.0,28918404.0,28918404.0,28918404.0,3,Madagascar,Rice,3643.0
51,2012,44.173754357800945,37.686539884200506,0.22978106375645704,0.22723949197948368,20.87931827262596,200064.8671778237,159.73093751819476,150.45508361451908,10.286097063294127,20.803639150023404,0.04300182750410327,0.04489079642925501,3.6485863539973393,17406.64686874125,26.543467243430513,10.971755459502024,271008720.0,274535460.0,259415367.0,267415560.0,274535460.0,274535460.0,274535460.0,274535460.0,28918404.0,28918404.0,27644118.0,28405332.0,28918404.0,28918404.0,28918404.0,28918404.0,3,Madagascar,Rice,3650.2
51,2013,41.886852965456974,35.79991316946842,0.21723624677569775,0.21666806439212752,20.869023817556876,204376.01205693145,153.09883418875398,150.87629564901712,9.88011520501277,21.186499526274638,0.04406168451795231,0.04445508753214194,3.6549266522046584,17072.503626965503,26.5145215764614,11.499577871977886,271008720.0,274535460.0,264690474.0,267415560.0,274535460.0,274535460.0,274535460.0,274535460.0,28918404.0,28918404.0,28053412.0,28405332.0,28918404.0,28918404.0,28918404.0,28918404.0,3,Madagascar,Rice,3560.7
51,2014,41.041785071419284,34.18898237276367,0.2147776030555919,0.21423837616217373,21.053173489040798,202238.48719632407,151.09577790501646,151.64420441865246,10.308621427937478,20.767360063207136,0.043067613707352494,0.04345168776547802,3.583896222563978,18241.71088100062,27.233882177891108,11.407422155798576,271008720.0,274535460.0,264740418.0,267415560.0,274535460.0,274535460.0,274535460.0,274535460.0,28918404.0,28918404.0,28066010.0,28405332.0,28918404.0,28918404.0,28918404.0,28918404.0,3,Madagascar,Rice,3251.9
51,2015,41.002812991647914,39.73025774614772,0.22110903539039467,0.22058188160822456,21.120585141358553,197995.23601555967,148.8018655205642,151.36405965395522,10.699749665536084,21.083617436156455,0.04345991067766624,0.04388278291351132,3.6088871230836563,17885.067512217713,28.14431971538427,11.230100139245566,271008720.0,274535460.0,265750107.0,267415560.0,274535460.0,274535460.0,274535460.0,274535460.0,28918404.0,28918404.0,28197509.0,28405332.0,28918404.0,28918404.0,28918404.0,28918404.0,3,Madagascar,Rice,3292.5
51,2016,41.04556821738801,31.42524218003127,0.21209257910097085,0.2120925861903016,21.033024275744403,204335.6671880053,151.2592197551978,151.59642084863484,10.744908428656709,19.595314313980936,0.0502624501461435,0.05026246043756069,3.7035351358931115,17582.76970407152,29.253376879130478,11.637631678131626,271008720.0,274535460.0,267326874.0,267415560.0,274535460.0,274535460.0,274535460.0,274535460.0,28918404.0,28918404.0,28405306.0,28405332.0,28918404.0,28918404.0,28918404.0,28918404.0,3,Madagascar,Rice,3019.2
51,2017,41.844399237448435,35.27309716522445,0.21612760355627092,0.2161276062277501,21.27238326602512,201186.99503922375,154.23746278765896,151.34163212142974,10.173951216629334,22.435919913765247,0.047980483984742736,0.04798049214668993,3.686774246564881,16522.626715755574,26.566638668434354,11.218052532079142,271008720.0,274535460.0,267347340.0,267415560.0,274535460.0,274535460.0,274535460.0,274535460.0,28918404.0,28918404.0,28405312.0,28405332.0,28918404.0,28918404.0,28918404.0,28918404.0,3,Madagascar,Rice,2885.7
51,2018,40.09193928729422,36.58809792071369,0.21227786193291343,0.2122778612850921,20.982816342954283,204384.2159388438,149.43237667911248,151.177095909754,10.634956785391909,25.692571072615326,0.051223517407402594,0.05122352541906768,3.6892634439444945,17650.17873664094,30.031345930684445,11.380981462060744,271008720.0,274535460.0,267360984.0,267415560.0,274535460.0,274535460.0,274535460.0,274535460.0,28918404.0,28918404.0,28405316.0,28405332.0,28918404.0,28918404.0,28918404.0,28918404.0,3,Madagascar,Rice,2723.0
51,2019,43.40365241688264,41.23293870949998,0.22196661142839322,0.22196661845499485,21.424961973119665,200824.96745974166,156.7157408122439,150.5708724434515,10.062392435728283,24.642244176586686,0.045280058227280276,0.045280062527495474,3.596432372482886,17291.644454944653,27.511274717705774,11.285170169509982,271008720.0,274535460.0,267367806.0,267415560.0,274535460.0,274535460.0,274535460.0,274535460.0,28918404.0,28918404.0,28405318.0,28405332.0,28918404.0,28918404.0,28918404.0,28918404.0,3,Madagascar,Rice,2443.2
51,2020,39.600493879279256,31.43191324138972,0.211483191008921,0.21148319574895105,21.24476722434715,203116.02180367845,147.18685212882534,151.8909349585305,10.376991147952513,20.983555659452943,0.05087082158950113,0.05087082615642853,3.779747255750189,20519.00558440028,30.293321891769644,11.663288425036741,271008720.0,274535460.0,267367806.0,267415560.0,274535460.0,274535460.0,274535460.0,274535460.0,28918404.0,28918404.0,28405318.0,28405332.0,28918404.0,28918404.0,28918404.0,28918404.0,3,Madagascar,Rice,2524.8
51,2021,39.855647137353934,33.48346298818811,0.2077292626102765,0.20772926307247824,21.164858959339284,204306.2791378489,141.87376671988665,151.73335841445424,10.699118858681636,21.38074685770437,0.04863617037651546,0.04863617787165541,3.6734322746890777,16692.25991726201,29.32526722738689,11.517493753279044,271008720.0,274535460.0,267333696.0,267415560.0,274535460.0,274535460.0,274535460.0,274535460.0,28918404.0,28918404.0,28405308.0,28405332.0,28918404.0,28918404.0,28918404.0,28918404.0,3,Madagascar,Rice,2744.6
51,2022,39.76899315675745,38.077162058803594,0.215372827593927,0.21537284638201315,20.840338000544794,202130.81864930136,137.64704655042922,150.5120947482474,10.144263669461171,22.70255366591277,0.050037003208523945,0.05003701598802101,3.7335232228064013,18255.520616004076,27.39790326737134,11.582441438747365,271008720.0,274535460.0,267326874.0,267415560.0,274535460.0,274535460.0,274535460.0,274535460.0,28918404.0,28918404.0,28405306.0,28405332.0,28918404.0,28918404.0,28918404.0,28918404.0,3,Madagascar,Rice,2868.8
79,1984,49.977825199153735,1.2322086271739954,0.12542180003713088,0.13081971422825384,20.654440274945014,206438.58274374207,149.69959659262506,145.87766792774997,9.231557871465272,1.0081746724185485,0.030359078233332778,0.03261634291610819,1.3038487845654043,9581.664086453666,39.8389669214704,3.533056852155494,36578088.0,965282616.0,780674072.0,948460752.0,965284344.0,965284344.0,950150952.0,950244696.0,28606392.0,28606392.0,18973836.0,28180908.0,28606392.0,28606392.0,28504260.0,28504260.0,4,Egypt,Rice,5405.8
79,1985,49.977825199153735,1.7247855589500676,0.12756390790282573,0.1325233864247821,20.93836768909737,204755.82840757686,146.12807562760585,150.9067948208108,9.231557871465272,1.4415783053994315,0.03165425446878825,0.0339115744113793,1.300447710382844,9215.791147326936,38.882772067273606,4.176681215215389,36578088.0,965282616.0,842407176.0,948460752.0,965284344.0,965284344.0,950150952.0,950244696.0,28606392.0,28606392.0,19855078.0,28180908.0,28606392.0,28606392.0,28504260.0,28504260.0,4,Egypt,Rice,5947.8
79,1986,49.977825199153735,1.5700273749145663,0.1290913244163749,0.13281947534879399,20.84507821224354,203427.6308210983,145.79702335314204,150.6905848210698,9.231557871465272,1.3342041112364225,0.03209633000073775,0.033589627490592036,1.2188241978952448,10075.574194915493,41.818094837282246,4.182569076151666,36578088.0,965282616.0,727046436.0,948460752.0,965284344.0,965284344.0,950150952.0,950244696.0,28606392.0,28606392.0,17844326.0,28180908.0,28606392.0,28606392.0,28504260.0,28504260.0,4,Egypt,Rice,5774.7
79,1987,49.977825199153735,1.3640896950379502,0.12485207467540803,0.1321473483698056,20.362157071078265,205120.04317238022,154.52518063542212,148.5541949009755,9.231557871465272,1.0828455045045713,0.030669917483327164,0.03310722058886159,1.388379022492191,9976.93246204618,37.543211307705576,3.9445949936222595,36578088.0,965282616.0,767764248.0,948460752.0,965284344.0,965284344.0,950150952.0,950244696.0,28606392.0,28606392.0,17880775.0,28180908.0,28606392.0,28606392.0,28504260.0,28504260.0,4,Egypt,Rice,5826.5
79,1988,49.977825199153735,1.7915389058518163,0.12150748400461103,0.12956210618046227,20.88585904350987,204875.7464360123,154.14760825405503,148.0853298389197,9.231557871465272,1.4105245250883593,0.026238436321744697,0.030586991316284177,1.3880720220169525,9547.46283258594,38.687492525473075,3.7892474036763817,36578088.0,965282616.0,779547102.0,948460752.0,965284344.0,965284344.0,950150952.0,950244696.0,28606392.0,28606392.0,17768214.0,28180908.0,28606392.0,28606392.0,28504260.0,28504260.0,4,Egypt,Rice,6063.7
79,1989,49.977825199153735,1.4641238638264882,0.12237170976759103,0.12948655457012265,20.679281345120184,206711.39780202502,158.1640697003773,154.4920021524296,9.231557871465272,1.211693799605233,0.0260421704626774,0.030424245227858065,1.3799290529640513,9570.312482195553,44.24311493049075,4.789478086257348,36578088.0,965282616.0,785985696.0,948460752.0,965284344.0,965284344.0,950150952.0,950244696.0,28606392.0,28606392.0,18217894.0,28180908.0,28606392.0,28606392.0,28504260.0,28504260.0,4,Egypt,Rice,6482.5
79,1990,49.977825199153735,1.7292044923935366,0.12412486470269933,0.13078393894001053,20.79528648323483,206945.30735032115,159.36087951464629,153.81547761517473,9.231557871465272,1.3966964046167798,0.028292855661316386,0.03154327484847695,1.306971593519085,8839.291965732415,44.43565753631994,4.640547507880336,36578088.0,965282616.0,786705078.0,948460752.0,965284344.0,965284344.0,950150952.0,950244696.0,28606392.0,28606392.0,18115044.0,28180908.0,28606392.0,28606392.0,28504260.0,28504260.0,4,Egypt,Rice,7266.3
79,1991,49.977825199153735,1.8420846954274732,0.12768641493662636,0.13385244290902942,20.58198214901818,201127.59895174042,152.4984726732202,151.37978948389318,9.231557871465272,1.6739321860542535,0.03028036509218554,0.03410946480894233,1.402245184199929,9942.56712652234,40.84728259365875,4.429126136110339,36578088.0,965282616.0,774220926.0,948460752.0,965284344.0,965284344.0,950150952.0,950244696.0,28606392.0,28606392.0,20390757.0,28180908.0,28606392.0,28606392.0,28504260.0,28504260.0,4,Egypt,Rice,7455.4
79,1992,49.977825199153735,1.647700025534665,0.13503743494274437,0.13559901368002542,20.03690242767334,200655.89851043024,145.98394816533462,148.33564387843316,9.231557871465272,1.5217571933470913,0.034351676500901734,0.03460969643368493,1.3890506022934792,10165.555979008508,39.77753164074076,4.272756694937329,36578088.0,965282616.0,880088646.0,948460752.0,965284344.0,965284344.0,950150952.0,950244696.0,28606392.0,28606392.0,26717592.0,28180908.0,28606392.0,28606392.0,28504260.0,28504260.0,4,Egypt,Rice,7651.1
79,1993,49.977825199153735,1.3286533642521179,0.13101958738708935,0.13143004175239403,20.897803487601102,205439.65339407034,157.20068289110552,147.62482596921475,9.231557871465272,1.0999082812282683,0.03195182044994409,0.03210297066983375,1.4075860214641183,8881.051391743962,34.42132928967366,3.829400698737964,36578088.0,965282616.0,889212936.0,948460752.0,965284344.0,965284344.0,950150952.0,950244696.0,28606392.0,28606392.0,27232452.0,28180908.0,28606392.0,28606392.0,28504260.0,28504260.0,4,Egypt,Rice,7718.4
79,1994,49.977825199153735,1.7070175983549727,0.13655027633325917,0.13734115017506243,21.27068943006021,203347.5988041261,154.49630279377294,145.85210795255693,9.231557871465272,1.4225802307288933,0.035136559077519385,0.035652892012553755,1.2439800038168272,9736.057708634738,32.23510956869075,3.3377388019873417,36578088.0,965282616.0,889788654.0,948460752.0,965284344.0,965284344.0,950150952.0,950244696.0,28606392.0,28606392.0,27512880.0,28180908.0,28606392.0,28606392.0,28504260.0,28504260.0,4,Egypt,Rice,7913.0
79,1995,49.977825199153735,1.2573242254246095,0.13074192042566002,0.13242652549549255,20.968498909914935,206273.31885849277,162.9909741328395,150.75276166526135,9.231557871465272,1.0303083810776823,0.03171775797763084,0.032849598023724266,1.3626562757330722,9175.386782482594,35.55661336970499,4.028517604999861,36578088.0,965282616.0,892190124.0,948460752.0,965284344.0,965284344.0,950150952.0,950244696.0,28606392.0,28606392.0,26909201.0,28180908.0,28606392.0,28606392.0,28504260.0,28504260.0,4,Egypt,Rice,8135.6
79,1996,49.977825199153735,1.2505677358087255,0.13217541306383077,0.13289468257393228,21.26095058741393,205430.12061619872,161.70343927625566,150.79446104635815,9.231557871465272,1.0633649577971527,0.03192787873219775,0.032517945040230804,1.3541976905335167,9841.125114921118,37.21118942434473,3.9622454930536075,36578088.0,965282616.0,894063918.0,948460752.0,965284344.0,965284344.0,950150952.0,950244696.0,28606392.0,28606392.0,27573422.0,28180908.0,28606392.0,28606392.0,28504260.0,28504260.0,4,Egypt,Rice,8291.0
79,1997,49.977825199153735,1.2935859117947481,0.13285828381776807,0.13278415118259126,21.06669514709049,204489.8819950582,165.82746627985702,149.13109109974715,9.231557871465272,1.0280684751710634,0.03227505399599076,0.03229213266922808,1.2218633533935122,10052.344994313886,35.99684324400747,3.927233296820708,36578088.0,965282616.0,890206680.0,948460752.0,965284344.0,965284344.0,950150952.0,950244696.0,28606392.0,28606392.0,28071256.0,28180908.0,28606392.0,28606392.0,28504260.0,28504260.0,4,Egypt,Rice,8415.2
79,1998,49.977825199153735,1.5013960142181901,0.14184286231519996,0.14070393675210555,22.00614204230132,204883.91268485767,166.62285803291564,149.28639714403258,9.231557871465272,1.2418952648986508,0.032698928099046655,0.033135680375788575,1.2039906059180796,9515.442066589252,33.2343140904024,3.8204065180739963,36578088.0,965282616.0,911005278.0,948460752.0,965284344.0,965284344.0,950150952.0,950244696.0,28606392.0,28606392.0,26891678.0,28180908.0,28606392.0,28606392.0,28504260.0,28504260.0,4,Egypt,Rice,8640.1
79,1999,49.977825199153735,1.1194155805284678,0.136659228829322,0.1367952176179531,22.047290916796083,208440.06076971316,160.66341040650167,147.00848651229606,9.231557871465272,0.9184230990785799,0.03212974427010722,0.0322702485390908,1.1420698708000057,8646.088117919702,33.1422938548266,3.512774040087291,36578088.0,965282616.0,894491916.0,948460752.0,965284344.0,965284344.0,950150952.0,950244696.0,28606392.0,28606392.0,24995568.0,28180908.0,28606392.0,28606392.0,28504260.0,28504260.0,4,Egypt,Rice,8878.0
79,2000,43.6385363387101,1.5730317457972485,0.14130395364568185,0.14049862245909703,21.079940760577166,205293.74297076536,144.06653807349852,143.95851974980684,10.001020817986348,1.3522805407903735,0.03474962658179056,0.0343294299263249,1.2000883935281235,10158.620405205093,35.87015592514408,3.208876193953532,22353276.0,965282616.0,897941034.0,948460752.0,965284344.0,965284344.0,950150952.0,950244696.0,17481684.0,28606392.0,24709448.0,28180908.0,28606392.0,28606392.0,28504260.0,28504260.0,4,Egypt,Rice,9102.5
79,2001,49.252274965039405,1.210535788035916,0.1340924066111997,0.1365249030292779,21.701410320070053,206594.15682099108,164.75200017420642,151.79351038454362,10.115615186172658,1.0947106029768354,0.034470168868750525,0.032750500240824494,1.1849406072288635,9427.427903834385,33.14695296907384,3.830372533855225,36578088.0,965282616.0,871550220.0,948460752.0,965284344.0,965284344.0,950150952.0,950244696.0,28606392.0,28606392.0,20416782.0,28180908.0,28606392.0,28606392.0,28504260.0,28504260.0,4,Egypt,Rice,9283.3
79,2002,50.22594705425309,1.5403497772764936,0.13985411043244375,0.13956773034141912,21.803437219725716,205021.32664312664,163.0525049550495,151.20151118581074,10.295269525021759,1.3498589204750862,0.03578264892926898,0.03389313697884181,1.2735601631931486,9620.29565853693,34.70397513962505,3.9045114990909577,36578088.0,965282616.0,901517700.0,948460752.0,965284344.0,965284344.0,950150952.0,950244696.0,28606392.0,28606392.0,25104607.0,28180908.0,28606392.0,28606392.0,28504260.0,28504260.0,4,Egypt,Rice,9388.9
79,2003,49.45208736709434,1.4790745217165895,0.13389598195337585,0.13560281381488634,21.483514074926024,205945.96035085502,161.8614776195614,150.72810861819198,10.177983261783863,1.3019583671217074,0.03125248387137421,0.03304507723416798,1.2624354711031958,9793.211438610402,34.38472384105055,3.7821026496412666,36578088.0,965282616.0,872376492.0,948460752.0,965284344.0,965284344.0,950150952.0,950244696.0,28606392.0,28606392.0,23582087.0,28180908.0,28606392.0,28606392.0,28504260.0,28504260.0,4,Egypt,Rice,9748.4
79,2004,49.526770118845526,1.884471863521445,0.133386834697039,0.13460641507273363,21.394261572096084,206429.15624831425,162.91680329920982,150.52142877409395,9.934150829878037,1.715790846843876,0.031604116885238134,0.03242636432416178,1.3087756321953878,9440.72471027085,34.19643912397161,3.7871816976384918,36578088.0,965282616.0,873020706.0,948460752.0,965284344.0,965284344.0,950150952.0,950244696.0,28606392.0,28606392.0,22364294.0,28180908.0,28606392.0,28606392.0,28504260.0,28504260.0,4,Egypt,Rice,9838.4
79,2005,50.29874586998504,1.300756652798802,0.13445144705474374,0.13441667821590592,21.347330058062518,206350.67652739977,165.3392460623109,150.13789063296005,9.814535601063861,1.1247793650028794,0.032127233738116615,0.03264167506294969,1.2967163861179518,9183.34789784094,31.739697161357146,3.7521125567377767,36578088.0,965282616.0,884517642.0,948460752.0,965284344.0,965284344.0,950150952.0,950244696.0,28606392.0,28606392.0,23847728.0,28180908.0,28606392.0,28606392.0,28504260.0,28504260.0,4,Egypt,Rice,9987.4
79,2006,50.65556852293458,1.3385825529795494,0.13692533438680346,0.1366712320991764,21.31934788050475,205277.0866977302,162.72127399152117,150.30025458771485,9.890411665442027,1.180359468640704,0.03464556040678319,0.034884053094320314,1.3022655039914257,9775.008848237068,29.76771428743086,3.7914408192819176,36578088.0,965282616.0,896548518.0,948460752.0,965284344.0,965284344.0,950150952.0,950244696.0,28606392.0,28606392.0,26722402.0,28180908.0,28606392.0,28606392.0,28504260.0,28504260.0,4,Egypt,Rice,10075.0
79,2007,50.85955971014284,1.2636859969544871,0.12781643450122185,0.13024762622967345,21.607197765950804,205235.9818054557,162.59484055463813,150.65620594785014,9.904809000049731,1.0938908566176357,0.030185786239739214,0.03262263703321699,1.2513586591009054,9768.17340918895,28.223787287266607,4.952675932422057,36578088.0,965282616.0,895133316.0,948460752.0,965284344.0,965284344.0,962341740.0,962359968.0,28606392.0,28606392.0,26214370.0,28180908.0,28606392.0,28606392.0,28586533.0,28586533.0,4,Egypt,Rice,9767.5
79,2008,49.977825199153735,1.2633236313884306,0.12911103814150446,0.13130466281373904,22.036488515359384,207145.00100732403,171.1783677624452,151.0095606656345,9.602302713833618,1.0758016222937963,0.02954052029471697,0.03195856872811586,1.2493939059288943,9174.83789598912,26.57044162561994,5.7133996576960255,36578088.0,965282616.0,894004620.0,948460752.0,965284344.0,965284344.0,965284344.0,965284344.0,28606392.0,28606392.0,26218028.0,28180908.0,28606392.0,28606392.0,28606392.0,28606392.0,4,Egypt,Rice,9734.9
79,2009,49.61844564644199,1.2682196915027735,0.12302667064661225,0.12575004709091764,22.025147018609225,207629.9928738673,170.8506502819451,151.2282204811308,9.381529771387276,1.0926733877007786,0.028110079341189222,0.030882848562972423,1.172704307493696,8542.548827486635,25.70023548204208,5.38375198220008,36578088.0,965282616.0,881813322.0,948460752.0,965284344.0,965284344.0,965284344.0,965284344.0,28606392.0,28606392.0,26190596.0,28180908.0,28606392.0,28606392.0,28606392.0,28606392.0,4,Egypt,Rice,9593.0
79,2010,47.93325868659949,1.0220888111508484,0.12433996275757195,0.12690214589291873,22.954713808165657,208208.07174018866,166.56905556844507,153.40352164254338,9.105293803676673,0.8343002176090204,0.027320497381566326,0.03001862382488783,1.433642015950657,8660.388529590691,24.93003377237267,5.5087706190554675,36578088.0,965282616.0,897811506.0,948460752.0,965284344.0,965284344.0,965284344.0,965284344.0,28606392.0,28606392.0,26025281.0,28180908.0,28606392.0,28606392.0,28606392.0,28606392.0,4,Egypt,Rice,9421.7
79,2011,49.68453066647842,1.2650840719930045,0.12619222973093938,0.12870724660812818,21.435237584290682,203018.32598341003,169.93354160528892,149.9907252864555,9.521643856361289,1.0574822217786326,0.027831812467931413,0.030543617266084684,1.2040294457679626,10908.836770350114,25.421745027933884,5.390977341989226,36578088.0,965282616.0,906497784.0,948460752.0,965284344.0,965284344.0,965284344.0,965284344.0,28606392.0,28606392.0,26425446.0,28180908.0,28606392.0,28606392.0,28606392.0,28606392.0,4,Egypt,Rice,9567.0
79,2012,50.809789613672166,1.5904966888378327,0.12627806335135738,0.1276930841500824,21.943185660574173,205642.54671542064,172.18694628280448,150.8393259952789,9.231557871465272,1.4491280324951938,0.030349592678547352,0.03184135913653308,1.2848718361236036,9664.513367903188,25.26084484602264,5.490541494358921,36578088.0,965282616.0,917399670.0,948460752.0,965284344.0,965284344.0,965284344.0,965284344.0,28606392.0,28606392.0,27277317.0,28180908.0,28606392.0,28606392.0,28606392.0,28606392.0,4,Egypt,Rice,9529.6
79,2013,49.97284984563056,1.4636959850000866,0.1294001626471678,0.12945392654288929,21.877621169443483,208364.47277945763,167.51626218802335,151.13728749336198,8.951753856528061,1.2500316679105115,0.03193732536965229,0.03221482201286583,1.27831285961867,8507.188010897844,24.434962727705706,5.531375282941245,36578088.0,965282616.0,917739630.0,948460752.0,965284344.0,965284344.0,965284344.0,965284344.0,28606392.0,28606392.0,27624096.0,28180908.0,28606392.0,28606392.0,28606392.0,28606392.0,4,Egypt,Rice,9586.5
79,2014,50.49203367183426,1.1338622333543562,0.13059024109194672,0.13046396606684713,22.21355942002049,204657.18952968568,168.94015767713233,151.43151663531293,9.218309486666323,0.8980653207124384,0.03127598019576025,0.03145573931043756,1.3576881374197076,9578.639467765288,24.24028943020435,5.443185941119643,36578088.0,965282616.0,910079976.0,948460752.0,965284344.0,965284344.0,965284344.0,965284344.0,28606392.0,28606392.0,27680865.0,28180908.0,28606392.0,28606392.0,28606392.0,28606392.0,4,Egypt,Rice,9530.0
79,2015,49.80882145670476,1.5345140392065917,0.13133586970744307,0.13099281828538023,22.21212661266327,203367.6252269968,168.56203940573977,151.61221757937122,9.102877189973333,1.3747675316846013,0.031713694129205106,0.03194067922003291,1.2691655211070136,9643.398097365556,25.074704450156098,5.431644374975311,36578088.0,965282616.0,901377534.0,948460752.0,965284344.0,965284344.0,965284344.0,965284344.0,28606392.0,28606392.0,27699365.0,28180908.0,28606392.0,28606392.0,28606392.0,28606392.0,4,Egypt,Rice,9431.2
79,2016,49.419636295286494,2.567127494880332,0.13057278231200242,0.13029890049923518,22.797765700905412,206997.72737593818,167.22651104446754,151.91972367624345,8.99222939640142,2.1418123320409976,0.030946342973005685,0.03108562601510219,1.2055392464603056,8494.817856475129,24.058745297328933,5.512183990260329,36578088.0,965282616.0,911297430.0,948460752.0,965284344.0,965284344.0,965284344.0,965284344.0,28606392.0,28606392.0,27992684.0,28180908.0,28606392.0,28606392.0,28606392.0,28606392.0,4,Egypt,Rice,9335.3
79,2017,50.71429337679837,1.4143595439433776,0.12986673611319724,0.12956766535521505,22.29282651124177,207015.61002070946,171.30941712470764,151.53656510377317,9.160659522517689,1.1275381538289115,0.030377382046717444,0.03051814907164995,1.1393743596169008,9023.33183332437,24.505088713855372,5.37180152138907,36578088.0,965282616.0,903051480.0,948460752.0,965284344.0,965284344.0,965284344.0,965284344.0,28606392.0,28606392.0,27900554.0,28180908.0,28606392.0,28606392.0,28606392.0,28606392.0,4,Egypt,Rice,9024.5
79,2018,49.89787332448826,1.804965734141641,0.13588536541081134,0.1356441332014293,23.14615994029575,204453.2182892142,165.93382489146936,152.6606704897699,8.800597047542686,1.5708018382831568,0.03180566701336937,0.0319316552141751,1.2019780737026484,9169.126893702625,26.629602829898708,5.239591725772239,36578088.0,965282616.0,914866824.0,948460752.0,965284344.0,965284344.0,965284344.0,965284344.0,28606392.0,28606392.0,28002117.0,28180908.0,28606392.0,28606392.0,28606392.0,28606392.0,4,Egypt,Rice,8651.1
79,2019,50.73628498845609,1.4462322940572248,0.13461360538861264,0.13414524901169764,22.335952361424763,206156.47764082387,168.47312189649523,151.13413395130743,8.923968058495175,1.2657768133554996,0.03202602335068246,0.03226308047517876,1.235567619349783,8777.532923267258,27.04500215425414,5.567723904098574,36578088.0,965282616.0,897221118.0,948460752.0,965284344.0,965284344.0,965284344.0,965284344.0,28606392.0,28606392.0,27830555.0,28180908.0,28606392.0,28606392.0,28606392.0,28606392.0,4,Egypt,Rice,8758.2
79,2020,50.853796170220136,1.9007300526253286,0.13999438848070522,0.13970643919031578,22.393329130278694,205419.68430920815,169.50247836553737,151.64015318218551,8.762818974051951,1.5836056804392147,0.03273249477781503,0.03295940959099227,1.2055945031741533,8980.959203202483,25.98283076110545,5.353066178581357,36578088.0,965282616.0,915640194.0,948460752.0,965284344.0,965284344.0,965284344.0,965284344.0,28606392.0,28606392.0,27932774.0,28180908.0,28606392.0,28606392.0,28606392.0,28606392.0,4,Egypt,Rice,9620.3
79,2021,49.938410155633086,2.047364267284598,0.1390790014562231,0.13878401570717466,22.765205096315455,208227.64958622213,171.8372833715283,153.20273081032738,8.774398941765176,1.8837733754031463,0.031144354074628396,0.03134913877597822,1.1980827319386957,8963.338803948696,26.942185051238848,5.459459074888793,36578088.0,965282616.0,917517468.0,948460752.0,965284344.0,965284344.0,965284344.0,965284344.0,28606392.0,28606392.0,27962758.0,28180908.0,28606392.0,28606392.0,28606392.0,28606392.0,4,Egypt,Rice,9137.5
79,2022,50.388315866928934,1.7550745964947743,0.1385352221421069,0.1382671489235038,22.058083715262235,206117.21744714776,173.1427408667779,151.02845552269602,8.826632225971569,1.4283658245325033,0.031232832893076806,0.0314900982588894,1.203412296213182,9303.943704690932,27.14701497374101,5.48163756952026,36578088.0,965282616.0,912179196.0,948460752.0,965284344.0,965284344.0,965284344.0,965284344.0,28606392.0,28606392.0,27915251.0,28180908.0,28606392.0,28606392.0,28606392.0,28606392.0,4,Egypt,Rice,8973.9
83,1984,49.55159275178063,26.3681448235178,0.28863610007933205,0.2912747826694558,22.411246286498177,166649.7297308622,149.83178704733973,138.4673634311813,14.29215975494163,14.584648783838661,0.04639602652377015,0.051141642760108276,3.340224876104148,16276.767113460399,38.52941512320499,6.029923092205212,143911440.0,149744736.0,20968976.0,41973984.0,149793840.0,149793840.0,147379824.0,147389616.0,3581028.0,3581028.0,1561766.0,2765988.0,3581028.0,3581028.0,3543444.0,3543444.0,1,Ecuador,Rice,3143.3
83,1985,49.55159275178063,13.449699742636394,0.27979460539562356,0.28544370947135705,22.20348816447788,173769.70945950074,133.28328558368062,143.9701142065844,14.29215975494163,9.253466727634926,0.05330175944205693,0.05610555755778073,3.3196229885300395,17085.28223583166,35.8631711026017,6.9221177431265675,143911440.0,149744736.0,20937400.0,41973984.0,149793840.0,149793840.0,147379824.0,147389616.0,3581028.0,3581028.0,1580329.0,2765988.0,3581028.0,3581028.0,3543444.0,3543444.0,1,Ecuador,Rice,2650.8
83,1986,49.55159275178063,24.066656820229873,0.2925116387861116,0.2992628993169173,22.425071901745266,169375.23225881043,144.16434507033594,143.40891675269484,14.29215975494163,15.347965092998614,0.04715876362601253,0.048743391678728605,3.3026584310630116,16701.15674937376,39.3492550910506,6.142817985456977,143911440.0,149744736.0,16703448.0,41973984.0,149793840.0,149793840.0,147379824.0,147389616.0,3581028.0,3581028.0,1249653.0,2765988.0,3581028.0,3581028.0,3543444.0,3543444.0,1,Ecuador,Rice,2527.5
83,1987,49.55159275178063,44.92789861399319,0.2802259831086677,0.303549560419635,22.9919017818239,164386.32232025417,156.5458347065703,141.04533902995342,14.29215975494163,21.910020815134907,0.038841962924731466,0.04808869323472999,3.292616415088002,16304.875228843224,36.721151369027524,5.827327709761908,143911440.0,149744736.0,16870492.0,41973984.0,149793840.0,149793840.0,147379824.0,147389616.0,3581028.0,3581028.0,1006697.0,2765988.0,3581028.0,3581028.0,3543444.0,3543444.0,1,Ecuador,Rice,2829.9
83,1988,49.55159275178063,21.193816983745922,0.25014319909470417,0.29001558469701094,22.446620133188034,165048.5671975835,133.33022394483905,139.5711712657377,14.29215975494163,14.153919218036625,0.03837375242442046,0.04794362035809916,3.2538419606887747,17979.263264570076,40.23980219143451,6.457413911458475,143911440.0,149744736.0,15505856.0,41973984.0,149793840.0,149793840.0,147379824.0,147389616.0,3581028.0,3581028.0,672520.0,2765988.0,3581028.0,3581028.0,3543444.0,3543444.0,1,Ecuador,Rice,3318.7
83,1989,49.55159275178063,27.555974265766725,0.2696297732699248,0.2962562234788804,22.391677353117203,166592.998536451,159.30854202926608,144.65931616822328,14.29215975494163,16.195913703636815,0.039711714962605255,0.047893396618749376,3.2997322101152844,16751.026450397352,39.2417320374323,6.3466063400039445,143911440.0,149744736.0,16048092.0,41973984.0,149793840.0,149793840.0,147379824.0,147389616.0,3581028.0,3581028.0,792990.0,2765988.0,3581028.0,3581028.0,3543444.0,3543444.0,1,Ecuador,Rice,3124.7
83,1990,49.55159275178063,15.008688906366688,0.2406782158133056,0.28932577154688116,22.77806149588691,171050.4540365279,144.87150503808783,147.97070294840094,14.29215975494163,10.364863828258512,0.03657084825358015,0.049163721540734936,3.297782724980275,17208.196493110176,41.12965899319751,7.072332434838298,143911440.0,149744736.0,15289220.0,41973984.0,149793840.0,149793840.0,147379824.0,147389616.0,3581028.0,3581028.0,618211.0,2765988.0,3581028.0,3581028.0,3543444.0,3543444.0,1,Ecuador,Rice,3121.8
83,1991,49.55159275178063,21.21154974913486,0.24326212621397436,0.25927395846252166,22.875922348764206,167515.9875477258,132.8331139169541,146.1360405622887,14.29215975494163,12.10659646003314,0.041510861462715355,0.04372428952130422,3.315312623687051,17155.060978942172,39.38968711355913,6.689066811533777,143911440.0,149744736.0,24296572.0,41973984.0,149793840.0,149793840.0,147379824.0,147389616.0,3581028.0,3581028.0,1525273.0,2765988.0,3581028.0,3581028.0,3543444.0,3543444.0,1,Ecuador,Rice,2692.1
83,1992,49.55159275178063,40.23261224356616,0.287699169686271,0.2915539533842481,22.862740172280205,163670.79156253138,151.67620639896268,142.1260104588338,14.29215975494163,20.646627055479016,0.04056123754944006,0.04147061218168324,3.3186721034690434,17147.61333510687,36.076419567439494,5.630775893723854,143911440.0,149744736.0,34499260.0,41973984.0,149793840.0,149793840.0,147379824.0,147389616.0,3581028.0,3581028.0,2322728.0,2765988.0,3581028.0,3581028.0,3543444.0,3543444.0,1,Ecuador,Rice,3325.4
83,1993,49.55159275178063,37.38761295396716,0.2917526678906546,0.2913554435731718,22.817195720142788,164541.48764664016,145.80315317790388,138.4830674415898,14.29215975494163,18.3817886273362,0.0431816006852447,0.0434930758577629,3.3076259299359325,16778.681784879136,37.41147968190353,6.096678157150133,143911440.0,149744736.0,40487100.0,41973984.0,149793840.0,149793840.0,147379824.0,147389616.0,3581028.0,3581028.0,2710202.0,2765988.0,3581028.0,3581028.0,3543444.0,3543444.0,1,Ecuador,Rice,3480.4
83,1994,49.55159275178063,24.78389686876467,0.2752829504509766,0.27661192451233213,22.600247661272686,163700.92195878268,123.00643465661157,134.7750010457892,14.29215975494163,15.46025048555899,0.04062704012070197,0.04109948612282144,3.3110391250568165,16306.045865892956,31.327340801128003,5.967299543240771,143911440.0,149744736.0,38061620.0,41973984.0,149793840.0,149793840.0,147379824.0,147389616.0,3581028.0,3581028.0,2614551.0,2765988.0,3581028.0,3581028.0,3543444.0,3543444.0,1,Ecuador,Rice,3738.5
83,1995,49.55159275178063,19.626151065261805,0.2720296748189462,0.27138484232754645,22.457096457481384,155812.75462912282,151.49754169670985,143.77640807233053,14.29215975494163,11.449408339526398,0.04732051262025199,0.04710310272521142,3.2307379179390847,20130.52169276202,37.18420948369092,6.385213818101752,143911440.0,149744736.0,41079976.0,41973984.0,149793840.0,149793840.0,147379824.0,147389616.0,3581028.0,3581028.0,2710544.0,2765988.0,3581028.0,3581028.0,3543444.0,3543444.0,1,Ecuador,Rice,3262.2
83,1996,49.55159275178063,21.340501755109266,0.24648904997027576,0.24698541509974734,22.106640842225815,163850.85909937305,150.26760006920506,145.35057227782588,14.29215975494163,12.830835255653009,0.042623781397451176,0.04294972985449305,3.2464107523216557,18078.281353244307,36.860141589569004,6.592647307897062,143911440.0,149744736.0,40233028.0,41973984.0,149793840.0,149793840.0,147379824.0,147389616.0,3581028.0,3581028.0,2656611.0,2765988.0,3581028.0,3581028.0,3543444.0,3543444.0,1,Ecuador,Rice,3562.0
83,1997,49.55159275178063,29.48957342039957,0.3158388167826665,0.3162781415932902,23.0043978161282,155839.4034862507,184.09489039482568,138.68374473860118,14.29215975494163,16.980777633005083,0.05364150435756131,0.053765758636660055,3.344464123250465,17682.84027044034,40.220304776507795,5.739351173581426,143911440.0,149744736.0,40637884.0,41973984.0,149793840.0,149793840.0,147379824.0,147389616.0,3581028.0,3581028.0,2709177.0,2765988.0,3581028.0,3581028.0,3543444.0,3543444.0,1,Ecuador,Rice,3587.6
83,1998,49.55159275178063,82.70425829654404,0.31906110731263954,0.32168857166848264,22.77122974395752,151995.3321788181,177.17878604689065,139.45723118539115,14.29215975494163,33.35701214215373,0.04661664062155134,0.04597532632949105,3.233739140255702,18858.859606160127,37.00063931064578,5.514302803891223,143911440.0,149744736.0,36140392.0,41973984.0,149793840.0,149793840.0,147379824.0,147389616.0,3581028.0,3581028.0,2468838.0,2765988.0,3581028.0,3581028.0,3543444.0,3543444.0,1,Ecuador,Rice,3206.0
83,1999,49.55159275178063,34.2325488077392,0.2984329477573434,0.2996662539979967,21.943250563409592,151725.34619132348,139.1423981780832,134.3684403453027,14.29215975494163,16.759077142788286,0.04536214480557518,0.04533496134719234,3.2425569335521924,18962.82898702337,35.31747902050827,5.964843859715865,143911440.0,149744736.0,40018384.0,41973984.0,149793840.0,149793840.0,147379824.0,147389616.0,3581028.0,3581028.0,2690713.0,2765988.0,3581028.0,3581028.0,3543444.0,3543444.0,1,Ecuador,Rice,3522.5
83,2000,44.682939428886186,24.466379481453714,0.281712928165992,0.28472000886545495,21.993343962563408,158487.68575673984,118.62683220525699,135.53762798350436,14.562942321965586,13.449517568298544,0.04674504517202279,0.047594306730593935,3.244087458351708,18442.84268279955,35.93082332514459,5.817016796680599,87945880.0,149744736.0,38549168.0,41973984.0,149793840.0,149793840.0,147379824.0,147389616.0,2188406.0,3581028.0,2589522.0,2765988.0,3581028.0,3581028.0,3543444.0,3543444.0,1,Ecuador,Rice,3681.2
83,2001,49.04065895120337,31.141297610895947,0.2774821416371398,0.28792895660420315,22.083505895402695,158171.62565253314,160.2288956780391,143.55845800421116,14.25413765859772,16.586090056967524,0.04307194822527895,0.04553549953095344,3.206420053960517,19202.305307105824,32.848111932512275,5.8158026821138264,143911440.0,149744736.0,26369608.0,41973984.0,149793840.0,149793840.0,147379824.0,147389616.0,3581028.0,3581028.0,1720208.0,2765988.0,3581028.0,3581028.0,3543444.0,3543444.0,1,Ecuador,Rice,3600.0
83,2002,49.287030495906414,43.28872310690403,0.28882553842332626,0.29328500405758695,22.427381568484837,156389.3470477105,149.3608885873575,142.51505715766945,13.869951073752281,20.45284499425254,0.040569846392677036,0.04222449013459983,3.2365523760333774,19794.703641497956,40.800264197337654,5.704075892345575,143911440.0,149744736.0,35528512.0,41973984.0,149793840.0,149793840.0,147379824.0,147389616.0,3581028.0,3581028.0,2310493.0,2765988.0,3581028.0,3581028.0,3543444.0,3543444.0,1,Ecuador,Rice,3874.6
83,2003,50.643577436394466,16.721332307377267,0.2642039707344439,0.28185446881562537,22.298866854773628,157875.66522372895,146.28909575561119,143.52566165992658,13.94120987091819,10.495449587637493,0.03692876268860143,0.0435990639118717,3.209253828393617,20267.79566215157,44.54366546779835,6.054949340525013,143911440.0,149744736.0,25799624.0,41973984.0,149793840.0,149793840.0,147379824.0,147389616.0,3581028.0,3581028.0,1477071.0,2765988.0,3581028.0,3581028.0,3543444.0,3543444.0,1,Ecuador,Rice,3872.6
83,2004,51.05429536493454,17.1558363621472,0.2577865158932076,0.28035012615950844,22.59709021780226,163495.56877764492,153.09828448407393,145.12949026534594,15.042208791251475,10.510684415845706,0.036742305266562775,0.045892826222079935,3.2448455961895277,19561.80537191134,44.218706043914544,6.570451221304148,143911440.0,149744736.0,23514688.0,41973984.0,149793840.0,149793840.0,147379824.0,147389616.0,3581028.0,3581028.0,1327312.0,2765988.0,3581028.0,3581028.0,3543444.0,3543444.0,1,Ecuador,Rice,4218.7
83,2005,47.36832119898037,15.831088212988991,0.2518482969866858,0.27974682486029756,22.741310689184402,167346.21711228113,151.65378376633703,146.02363253015082,14.266803083360568,10.839011245378927,0.039559325895563824,0.04748692335821504,3.266159423652241,18608.443215915002,33.94349452825711,6.587777726661437,143911440.0,149744736.0,23075648.0,41973984.0,149793840.0,149793840.0,147379824.0,147389616.0,3581028.0,3581028.0,1274437.0,2765988.0,3581028.0,3581028.0,3543444.0,3543444.0,1,Ecuador,Rice,3898.9
83,2006,48.75630345333862,27.68173953262807,0.2662490377616551,0.28725801572247656,22.904860801166958,164415.2179853138,147.51262634098322,145.3864623941801,14.390263100693224,16.149154584398513,0.038736138260441005,0.04669254325171791,3.268888043840597,19090.86102674264,32.82847887273286,5.952299194025397,143911440.0,149744736.0,23725088.0,41973984.0,149793840.0,149793840.0,147379824.0,147389616.0,3581028.0,3581028.0,1334910.0,2765988.0,3581028.0,3581028.0,3543444.0,3543444.0,1,Ecuador,Rice,4198.6
83,2007,51.33010933990041,21.694944621892816,0.27031419188198114,0.27135372632316446,22.618072695202297,162238.82935099793,146.75475015024065,144.49159808956097,14.461783168718249,12.45164120238685,0.044959489921126604,0.04635811194139227,3.2493283104237976,19042.24011384774,36.990514725420475,14.857877992276205,143911440.0,149744736.0,36685904.0,41973984.0,149793840.0,149793840.0,149324448.0,149326352.0,3581028.0,3581028.0,2492511.0,2765988.0,3581028.0,3581028.0,3573720.0,3573720.0,1,Ecuador,Rice,4355.5
83,2008,49.08556818216472,35.950463965627335,0.29528356002022815,0.29288387849421177,22.7356821431054,162117.70286612713,160.2717339578416,143.72543911878537,13.846070738790527,17.41818819664866,0.03729154989187095,0.0404705979763844,3.3012595222389076,17318.397532156767,34.230926763079246,16.882593894734534,143911440.0,149744736.0,36836852.0,41973984.0,149793840.0,149793840.0,149793840.0,149793840.0,3581028.0,3581028.0,2506794.0,2765988.0,3581028.0,3581028.0,3581028.0,3581028.0,1,Ecuador,Rice,4063.9
83,2009,50.54721679371868,32.33355429594291,0.25755715214957786,0.26630094015517725,23.05441767639584,166730.53321347004,159.61305507641518,146.50240249627143,13.93314971584873,17.014363910703782,0.03717395066319626,0.043990419425498646,3.298008871131567,17121.094978399735,32.56794581462805,16.37631611755353,143911440.0,149744736.0,35684568.0,41973984.0,149793840.0,149793840.0,149793840.0,149793840.0,3581028.0,3581028.0,2329826.0,2765988.0,3581028.0,3581028.0,3581028.0,3581028.0,1,Ecuador,Rice,4000.4
83,2010,49.55159275178063,25.34177118215792,0.2921042554080486,0.28978750588728475,22.9811200565762,161375.78981697516,155.76373195269096,143.35814816899241,13.506132838809954,13.952177142549589,0.03700336353769011,0.04059370285487383,3.2816212886990512,17956.676724391757,34.55201855117026,17.501280402761928,143911440.0,149744736.0,37149780.0,41973984.0,149793840.0,149793840.0,149793840.0,149793840.0,3581028.0,3581028.0,2558526.0,2765988.0,3581028.0,3581028.0,3581028.0,3581028.0,1,Ecuador,Rice,3482.8
83,2011,49.458189051307755,28.504085504208565,0.27554870479636717,0.27299196675518844,23.041005969047546,166867.3551525822,158.77655276699934,145.55245794695873,14.663620633476304,16.244633221578223,0.04292437085720415,0.04409276621193361,3.3333098322697534,17995.125289274354,34.44448347642006,16.807956679528168,143911440.0,149744736.0,37262592.0,41973984.0,149793840.0,149793840.0,149793840.0,149793840.0,3581028.0,3581028.0,2599380.0,2765988.0,3581028.0,3581028.0,3581028.0,3581028.0,1,Ecuador,Rice,3593.6
83,2012,50.77262651564868,40.869828807695406,0.29410288814041347,0.2908653912602432,23.027935054567124,165262.81058034906,159.06845871726557,144.88794581223112,14.318176427795244,21.670597797033288,0.037769700345955115,0.041450740119684686,3.3278890475397427,17226.963179026854,35.11943040004435,16.59932140241527,143911440.0,149744736.0,38097528.0,41973984.0,149793840.0,149793840.0,149793840.0,149793840.0,3581028.0,3581028.0,2641742.0,2765988.0,3581028.0,3581028.0,3581028.0,3581028.0,1,Ecuador,Rice,3384.2
83,2013,48.487868061715744,29.715290732260762,0.28193880172653324,0.2810457388442577,22.854712949858772,162680.86623867153,156.78615929715238,145.38654217446796,14.082314608276207,16.045049697612193,0.03906041508636985,0.039688763615444884,3.283037144458593,18509.437313060665,33.84221552679301,16.648652924247795,143911440.0,149744736.0,39023052.0,41973984.0,149793840.0,149793840.0,149793840.0,149793840.0,3581028.0,3581028.0,2684102.0,2765988.0,3581028.0,3581028.0,3581028.0,3581028.0,1,Ecuador,Rice,3065.3
83,2014,48.70168073587035,28.123217081143167,0.2883845371090703,0.2873464713812486,23.111174119843376,163679.59393365443,158.38675115218155,146.3710364886864,14.851259209190435,14.333127417694758,0.04515639593557732,0.045637711079019344,3.304158217181444,19051.353860828392,35.71216460994156,16.453137361317594,143911440.0,149744736.0,39080352.0,41973984.0,149793840.0,149793840.0,149793840.0,149793840.0,3581028.0,3581028.0,2684120.0,2765988.0,3581028.0,3581028.0,3581028.0,3581028.0,1,Ecuador,Rice,3127.1
83,2015,51.48873416645138,30.84883768241793,0.290736342780292,0.289684156421271,23.64004451698727,164728.5108657229,162.78775178842335,146.83937068991546,14.97762220284879,17.949454795314054,0.04991217720942937,0.05044982057613218,3.315748007348046,18294.101750263417,36.19925461956574,16.28921850691182,143911440.0,149744736.0,39735496.0,41973984.0,149793840.0,149793840.0,149793840.0,149793840.0,3581028.0,3581028.0,2644400.0,2765988.0,3581028.0,3581028.0,3581028.0,3581028.0,1,Ecuador,Rice,3535.6
83,2016,51.45376128183025,30.000842265068073,0.27732372552984286,0.27811025754000923,23.538346237606472,167162.12122295206,164.72924128977104,148.21754319453254,14.6562139730133,17.727813617112673,0.04818412695598596,0.04808324878553211,3.3136118163233412,17950.358909607407,33.503249284819375,16.058231519867483,143911440.0,149744736.0,41229224.0,41973984.0,149793840.0,149793840.0,149793840.0,149793840.0,3581028.0,3581028.0,2674354.0,2765988.0,3581028.0,3581028.0,3581028.0,3581028.0,1,Ecuador,Rice,3362.4
83,2017,51.97963682193082,65.96537403296394,0.2996019085662232,0.29973002108856445,23.14105372958713,161838.33567862006,162.2240737103343,145.61210855981471,13.825448628180249,31.68557087026187,0.04180895399458568,0.04157922447634675,3.315886324558088,16989.98677221265,34.496906800957085,16.45258764764195,143911440.0,149744736.0,41247952.0,41973984.0,149793840.0,149793840.0,149793840.0,149793840.0,3581028.0,3581028.0,2671738.0,2765988.0,3581028.0,3581028.0,3581028.0,3581028.0,1,Ecuador,Rice,3715.4
83,2018,49.549432969181794,19.737577611411993,0.2788849659264087,0.2797604761153381,23.064988056818645,164450.5280302882,159.6416608224646,145.9774061734848,14.032895255999643,11.143183628033174,0.046929147429111674,0.04685170041454406,3.3232763230907088,18022.341494048283,34.668467137941974,16.51334570893274,143911440.0,149744736.0,41274744.0,41973984.0,149793840.0,149793840.0,149793840.0,149793840.0,3581028.0,3581028.0,2676970.0,2765988.0,3581028.0,3581028.0,3581028.0,3581028.0,1,Ecuador,Rice,3631.6
83,2019,50.2376150648274,35.394293875710794,0.30035855134742123,0.3000701683592163,23.214156693882412,162721.4752272356,159.40985306073617,144.72171007385128,14.405793622184332,18.027989390952307,0.0482923417942721,0.04798639346865921,3.2921029216294664,17174.53932001014,37.17432701501048,16.654924314826346,143911440.0,149744736.0,41510624.0,41973984.0,149793840.0,149793840.0,149793840.0,149793840.0,3581028.0,3581028.0,2713628.0,2765988.0,3581028.0,3581028.0,3581028.0,3581028.0,1,Ecuador,Rice,3429.5
83,2020,49.7972347475566,29.814981104836104,0.2847747006970975,0.2847746854093087,23.26851550738017,169549.69545514492,155.03594048217283,144.9842930415961,14.289694742062418,16.080542552343804,0.05360871986315953,0.05360873356625093,3.298797645436665,17800.46323884069,37.168481478848285,16.618153612110852,143911440.0,149744736.0,41750988.0,41973984.0,149793840.0,149793840.0,149793840.0,149793840.0,3581028.0,3581028.0,2765984.0,2765988.0,3581028.0,3581028.0,3581028.0,3581028.0,1,Ecuador,Rice,3427.3
83,2021,50.630195789989926,31.394672451061133,0.3023005065818627,0.3023004886506917,23.008176419470047,166773.2821509199,159.26050416783764,144.21323434223416,13.885547606308812,16.413604042318585,0.05135881326011551,0.05135881326011551,3.3083960907528187,16333.95801703064,36.561795886198254,16.733999139803625,143911440.0,149744736.0,41781240.0,41973984.0,149793840.0,149793840.0,149793840.0,149793840.0,3581028.0,3581028.0,2765988.0,2765988.0,3581028.0,3581028.0,3581028.0,3581028.0,1,Ecuador,Rice,3546.9
83,2022,46.495755295576814,27.749877170960378,0.2994339107018378,0.2994339374195909,22.874565455648636,167958.4339860839,147.73594612659832,145.16993837400386,14.351255599642364,14.835993755087868,0.05205828038988801,0.052058282777055445,3.3304420881962766,16963.299856621845,39.37049079464318,20.854377384856964,143911440.0,149744736.0,41658604.0,41973984.0,149793840.0,149793840.0,149793840.0,149793840.0,3581028.0,3581028.0,2765984.0,2765988.0,3581028.0,3581028.0,3581028.0,3581028.0,1,Ecuador,Rice,3708.7
90,1984,22.72590692839274,4.452862659751387,0.11499041272001662,0.106669784258174,28.453500191370647,215874.60001876293,55.886149306482565,157.74807424588678,8.25630125262228,2.9535690991399997,0.05449476607012179,0.05489958495612157,1.6114539589183576,5537.49748725897,11.705532547269657,5.119343755434714,85107456.0,649535184.0,569915538.0,647862192.0,649535184.0,649535184.0,648319248.0,648326448.0,3359484.0,3359484.0,2952776.0,3291264.0,3359484.0,3359484.0,3286800.0,3286800.0,4,Mauritania,Rice,4392.7
90,1985,22.72590692839274,6.763049711728584,0.11835664021782571,0.10874283870529836,28.254349218474495,212195.7052882599,58.737282275064054,163.845327936758,8.25630125262228,3.5338610755277444,0.05144540319104608,0.053143265214046206,1.6320781676928293,6062.195777853198,14.796686646238236,5.989816902873994,85107456.0,649535184.0,600790188.0,647862192.0,649535184.0,649535184.0,648319248.0,648326448.0,3359484.0,3359484.0,3020065.0,3291264.0,3359484.0,3359484.0,3286800.0,3286800.0,4,Mauritania,Rice,5000.0
90,1986,22.72590692839274,7.11591920877827,0.12461071027892412,0.1036500174817873,27.916228002972073,212656.1330348627,59.00731676702144,166.68136710272157,8.25630125262228,3.4452550571183966,0.054135271156676365,0.05195340362695376,1.5692938138558215,6384.555743106204,12.965555268319253,5.659147884216261,85107456.0,649535184.0,436444992.0,647862192.0,649535184.0,649535184.0,648319248.0,648326448.0,3359484.0,3359484.0,2212183.0,3291264.0,3359484.0,3359484.0,3286800.0,3286800.0,4,Mauritania,Rice,4714.0
90,1987,22.72590692839274,6.901753239672805,0.10304815128840727,0.09282804123776524,29.427736666467453,215765.79533819537,61.22419770153877,165.0548331321151,8.25630125262228,3.7347122824117056,0.04857038688635715,0.048339850926248276,1.5288735602716974,5024.540589162711,13.99809059221668,6.347039727977066,85107456.0,649535184.0,534460996.0,647862192.0,649535184.0,649535184.0,648319248.0,648326448.0,3359484.0,3359484.0,2631526.0,3291264.0,3359484.0,3359484.0,3286800.0,3286800.0,4,Mauritania,Rice,4685.6
90,1988,22.72590692839274,8.882510574298209,0.11563859047102072,0.10121283457608846,28.33636850780911,211315.71095444687,66.43661395578117,160.89414069294963,8.25630125262228,4.615511513774354,0.04927940174875881,0.051587849080814305,1.5610285607068137,6278.793094870485,15.488992359101672,5.445335889104715,85107456.0,649535184.0,595694948.0,647862192.0,649535184.0,649535184.0,648319248.0,648326448.0,3359484.0,3359484.0,2890447.0,3291264.0,3359484.0,3359484.0,3286800.0,3286800.0,4,Mauritania,Rice,4165.9
90,1989,22.72590692839274,7.725589701926282,0.12176633853879235,0.10695390173174246,28.722964300049675,211555.43396004298,73.14658885491471,170.72074727928538,8.25630125262228,3.506706984006609,0.05044915864728467,0.054227778152264844,1.509616595676837,5862.586928605034,17.885155085056578,7.653271223107977,85107456.0,649535184.0,615057840.0,647862192.0,649535184.0,649535184.0,648319248.0,648326448.0,3359484.0,3359484.0,2967327.0,3291264.0,3359484.0,3359484.0,3286800.0,3286800.0,4,Mauritania,Rice,4034.2
90,1990,22.72590692839274,5.856687370063622,0.11028833415669696,0.09803245206123588,29.10703667004903,213559.52428242512,70.21151888405682,172.57298949616086,8.25630125262228,3.265516854680944,0.04638105130301454,0.04897338077202282,1.6039299263804898,5750.055969964624,16.742645466524568,7.276316118787218,85107456.0,649535184.0,617261012.0,647862192.0,649535184.0,649535184.0,648319248.0,648326448.0,3359484.0,3359484.0,2975643.0,3291264.0,3359484.0,3359484.0,3286800.0,3286800.0,4,Mauritania,Rice,3330.7
90,1991,22.72590692839274,5.20871606190394,0.09988959925249213,0.09383657082366319,28.555697321891785,211987.6239319678,66.20230087090285,169.1967427581534,8.25630125262228,3.77118742143247,0.050248003576121386,0.050803810412671985,1.6589330450529856,5760.760280240629,16.136496547039027,7.329340806196331,85107456.0,649535184.0,606129196.0,647862192.0,649535184.0,649535184.0,648319248.0,648326448.0,3359484.0,3359484.0,3040111.0,3291264.0,3359484.0,3359484.0,3286800.0,3286800.0,4,Mauritania,Rice,2812.7
90,1992,22.72590692839274,5.508104000971064,0.08965510463652508,0.08554748373567804,28.565595388412476,210827.37847254824,66.47262501122482,166.8364837239614,8.25630125262228,3.470819215201663,0.04500884491261847,0.04556337910817852,1.6077666127359698,5670.838425580851,15.219224771133245,6.511544590292587,85107456.0,649535184.0,629590928.0,647862192.0,649535184.0,649535184.0,648319248.0,648326448.0,3359484.0,3359484.0,3129155.0,3291264.0,3359484.0,3359484.0,3286800.0,3286800.0,4,Mauritania,Rice,3987.0
90,1993,22.72590692839274,6.9619638776633375,0.09889182430278091,0.09502835751825363,28.67323346932729,211908.9067931978,71.54126784947718,161.69102783182637,8.25630125262228,4.114018420848337,0.046342363946792975,0.04677580046927354,1.6735258485225464,5963.357754580867,14.989681904784643,5.555369137648963,85107456.0,649535184.0,635464412.0,647862192.0,649535184.0,649535184.0,648319248.0,648326448.0,3359484.0,3359484.0,3178954.0,3291264.0,3359484.0,3359484.0,3286800.0,3286800.0,4,Mauritania,Rice,3286.0
90,1994,22.72590692839274,7.794155874958021,0.10858220454408887,0.10676387598438117,28.10686879687839,211995.4080435226,70.02340393403486,156.65550038893218,8.25630125262228,4.243551314536741,0.04874356779486165,0.048619317441124514,1.622501211424662,5958.560012505897,14.424290098249644,5.121938025322125,85107456.0,649535184.0,631532572.0,647862192.0,649535184.0,649535184.0,648319248.0,648326448.0,3359484.0,3359484.0,3186658.0,3291264.0,3359484.0,3359484.0,3286800.0,3286800.0,4,Mauritania,Rice,2739.9
90,1995,22.72590692839274,7.897990200410721,0.11413938340006598,0.1131947039842483,28.52585220336914,209972.28891862047,78.88866634909043,167.81744129962954,8.25630125262228,4.590273404641107,0.051353218687189284,0.05146363960879769,1.73938183430952,5897.950184252328,16.909425489649053,5.616784000234401,85107456.0,649535184.0,641477844.0,647862192.0,649535184.0,649535184.0,648319248.0,648326448.0,3359484.0,3359484.0,3262235.0,3291264.0,3359484.0,3359484.0,3286800.0,3286800.0,4,Mauritania,Rice,3936.0
90,1996,22.72590692839274,5.839538508883749,0.10616131023400356,0.10489588875986963,29.000019629796345,214131.0674411041,73.75298704007989,169.00612396458502,8.25630125262228,3.402863799114582,0.04735207370715225,0.04747149895035292,1.6213973618385207,5585.330740061387,15.192502202929553,5.5429444732625,85107456.0,649535184.0,644402964.0,647862192.0,649535184.0,649535184.0,648319248.0,648326448.0,3359484.0,3359484.0,3251980.0,3291264.0,3359484.0,3359484.0,3286800.0,3286800.0,4,Mauritania,Rice,3830.6
90,1997,22.72590692839274,7.165813419384095,0.09733078289880516,0.09711658455590913,29.254158245192635,214431.98551267327,73.84292839448716,166.17114385332462,8.25630125262228,3.9557995103840855,0.04609555071824139,0.046052045379905655,1.5132912183979306,5408.663359145057,14.496085545444215,5.221577311891841,85107456.0,649535184.0,644239844.0,647862192.0,649535184.0,649535184.0,648319248.0,648326448.0,3359484.0,3359484.0,3282322.0,3291264.0,3359484.0,3359484.0,3286800.0,3286800.0,4,Mauritania,Rice,3718.9
90,1998,22.72590692839274,7.585244866681119,0.10436788923107083,0.10298385671560875,29.576790120866562,212622.21661510307,78.48151538163752,163.32413689431007,8.25630125262228,3.8871270832437355,0.04724195629193716,0.0478523915604141,1.7631699083004888,5845.521131042347,15.733593271404898,5.205545983367461,85107456.0,649535184.0,645194760.0,647862192.0,649535184.0,649535184.0,648319248.0,648326448.0,3359484.0,3359484.0,3192415.0,3291264.0,3359484.0,3359484.0,3286800.0,3286800.0,4,Mauritania,Rice,4059.8
90,1999,22.72590692839274,10.082529746975572,0.11730628913371922,0.11712502034484931,28.26489445898268,211400.91709115065,79.44138929303575,159.55812540478544,8.25630125262228,4.8904500393604575,0.0538045636556698,0.05363531645959061,1.619193959253688,6010.875964913553,18.73311089708857,5.7486232878044214,85107456.0,649535184.0,644710156.0,647862192.0,649535184.0,649535184.0,648319248.0,648326448.0,3359484.0,3359484.0,3273776.0,3291264.0,3359484.0,3359484.0,3286800.0,3286800.0,4,Mauritania,Rice,3968.0
90,2000,23.67568116292332,8.610764125892985,0.11682889745053313,0.11628356745464424,28.684703283839756,214172.57680543757,65.16696323338948,156.76217334962107,8.58544830795323,4.127836031939135,0.05237602390961947,0.05228346072343562,1.671044256133738,5621.36800460618,16.869800181687854,5.23030750143903,52010112.0,649535184.0,644449436.0,647862192.0,649535184.0,649535184.0,648319248.0,648326448.0,2053018.0,3359484.0,3268783.0,3291264.0,3359484.0,3359484.0,3286800.0,3286800.0,4,Mauritania,Rice,4237.3
90,2001,21.06326038380901,8.647675945122359,0.11329972024800045,0.1116431306052089,29.103077875243294,214541.67220405984,84.19721360812846,169.1272166622611,6.641238212327798,3.6485962451227127,0.046706005513169016,0.047478371735398324,1.4931417417051362,5179.999192996351,17.16646060132244,5.952721277537735,85107456.0,649535184.0,635748296.0,647862192.0,649535184.0,649535184.0,648319248.0,648326448.0,3359484.0,3359484.0,3053529.0,3291264.0,3359484.0,3359484.0,3286800.0,3286800.0,4,Mauritania,Rice,4526.6
90,2002,18.873378502759582,6.690369016832081,0.10640075319032699,0.10653846445253297,29.035706493589615,214613.85413523077,74.8300771436453,168.74396456471138,6.752321982452738,3.6307478101657304,0.04746490292222758,0.04749564278643139,1.7067930763593653,5159.7390275945745,15.414207594388936,6.448172272333158,85107456.0,649535184.0,643808788.0,647862192.0,649535184.0,649535184.0,648319248.0,648326448.0,3359484.0,3359484.0,3235233.0,3291264.0,3359484.0,3359484.0,3286800.0,3286800.0,4,Mauritania,Rice,4560.2
90,2003,20.636768535797405,9.735009072758173,0.12867858760162354,0.1278666681146144,28.853571110301548,211667.0245734479,82.07233905856548,164.94276313726652,7.397138841915015,4.896445483087138,0.05489732411747622,0.05411612704082505,1.7433243646868195,6226.864376612294,19.157690543466696,5.730379804014387,85107456.0,649535184.0,644965116.0,647862192.0,649535184.0,649535184.0,648319248.0,648326448.0,3359484.0,3359484.0,3195409.0,3291264.0,3359484.0,3359484.0,3286800.0,3286800.0,4,Mauritania,Rice,3744.1
90,2004,21.591923044968162,7.407299953894979,0.11015871306881303,0.11013350760278727,29.116335577434963,215533.9873386122,83.62223468211576,166.01477987482323,7.890259855054032,3.4677287478302765,0.04926782146773248,0.049208620273007236,1.7597693091626097,4762.888719158649,18.575384484023637,6.35939850685458,85107456.0,649535184.0,646993928.0,647862192.0,649535184.0,649535184.0,648319248.0,648326448.0,3359484.0,3359484.0,3280589.0,3291264.0,3359484.0,3359484.0,3286800.0,3286800.0,4,Mauritania,Rice,4699.5
90,2005,21.630977183081242,8.645139956461252,0.11913025407637982,0.11932971875360615,29.193003760443794,210771.45838360125,81.72643025641462,165.2978798050517,7.041212135865873,3.93935646756878,0.04902714980610748,0.04898059175331552,1.6142901752921326,6688.460046386337,17.273737073842906,5.630913558411345,85107456.0,649535184.0,646675752.0,647862192.0,649535184.0,649535184.0,648319248.0,648326448.0,3359484.0,3359484.0,3275922.0,3291264.0,3359484.0,3359484.0,3286800.0,3286800.0,4,Mauritania,Rice,3891.9
90,2006,21.563694622530615,6.903533220366481,0.11118848057877681,0.11126268558754322,28.932154602474636,214679.78623512934,83.26937712897669,167.39442140971533,6.9093841386637145,3.229374684844316,0.04535382010562329,0.0452861062953825,1.611987281988727,5378.115098159707,17.378266913572233,5.654765813824986,85107456.0,649535184.0,646341912.0,647862192.0,649535184.0,649535184.0,648319248.0,648326448.0,3359484.0,3359484.0,3271887.0,3291264.0,3359484.0,3359484.0,3286800.0,3286800.0,4,Mauritania,Rice,4480.9
90,2007,21.133292641873496,7.94635411379755,0.10287916950053635,0.10276104021439227,28.996266590224373,213764.61330222755,82.13080719596778,168.23361681808868,6.940395668059391,4.368398587689498,0.050683768484588027,0.049133844340938856,1.6733637780664958,5496.955398332563,29.08676541209316,11.78950780641144,85107456.0,649535184.0,643482872.0,647862192.0,649535184.0,649535184.0,649298752.0,649300152.0,3359484.0,3359484.0,3195462.0,3291264.0,3359484.0,3359484.0,3345351.0,3345351.0,4,Mauritania,Rice,4722.1
90,2008,21.640035833072364,7.9677271187619345,0.11090717544882658,0.10933971115330733,29.0677664147483,213873.75044949676,92.22605308463956,166.55778755380797,7.58876336793849,3.8589344433514725,0.05102846226551766,0.04942519283108536,1.5332192162171534,5750.138482162804,30.424218521076998,13.840048598928574,85107456.0,649535184.0,644200552.0,647862192.0,649535184.0,649535184.0,649535184.0,649535184.0,3359484.0,3359484.0,3193502.0,3291264.0,3359484.0,3359484.0,3359484.0,3359484.0,4,Mauritania,Rice,4763.1
90,2009,21.97656746466935,9.768644734445305,0.11641564665155274,0.11104932573700498,28.827880064646404,211639.37519736707,95.62766411661501,167.7964247351394,7.2730029140731,4.33048546456497,0.0513897672187645,0.05141673700297858,1.7427026071450213,5708.942120208962,29.785331606095642,13.688368565685474,85107456.0,649535184.0,634695960.0,647862192.0,649535184.0,649535184.0,649535184.0,649535184.0,3359484.0,3359484.0,3123589.0,3291264.0,3359484.0,3359484.0,3359484.0,3359484.0,4,Mauritania,Rice,3989.4
90,2010,23.534594363198657,11.412401256720292,0.1212196570510665,0.1145949663381009,29.749421464072334,211215.35814064127,98.33328984113592,166.48728331874193,7.919796765838405,4.837991590883293,0.048885590277874785,0.050144420142088406,1.677358084730744,5394.185399787338,30.629062458210544,13.843291636982114,85107456.0,649535184.0,637065216.0,647862192.0,649535184.0,649535184.0,649535184.0,649535184.0,3359484.0,3359484.0,3109896.0,3291264.0,3359484.0,3359484.0,3359484.0,3359484.0,4,Mauritania,Rice,5231.0
90,2011,21.687608808687425,6.927357438511039,0.09946783042202388,0.0990120457876798,29.098951670858597,214917.1983649236,93.97879709173134,167.55477896889377,7.68014625419594,2.7740409107205157,0.04544862347940854,0.04387942193849111,1.8001665662927726,4691.553390559258,29.591504979889862,13.85102081514324,85107456.0,649535184.0,645150176.0,647862192.0,649535184.0,649535184.0,649535184.0,649535184.0,3359484.0,3359484.0,3198420.0,3291264.0,3359484.0,3359484.0,3359484.0,3359484.0,4,Mauritania,Rice,5095.8
90,2012,23.491229890852036,10.693890724756535,0.11165388466583354,0.11207530016266677,28.620642436875237,210286.89446722204,97.41096784847338,165.50914226852603,8.25630125262228,6.0325421287372,0.048734826493611196,0.04765258344524361,1.6028898783297734,5769.034247671944,31.35323961216192,13.968153103932504,85107456.0,649535184.0,646271936.0,647862192.0,649535184.0,649535184.0,649535184.0,649535184.0,3359484.0,3359484.0,3231090.0,3291264.0,3359484.0,3359484.0,3359484.0,3359484.0,4,Mauritania,Rice,4978.8
90,2013,23.858973766211168,8.36941071510851,0.10451151352996624,0.10500239786811529,29.053772449493408,213114.94671132846,99.11787489678854,167.5055995229157,9.182502996479226,4.013795014096091,0.0441855985582347,0.043711367096630205,1.5590548753817284,5284.836684077648,31.815716816169967,14.01762099581652,85107456.0,649535184.0,647193176.0,647862192.0,649535184.0,649535184.0,649535184.0,649535184.0,3359484.0,3359484.0,3258889.0,3291264.0,3359484.0,3359484.0,3359484.0,3359484.0,4,Mauritania,Rice,4952.2
90,2014,22.475874053393024,6.720524939543702,0.09749462331334746,0.09805496858206805,29.00544873873393,216170.50531738636,94.37815521071018,168.03213764120096,8.932261201376107,4.057001421793521,0.0438992712388597,0.043571850757898475,1.633326954859548,5047.735154289673,31.700884245655388,13.754043661410732,85107456.0,649535184.0,647020400.0,647862192.0,649535184.0,649535184.0,649535184.0,649535184.0,3359484.0,3359484.0,3262899.0,3291264.0,3359484.0,3359484.0,3359484.0,3359484.0,4,Mauritania,Rice,5134.8
90,2015,23.701405317667664,8.453913961441149,0.10396038109643588,0.10424836673163967,29.203895211219788,211739.4307699112,94.53586159240959,165.68811068096824,8.740318747239193,3.794881369403486,0.04516871848683949,0.04496230240569489,1.6733908197499252,5460.696475739967,31.35688686787743,14.008958526667044,85107456.0,649535184.0,637830392.0,647862192.0,649535184.0,649535184.0,649535184.0,649535184.0,3359484.0,3359484.0,3275220.0,3291264.0,3359484.0,3359484.0,3359484.0,3359484.0,4,Mauritania,Rice,5050.9
90,2016,23.931474811064795,7.855592094083383,0.0989393135791437,0.09893931740818489,29.450427889823914,211464.59193217903,98.61998293270732,167.31934294065275,9.156470875914671,4.035372449930683,0.04422680509458666,0.04422680509458666,1.78502931651496,6036.587926092229,31.51934695204919,14.140930627660383,85107456.0,649535184.0,634809048.0,647862192.0,649535184.0,649535184.0,649535184.0,649535184.0,3359484.0,3359484.0,3291264.0,3291264.0,3359484.0,3359484.0,3359484.0,3359484.0,4,Mauritania,Rice,4759.7
90,2017,22.72590692839274,6.478782017306712,0.09205792223413782,0.09208395762862115,29.440366824467976,215470.73858831997,96.36845072894344,168.21595295901537,9.641661649491127,3.974589121328091,0.0449807133499298,0.044893972744226816,1.7208788878558356,4976.344029748255,33.10642063013692,13.736032804789435,85107456.0,649535184.0,634398592.0,647862192.0,649535184.0,649535184.0,649535184.0,649535184.0,3359484.0,3359484.0,3286680.0,3291264.0,3359484.0,3359484.0,3359484.0,3359484.0,4,Mauritania,Rice,5101.7
90,2018,24.079766106310096,7.627066203047844,0.10040809035611645,0.10045553723895684,28.834659390979343,213557.6424333091,97.29028116750715,164.85298490251617,10.126673754939883,4.101318034509367,0.04405169346338368,0.04401983915083417,1.9053495443039088,5166.4097860505235,34.24013189242871,14.294504124768032,85107456.0,649535184.0,634741660.0,647862192.0,649535184.0,649535184.0,649535184.0,649535184.0,3359484.0,3359484.0,3288972.0,3291264.0,3359484.0,3359484.0,3359484.0,3359484.0,4,Mauritania,Rice,5209.7
90,2019,24.53954632730546,6.467437834387211,0.09442513060962983,0.09461695156220425,29.00271785259247,215020.82216314372,98.40966350691731,167.17602867640315,10.208433964296285,3.93244608735543,0.04455883425028199,0.044457215766653985,1.8381661599126626,4925.299974093887,33.28902490138066,14.489661049679663,85107456.0,649535184.0,645978400.0,647862192.0,649535184.0,649535184.0,649535184.0,649535184.0,3359484.0,3359484.0,3282096.0,3291264.0,3359484.0,3359484.0,3359484.0,3359484.0,4,Mauritania,Rice,3500.0
90,2020,26.31786320858794,10.02668978180787,0.11514580001433686,0.1156333950474865,29.69975937737359,212463.72248683797,103.19673899065418,166.38867441811834,9.941854905313827,5.159029210569895,0.046694108987477945,0.04625937555449553,1.6898517430564053,5746.1613071967695,33.31224628142115,14.347170320029711,85107456.0,649535184.0,646413168.0,647862192.0,649535184.0,649535184.0,649535184.0,649535184.0,3359484.0,3359484.0,3263760.0,3291264.0,3359484.0,3359484.0,3359484.0,3359484.0,4,Mauritania,Rice,4283.8
90,2021,26.33607053417528,8.256508286297825,0.10481436848123037,0.1055775102938638,29.896461751725937,213616.22204401228,103.5345853446075,167.98485326389027,9.915183384299281,3.964002015203497,0.0451682490527108,0.045067262863763294,1.8206854145823652,5367.889433487158,32.61479394669587,14.127824016688018,85107456.0,649535184.0,646557032.0,647862192.0,649535184.0,649535184.0,649535184.0,649535184.0,3359484.0,3359484.0,3263760.0,3291264.0,3359484.0,3359484.0,3359484.0,3359484.0,4,Mauritania,Rice,5563.6
90,2022,27.435465897095987,9.244466711729643,0.1143263387235088,0.11522080684071723,29.189313729604084,211187.81591048377,107.72655635086078,165.78688682511836,10.778661477515607,4.786744150328631,0.04850329528262164,0.048008862107118806,1.6709978552840503,5068.590443293374,35.107602770737095,14.546365872569446,85107456.0,649535184.0,646675060.0,647862192.0,649535184.0,649535184.0,649535184.0,649535184.0,3359484.0,3359484.0,3238705.0,3291264.0,3359484.0,3359484.0,3359484.0,3359484.0,4,Mauritania,Rice,5676.1
91,1984,59.05048734209539,38.89115227686518,0.308169329450244,0.30531723437214076,16.570317447185516,160558.47828381066,183.9148425449533,132.242143974205,10.974797966548921,14.747634045006976,0.04433240619097088,0.04364634403480662,0.7231014833527267,5946.745570794581,18.44074419610539,2.531159909704163,179445456.0,185855904.0,158736960.0,179935776.0,185879880.0,185879880.0,179950680.0,180005328.0,29534040.0,29534040.0,23751298.0,28947996.0,29534040.0,29534040.0,29330748.0,29330748.0,14,Uruguay,Rice,4313.3
91,1985,59.05048734209539,27.780083893759016,0.29920566316556046,0.2973779993512927,17.437921894921196,164552.0297435391,195.74140119679265,139.4177176632231,10.974797966548921,13.377483017118006,0.043748149846439245,0.043304186469205405,0.7562663102001932,6591.012177848524,19.595495392919382,3.295078958554734,179445456.0,185855904.0,164765250.0,179935776.0,185879880.0,185879880.0,179950680.0,180005328.0,29534040.0,29534040.0,24884454.0,28947996.0,29534040.0,29534040.0,29330748.0,29330748.0,14,Uruguay,Rice,4953.5
91,1986,59.05048734209539,37.90351061973718,0.294702010593195,0.2949546419109911,17.488134172227646,164107.02240406157,188.91424877600798,138.2783024034263,10.974797966548921,13.940850770405417,0.049152763241389674,0.04502575489300695,0.7425178450383423,6644.827475597517,19.459011798228374,3.4079601459237967,179445456.0,185855904.0,131360400.0,179935776.0,185879880.0,185879880.0,179950680.0,180005328.0,29534040.0,29534040.0,19871509.0,28947996.0,29534040.0,29534040.0,29330748.0,29330748.0,14,Uruguay,Rice,4784.2
91,1987,59.05048734209539,28.960872255447324,0.28705753378716165,0.2864505038210663,17.090702145187944,167001.82395760095,182.69964630129343,136.65710467028615,10.974797966548921,11.674853627043307,0.046451822887578056,0.04448612220856077,0.692913785392036,6365.066585825022,17.951837616824214,2.865616103672775,179445456.0,185855904.0,151426962.0,179935776.0,185879880.0,185879880.0,179950680.0,180005328.0,29534040.0,29534040.0,23207089.0,28947996.0,29534040.0,29534040.0,29330748.0,29330748.0,14,Uruguay,Rice,4225.3
91,1988,59.05048734209539,26.382175002421377,0.2929944256941477,0.2916538152851796,16.471455735188943,176047.05252548048,167.37544155676974,135.70983106396753,10.974797966548921,10.641924827446031,0.0408559972798232,0.03941149267969389,0.7252633976670118,7008.470644526868,16.668141112241763,2.8550226134814296,179445456.0,185855904.0,141991782.0,179935776.0,185879880.0,185879880.0,179950680.0,180005328.0,29534040.0,29534040.0,23377764.0,28947996.0,29534040.0,29534040.0,29330748.0,29330748.0,14,Uruguay,Rice,4707.7
91,1989,59.05048734209539,20.099049989428178,0.2845200251236006,0.28575378454693506,17.64107527556243,174197.54765450335,186.43547338736005,145.5107794629029,10.974797966548921,8.638876242705889,0.03935480833909082,0.03854974604617189,0.7871091627775272,7191.296388236315,21.768303121078688,4.200180684430468,179445456.0,185855904.0,163378740.0,179935776.0,185879880.0,185879880.0,179950680.0,180005328.0,29534040.0,29534040.0,24959005.0,28947996.0,29534040.0,29534040.0,29330748.0,29330748.0,14,Uruguay,Rice,5644.5
91,1990,59.05048734209539,33.10304403271883,0.2917621994598044,0.293410267511255,17.002773803693277,163106.49285235835,205.77545888990335,139.83118582229213,10.974797966548921,12.728683760676429,0.0432922523847199,0.041517757542743255,0.6559699417395336,6819.152067409996,17.76700295434984,3.2348912325978256,179445456.0,185855904.0,154063914.0,179935776.0,185879880.0,185879880.0,179950680.0,180005328.0,29534040.0,29534040.0,24046540.0,28947996.0,29534040.0,29534040.0,29330748.0,29330748.0,14,Uruguay,Rice,4447.4
91,1991,59.05048734209539,31.853016294483123,0.2948916314376725,0.2958543279527189,17.1161143956361,163765.96479846432,195.6750611937393,138.89099839897233,10.974797966548921,13.2201490807828,0.04190092049090682,0.04172663733301459,0.6786938733614929,6467.854334068817,19.730863168608376,3.091801603649765,179445456.0,185855904.0,147555780.0,179935776.0,185879880.0,185879880.0,179950680.0,180005328.0,29534040.0,29534040.0,24205205.0,28947996.0,29534040.0,29534040.0,29330748.0,29330748.0,14,Uruguay,Rice,4776.7
91,1992,59.05048734209539,29.04560556254375,0.2902342975829486,0.2907608375912042,16.719957097812934,167656.08414025404,179.47740586356971,136.67883233201292,10.974797966548921,11.899607630829555,0.039811348280640486,0.03986346343950274,0.6744094030055829,7175.561876935782,21.012300614658198,3.321385633851468,179445456.0,185855904.0,169477476.0,179935776.0,185879880.0,185879880.0,179950680.0,180005328.0,29534040.0,29534040.0,27864905.0,28947996.0,29534040.0,29534040.0,29330748.0,29330748.0,14,Uruguay,Rice,4755.7
91,1993,59.05048734209539,36.70193947098573,0.30002574408771815,0.2999965086229476,16.834879336533724,159655.13875360053,178.89745545887752,133.72329703077918,10.974797966548921,13.070832683797038,0.038980120711541895,0.03894260840491742,0.6515909572591133,6467.237768070237,17.712572060824588,2.8724617975902325,179445456.0,185855904.0,178555338.0,179935776.0,185879880.0,185879880.0,179950680.0,180005328.0,29534040.0,29534040.0,28816921.0,28947996.0,29534040.0,29534040.0,29330748.0,29330748.0,14,Uruguay,Rice,5171.7
91,1994,59.05048734209539,28.384415625376054,0.28450586605403155,0.28447303853032485,17.37019458081987,170152.43350234043,149.88713555014613,132.4137597104126,10.974797966548921,12.132028494993913,0.03656578522966272,0.036546048823584344,0.7410750488771117,6146.697202002318,13.940358316184426,3.3936923293698715,179445456.0,185855904.0,177756036.0,179935776.0,185879880.0,185879880.0,179950680.0,180005328.0,29534040.0,29534040.0,28776747.0,28947996.0,29534040.0,29534040.0,29330748.0,29330748.0,14,Uruguay,Rice,4915.8
91,1995,59.05048734209539,26.040512410354367,0.2877446001188622,0.28765780934157814,16.784229101958097,173752.61173426532,200.49767171699793,140.97156940371036,10.974797966548921,11.413582094377103,0.03765190330316702,0.037605960670370524,0.7803325001397234,6757.107160936342,17.206493686147464,3.2121362617296993,179445456.0,185855904.0,177801066.0,179935776.0,185879880.0,185879880.0,179950680.0,180005328.0,29534040.0,29534040.0,28661745.0,28947996.0,29534040.0,29534040.0,29330748.0,29330748.0,14,Uruguay,Rice,5509.9
91,1996,59.05048734209539,24.630023423829197,0.28510153321204357,0.2849213807432173,17.194051813196253,171779.6528365116,198.54204692199048,140.74147836971173,10.974797966548921,10.078738897806238,0.03902947159706533,0.03907461288962048,0.7577338936574077,6716.6519771969315,18.313805698188926,3.5408234653287085,179445456.0,185855904.0,177423834.0,179935776.0,185879880.0,185879880.0,179950680.0,180005328.0,29534040.0,29534040.0,28579820.0,28947996.0,29534040.0,29534040.0,29330748.0,29330748.0,14,Uruguay,Rice,6468.4
91,1997,59.05048734209539,30.97105185478112,0.2911393295421644,0.291547074745488,17.623746192013776,163267.28898730857,195.60119812292203,139.38286372908365,10.974797966548921,11.301558069449268,0.03896174443383714,0.03916418816804576,0.752144764873453,6577.079313425883,18.149206546117792,3.258402841641843,179445456.0,185855904.0,174674994.0,179935776.0,185879880.0,185879880.0,179950680.0,180005328.0,29534040.0,29534040.0,28050114.0,28947996.0,29534040.0,29534040.0,29330748.0,29330748.0,14,Uruguay,Rice,6583.9
91,1998,59.05048734209539,32.179424761028365,0.30661307151118916,0.30681068328872585,16.673192845450508,160029.50440304924,215.729931909629,136.60948656538702,10.974797966548921,13.186123405718513,0.04264773914581713,0.04256914744497579,0.6866556040980989,6693.599330920751,18.194341640403007,2.7241224603128047,179445456.0,185855904.0,177304188.0,179935776.0,185879880.0,185879880.0,179950680.0,180005328.0,29534040.0,29534040.0,28572520.0,28947996.0,29534040.0,29534040.0,29330748.0,29330748.0,14,Uruguay,Rice,5086.2
91,1999,59.05048734209539,26.02827962199498,0.2823885654409726,0.28394925592612313,16.892112175623577,169003.92992501496,186.60787921571242,135.3765993391139,10.974797966548921,11.127605753578846,0.04050276018223843,0.041037223193099465,0.7994813737879957,6100.178772420117,17.575890924686,3.0347163581380383,179445456.0,185855904.0,171185880.0,179935776.0,185879880.0,185879880.0,179950680.0,180005328.0,29534040.0,29534040.0,27547537.0,28947996.0,29534040.0,29534040.0,29330748.0,29330748.0,14,Uruguay,Rice,6383.0
91,2000,62.29491053064568,39.51251889787304,0.30146587384795703,0.30429474289606656,17.084856229799765,167199.5947832383,171.9347326941405,133.03835095158,10.00213131686823,11.000355140838016,0.040802036212801734,0.04206075613163115,0.7054706292972824,6479.2815238273115,22.521369054862838,2.8611423762463972,109661112.0,185855904.0,158900466.0,179935776.0,185879880.0,185879880.0,179950680.0,180005328.0,18048580.0,29534040.0,25280273.0,28947996.0,29534040.0,29534040.0,29330748.0,29330748.0,14,Uruguay,Rice,6384.0
91,2001,62.19267885775986,41.094961110893735,0.2924869840757714,0.2964898218685678,17.765530634809423,160033.1112030393,208.42570858994733,138.1804021619872,8.663209415160033,12.301206432756883,0.040799810011998804,0.04076683291388233,0.6818718510212988,6771.598602973232,17.230116490798302,2.9083133629428937,179445456.0,185855904.0,139174806.0,179935776.0,185879880.0,185879880.0,179950680.0,180005328.0,29534040.0,29534040.0,23486612.0,28947996.0,29534040.0,29534040.0,29330748.0,29330748.0,14,Uruguay,Rice,6703.7
91,2002,60.0384353806025,50.326831217163495,0.30909918814345644,0.3095719846368343,17.27213477646863,157489.9896717274,196.96851593607894,138.12663027674387,8.644456449497492,15.874957074980614,0.0397943516211452,0.039755666427818075,0.6850741442817659,6507.40084798931,16.94822189666855,2.709993205915746,179445456.0,185855904.0,171534054.0,179935776.0,185879880.0,185879880.0,179950680.0,180005328.0,29534040.0,29534040.0,27414189.0,28947996.0,29534040.0,29534040.0,29330748.0,29330748.0,14,Uruguay,Rice,5863.2
91,2003,59.3932315138375,38.899102018479,0.29831266527374584,0.29807953649095686,16.846979565090603,171057.8368685882,192.7971979508967,138.1180232677191,8.990714263207328,13.233410043877461,0.039114045998217765,0.03836193217850611,0.703253718245405,6898.031870889081,16.270078309636194,2.9019538563519083,179445456.0,185855904.0,167922756.0,179935776.0,185879880.0,185879880.0,179950680.0,180005328.0,29534040.0,29534040.0,26483121.0,28947996.0,29534040.0,29534040.0,29330748.0,29330748.0,14,Uruguay,Rice,5904.2
91,2004,58.60625891726501,27.41882977535599,0.27886683797394785,0.28050925554782674,17.414422114690144,171128.49279485535,187.4447128352751,140.01573984406033,9.982175862630918,8.847122522745513,0.03595478595272301,0.03588111344917336,0.7224860406108533,6630.117948435416,17.134012413699246,3.176071931103477,179445456.0,185855904.0,167052018.0,179935776.0,185879880.0,185879880.0,179950680.0,180005328.0,29534040.0,29534040.0,26186388.0,28947996.0,29534040.0,29534040.0,29330748.0,29330748.0,14,Uruguay,Rice,6771.2
91,2005,58.968596716597,34.81008477655684,0.29239818922899385,0.2926422101411413,17.40116051832835,171254.9079552938,197.8396258110352,140.9382879032541,10.10650393424388,11.582918190791695,0.038020990228942314,0.03814625020759821,0.7444054347046145,6460.798705974129,18.388794748010802,3.0216435909238233,179445456.0,185855904.0,167780286.0,179935776.0,185879880.0,185879880.0,179950680.0,180005328.0,29534040.0,29534040.0,26206282.0,28947996.0,29534040.0,29534040.0,29330748.0,29330748.0,14,Uruguay,Rice,6600.5
91,2006,59.543088686678054,34.1005914931559,0.2842441966964139,0.28516966433313273,17.576887241116278,175099.67638997023,198.89656423446195,140.8048377709493,10.618189153654862,10.636136405830076,0.03736834438434116,0.03694728731442563,0.849223657321946,6372.052643431039,18.07816574313619,3.387085476337317,179445456.0,185855904.0,167788254.0,179935776.0,185879880.0,185879880.0,179950680.0,180005328.0,29534040.0,29534040.0,26213181.0,28947996.0,29534040.0,29534040.0,29330748.0,29330748.0,14,Uruguay,Rice,7289.3
91,2007,57.82925939420141,40.400644846318265,0.29706459940859564,0.29705153211560076,16.857156457724393,168264.96216665037,187.65551906523305,142.2816401594501,10.057913191993032,11.429673954519933,0.03668451007488733,0.036698352256384015,0.7264476148904533,6340.085994879737,19.74515242933166,9.555769394474991,179445456.0,185855904.0,172648152.0,179935776.0,185879880.0,185879880.0,184726980.0,184737606.0,29534040.0,29534040.0,27071604.0,28947996.0,29534040.0,29534040.0,29494511.0,29494511.0,14,Uruguay,Rice,7879.6
91,2008,52.94934495649791,20.09776426195651,0.252956624660227,0.2558087525861739,17.691249322008204,176194.66248048708,186.83660365482467,144.39801532728526,11.036294329262965,8.062585574060552,0.034186773247756784,0.035979871505871015,0.7441746039631922,6991.514409745972,21.379813623118768,10.86607892667807,179445456.0,185855904.0,172666968.0,179935776.0,185879880.0,185879880.0,185879880.0,185879880.0,29534040.0,29534040.0,27072641.0,28947996.0,29534040.0,29534040.0,29534040.0,29534040.0,14,Uruguay,Rice,7898.9
91,2009,57.094870790775666,39.61383901756361,0.2935095927505581,0.2936746710718419,17.080045859018963,170056.4778146436,196.0625855708877,141.6626903879724,11.54999921474323,11.586804934187192,0.035911583955827706,0.03622474383783911,0.7613789614179339,6918.0594844505695,21.021826105752535,10.917449896912892,179445456.0,185855904.0,172648152.0,179935776.0,185879880.0,185879880.0,185879880.0,185879880.0,29534040.0,29534040.0,27071604.0,28947996.0,29534040.0,29534040.0,29534040.0,29534040.0,14,Uruguay,Rice,8010.0
91,2010,56.205204631066124,34.70501515740679,0.29458396509289736,0.2946838336420293,17.068769527806175,170755.1673031036,196.56483135595323,141.46154543033842,10.687183276754237,10.367489097762984,0.034594158781170295,0.03471015144173457,0.6758899436885488,6106.554650314483,18.637659101148138,10.87182299585182,179445456.0,185855904.0,173137368.0,179935776.0,185879880.0,185879880.0,185879880.0,185879880.0,29534040.0,29534040.0,27098566.0,28947996.0,29534040.0,29534040.0,29534040.0,29534040.0,14,Uruguay,Rice,7095.4
91,2011,56.34800642904536,28.209075246236946,0.28109628189769054,0.282059597404994,17.02072291683268,175064.51471662152,196.170028359239,141.2699274015079,11.66758370823255,9.732993089982646,0.03416814422850255,0.034154962278834564,0.7536046105671936,6506.363116292448,20.0360609252511,10.88229998203503,179445456.0,185855904.0,173039004.0,179935776.0,185879880.0,185879880.0,185879880.0,185879880.0,29534040.0,29534040.0,27106261.0,28947996.0,29534040.0,29534040.0,29534040.0,29534040.0,14,Uruguay,Rice,8382.7
91,2012,57.654576795501846,38.1713395362316,0.2902573418148138,0.2909338579325995,17.731242528668158,170100.99356177595,194.81474919065002,141.66041104460157,11.253563909683825,11.534432051221977,0.035016684529242025,0.0351948886407882,0.6899876587366248,6145.194197055359,19.726441650284453,10.868113821842359,179445456.0,185855904.0,175157496.0,179935776.0,185879880.0,185879880.0,185879880.0,185879880.0,29534040.0,29534040.0,27768923.0,28947996.0,29534040.0,29534040.0,29534040.0,29534040.0,14,Uruguay,Rice,7851.3
91,2013,59.69912818226768,29.063600291625704,0.28888548565683536,0.28890904067945683,17.105487143551862,175166.28707935623,200.08745706955818,140.92056209058163,11.425882343378019,10.448511534922066,0.034361424960655015,0.03426123120863026,0.66672417778915,5611.497784235806,19.300954106274023,10.894521597588486,179445456.0,185855904.0,177663198.0,179935776.0,185879880.0,185879880.0,185879880.0,185879880.0,29534040.0,29534040.0,28538744.0,28947996.0,29534040.0,29534040.0,29534040.0,29534040.0,14,Uruguay,Rice,7881.2
91,2014,59.88634586011162,47.10885001962591,0.31412597793947766,0.31390357664473956,17.52992093121564,165403.9326962652,201.17505770346517,140.37856861672378,10.93264957359918,12.45379507556975,0.03585909633462183,0.035774649181430175,0.652004330562148,6882.5110360836725,18.472120200709387,10.869860916929497,179445456.0,185855904.0,177714426.0,179935776.0,185879880.0,185879880.0,185879880.0,185879880.0,29534040.0,29534040.0,28591448.0,28947996.0,29534040.0,29534040.0,29534040.0,29534040.0,14,Uruguay,Rice,8054.4
91,2015,57.30816401179378,32.93598462533268,0.2739702342423024,0.2741431126853308,17.674542396156877,168732.1392171481,190.26664883404464,140.67403959701446,10.9014391034301,11.792004787312619,0.033587802339774146,0.0337636624775952,0.6563276042399766,6663.454804851117,19.76601945286643,10.948391026209087,179445456.0,185855904.0,178259166.0,179935776.0,185879880.0,185879880.0,185879880.0,185879880.0,29534040.0,29534040.0,28654122.0,28947996.0,29534040.0,29534040.0,29534040.0,29534040.0,14,Uruguay,Rice,8687.6
91,2016,57.146877477328495,37.888056588543265,0.29999527376559043,0.2998138217906969,17.04124790209311,165832.17730617407,201.47176386402097,140.74546950065408,10.974797966548921,10.598546566386233,0.03336313663575462,0.033416432101534714,0.6822919554972595,6946.170840857069,18.845775644475403,10.958303898580406,179445456.0,185855904.0,178944528.0,179935776.0,185879880.0,185879880.0,185879880.0,185879880.0,29534040.0,29534040.0,28659859.0,28947996.0,29534040.0,29534040.0,29534040.0,29534040.0,14,Uruguay,Rice,8093.8
91,2017,60.62880262786984,38.027915438009096,0.29810555355140456,0.2980610220600607,18.184548020362854,170277.75052035335,200.40188610075288,141.81887630868053,10.608228079490175,13.179674698388194,0.033812796176187924,0.033779538374389594,0.62344508711266,6458.720133869849,18.183051943739986,10.776907005371257,179445456.0,185855904.0,179215098.0,179935776.0,185879880.0,185879880.0,185879880.0,185879880.0,29534040.0,29534040.0,28732334.0,28947996.0,29534040.0,29534040.0,29534040.0,29534040.0,14,Uruguay,Rice,8571.1
91,2018,59.15844054686794,34.3584363502116,0.28861489671247975,0.28849377092985556,17.782718618710835,171643.61835038345,199.54241120590814,141.69080074592242,12.057763410964915,11.193323225924226,0.03349200458574449,0.03355325848007754,0.6545074478482369,5975.968773060174,20.974870225402782,10.855268615205876,179445456.0,185855904.0,179119608.0,179935776.0,185879880.0,185879880.0,185879880.0,185879880.0,29534040.0,29534040.0,28712926.0,28947996.0,29534040.0,29534040.0,29534040.0,29534040.0,14,Uruguay,Rice,7678.6
91,2019,60.36883034997322,37.648718564280976,0.2986121370146672,0.29854701866102007,17.39703830966243,167078.19019951575,200.15337231334863,139.66965491008062,11.012791494596915,12.14567612649819,0.033956591247311776,0.033985119422017075,0.6251056317714535,5950.533163950192,19.592877131649924,10.833834403253848,179445456.0,185855904.0,179000970.0,179935776.0,185879880.0,185879880.0,185879880.0,185879880.0,29534040.0,29534040.0,28686744.0,28947996.0,29534040.0,29534040.0,29534040.0,29534040.0,14,Uruguay,Rice,8275.9
91,2020,58.079171733869025,23.58043582875956,0.26674996192256606,0.26686090235655946,17.412022162366796,181276.45616545418,194.40996368061445,141.47814087315444,11.660653124545208,8.628430597152752,0.032613845833403085,0.03262916405297203,0.6911640862483572,7805.225565071572,20.907909254532097,10.889537021273915,179445456.0,185855904.0,179086254.0,179935776.0,185879880.0,185879880.0,185879880.0,185879880.0,29534040.0,29534040.0,28692714.0,28947996.0,29534040.0,29534040.0,29534040.0,29534040.0,14,Uruguay,Rice,8617.2
91,2021,59.4129056499849,27.349785881972256,0.2791489942896145,0.27929943458478784,17.550303905098527,175051.53499614616,191.90157255025952,142.19598428342348,11.538072967332653,10.000039637573822,0.033017650691789954,0.033049614297912006,0.6654786392920438,7206.257507997526,20.508715685526187,10.81975236548841,179445456.0,185855904.0,179135952.0,179935776.0,185879880.0,185879880.0,185879880.0,185879880.0,29534040.0,29534040.0,28686132.0,28947996.0,29534040.0,29534040.0,29534040.0,29534040.0,14,Uruguay,Rice,9397.0
91,2022,59.653901650071894,27.80177842759137,0.28060030205934133,0.28058413137710764,17.06133864544056,177121.0118465544,190.2088230729642,141.19914216742603,11.205958173209009,10.68990734948347,0.033576998674309334,0.033487755966276365,0.7257955140142553,6874.680975799581,20.472477997667266,10.924879088217665,179445456.0,185855904.0,179037078.0,179935776.0,185879880.0,185879880.0,185879880.0,185879880.0,29534040.0,29534040.0,28686880.0,28947996.0,29534040.0,29534040.0,29534040.0,29534040.0,14,Uruguay,Rice,9338.1
126,1984,53.752825979248875,69.79820685290107,0.3271216856108771,0.3276743113043054,25.1068896929423,180000.54414613935,156.90574182548113,142.52813180626688,11.455250619796868,48.870970193621915,0.049956220572854156,0.04583641880941892,1.5791538954005395,18768.802590095787,40.70426962705098,6.98965080841151,207421200.0,216842040.0,66168100.0,180792900.0,216863280.0,216863280.0,211617180.0,211630860.0,39167316.0,39167028.0,18193456.0,34523496.0,39167316.0,39167316.0,38690784.0,38690784.0,1,Philippines,Rice,2430.0
126,1985,53.752825979248875,65.99399507334117,0.3225863391326533,0.3250465194633907,25.144059255388047,182092.27851074564,170.61836654061372,146.6433675101585,11.455250619796868,41.83591010122435,0.05434436710915498,0.04908629347748114,1.5905891303488962,19039.52413402771,37.54889772026393,6.3459848137742245,207421200.0,216842040.0,68699185.0,180792900.0,216863280.0,216863280.0,211617180.0,211630860.0,39167316.0,39167028.0,18763146.0,34523496.0,39167316.0,39167316.0,38690784.0,38690784.0,1,Philippines,Rice,2587.9
126,1986,53.752825979248875,73.19875182484358,0.3313642809433596,0.3284260450692185,25.17552835676405,181055.256217953,166.47797461871946,147.25674397516102,11.455250619796868,49.71801085690695,0.05004469968697075,0.042280671599067114,1.5935531429662604,20086.260860116083,37.47111361775059,6.826585578196736,207421200.0,216842040.0,50081960.0,180792900.0,216863280.0,216863280.0,211617180.0,211630860.0,39167316.0,39167028.0,13631004.0,34523496.0,39167316.0,39167316.0,38690784.0,38690784.0,1,Philippines,Rice,2717.3
126,1987,53.752825979248875,48.89832341533369,0.3248059950091622,0.3268175545381309,25.606007300482855,190243.1176433975,173.67394019489782,149.78157387798208,11.455250619796868,31.646367161769593,0.04991793662207241,0.04508546757195183,1.6301996006855195,17860.995892368548,37.19069082643686,6.23959224045076,207421200.0,216842040.0,62074310.0,180792900.0,216863280.0,216863280.0,211617180.0,211630860.0,39167316.0,39167028.0,16920754.0,34523496.0,39167316.0,39167316.0,38690784.0,38690784.0,1,Philippines,Rice,2622.9
126,1988,53.752825979248875,65.08179337731961,0.3273322875159127,0.3255307997446462,25.686982303195528,185080.93783789437,164.61313789634778,145.28012585562348,11.455250619796868,40.053089584701034,0.04556455535798085,0.04319184382803246,1.6428040702108113,18965.913102527906,37.5021723499615,6.796251702395083,207421200.0,216842040.0,68194215.0,180792900.0,216863280.0,216863280.0,211617180.0,211630860.0,39167316.0,39167028.0,18107348.0,34523496.0,39167316.0,39167316.0,38690784.0,38690784.0,1,Philippines,Rice,2644.2
126,1989,53.752825979248875,66.54416024858871,0.33392366419235864,0.33049369201471124,25.28249118593004,182144.73870128748,184.23309157731353,150.633506337886,11.455250619796868,42.21290008657927,0.044751610519436526,0.04286841594082717,1.610607297058111,19819.141804221836,38.82861211802815,6.718572991969321,207421200.0,216842040.0,71445435.0,180792900.0,216863280.0,216863280.0,211617180.0,211630860.0,39167316.0,39167028.0,19316872.0,34523496.0,39167316.0,39167316.0,38690784.0,38690784.0,1,Philippines,Rice,2704.6
126,1990,53.752825979248875,66.56747733256036,0.32920135855674737,0.32731299024446536,25.55799453523424,185913.06856864595,177.89683415834423,151.74320660743703,11.455250619796868,42.361013129547466,0.04363196966428802,0.04256357690212223,1.5787176478991543,20300.809927804337,40.93892821191997,6.502703113720947,207421200.0,216842040.0,69380765.0,180792900.0,216863280.0,216863280.0,211617180.0,211630860.0,39167316.0,39167028.0,18551916.0,34523496.0,39167316.0,39167316.0,38690784.0,38690784.0,1,Philippines,Rice,2978.6
126,1991,53.752825979248875,55.186060709380186,0.3258454448646969,0.32478625332113803,25.46930548350016,187079.63654156617,162.13898055739315,151.77907949466194,11.455250619796868,40.02201856848448,0.04912873152619822,0.04715317255231628,1.6494506692201785,20043.774077505674,40.14165823661345,6.677243412589636,207421200.0,216842040.0,100443195.0,180792900.0,216863280.0,216863280.0,211617180.0,211630860.0,39167316.0,39167028.0,21975876.0,34523496.0,39167316.0,39167316.0,38690784.0,38690784.0,1,Philippines,Rice,2824.3
126,1992,53.752825979248875,57.11940281309467,0.3115908262630303,0.3116414347691097,25.389332464006213,188729.74540064682,158.71325877370717,149.3401332815684,11.455250619796868,35.257577917873114,0.0459438607086714,0.04599859692883827,1.5698205697935228,18262.367345225404,40.392987221692906,7.096577859254512,207421200.0,216842040.0,160553005.0,180792900.0,216863280.0,216863280.0,211617180.0,211630860.0,39167316.0,39167028.0,31590905.0,34523496.0,39167316.0,39167316.0,38690784.0,38690784.0,1,Philippines,Rice,2854.5
126,1993,53.752825979248875,60.4289629720256,0.31422266024682255,0.3142124218144705,25.482068030039468,186745.1999635196,162.6968378391838,148.14777236678708,11.455250619796868,42.68260259103152,0.04548410152978089,0.04511076474055256,1.6304509816918236,19946.17923731993,37.03410721733725,6.489674929355797,207421200.0,216842040.0,175618065.0,180792900.0,216863280.0,216863280.0,211617180.0,211630860.0,39167316.0,39167028.0,33565948.0,34523496.0,39167316.0,39167316.0,38690784.0,38690784.0,1,Philippines,Rice,2874.2
126,1994,53.752825979248875,60.01609109190476,0.3211557718614737,0.32282728679928546,25.471716849009194,185792.93215591332,149.56236404069438,138.45057536132032,11.455250619796868,41.07969679035935,0.04416087291096331,0.04373311056890431,1.6031239447788235,19212.45694789863,30.964413752526177,7.981610639775633,207421200.0,216842040.0,154903950.0,180792900.0,216863280.0,216863280.0,211617180.0,211630860.0,39167316.0,39167028.0,30789326.0,34523496.0,39167316.0,39167316.0,38690784.0,38690784.0,1,Philippines,Rice,2885.9
126,1995,53.752825979248875,66.89739745368651,0.3184972401294443,0.318604969651295,25.290415308210584,182805.3170936923,174.31560348933874,147.19535057874225,11.455250619796868,41.4577421801457,0.043959209201498615,0.04369531613002018,1.6208177483477146,19482.58516905361,35.71902987368139,6.327153884855881,207421200.0,216842040.0,176054250.0,180792900.0,216863280.0,216863280.0,211617180.0,211630860.0,39167316.0,39167028.0,33731555.0,34523496.0,39167316.0,39167316.0,38690784.0,38690784.0,1,Philippines,Rice,2804.3
126,1996,53.752825979248875,66.22310956294115,0.3275002897613578,0.32673398039394147,25.1057292620341,183167.85565900654,183.03752635187737,146.4509483750466,11.455250619796868,45.52638902545747,0.046641947812948815,0.04657998954780785,1.6036174211086898,19102.314509477626,33.492991894105955,5.895065132825188,207421200.0,216842040.0,166360690.0,180792900.0,216863280.0,216863280.0,211617180.0,211630860.0,39167316.0,39167028.0,32190483.0,34523496.0,39167316.0,39167316.0,38690784.0,38690784.0,1,Philippines,Rice,2855.8
126,1997,53.752825979248875,55.03245630343491,0.31788353232873806,0.3166425277621465,25.092877271440294,189697.9288853764,187.44592195223663,148.81739576299924,11.455250619796868,43.32242640464145,0.04772772743049544,0.047527382100482386,1.6088256365733247,18659.158752921056,33.703494679854956,5.4824778749970875,207421200.0,216842040.0,162373580.0,180792900.0,216863280.0,216863280.0,211617180.0,211630860.0,39167316.0,39167028.0,31708784.0,34523496.0,39167316.0,39167316.0,38690784.0,38690784.0,1,Philippines,Rice,2932.9
126,1998,53.752825979248875,56.601254705486355,0.30196976636846856,0.3043011532511672,25.956707625918916,193406.14838233474,180.5930368431509,149.02119606089116,11.455250619796868,35.672140781163826,0.047403683594211925,0.04714161861885527,1.6182584125751103,16227.535364657826,33.47749583431098,5.723238451095067,207421200.0,216842040.0,157503140.0,180792900.0,216863280.0,216863280.0,211617180.0,211630860.0,39167316.0,39167028.0,30688131.0,34523496.0,39167316.0,39167316.0,38690784.0,38690784.0,1,Philippines,Rice,2698.6
126,1999,53.752825979248875,86.94179781634695,0.3321354356076982,0.3320465358532917,25.122703287336563,177000.5164910742,173.83946084120015,141.53600985433656,11.455250619796868,55.926710679766856,0.04570553092496243,0.04565293068513269,1.5774884884801055,19239.085445245484,36.42823604664004,6.904797144236627,207421200.0,216842040.0,166550160.0,180792900.0,216863280.0,216863280.0,211617180.0,211630860.0,39167316.0,39167028.0,32532651.0,34523496.0,39167316.0,39167316.0,38690784.0,38690784.0,1,Philippines,Rice,2946.8
126,2000,53.60621723869257,84.05997546141484,0.33192917456229526,0.33208746139595086,25.297683090633818,176480.8919919541,145.79529395436154,139.26987204477442,11.536259266646416,54.868187220376726,0.045502556623709785,0.04533727948111784,1.550050846449388,18473.308249562724,37.54831881550818,7.1114571926848065,126757400.0,216842040.0,169847505.0,180792900.0,216863280.0,216863280.0,211617180.0,211630860.0,23935582.0,39167028.0,32908380.0,34523496.0,39167316.0,39167316.0,38690784.0,38690784.0,1,Philippines,Rice,3068.1
126,2001,54.29167171057421,67.96894231906666,0.3200918769670857,0.3261374134456524,25.51244265238444,180724.1891275396,183.55129329612703,146.57357317245152,11.148428238884058,42.84273476440135,0.045142480448200316,0.04598786522266231,1.5695859794277514,18338.924230284494,32.122203730453805,5.7999174651136896,207421200.0,216842040.0,126912930.0,180792900.0,216863280.0,216863280.0,211617180.0,211630860.0,39167316.0,39167028.0,27285844.0,34523496.0,39167316.0,39167316.0,38690784.0,38690784.0,1,Philippines,Rice,3186.6
126,2002,53.632924289655854,56.240115234594114,0.32350983321666715,0.3241267544773899,25.613932694329154,186327.1828714624,187.33798650083008,149.47708200943723,11.84684995076522,38.83152427509237,0.042556429265855164,0.042410021608461995,1.597041082046988,19650.22777565849,36.95005722919231,5.542357220702377,207421200.0,216842040.0,163837285.0,180792900.0,216863280.0,216863280.0,211617180.0,211630860.0,39167316.0,39167028.0,32271314.0,34523496.0,39167316.0,39167316.0,38690784.0,38690784.0,1,Philippines,Rice,3279.7
126,2003,52.58267169640419,63.12617977166445,0.3307671210004223,0.3299285550609045,25.541892094082304,184647.4091510887,183.77063894965497,148.72555671810176,12.011216633619775,42.273500962472184,0.03992036332725488,0.04000024435861115,1.6219331680952866,19273.243755734355,38.74341107804442,5.726192969405358,207421200.0,216842040.0,110766235.0,180792900.0,216863280.0,216863280.0,211617180.0,211630860.0,39167316.0,39167028.0,25471501.0,34523496.0,39167316.0,39167316.0,38690784.0,38690784.0,1,Philippines,Rice,3369.6
126,2004,52.83890940054237,59.39660789982497,0.33094667063819033,0.3303207057574131,25.547467051612006,183688.98992602614,179.8878532369467,149.35322451228473,11.92546461854804,42.019589087852864,0.03994737671692243,0.039382168652977126,1.595344975688854,19649.304837076535,38.676322281595304,5.66084445627469,207421200.0,216842040.0,100963905.0,180792900.0,216863280.0,216863280.0,211617180.0,211630860.0,39167316.0,39167028.0,24221216.0,34523496.0,39167316.0,39167316.0,38690784.0,38690784.0,1,Philippines,Rice,3513.0
126,2005,52.89331043262857,64.1631841600346,0.3287308303018411,0.328493092188266,25.649233690897624,182222.4577520346,174.12808916749387,148.08108627784662,11.524593433374902,40.05296285845948,0.04026845631686191,0.03985737740543358,1.5863595949597011,19362.21845144726,32.67711087882963,5.798656018279112,207421200.0,216842040.0,100907280.0,180792900.0,216863280.0,216863280.0,211617180.0,211630860.0,39167316.0,39167028.0,24166014.0,34523496.0,39167316.0,39167316.0,38690784.0,38690784.0,1,Philippines,Rice,3587.6
126,2006,53.41461246849955,65.09697321265361,0.32819467277990444,0.32914765704821114,25.793831708696153,181860.42320274495,177.2274639858856,148.20035689274638,11.192185843501738,43.35496801065176,0.040544264347278244,0.03992128377558373,1.5617825516286739,19067.757791500615,32.28162405625416,6.151802873779,207421200.0,216842040.0,114897230.0,180792900.0,216863280.0,216863280.0,211617180.0,211630860.0,39167316.0,39167028.0,26215606.0,34523496.0,39167316.0,39167316.0,38690784.0,38690784.0,1,Philippines,Rice,3684.4
126,2007,53.37892940985438,68.43922620967864,0.31939590217338665,0.3218957139560393,25.772877767350938,182811.58237742033,179.44916225219717,149.9567297932627,11.286802225639425,44.08690303006045,0.040920990999679094,0.04098900525825781,1.56506474352073,18207.54976255569,30.24079530215771,12.040731547041702,207421200.0,216842040.0,111497110.0,180792900.0,216863280.0,216863280.0,215843205.0,215845865.0,39167316.0,39167028.0,25410839.0,34523496.0,39167316.0,39167316.0,39074657.0,39074657.0,1,Philippines,Rice,3800.8
126,2008,53.841312734196954,78.04860165688449,0.33689180066188174,0.33536536236536646,25.515430535210502,177830.913965119,190.67260549626258,148.63847465645622,10.831675273244677,49.30449334132046,0.03768947682219307,0.037266988417277304,1.5588664924835152,19515.882804333185,26.29476344418042,13.807562414047496,207421200.0,216842040.0,111914725.0,180792900.0,216863280.0,216863280.0,216863280.0,216863280.0,39167316.0,39167028.0,25414781.0,34523496.0,39167316.0,39167316.0,39167316.0,39167316.0,1,Philippines,Rice,3770.3
126,2009,53.38371713364227,81.39487548535622,0.3359117368857065,0.334606194639393,25.539854081471763,175578.71018746993,188.7448825013148,149.2270104305445,11.420108024454253,51.51789194877753,0.04075810954583563,0.040105969465394964,1.5539972468223153,20351.06390687852,28.29958199765609,13.603509038414622,207421200.0,216842040.0,111775870.0,180792900.0,216863280.0,216863280.0,216863280.0,216863280.0,39167316.0,39167028.0,25413623.0,34523496.0,39167316.0,39167316.0,39167316.0,39167316.0,1,Philippines,Rice,3589.0
126,2010,52.74210628788293,63.61660407918431,0.3129683266911241,0.3166435195855516,26.011397404140897,187260.75891437448,186.88485609893476,150.57210577906022,11.601949014845754,38.86336568905371,0.04243142402434562,0.04298702773448985,1.5665966878156503,17110.554650803206,28.630992586648134,13.568842713689886,207421200.0,216842040.0,108959530.0,180792900.0,216863280.0,216863280.0,216863280.0,216863280.0,39167316.0,39167028.0,25025673.0,34523496.0,39167316.0,39167316.0,39167316.0,39167316.0,1,Philippines,Rice,3622.4
126,2011,52.95745281022535,88.04974440514246,0.3325974089403947,0.33187288470972154,25.457663186391194,170643.69412812003,186.74455497466957,147.59261623326066,11.308946831877531,57.21284119839318,0.04065999890044646,0.039575742323435734,1.551990114993524,20830.106200527465,27.59056880561051,14.20803496431062,207421200.0,216842040.0,110945515.0,180792900.0,216863280.0,216863280.0,216863280.0,216863280.0,39167316.0,39167028.0,25282977.0,34523496.0,39167316.0,39167316.0,39167316.0,39167316.0,1,Philippines,Rice,3677.6
126,2012,53.6573785515806,77.26317930338828,0.3241348553034994,0.32476149663514764,25.724876011742484,178338.10658648892,189.07200219096765,149.01895884129337,11.237233898282291,50.05284191030909,0.04176490119823071,0.04093698431454296,1.5483955019976252,17504.04787020795,27.816492441117695,13.77122049387963,207421200.0,216842040.0,136707070.0,180792900.0,216863280.0,216863280.0,216863280.0,216863280.0,39167316.0,39167028.0,28879667.0,34523496.0,39167316.0,39167316.0,39167316.0,39167316.0,1,Philippines,Rice,3844.8
126,2013,53.752825979248875,74.2705310819288,0.3219875877930058,0.3220466916703759,25.820869753095838,176495.80941280074,188.32775371435605,149.30739618946046,11.211021821017633,46.84879915914868,0.042273542700167296,0.04220929981802028,1.5757139952401302,19140.159796593707,27.893224160509302,13.820348334904292,207421200.0,216842040.0,163705130.0,180792900.0,216863280.0,216863280.0,216863280.0,216863280.0,39167316.0,39167028.0,32521707.0,34523496.0,39167316.0,39167316.0,39167316.0,39167316.0,1,Philippines,Rice,3885.2
126,2014,54.287097262384435,63.7056003557517,0.3174272918038898,0.3173485593423772,25.650565030839708,179140.5883646594,188.66077381857167,150.2295247479307,11.415593807791078,43.915060375765606,0.042515034210726624,0.04252667858064263,1.6132533132676359,19793.524793083776,27.824242077204836,13.46637039273505,207421200.0,216842040.0,169317645.0,180792900.0,216863280.0,216863280.0,216863280.0,216863280.0,39167316.0,39167028.0,33066558.0,34523496.0,39167316.0,39167316.0,39167316.0,39167316.0,1,Philippines,Rice,4001.9
126,2015,54.51805429198834,53.3632804806592,0.30613974862628507,0.30633857350351573,25.834318510691325,187779.2823701133,188.35214975064582,152.3729727956937,11.603107434930168,38.99736361517118,0.04706816643216627,0.046988586345410435,1.62577351159867,20099.042247667297,28.03444678249153,13.193487247889577,207421200.0,216842040.0,171469265.0,180792900.0,216863280.0,216863280.0,216863280.0,216863280.0,39167316.0,39167028.0,33481374.0,34523496.0,39167316.0,39167316.0,39167316.0,39167316.0,1,Philippines,Rice,3898.0
126,2016,53.69570102795875,63.68580692005661,0.3066114485263824,0.3067036996872662,26.205004088083903,181802.1448868693,189.7824456354829,151.10592167175642,11.594596168268572,38.283554610459454,0.04678107779747621,0.04682118186284717,1.5965915506236894,19347.972449686487,27.65066683872614,13.481635747594527,207421200.0,216842040.0,179180005.0,180792900.0,216863280.0,216863280.0,216863280.0,216863280.0,39167316.0,39167028.0,34388417.0,34523496.0,39167316.0,39167316.0,39167316.0,39167316.0,1,Philippines,Rice,3869.0
126,2017,55.04272803991137,73.39676628499708,0.3259498014218277,0.3259994824246599,25.864533752865263,175765.9558137445,190.82589375547764,148.71058174552064,11.200865135217303,49.32985519644538,0.043262133590334644,0.04326132518277392,1.5907218569788784,19653.448366425142,27.779611155340525,13.793544194250861,207421200.0,216842040.0,179732800.0,180792900.0,216863280.0,216863280.0,216863280.0,216863280.0,39167316.0,39167028.0,34423253.0,34523496.0,39167316.0,39167316.0,39167316.0,39167316.0,1,Philippines,Rice,4006.1
126,2018,53.93938986529498,65.37289435702242,0.31644617095589633,0.31649609724882305,25.972612041897243,182203.30808975716,189.63036010997328,149.3768609307172,11.887482211035895,45.72247776434427,0.04693701245208175,0.046935783388865886,1.6082038158800354,18487.299273550412,31.361476171686874,13.670228633220619,207421200.0,216842040.0,179451285.0,180792900.0,216863280.0,216863280.0,216863280.0,216863280.0,39167316.0,39167028.0,34397935.0,34523496.0,39167316.0,39167316.0,39167316.0,39167316.0,1,Philippines,Rice,3971.8
126,2019,54.26422575140362,61.41305781686045,0.3119710688789685,0.312107150129709,26.04444875717163,185695.313583621,190.49082908067305,150.46470005874565,11.830023761788334,43.07036792119065,0.0438562941343103,0.04393272055432688,1.582017824809418,18533.579803881606,30.612807588448003,13.561333325579383,207421200.0,216842040.0,178573185.0,180792900.0,216863280.0,216863280.0,216863280.0,216863280.0,39167316.0,39167028.0,34313507.0,34523496.0,39167316.0,39167316.0,39167316.0,39167316.0,1,Philippines,Rice,4044.9
126,2020,54.58006237059428,66.49190120418359,0.31873571202158923,0.3188349445317269,26.18471082051595,184614.41899683868,193.2056161544378,150.38156580787734,11.56118986697381,37.38911136300571,0.03955689000173047,0.03959665683955025,1.6175742495452965,17940.119737599227,29.276068578869435,13.524934559136815,207421200.0,216842040.0,178697715.0,180792900.0,216863280.0,216863280.0,216863280.0,216863280.0,39167316.0,39167028.0,34341708.0,34523496.0,39167316.0,39167316.0,39167316.0,39167316.0,1,Philippines,Rice,4088.8
126,2021,54.63516553139793,68.62017107063656,0.32901769205927844,0.32907285072875675,26.00487125184801,179452.20438293435,189.3106486804673,148.4552557624605,11.455250619796868,48.78538697236003,0.04098370152457082,0.04097041285458365,1.6558087414042146,19855.222684233075,30.30745283677511,13.957249022164337,207421200.0,216842040.0,178853600.0,180792900.0,216863280.0,216863280.0,216863280.0,216863280.0,39167316.0,39167028.0,34343584.0,34523496.0,39167316.0,39167316.0,39167316.0,39167316.0,1,Philippines,Rice,4154.0
126,2022,55.19901191065769,74.13574667328005,0.3355899294217427,0.33561934746666255,25.922870371076797,176184.39694133447,190.55638070361812,148.27861273976902,11.0190233699646,45.93694060671972,0.039248214996201715,0.039233490830918066,1.6210897056081217,17737.7492156828,28.496082456851738,14.125696270843658,207421200.0,216842040.0,178515000.0,180792900.0,216863280.0,216863280.0,216863280.0,216863280.0,39167316.0,39167028.0,34350201.0,34523496.0,39167316.0,39167316.0,39167316.0,39167316.0,1,Philippines,Rice,4112.1
131,1984,35.05809963003819,16.58992074778678,0.16382660195231435,0.1657281189419381,27.337258881992764,203389.24931383575,95.43376818399051,155.10025564118075,5.214000812224359,4.616899829077538,0.03389089091972182,0.034159078599860414,0.9745369683545301,2784.919452631553,12.157534382402828,3.6851321351910067,6088032.0,6715296.0,5360728.0,6643152.0,6750144.0,6750144.0,5943312.0,5943312.0,2887884.0,2887884.0,2481425.0,2872908.0,2887884.0,2887884.0,2833524.0,2833524.0,6,Gambia,Rice,2566.0
131,1985,35.05809963003819,17.837592377668717,0.1632881914782855,0.16364339816277151,27.316070861286587,201076.45796336967,94.91222693776201,161.20275545664893,5.214000812224359,4.633141930701057,0.03262225101133136,0.03311356356000939,1.021804322993744,2690.650231536545,11.382075962855481,4.468387649286914,6088032.0,6715296.0,5468324.0,6643152.0,6750144.0,6750144.0,5943312.0,5943312.0,2887884.0,2887884.0,2536862.0,2872908.0,2887884.0,2887884.0,2833524.0,2833524.0,6,Gambia,Rice,1909.1
131,1986,35.05809963003819,19.97203840244716,0.17860513225454705,0.16466854940192016,26.98086886935764,202457.37659160772,101.45567233866797,161.58660441694826,5.214000812224359,4.7967803307810355,0.037970816427853424,0.035333224801041806,1.0441803182838707,2696.9258579109255,12.752091819102194,4.027371027494997,6088032.0,6715296.0,4393604.0,6643152.0,6750144.0,6750144.0,5943312.0,5943312.0,2887884.0,2887884.0,2026193.0,2872908.0,2887884.0,2887884.0,2833524.0,2833524.0,6,Gambia,Rice,1607.1
131,1987,35.05809963003819,21.708012697828334,0.18107857450377193,0.17416382173136946,27.497204422950745,202091.15738066752,111.32050492377995,159.1454459133913,5.214000812224359,6.5755633539473965,0.03553868463422129,0.03488005984305343,0.9338193326434685,2531.742704511535,15.44583637573323,3.9343702788996007,6088032.0,6715296.0,4742736.0,6643152.0,6750144.0,6750144.0,5943312.0,5943312.0,2887884.0,2887884.0,2263861.0,2872908.0,2887884.0,2887884.0,2833524.0,2833524.0,6,Gambia,Rice,1282.5
131,1988,35.05809963003819,22.8264117774619,0.17301627376249856,0.17210006447566226,27.274412155151367,201765.76429957975,106.32464516867589,158.20917521278398,5.214000812224359,6.631026413504877,0.035004646708711416,0.03503223926598769,0.9964588974841122,2772.219383706257,14.913953315623965,3.941397837968596,6088032.0,6715296.0,4396400.0,6643152.0,6750144.0,6750144.0,5943312.0,5943312.0,2887884.0,2887884.0,2238124.0,2872908.0,2887884.0,2887884.0,2833524.0,2833524.0,6,Gambia,Rice,1535.1
131,1989,35.05809963003819,20.52643046901502,0.17662424811472494,0.17747486091586773,27.135961492856342,200440.61076911993,123.08538476512533,163.91492659384303,5.214000812224359,5.538114238127736,0.03031136012119442,0.03255389369923886,0.9007503837618233,2414.3757432825314,14.889098330135173,4.420985112749505,6088032.0,6715296.0,4551968.0,6643152.0,6750144.0,6750144.0,5943312.0,5943312.0,2887884.0,2887884.0,2298720.0,2872908.0,2887884.0,2887884.0,2833524.0,2833524.0,6,Gambia,Rice,1511.1
131,1990,35.05809963003819,15.608465126960063,0.1574603466627498,0.16023436394729001,27.485289653142292,203218.0098352299,114.92529192133058,166.63561116319508,5.214000812224359,4.675402245946716,0.028561365057428734,0.030288656038846878,0.8517855454067346,2837.807939746056,13.898118127171058,4.638688413892552,6088032.0,6715296.0,4212816.0,6643152.0,6750144.0,6750144.0,5943312.0,5943312.0,2887884.0,2887884.0,2134141.0,2872908.0,2887884.0,2887884.0,2833524.0,2833524.0,6,Gambia,Rice,1467.1
131,1991,35.05809963003819,14.720186818801713,0.15340444756050903,0.15735729082934846,27.451870852046543,201372.57587679866,101.4067466013055,165.4941159887729,5.214000812224359,5.254255746180378,0.028368379855169774,0.030166538154475547,1.020051383458053,2531.477838080233,11.919433658265516,4.818536543641045,6088032.0,6715296.0,4738136.0,6643152.0,6750144.0,6750144.0,5943312.0,5943312.0,2887884.0,2887884.0,2256860.0,2872908.0,2887884.0,2887884.0,2833524.0,2833524.0,6,Gambia,Rice,1526.5
131,1992,35.05809963003819,17.905497210604274,0.15835160943162108,0.16256606994137834,27.37306393517388,198955.26022127728,102.40015518656475,160.39397041944267,5.214000812224359,5.285546112335058,0.031668007447089135,0.03530933591735544,1.0009063642161304,3071.7252221253325,12.593430456834428,4.309041035530561,6088032.0,6715296.0,5626444.0,6643152.0,6750144.0,6750144.0,5943312.0,5943312.0,2887884.0,2887884.0,2511337.0,2872908.0,2887884.0,2887884.0,2833524.0,2833524.0,6,Gambia,Rice,1729.8
131,1993,35.05809963003819,19.380467733706524,0.15978035268684224,0.1608037081577946,27.522310773531597,202350.10387958295,102.99045160825887,158.08515711148732,5.214000812224359,4.742947642333226,0.02963779458893016,0.03030277747265951,1.0453801374430247,2615.24146089566,13.588197391244716,3.954195052095498,6088032.0,6715296.0,6244732.0,6643152.0,6750144.0,6750144.0,5943312.0,5943312.0,2887884.0,2887884.0,2720028.0,2872908.0,2887884.0,2887884.0,2833524.0,2833524.0,6,Gambia,Rice,1460.1
131,1994,35.05809963003819,23.236830837306247,0.17213546681321323,0.1742174679297809,27.406366878085667,198954.99870469517,100.20813206895589,154.08892348909356,5.214000812224359,5.705293934803069,0.030447493250665807,0.032487069870664104,0.9463789286169545,2872.504679671836,11.504255619769273,3.4140869692192988,6088032.0,6715296.0,6072116.0,6643152.0,6750144.0,6750144.0,5943312.0,5943312.0,2887884.0,2887884.0,2679431.0,2872908.0,2887884.0,2887884.0,2833524.0,2833524.0,6,Gambia,Rice,1539.0
131,1995,35.05809963003819,19.5880983770286,0.17292553031196195,0.17284866065267318,27.779809210035538,200757.88193548692,125.45660025394646,160.9816619273683,5.214000812224359,4.6078761455608035,0.030638388318300284,0.030599372592255078,0.9273467491407383,2526.1518905156404,14.39514248092954,4.055251472467213,6088032.0,6715296.0,6556736.0,6643152.0,6750144.0,6750144.0,5943312.0,5943312.0,2887884.0,2887884.0,2854992.0,2872908.0,2887884.0,2887884.0,2833524.0,2833524.0,6,Gambia,Rice,1230.4
131,1996,35.05809963003819,18.211814486887622,0.16205979609448046,0.16224344105629737,27.648591028319466,202520.5251902588,119.86017705084912,163.75162740679622,5.214000812224359,5.3747882594716465,0.028562901783467085,0.028601378870468416,1.0258003994714948,2909.8973692443906,14.405018136976107,4.140084154674181,6088032.0,6715296.0,6463132.0,6643152.0,6750144.0,6750144.0,5943312.0,5943312.0,2887884.0,2887884.0,2836422.0,2872908.0,2887884.0,2887884.0,2833524.0,2833524.0,6,Gambia,Rice,1067.6
131,1997,35.05809963003819,19.713080187222374,0.1655901767727401,0.16573479823184695,27.713435914781357,202538.04437535937,120.92318999452989,161.19527790320305,5.214000812224359,4.881048330780016,0.03155306148908793,0.03195841548615961,0.8514666525259614,2739.1987883722973,14.161498699457146,4.1214513122728675,6088032.0,6715296.0,6388728.0,6643152.0,6750144.0,6750144.0,5943312.0,5943312.0,2887884.0,2887884.0,2791258.0,2872908.0,2887884.0,2887884.0,2833524.0,2833524.0,6,Gambia,Rice,1023.6
131,1998,35.05809963003819,19.25753661838185,0.15866640127367437,0.15858862584054234,28.2381497753991,202592.22491246372,116.33295002448762,159.30458648716368,5.214000812224359,5.136152027562194,0.029164700047458345,0.02912582448346185,1.0726842113670803,2441.517525231207,14.572589785951997,3.8297846526735557,6088032.0,6715296.0,6445136.0,6643152.0,6750144.0,6750144.0,5943312.0,5943312.0,2887884.0,2887884.0,2777412.0,2872908.0,2887884.0,2887884.0,2833524.0,2833524.0,6,Gambia,Rice,1342.9
131,1999,35.05809963003819,27.656365419933422,0.18087784542391694,0.18160109388168125,27.211618529425728,199201.43340186193,122.73684640206456,155.48931767020693,5.214000812224359,6.795480780215454,0.03099532471895028,0.03140991292080129,0.9917185383964997,2533.814182626324,14.32331041906162,3.6644134016637375,6088032.0,6715296.0,6411120.0,6643152.0,6750144.0,6750144.0,5943312.0,5943312.0,2887884.0,2887884.0,2788255.0,2872908.0,2887884.0,2887884.0,2833524.0,2833524.0,6,Gambia,Rice,2171.2
131,2000,43.94406057175482,22.02886107845812,0.1716975066810846,0.17172906457998388,27.558054129282635,202759.22099393184,104.39871810567848,154.23960975247203,5.849316024004421,4.5861886389927005,0.030158800682117157,0.030264455426246967,1.0910658991013458,2571.950704213356,12.85358416441232,3.4761291677100803,3720464.0,6715296.0,6590960.0,6643152.0,6750144.0,6750144.0,5943312.0,5943312.0,1764818.0,2887884.0,2859264.0,2872908.0,2887884.0,2887884.0,2833524.0,2833524.0,6,Gambia,Rice,2214.3
131,2001,36.279323974901416,20.184927602270466,0.16500470352669552,0.16857470842865255,27.543100118637085,201394.74127224434,126.57219659139304,162.28933147247076,5.147205605578181,4.654941630127386,0.03011341490108687,0.032575595243426375,1.0248644113340908,2345.882799697969,14.34319285802588,4.241902107103332,6088032.0,6715296.0,5678440.0,6643152.0,6750144.0,6750144.0,5943312.0,5943312.0,2887884.0,2887884.0,2498854.0,2872908.0,2887884.0,2887884.0,2833524.0,2833524.0,6,Gambia,Rice,2328.6
131,2002,32.07757253079563,16.971515449689015,0.15984524377725184,0.16119016368213301,28.079959776666428,203093.94170144314,107.95380837090335,164.69274625984414,5.059177549356594,4.143763176707622,0.028714357612454902,0.029660215029483197,1.233262820882916,2563.601123755201,13.332176000922951,4.274414736677163,6088032.0,6715296.0,6058696.0,6643152.0,6750144.0,6750144.0,5943312.0,5943312.0,2887884.0,2887884.0,2610167.0,2872908.0,2887884.0,2887884.0,2833524.0,2833524.0,6,Gambia,Rice,2045.2
131,2003,34.13832222315152,22.19689975931054,0.1811279814897312,0.18218539964749988,27.53555549515618,198990.61741821124,112.00310697023184,160.997696766481,4.991237577284561,4.491339538803032,0.03109267708552045,0.031086861686025282,1.0943507461005708,2963.7420013841393,14.049341515029205,4.2088028386087215,6088032.0,6715296.0,5718032.0,6643152.0,6750144.0,6750144.0,5943312.0,5943312.0,2887884.0,2887884.0,2612728.0,2872908.0,2887884.0,2887884.0,2833524.0,2833524.0,6,Gambia,Rice,1780.2
131,2004,35.53971186187328,21.222561828596383,0.17298296735518506,0.17298803319119105,27.545891377660965,202924.4856187627,119.18623370971993,160.70829495537998,5.2919238242357025,4.5954430547582765,0.03102437246543692,0.030998449890174164,0.9689779254934717,2672.5786367637056,14.804512716295184,4.340300222375159,6088032.0,6715296.0,6638224.0,6643152.0,6750144.0,6750144.0,5943312.0,5943312.0,2887884.0,2887884.0,2868917.0,2872908.0,2887884.0,2887884.0,2833524.0,2833524.0,6,Gambia,Rice,2037.5
131,2005,35.25074882528679,23.757995485927836,0.17969120961303509,0.1800207147357024,28.06914558675554,199208.05430898195,121.85590395174589,158.4559452943777,5.242993121466202,4.541718448332345,0.030486055671794618,0.030636347004376716,0.9995245830203547,2957.509094347875,12.862117436396884,3.724604211928939,6088032.0,6715296.0,6507344.0,6643152.0,6750144.0,6750144.0,5943312.0,5943312.0,2887884.0,2887884.0,2840649.0,2872908.0,2887884.0,2887884.0,2833524.0,2833524.0,6,Gambia,Rice,1003.4
131,2006,36.63728062914114,20.028880008691843,0.17255473121379808,0.1727113869198448,27.663794835408527,203698.09707119738,124.48311380034394,160.1017287863183,5.1563611255983535,4.741678254804803,0.02909878674723179,0.029156444456140455,1.0531709257524364,2347.2199371569604,12.952510690446196,3.8177618731545615,6088032.0,6715296.0,6543520.0,6643152.0,6750144.0,6750144.0,5943312.0,5943312.0,2887884.0,2887884.0,2851095.0,2872908.0,2887884.0,2887884.0,2833524.0,2833524.0,6,Gambia,Rice,1691.0
131,2007,33.8648846007616,16.938950138887563,0.1595199878534509,0.159656878314724,27.654910339249504,203471.35834582165,115.0569837012619,162.98150379136197,5.049694237818754,4.346933450487459,0.028993103255480015,0.029302953848626,1.0946146647959096,2481.4724527899216,17.99910670313033,8.339877952567482,6088032.0,6715296.0,6243984.0,6643152.0,6750144.0,6750144.0,6593260.0,6593260.0,2887884.0,2887884.0,2788236.0,2872908.0,2887884.0,2887884.0,2877314.0,2877314.0,6,Gambia,Rice,686.1
131,2008,36.20044789476556,21.711583972421213,0.17433084909700683,0.17432044077215134,27.745002799563938,201182.41389295773,131.28338870545744,160.52537610577937,4.999880514701479,6.313112142339753,0.027797753177929072,0.027989454558329574,1.0388664767797744,2043.2808915100893,18.14533324924699,9.483505345019667,6088032.0,6715296.0,6243984.0,6643152.0,6750144.0,6750144.0,6750144.0,6750144.0,2887884.0,2887884.0,2788236.0,2872908.0,2887884.0,2887884.0,2887884.0,2887884.0,6,Gambia,Rice,1126.5
131,2009,35.85150151475515,24.882217473422394,0.1676134957104093,0.16764236275262484,27.609212186601425,199139.43701939227,131.60361159275493,161.28800828140007,5.393816563294121,6.586121260124925,0.029078358827692816,0.029225780880307077,1.2512746732741853,2290.1869813969333,18.315434875175,9.530559724428251,6088032.0,6715296.0,6243984.0,6643152.0,6750144.0,6750144.0,6750144.0,6750144.0,2887884.0,2887884.0,2788236.0,2872908.0,2887884.0,2887884.0,2887884.0,2887884.0,6,Gambia,Rice,1082.2
131,2010,35.66943121505164,21.69608308917806,0.17788144206214276,0.17784796736606523,28.35937800672319,199170.71174374135,132.96999190262898,160.82168372739386,5.185766535813644,5.345667873437026,0.02875263624177636,0.028923285266792918,1.0109062273447014,2628.5054695834624,18.555617386656404,9.51041430008413,6088032.0,6715296.0,6243984.0,6643152.0,6750144.0,6750144.0,6750144.0,6750144.0,2887884.0,2887884.0,2788236.0,2872908.0,2887884.0,2887884.0,2887884.0,2887884.0,6,Gambia,Rice,1159.5
131,2011,33.802483931061225,16.830735547230425,0.16351941264131,0.1635770678016404,27.970794651243423,202877.05441416922,128.08013640416922,161.36146457771034,5.322576863985576,4.353421710669501,0.026713026005660848,0.02679471459241604,1.163540825378918,2506.1830022533118,18.438359586426365,9.240367399860672,6088032.0,6715296.0,6243984.0,6643152.0,6750144.0,6750144.0,6750144.0,6750144.0,2887884.0,2887884.0,2788236.0,2872908.0,2887884.0,2887884.0,2887884.0,2887884.0,6,Gambia,Rice,1216.8
131,2012,35.331418622069414,20.940851402983462,0.1707442627391881,0.170757488319249,27.952445811695522,198478.80762338237,127.51119043207488,161.31936015643225,5.454823510360044,5.293776488398703,0.026598546008736852,0.026759341408030136,1.033332817080439,2188.646181827389,18.836598734759608,9.269749360731854,6088032.0,6715296.0,6243984.0,6643152.0,6750144.0,6750144.0,6750144.0,6750144.0,2887884.0,2887884.0,2788236.0,2872908.0,2887884.0,2887884.0,2887884.0,2887884.0,6,Gambia,Rice,852.6
131,2013,35.3297779338776,18.036469489598385,0.1707563857134017,0.17077009652634725,28.0137038230896,199894.4646139947,130.36305531174256,161.2789703430554,5.845662397251536,4.983089947421456,0.026726376576860934,0.02683327659420953,1.1469513725665317,2509.0306799203663,19.61212668992209,9.453406729358669,6088032.0,6715296.0,6243984.0,6643152.0,6750144.0,6750144.0,6750144.0,6750144.0,2887884.0,2887884.0,2788236.0,2872908.0,2887884.0,2887884.0,2887884.0,2887884.0,6,Gambia,Rice,1050.1
131,2014,32.84722938998439,14.566580455662928,0.16094369575795198,0.16101949773922747,27.903316709730362,203008.43944635137,122.139516581039,161.4148559165075,5.388044635429552,4.42426860617913,0.02787978550058056,0.027948170082247425,1.1977096215936243,2639.4007493148415,19.245255553320895,9.453703907683622,6088032.0,6715296.0,6243984.0,6643152.0,6750144.0,6750144.0,6750144.0,6750144.0,2887884.0,2887884.0,2788236.0,2872908.0,2887884.0,2887884.0,2887884.0,2887884.0,6,Gambia,Rice,704.1
131,2015,34.478572499359785,22.818456692845096,0.16734337392780513,0.16749738827087957,27.75798275735643,199296.72736271354,122.54647392525567,161.10191707588612,5.141295680750641,4.847741157088452,0.027632216084799703,0.027789387698633435,1.1149117964328004,2665.6753185347397,18.34922063560537,9.229496296019871,6088032.0,6715296.0,6388128.0,6643152.0,6750144.0,6750144.0,6750144.0,6750144.0,2887884.0,2887884.0,2818812.0,2872908.0,2887884.0,2887884.0,2887884.0,2887884.0,6,Gambia,Rice,821.6
131,2016,34.29278192081216,20.447973470167693,0.15914002583465636,0.1591400249171834,28.212077617645264,200703.54090420133,126.89796050614986,163.18701232537285,5.214000812224359,4.626934712436803,0.026324063708194432,0.026324063708194432,1.119670305817834,2556.4400115091526,18.91842632333134,9.41252530554487,6088032.0,6715296.0,6643152.0,6643152.0,6750144.0,6750144.0,6750144.0,6750144.0,2887884.0,2887884.0,2872908.0,2872908.0,2887884.0,2887884.0,2887884.0,2887884.0,6,Gambia,Rice,743.6
131,2017,33.58695845815897,21.73817166127605,0.15739296713016096,0.15739296896167432,28.48919259177314,203198.1560104209,123.71520306216884,161.3009135869957,5.263760595682188,5.000884115986318,0.026263205173626795,0.026263205173626795,1.1506231507540916,2347.782990488055,18.702038057101074,9.367401474321634,6088032.0,6715296.0,6643152.0,6643152.0,6750144.0,6750144.0,6750144.0,6750144.0,2887884.0,2887884.0,2872908.0,2872908.0,2887884.0,2887884.0,2887884.0,2887884.0,6,Gambia,Rice,455.6
131,2018,33.359953356225695,18.81697618208959,0.15867692568442882,0.15867692397421046,27.843289891878765,200560.33192503394,124.61626308394817,160.29879660199265,4.884291802716422,3.9913454853508177,0.02805263908988333,0.02805263908988333,1.2384217882919324,2910.564585173892,19.50664931475838,9.466805155299719,6088032.0,6715296.0,6643152.0,6643152.0,6750144.0,6750144.0,6750144.0,6750144.0,2887884.0,2887884.0,2872908.0,2872908.0,2887884.0,2887884.0,2887884.0,2887884.0,6,Gambia,Rice,619.3
131,2019,34.3879823880709,18.77965084739658,0.15579292416158644,0.1557929258449785,27.941368712319267,202825.9497742608,127.8712531333833,162.53600090216702,5.200132681711938,4.317598918125612,0.02851626764629576,0.02851626764629576,1.1718510661941153,2549.5105144797326,20.236598154103113,9.748486472423128,6088032.0,6715296.0,6643152.0,6643152.0,6750144.0,6750144.0,6750144.0,6750144.0,2887884.0,2887884.0,2872908.0,2872908.0,2887884.0,2887884.0,2887884.0,2887884.0,6,Gambia,Rice,490.8
131,2020,35.05809963003819,25.805416824972127,0.16896061164637402,0.1689606126355847,28.47016614013248,200932.21640047317,127.46902862649068,162.24567026756048,5.366399093162733,5.500998898239691,0.028449613833113493,0.028449613833113493,1.0061034031280265,2473.196101937533,19.52147426056551,9.482754562127633,6088032.0,6715296.0,6643152.0,6643152.0,6750144.0,6750144.0,6750144.0,6750144.0,2887884.0,2887884.0,2872908.0,2872908.0,2887884.0,2887884.0,2887884.0,2887884.0,6,Gambia,Rice,660.3
131,2021,35.053318558753716,20.656775123278873,0.16633888737608984,0.16633888864182161,28.41446704334683,204075.9938967714,130.87446712522646,162.9468605854775,5.121035907733383,4.456487045389696,0.028420989597513397,0.028420989597513397,1.1001383395336175,2483.514714057215,19.357726134352916,9.328483706161297,6088032.0,6715296.0,6643152.0,6643152.0,6750144.0,6750144.0,6750144.0,6750144.0,2887884.0,2887884.0,2872908.0,2872908.0,2887884.0,2887884.0,2887884.0,2887884.0,6,Gambia,Rice,1128.2
131,2022,37.368812720074054,23.803627230586166,0.17908028782241872,0.17908028649779237,27.90197347270118,199212.02029202218,137.5455765817627,159.67482989786959,5.292510805596909,5.278563572545493,0.028728305010303108,0.028728305010303108,1.0250809080391683,2240.8465515048088,19.912762605375857,9.579643068348343,6088032.0,6715296.0,6643152.0,6643152.0,6750144.0,6750144.0,6750144.0,6750144.0,2887884.0,2887884.0,2872908.0,2872908.0,2887884.0,2887884.0,2887884.0,2887884.0,6,Gambia,Rice,960.8
132,1984,44.05951457029879,43.69235032266144,0.29136352875718363,0.2917266904102988,26.760084876307733,186774.27194344514,144.99552895338385,144.1604291305928,14.372899192039794,18.459824639405753,0.047311171600329105,0.04742164198716377,0.7123945456280016,7221.534896181866,44.17190347986733,4.660325183126911,78209712.0,81705348.0,66491478.0,79697952.0,81705888.0,81705888.0,79416936.0,79429896.0,32846220.0,32846184.0,28566932.0,32476068.0,32846220.0,32846220.0,32647248.0,32647248.0,3,Cambodia,Rice,1288.3
132,1985,44.05951457029879,44.96204316436242,0.28551423701423184,0.2867450713310127,26.690400264881276,183379.91242012114,147.80327905766646,146.95087311403867,14.372899192039794,18.222714270425094,0.048148773729202204,0.048472344604487023,0.6606274223134354,6894.069333584199,42.75153461444393,4.931928404066224,78209712.0,81705348.0,67885185.0,79697952.0,81705888.0,81705888.0,79416936.0,79429896.0,32846220.0,32846184.0,29358920.0,32476068.0,32846220.0,32846220.0,32647248.0,32647248.0,3,Cambodia,Rice,1249.7
132,1986,44.05951457029879,46.264211810016334,0.2817893341697495,0.28541533571567923,26.68641577826606,182725.9220824867,145.5231206616645,148.0946895501815,14.372899192039794,17.9885552717926,0.05288154037268047,0.049365384390404055,0.775681100936801,7261.79185278024,43.04771932904886,4.89869073832346,78209712.0,81705348.0,51132681.0,79697952.0,81705888.0,81705888.0,79416936.0,79429896.0,32846220.0,32846184.0,22040077.0,32476068.0,32846220.0,32846220.0,32647248.0,32647248.0,3,Cambodia,Rice,1377.0
132,1987,44.05951457029879,40.190572245905564,0.2693309656837407,0.27150437186525805,27.199297657719367,187105.3982564958,145.91033076492707,149.67059877377864,14.372899192039794,17.17355030355158,0.04638766347074495,0.047730844010724464,0.7501554599167927,6759.417542358365,43.23234299274806,5.276084687670375,78209712.0,81705348.0,58874331.0,79697952.0,81705888.0,81705888.0,79416936.0,79429896.0,32846220.0,32846184.0,27447256.0,32476068.0,32846220.0,32846220.0,32647248.0,32647248.0,3,Cambodia,Rice,1324.8
132,1988,44.05951457029879,42.711030842187306,0.27646800492491036,0.27777093353643323,26.961492043954355,186089.84871237527,149.34984466146437,145.14342813834722,14.372899192039794,17.31603575155521,0.042839502758258756,0.044586523200466306,0.6779073508067269,7840.693810718857,39.818020492355146,4.988826732689427,78209712.0,81705348.0,56367972.0,79697952.0,81705888.0,81705888.0,79416936.0,79429896.0,32846220.0,32846184.0,27991280.0,32476068.0,32846220.0,32846220.0,32647248.0,32647248.0,3,Cambodia,Rice,1369.9
132,1989,44.05951457029879,43.676300744991785,0.2780503291222784,0.2797441458453208,26.84438145602191,188589.80761501254,161.13664947953492,151.71436833405656,14.372899192039794,17.232532912285542,0.04291024272290395,0.044420035143751396,0.7044283626689436,6861.7677179772245,44.82793328189761,5.04607742632939,78209712.0,81705348.0,57921501.0,79697952.0,81705888.0,81705888.0,79416936.0,79429896.0,32846220.0,32846184.0,28881207.0,32476068.0,32846220.0,32846220.0,32647248.0,32647248.0,3,Cambodia,Rice,1435.8
132,1990,44.05951457029879,44.44879929375124,0.275593322046377,0.27754219972064204,27.240195433298748,188788.47404144186,157.72332344326495,150.4735787920303,14.372899192039794,18.89880649586168,0.043033179764824285,0.04477383545121393,0.7479323200324172,7326.739863763865,45.183861351259644,5.19902577884164,78209712.0,81705348.0,60379860.0,79697952.0,81705888.0,81705888.0,79416936.0,79429896.0,32846220.0,32846184.0,29248994.0,32476068.0,32846220.0,32846220.0,32647248.0,32647248.0,3,Cambodia,Rice,1347.7
132,1991,44.05951457029879,36.326029786976996,0.27832242239404603,0.279965823689488,27.123249336525245,186368.3431105372,135.26518802739585,149.73969964510252,14.372899192039794,15.726921654591548,0.04455141945401815,0.046007482024446635,0.6948044598898517,6815.467183490909,41.66459676712804,5.162087863063458,78209712.0,81705348.0,65974383.0,79697952.0,81705888.0,81705888.0,79416936.0,79429896.0,32846220.0,32846184.0,29473116.0,32476068.0,32846220.0,32846220.0,32647248.0,32647248.0,3,Cambodia,Rice,1396.2
132,1992,44.05951457029879,40.39333192775376,0.2704510761907807,0.2710304646190453,27.034115544071906,187954.73980786945,138.00656830742886,150.20963556411144,14.372899192039794,17.963711181804303,0.042611410322470705,0.04293073680954291,0.7518512400291478,7140.426548758742,39.10655059801416,5.7425059039205815,78209712.0,81705348.0,76104492.0,79697952.0,81705888.0,81705888.0,79416936.0,79429896.0,32846220.0,32846184.0,31712522.0,32476068.0,32846220.0,32846220.0,32647248.0,32647248.0,3,Cambodia,Rice,1317.8
132,1993,44.05951457029879,42.05383795301892,0.278058868177511,0.27813312383933636,26.68999813221119,186291.8296063561,141.66257707092703,147.92723021957752,14.372899192039794,18.33525011436232,0.04241509571479566,0.04248410761993214,0.7162367759614084,7209.185600215752,38.900291822972605,5.2630596521704796,78209712.0,81705348.0,78081006.0,79697952.0,81705888.0,81705888.0,79416936.0,79429896.0,32846220.0,32846184.0,32179642.0,32476068.0,32846220.0,32846220.0,32647248.0,32647248.0,3,Cambodia,Rice,1306.9
132,1994,44.05951457029879,41.44598809508031,0.28413610988193083,0.2841439693209501,26.943035496605766,187495.23458689285,125.7127257915278,140.18886338636628,14.372899192039794,18.22201898909932,0.044475871128939574,0.044520481127574056,0.6786083504884786,6937.185707427511,33.57514373794283,7.120416904632314,78209712.0,81705348.0,76761936.0,79697952.0,81705888.0,81705888.0,79416936.0,79429896.0,32846220.0,32846184.0,31942379.0,32476068.0,32846220.0,32846220.0,32647248.0,32647248.0,3,Cambodia,Rice,1487.7
132,1995,44.05951457029879,43.48738526930873,0.2770130485296249,0.27705367885454574,27.115955070213037,187268.02026224628,143.6880846119691,147.88941403852925,14.372899192039794,17.11375973409292,0.042332419509364554,0.04234341845084786,0.7391490125118814,6869.351100329082,42.38118240851161,5.11495025994492,78209712.0,81705348.0,79328007.0,79697952.0,81705888.0,81705888.0,79416936.0,79429896.0,32846220.0,32846184.0,32421988.0,32476068.0,32846220.0,32846220.0,32647248.0,32647248.0,3,Cambodia,Rice,1792.0
132,1996,44.05951457029879,46.80132915748874,0.28930555670349684,0.2893203254617774,26.834330859007657,183157.33178479757,148.0385553460421,145.51536871135627,14.372899192039794,18.790222415410593,0.04437214048249454,0.04438652446781467,0.6869674591410697,6959.915571572286,42.95796869983906,4.7710600189066215,78209712.0,81705348.0,77394921.0,79697952.0,81705888.0,81705888.0,79416936.0,79429896.0,32846220.0,32846184.0,32082685.0,32476068.0,32846220.0,32846220.0,32647248.0,32647248.0,3,Cambodia,Rice,1811.6
132,1997,44.05951457029879,35.47989547371913,0.2864270488973017,0.2864558773664262,27.164075356942636,189055.5333342476,153.83488782611968,148.20640260170947,14.372899192039794,16.939152293417884,0.044656632960308584,0.044658032121868196,0.7001921096617769,7104.207399491763,42.90164596325921,5.208361630924872,78209712.0,81705348.0,78334317.0,79697952.0,81705888.0,81705888.0,79416936.0,79429896.0,32846220.0,32846184.0,32203693.0,32476068.0,32846220.0,32846220.0,32647248.0,32647248.0,3,Cambodia,Rice,1770.6
132,1998,44.05951457029879,43.96006063616356,0.2590247968004809,0.25968211074678205,27.794267654418945,188039.3094237327,150.0177946021145,148.3807608533692,14.372899192039794,18.916755267241076,0.04489208584889732,0.04526121762860963,0.6747235044582283,7165.742482300974,39.54310635847452,4.838364694978464,78209712.0,81705348.0,76189998.0,79697952.0,81705888.0,81705888.0,79416936.0,79429896.0,32846220.0,32846184.0,31502171.0,32476068.0,32846220.0,32846220.0,32647248.0,32647248.0,3,Cambodia,Rice,1788.4
132,1999,44.05951457029879,49.44737594049952,0.2974106514895404,0.2975611566277301,26.531517770555283,180259.85536604555,151.21834439458684,142.43353627391207,14.372899192039794,18.25233022836773,0.047752289138757086,0.047713080609623974,0.6598454497685026,7961.510330314255,40.01348623949307,4.534239233213612,78209712.0,81705348.0,77145255.0,79697952.0,81705888.0,81705888.0,79416936.0,79429896.0,32846220.0,32846184.0,32029706.0,32476068.0,32846220.0,32846220.0,32647248.0,32647248.0,3,Cambodia,Rice,1943.3
132,2000,43.31912061659641,53.973910815333056,0.30189330972455164,0.30206346596193084,26.897811130241113,181872.9363899143,119.63253488175697,140.88724854093576,18.411813145699703,22.496137980918988,0.04745317081223672,0.047427958347651,0.6657789661561822,7397.108783536686,40.24873813658695,4.906960644606835,47794824.0,81705348.0,76965417.0,79697952.0,81705888.0,81705888.0,79416936.0,79429896.0,20072690.0,32846184.0,31844732.0,32476068.0,32846220.0,32846220.0,32647248.0,32647248.0,3,Cambodia,Rice,2115.5
132,2001,43.651943636926475,42.741082176301916,0.29160809406527766,0.29319825005867484,27.23374340269301,184629.1628346006,146.60714388457825,146.01200844439623,16.337485501196802,16.602455548226303,0.04969885457422004,0.050322270810029,0.7290075719257322,7155.522247363885,42.09969967361748,4.781824360759875,78209712.0,81705348.0,70068783.0,79697952.0,81705888.0,81705888.0,79416936.0,79429896.0,32846220.0,32846184.0,30517336.0,32476068.0,32846220.0,32846220.0,32647248.0,32647248.0,3,Cambodia,Rice,2069.9
132,2002,42.480681417503035,42.0038788749767,0.28247851036764954,0.28302348303164476,27.68962800061261,187229.64435670318,144.05298993392037,147.4333423693928,16.12427783602482,18.946638637935255,0.04556697465814668,0.04588166501756977,0.74427615483445,8006.55379486019,40.63892556101336,4.871851937328169,78209712.0,81705348.0,77287860.0,79697952.0,81705888.0,81705888.0,79416936.0,79429896.0,32846220.0,32846184.0,31899417.0,32476068.0,32846220.0,32846220.0,32647248.0,32647248.0,3,Cambodia,Rice,1916.4
132,2003,45.468093827925486,41.42641167308248,0.283883336931467,0.28484397012430507,27.489762041303848,187329.37659234324,152.703354984279,148.67829327074406,15.0997023974258,17.435642367144528,0.046790986832929884,0.04706840968793451,0.7604320247996184,7426.98485103047,39.574623501829365,4.257795804030853,78209712.0,81705348.0,71506554.0,79697952.0,81705888.0,81705888.0,79416936.0,79429896.0,32846220.0,32846184.0,31309762.0,32476068.0,32846220.0,32846220.0,32647248.0,32647248.0,3,Cambodia,Rice,2101.2
132,2004,42.53485844921259,41.45457858353478,0.27647578895643904,0.27804642353506626,27.413120446381747,190709.26443873174,142.43749379781795,151.00276260470216,15.135009735322807,17.47507985470464,0.04334005092967837,0.04456683094435413,0.7381404779127944,7031.135510911189,38.41140765265191,4.81609119203265,78209712.0,81705348.0,71125923.0,79697952.0,81705888.0,81705888.0,79416936.0,79429896.0,32846220.0,32846184.0,31089900.0,32476068.0,32846220.0,32846220.0,32647248.0,32647248.0,3,Cambodia,Rice,1977.3
132,2005,40.33374005597182,45.23160406720921,0.2805485205241927,0.28198337623355557,27.37273156201398,185430.897110375,131.81258135305112,149.49754163641703,15.455496694610112,18.712734479421297,0.04315091767959576,0.04435623176832691,0.7148671749392729,7376.64972947685,37.31992922624273,5.29263144069131,78209712.0,81705348.0,71774382.0,79697952.0,81705888.0,81705888.0,79416936.0,79429896.0,32846220.0,32846184.0,31118718.0,32476068.0,32846220.0,32846220.0,32647248.0,32647248.0,3,Cambodia,Rice,2479.3
132,2006,44.05951457029879,44.63182447261599,0.2900228309962484,0.2909397541194345,27.375498595061124,184834.16676298023,143.22313364164347,147.3806282643613,15.441524622410778,19.18464066952477,0.044697096866795294,0.04520248751897726,0.727908339812785,6874.851421907806,36.766643925445834,4.46819683874542,78209712.0,81705348.0,74328948.0,79697952.0,81705888.0,81705888.0,79416936.0,79429896.0,32846220.0,32846184.0,31605172.0,32476068.0,32846220.0,32846220.0,32647248.0,32647248.0,3,Cambodia,Rice,2489.3
132,2007,43.07378971351086,49.934783886182245,0.28765248065745386,0.28871326830493116,27.159711484555846,181497.11619936614,141.14653931277644,148.91547320192964,15.521957309485495,19.690224243239005,0.04319440829532985,0.04402286307822529,0.6806494162533462,6750.57518441221,38.09975356420641,8.565185738380123,78209712.0,81705348.0,77174223.0,79697952.0,81705888.0,81705888.0,81260814.0,81263334.0,32846220.0,32846184.0,31796432.0,32476068.0,32846220.0,32846220.0,32807531.0,32807531.0,3,Cambodia,Rice,2621.6
132,2008,43.00360738337257,46.5002416149813,0.2913051999553486,0.29231274974969057,26.984725563614457,183500.63568193428,151.5300730637846,147.5430348211255,15.061923547588608,16.564615979396713,0.04092209450924487,0.041621321394138135,0.7079678802307812,7301.772252670059,35.553454961299266,9.50215937995722,78209712.0,81705348.0,77121216.0,79697952.0,81705888.0,81705888.0,81705888.0,81705888.0,32846220.0,32846184.0,31807820.0,32476068.0,32846220.0,32846220.0,32846220.0,32846220.0,3,Cambodia,Rice,2745.7
132,2009,44.27144252343355,49.67954513451182,0.29105131880000784,0.2920555112757543,27.07268190383911,182742.61641972084,155.1011228795004,148.59642416968393,15.146738269716492,19.97383125166291,0.04271433049068545,0.04328882716178249,0.751330892749723,6597.736372134431,35.90075287787394,9.339146857413121,78209712.0,81705348.0,77112636.0,79697952.0,81705888.0,81705888.0,81705888.0,81705888.0,32846220.0,32846184.0,31798792.0,32476068.0,32846220.0,32846220.0,32846220.0,32846220.0,3,Cambodia,Rice,2836.3
132,2010,42.8954195853846,44.81047609585417,0.2702234074197433,0.27165539164488783,27.79028814810294,186153.43994797845,149.9801001430859,149.12218840078228,14.110786138151134,18.094977610273233,0.041058305093983304,0.04247969677701941,0.6927021181043338,7012.5921622217975,32.56692870836519,9.272560571728734,78209712.0,81705348.0,77179656.0,79697952.0,81705888.0,81705888.0,81705888.0,81705888.0,32846220.0,32846184.0,31787629.0,32476068.0,32846220.0,32846220.0,32846220.0,32846220.0,3,Cambodia,Rice,2969.7
132,2011,43.023586262871405,49.90531677109571,0.2912851347139588,0.29232910583076516,27.15977156603778,178911.60467797387,149.75767615824023,147.43501340912593,15.406831020710817,20.349988593085207,0.040250155784052014,0.04100685555762471,0.7758614714679714,7745.166569794292,36.70515379238387,9.520987593456482,78209712.0,81705348.0,77157966.0,79697952.0,81705888.0,81705888.0,81705888.0,81705888.0,32846220.0,32846184.0,31778359.0,32476068.0,32846220.0,32846220.0,32846220.0,32846220.0,3,Cambodia,Rice,2957.4
132,2012,44.56172447751473,50.612155842037886,0.2825321284709153,0.28344872812471034,27.75084490246243,182144.41691907993,151.9718324853849,147.9834606061875,13.968644964803078,21.926417891420247,0.041921278384774094,0.042635277233050495,0.7412437385450829,6888.150170507737,32.474049959658664,9.379383502147697,78209712.0,81705348.0,78071898.0,79697952.0,81705888.0,81705888.0,81705888.0,81705888.0,32846220.0,32846184.0,32049849.0,32476068.0,32846220.0,32846220.0,32846220.0,32846220.0,3,Cambodia,Rice,3089.2
132,2013,44.00179194756459,53.149973081614114,0.28273331856837974,0.2831690221713044,27.432884693145752,181115.9827557174,148.82975305982868,148.70644598606046,14.372899192039794,19.67852252300413,0.04004205937908131,0.04041876441729319,0.7675780484466915,7285.797066920007,33.82753986351481,9.311342523869818,78209712.0,81705348.0,78873429.0,79697952.0,81705888.0,81705888.0,81705888.0,81705888.0,32846220.0,32846184.0,32271378.0,32476068.0,32846220.0,32846220.0,32846220.0,32846220.0,3,Cambodia,Rice,3162.7
132,2014,45.4184648786798,46.6796777317924,0.27985742991721185,0.2802927452570668,27.46177652147081,186075.61257298428,152.69988939495366,149.6235664247512,13.64874404238728,18.450115261971305,0.04244664386460668,0.04278670765272821,0.7820448173173411,6688.067562542916,32.353275734511385,9.172820557773965,78209712.0,81705348.0,78931584.0,79697952.0,81705888.0,81705888.0,81705888.0,81705888.0,32846220.0,32846184.0,32292542.0,32476068.0,32846220.0,32846220.0,32846220.0,32846220.0,3,Cambodia,Rice,3078.2
132,2015,45.1741419761483,38.98436194476081,0.25685730673096796,0.25733762005350896,27.929966767628986,188955.9365757912,152.35006489149498,152.289306967125,12.976226007617665,16.540583778128468,0.0414642747603145,0.042152834711138,0.739541058414819,7348.835440371599,30.12591291143696,8.87388458926085,78209712.0,81705348.0,79176075.0,79697952.0,81705888.0,81705888.0,81705888.0,81705888.0,32846220.0,32846184.0,32351406.0,32476068.0,32846220.0,32846220.0,32846220.0,32846220.0,3,Cambodia,Rice,3084.9
132,2016,43.62941921827845,53.16926124494069,0.2651106218496958,0.26513656550697084,27.90004191575227,182042.81714947673,147.70117174077643,150.3779999387404,12.709232423962606,21.209099978641717,0.04104471608651387,0.04108160897189865,0.7599257254190014,6646.46813901225,29.59028147525839,9.247683386127193,78209712.0,81705348.0,79662207.0,79697952.0,81705888.0,81705888.0,81705888.0,81705888.0,32846220.0,32846184.0,32462883.0,32476068.0,32846220.0,32846220.0,32846220.0,32846220.0,3,Cambodia,Rice,3210.3
132,2017,46.87418114065831,49.11199617209162,0.3018208406865597,0.3018342830462339,27.41401818946556,178273.594962938,159.40638170212026,148.18302043634102,13.517604926400258,19.522290614153,0.04386072431407934,0.04387184133007603,0.6710668237244733,6394.642065378014,32.110225704007775,9.380790135364283,78209712.0,81705348.0,79670817.0,79697952.0,81705888.0,81705888.0,81705888.0,81705888.0,32846220.0,32846184.0,32467476.0,32476068.0,32846220.0,32846220.0,32846220.0,32846220.0,3,Cambodia,Rice,3297.2
132,2018,45.76046767196573,41.89455313645407,0.2929330723429167,0.2929638969774555,27.510334032553214,180261.30449359195,154.47533393631716,147.5635743520837,13.806110286345481,19.10918546947064,0.043699406284424036,0.043722408697176494,0.6780845068294679,6929.1543989291085,34.63025959741084,9.416869784990888,78209712.0,81705348.0,79640463.0,79697952.0,81705888.0,81705888.0,81705888.0,81705888.0,32846220.0,32846184.0,32453582.0,32476068.0,32846220.0,32846220.0,32846220.0,32846220.0,3,Cambodia,Rice,3353.4
132,2019,44.62825808196837,37.67402102473039,0.2672267763151063,0.2672654584310362,27.885619287137633,186260.37958976266,150.89678524721904,150.03147293151417,13.102746428775642,16.281700426279016,0.04240267635951837,0.042458174481854884,0.729369273249781,6882.510482643726,32.33974262188086,9.175123990848775,78209712.0,81705348.0,79649370.0,79697952.0,81705888.0,81705888.0,81705888.0,81705888.0,32846220.0,32846184.0,32459565.0,32476068.0,32846220.0,32846220.0,32846220.0,32846220.0,3,Cambodia,Rice,3335.1
132,2020,43.18444147941063,45.44610050003783,0.2679023882029233,0.26794798952232785,27.572481208377415,185561.59794386456,149.3360982799924,149.41492074356825,12.974270533892403,16.23915853790844,0.04169227321357924,0.041782339507087714,0.6805651139736982,5935.625734965934,31.93689781098746,9.285058951441004,78209712.0,81705348.0,79626618.0,79697952.0,81705888.0,81705888.0,81705888.0,81705888.0,32846220.0,32846184.0,32456841.0,32476068.0,32846220.0,32846220.0,32846220.0,32846220.0,3,Cambodia,Rice,3345.4
132,2021,44.70924377986181,51.11472277316062,0.28679384235982536,0.2868344404660452,27.1966721923263,181566.2154762058,151.33132311825082,147.88596108412892,13.837429470425166,20.603687413580563,0.04210865346272228,0.04216802966750391,0.7395236800712627,6331.741086711871,33.71152481936827,9.383678809399637,78209712.0,81705348.0,79620930.0,79697952.0,81705888.0,81705888.0,81705888.0,81705888.0,32846220.0,32846184.0,32456160.0,32476068.0,32846220.0,32846220.0,32846220.0,32846220.0,3,Cambodia,Rice,3489.7
132,2022,45.66542678709672,54.3897696080107,0.31452788605734155,0.3145594806449028,27.127876387702095,179934.87406602147,158.39860281179747,146.9374844130641,13.760282679093258,22.220103983621417,0.04247094900988951,0.042484110942772546,0.724766258271233,6927.242635467736,34.12358241429826,9.410445248396226,78209712.0,81705348.0,79574628.0,79697952.0,81705888.0,81705888.0,81705888.0,81705888.0,32846220.0,32846184.0,32452654.0,32476068.0,32846220.0,32846220.0,32846220.0,32846220.0,3,Cambodia,Rice,3519.2
140,1984,55.36450075550205,55.72911631950211,0.2361900315240577,0.23585369147254195,26.417793167961968,191208.8983346754,169.1170149151069,145.26317975201488,12.554590384295805,28.249256857987607,0.04708687897987552,0.042433472442841846,0.9571987532960231,11303.03835987662,35.353605678992125,4.836877198327176,27936252.0,29233008.0,18187263.0,26787780.0,29233008.0,29233008.0,28535220.0,28535544.0,9117972.0,9117972.0,5066577.0,8115408.0,9117972.0,9117972.0,8964396.0,8964432.0,3,Sri Lanka,Rice,2731.6
140,1985,55.36450075550205,34.71183071449535,0.23531418183335548,0.23488430032281038,26.690878479569047,195960.2380358916,180.31167618983025,149.88588343887466,12.554590384295805,21.98411127431253,0.04568461868120963,0.042124194349171105,0.9932870109360695,11702.4207138875,33.56764382506458,4.965062553937732,27936252.0,29233008.0,18726231.0,26787780.0,29233008.0,29233008.0,28535220.0,28535544.0,9117972.0,9117972.0,5155547.0,8115408.0,9117972.0,9117972.0,8964396.0,8964432.0,3,Sri Lanka,Rice,3077.7
140,1986,55.36450075550205,31.447106187487254,0.23087515056818378,0.23380924629416489,26.84803130891588,198831.27311296656,166.93742249145456,149.22257008407078,12.554590384295805,18.585751503819083,0.04886763556484788,0.04089395363021757,1.0134556053221426,11846.41932489359,37.71363513340717,5.37164764197772,27936252.0,29233008.0,14002626.0,26787780.0,29233008.0,29233008.0,28535220.0,28535544.0,9117972.0,9117972.0,3886235.0,8115408.0,9117972.0,9117972.0,8964396.0,8964432.0,3,Sri Lanka,Rice,3094.4
140,1987,55.36450075550205,31.369846737458197,0.22359206700565837,0.23006633169534324,27.049583081845885,197680.86943294198,175.6799317176278,150.46977492085355,12.554590384295805,17.669133335953006,0.04442191374050233,0.03979565604878319,1.0167749267182091,11278.085182719939,32.16301836585217,4.92860195340808,27936252.0,29233008.0,16579902.0,26787780.0,29233008.0,29233008.0,28535220.0,28535544.0,9117972.0,9117972.0,4756362.0,8115408.0,9117972.0,9117972.0,8964396.0,8964432.0,3,Sri Lanka,Rice,3131.8
140,1988,55.36450075550205,31.864012025847813,0.2278262724479039,0.22922816773831356,26.865677286077428,194087.95462094736,175.87363961076576,148.39577518676904,12.554590384295805,19.20688871848753,0.038526351390629425,0.03779823371766203,1.010304647794592,11575.180360571625,31.30590460973768,4.778516790577233,27936252.0,29233008.0,20200977.0,26787780.0,29233008.0,29233008.0,28535220.0,28535544.0,9117972.0,9117972.0,6080177.0,8115408.0,9117972.0,9117972.0,8964396.0,8964432.0,3,Sri Lanka,Rice,3036.7
140,1989,55.36450075550205,30.07204553496703,0.2304479296284693,0.23068986708449923,26.686268205995912,199487.58489774863,188.8145534483594,154.08051196808898,12.554590384295805,18.642464981822975,0.04144381706159126,0.040602879307199385,1.0414983936958404,11671.466289982443,36.08834145569597,5.881504793163811,27936252.0,29233008.0,20443920.0,26787780.0,29233008.0,29233008.0,28535220.0,28535544.0,9117972.0,9117972.0,6205692.0,8115408.0,9117972.0,9117972.0,8964396.0,8964432.0,3,Sri Lanka,Rice,2991.6
140,1990,55.36450075550205,41.45554820991174,0.2282950222768165,0.22909905878745676,27.014918468616628,197604.24434034817,190.2412255754338,153.29478306157165,12.554590384295805,24.238004013884634,0.03548214070858859,0.0361349947406451,1.0240783637734476,10960.277623126272,35.08675519487198,5.7552670120478275,27936252.0,29233008.0,20423607.0,26787780.0,29233008.0,29233008.0,28535220.0,28535544.0,9117972.0,9117972.0,6212616.0,8115408.0,9117972.0,9117972.0,8964396.0,8964432.0,3,Sri Lanka,Rice,3064.3
140,1991,55.36450075550205,33.31887478430873,0.2326435592991334,0.23290528483218503,26.986734443240696,197923.07983284438,174.27707447182144,151.72319270426968,12.554590384295805,22.247671931122536,0.03642299996899708,0.03621794329591663,1.033507611795474,10638.517050676852,30.450697867289076,4.9793870852370405,27936252.0,29233008.0,21179751.0,26787780.0,29233008.0,29233008.0,28535220.0,28535544.0,9117972.0,9117972.0,6536153.0,8115408.0,9117972.0,9117972.0,8964396.0,8964432.0,3,Sri Lanka,Rice,3021.5
140,1992,55.36450075550205,34.72835375410076,0.23143591055715523,0.23212205005460315,26.734404899455882,199177.63770140609,163.76708148338474,150.90163116353034,12.554590384295805,19.459542123317945,0.036207785238766284,0.03578944133694322,1.036902287850263,11031.501904369346,30.94124822470023,5.66775841737429,27936252.0,29233008.0,23932146.0,26787780.0,29233008.0,29233008.0,28535220.0,28535544.0,9117972.0,9117972.0,7214319.0,8115408.0,9117972.0,9117972.0,8964396.0,8964432.0,3,Sri Lanka,Rice,3054.4
140,1993,55.36450075550205,47.025069374775676,0.22728184610605237,0.22833311570763978,26.84271346198188,194686.81784346935,169.24442938182725,148.07090951391027,12.554590384295805,24.748002613072483,0.037241431872290155,0.03785695928331487,1.0208894612858526,11500.730478908066,32.5410717071906,5.139786766064005,27936252.0,29233008.0,26082210.0,26787780.0,29233008.0,29233008.0,28535220.0,28535544.0,9117972.0,9117972.0,7829344.0,8115408.0,9117972.0,9117972.0,8964396.0,8964432.0,3,Sri Lanka,Rice,3135.0
140,1994,55.36450075550205,43.714574298967584,0.23843489973633375,0.2392970994892582,26.595847182803684,192412.73160290087,157.5362842831012,141.64575403263703,12.554590384295805,26.346365587508917,0.03471371390504576,0.034673297171672154,0.9837032720643963,11844.693265704745,25.906701321589477,4.879696397080933,27936252.0,29233008.0,26183268.0,26787780.0,29233008.0,29233008.0,28535220.0,28535544.0,9117972.0,9117972.0,7861077.0,8115408.0,9117972.0,9117972.0,8964396.0,8964432.0,3,Sri Lanka,Rice,2993.3
140,1995,55.36450075550205,35.26267979828898,0.24115190103098194,0.24204450185574886,26.83258252673679,196803.61445797014,189.37638869819088,148.6936177813099,12.554590384295805,22.245666485408577,0.03565230797224662,0.03571100374773284,1.0275965010831138,11374.086031722369,31.767572234435352,4.696324491098125,27936252.0,29233008.0,26403687.0,26787780.0,29233008.0,29233008.0,28535220.0,28535544.0,9117972.0,9117972.0,7939530.0,8115408.0,9117972.0,9117972.0,8964396.0,8964432.0,3,Sri Lanka,Rice,3158.6
140,1996,55.36450075550205,41.73862639737048,0.2301947726971573,0.23104184970167438,26.72335566414727,195942.5396992911,185.27931923035106,149.16074190435307,12.554590384295805,23.72743662848958,0.03921124958815768,0.03921510537255274,1.01822160590273,11492.178311260304,32.48054545628419,4.862654777957416,27936252.0,29233008.0,26146632.0,26787780.0,29233008.0,29233008.0,28535220.0,28535544.0,9117972.0,9117972.0,7865775.0,8115408.0,9117972.0,9117972.0,8964396.0,8964432.0,3,Sri Lanka,Rice,3123.1
140,1997,55.36450075550205,42.103756654754754,0.23275641986617332,0.23340478237443024,26.93523187990542,199994.95812680127,189.88275206724086,150.96854169386094,12.554590384295805,25.895330530343717,0.04171237472753457,0.04202735598334182,0.9861160833720558,10229.11226679104,33.098613099294916,5.10192029053192,27936252.0,29233008.0,25901625.0,26787780.0,29233008.0,29233008.0,28535220.0,28535544.0,9117972.0,9117972.0,7810761.0,8115408.0,9117972.0,9117972.0,8964396.0,8964432.0,3,Sri Lanka,Rice,3245.1
140,1998,55.36450075550205,36.371628018919246,0.22042559308034398,0.22053559832146968,27.414314499607794,196463.95351681524,190.7561018153994,150.08974241604497,12.554590384295805,19.341773672005164,0.03728881731841266,0.037352539693860286,1.0384384814541279,10774.962068889208,32.27385158688344,4.529682553059793,27936252.0,29233008.0,26294007.0,26787780.0,29233008.0,29233008.0,28535220.0,28535544.0,9117972.0,9117972.0,8031368.0,8115408.0,9117972.0,9117972.0,8964396.0,8964432.0,3,Sri Lanka,Rice,3510.2
140,1999,55.36450075550205,45.994964815882746,0.23268893223117895,0.23293911028988534,26.580726535231978,194619.77059951946,177.82081573196882,145.55023490246458,12.554590384295805,24.18307049313108,0.0377520047422317,0.0377368032716974,1.016334898016928,11732.030030407335,33.08573816275171,4.787245817622624,27936252.0,29233008.0,26149422.0,26787780.0,29233008.0,29233008.0,28535220.0,28535544.0,9117972.0,9117972.0,7988293.0,8115408.0,9117972.0,9117972.0,8964396.0,8964432.0,3,Sri Lanka,Rice,3281.0
140,2000,53.49745907026737,46.023018817559915,0.23030831706192756,0.23048118197795553,26.561947222109193,193313.72003040774,148.7112719735855,144.1965098310246,13.402777612597296,24.23523887139025,0.036640143239239434,0.036644433877605485,0.9984313283519989,11649.050717788077,33.45338861703421,4.661858275401536,17072154.0,29233008.0,26440041.0,26787780.0,29233008.0,29233008.0,28535220.0,28535544.0,5572094.0,9117972.0,8040969.0,8115408.0,9117972.0,9117972.0,8964396.0,8964432.0,3,Sri Lanka,Rice,3437.4
140,2001,55.93372830780422,39.4555268426206,0.22810273838263967,0.22908420323981685,26.87043128190217,195088.9455708263,188.15186631015547,150.8790148220606,12.47820975312143,18.558614304818718,0.03406559233318568,0.03426658007271843,1.0254091458607797,10914.569633325431,31.475360834809617,4.316975945194635,27936252.0,29233008.0,22468170.0,26787780.0,29233008.0,29233008.0,28535220.0,28535544.0,9117972.0,9117972.0,7133525.0,8115408.0,9117972.0,9117972.0,8964396.0,8964432.0,3,Sri Lanka,Rice,3522.8
140,2002,54.996277320288314,43.59483452729686,0.24052502283895455,0.24043060654276455,26.953939119974773,196672.2214509189,178.6644867122303,150.4101080816577,12.615448531284853,21.385026928364937,0.03603370143220633,0.03593442271485386,1.0203261744387573,10811.506821256442,34.296259189083486,4.955919754206263,27936252.0,29233008.0,26062242.0,26787780.0,29233008.0,29233008.0,28535220.0,28535544.0,9117972.0,9117972.0,7935574.0,8115408.0,9117972.0,9117972.0,8964396.0,8964432.0,3,Sri Lanka,Rice,3488.9
140,2003,56.370637810453616,42.760080750946294,0.2503649235047676,0.24715065503555905,26.960943469294794,192351.71811385636,178.42543810026922,150.0745124982178,12.48349344307322,25.038352714289687,0.03079854076263562,0.03188236096065854,0.9971551026956786,12131.764534908227,37.795847011905416,4.567273045922438,27936252.0,29233008.0,23720892.0,26787780.0,29233008.0,29233008.0,28535220.0,28535544.0,9117972.0,9117972.0,7068724.0,8115408.0,9117972.0,9117972.0,8964396.0,8964432.0,3,Sri Lanka,Rice,3369.6
140,2004,54.903716133032894,48.30185463052872,0.23979773717346012,0.23627868573305638,26.927004902451127,191809.8220546972,175.21528956807992,150.65392632341704,12.49030149642381,24.556330982706633,0.03895960404802679,0.03956884853819555,1.0145625953856383,11246.34665933598,36.60119193857627,5.263998001423295,27936252.0,29233008.0,23184198.0,26787780.0,29233008.0,29233008.0,28535220.0,28535544.0,9117972.0,9117972.0,6893618.0,8115408.0,9117972.0,9117972.0,8964396.0,8964432.0,3,Sri Lanka,Rice,3651.6
140,2005,55.5207671516614,47.51940515012719,0.24737039456764853,0.2427820199035832,27.17030057200679,193989.94417846802,173.4414469604661,148.99702649466752,12.74633783417898,23.39695082389575,0.03297807114463878,0.03500711094094942,0.9897118043485575,11464.341493845177,33.51145318931066,4.554662800587729,27936252.0,29233008.0,23193606.0,26787780.0,29233008.0,29233008.0,28535220.0,28535544.0,9117972.0,9117972.0,6893738.0,8115408.0,9117972.0,9117972.0,8964396.0,8964432.0,3,Sri Lanka,Rice,3546.5
140,2006,55.34059243825804,47.15282424509316,0.24532634557949168,0.24262280061861147,26.9396210776435,192293.40997845415,176.12845011635034,149.76253237415642,12.820907799407795,22.940271932304707,0.03349430366847071,0.03451728615792093,0.972647095245067,11631.684289106513,33.51213707509495,4.616070668952086,27936252.0,29233008.0,23916072.0,26787780.0,29233008.0,29233008.0,28535220.0,28535544.0,9117972.0,9117972.0,7140495.0,8115408.0,9117972.0,9117972.0,8964396.0,8964432.0,3,Sri Lanka,Rice,3670.5
140,2007,55.83590947071715,45.23410514221482,0.2328771472805076,0.2310971181950917,26.847554719006574,192748.30794271256,180.65181376573744,152.10209908186673,12.242147060858185,27.96313560858493,0.03381297959188363,0.03435782141232442,0.9764763005320226,11608.316046969985,29.41717129388205,12.105307454913579,27936252.0,29233008.0,24046656.0,26787780.0,29233008.0,29233008.0,29097327.0,29097390.0,9117972.0,9117972.0,7251336.0,8115408.0,9117972.0,9117972.0,9088110.0,9088117.0,3,Sri Lanka,Rice,3833.7
140,2008,56.98019694648557,43.20624479657783,0.24732067242816638,0.2433688513869226,26.81186584190086,191941.7916950697,189.95668754070763,151.94116352358088,12.361271796313906,24.386747464440422,0.02907157476188565,0.03195268331770102,0.9237485205708765,11068.878062445516,27.808477722900985,14.002481421883422,27936252.0,29233008.0,24072810.0,26787780.0,29233008.0,29233008.0,29233008.0,29233008.0,9117972.0,9117972.0,7257492.0,8115408.0,9117972.0,9117972.0,9117972.0,9117972.0,3,Sri Lanka,Rice,3680.0
140,2009,53.55758259681503,45.92243633869442,0.22682326259436428,0.22523956442198637,27.139624807569717,195203.0545148022,180.9325324230211,152.90210635130381,12.646130131716907,23.819383406810907,0.031739648158543236,0.032970453828445566,0.9909617403694556,10920.223346971949,29.368912702179813,14.160021252551815,27936252.0,29233008.0,24072810.0,26787780.0,29233008.0,29233008.0,29233008.0,29233008.0,9117972.0,9117972.0,7257492.0,8115408.0,9117972.0,9117972.0,9117972.0,9117972.0,3,Sri Lanka,Rice,3874.8
140,2010,55.80978558426756,53.06121372148613,0.23750261341532067,0.234712935911295,27.069784747229683,187964.3491005534,187.39800948720364,151.07433270314243,12.660940289043765,27.58317228515464,0.030385138863943537,0.031989334944025526,0.9563708224091167,11036.276610040013,29.765121857078352,14.325088908402957,27936252.0,29233008.0,24090246.0,26787780.0,29233008.0,29233008.0,29233008.0,29233008.0,9117972.0,9117972.0,7261596.0,8115408.0,9117972.0,9117972.0,9117972.0,9117972.0,3,Sri Lanka,Rice,4055.8
140,2011,54.27042601123321,62.44720337614953,0.24340025073400248,0.2399070833363767,26.85701804690891,187780.30877229627,182.22841554106193,151.9428470083179,12.65068194092079,31.339652019474183,0.02899763109510247,0.03186124472978853,0.9277185967812422,10663.033963978154,29.805630159072653,14.11116595689584,27936252.0,29233008.0,24090246.0,26787780.0,29233008.0,29233008.0,29233008.0,29233008.0,9117972.0,9117972.0,7261596.0,8115408.0,9117972.0,9117972.0,9117972.0,9117972.0,3,Sri Lanka,Rice,3569.9
140,2012,53.45592907794301,49.789930091185234,0.22340450366889986,0.22239654567128864,27.088152249654133,196219.34173453177,177.9157906930113,153.2962073836892,12.554590384295805,24.356886663980692,0.03290774605416575,0.033650235291047645,0.9617768036608962,10797.599390956892,30.321872666726044,14.133115889440683,27936252.0,29233008.0,24935550.0,26787780.0,29233008.0,29233008.0,29233008.0,29233008.0,9117972.0,9117972.0,7542702.0,8115408.0,9117972.0,9117972.0,9117972.0,9117972.0,3,Sri Lanka,Rice,3605.7
140,2013,54.694788085282624,44.211842872406834,0.23747788010923948,0.23707120343353527,26.95240905549791,190181.32624870105,180.7072678960676,150.84975771912934,12.253413964096742,26.41524873331202,0.03191541008978974,0.0319569230542651,0.9746302079797927,11248.893933275816,29.75131457885184,14.257322605677178,27936252.0,29233008.0,25869351.0,26787780.0,29233008.0,29233008.0,29233008.0,29233008.0,9117972.0,9117972.0,7842272.0,8115408.0,9117972.0,9117972.0,9117972.0,9117972.0,3,Sri Lanka,Rice,3889.7
140,2014,54.147665116132714,56.85017788742119,0.22840566229489112,0.22827232408494333,26.94371587258798,190470.70124388358,179.82731519731286,152.66678045368073,12.030125751220256,29.253245395085145,0.03471199890905765,0.034736470957498905,0.9699774692656531,11488.658871489155,28.812262557623253,14.15748821764042,27936252.0,29233008.0,25894188.0,26787780.0,29233008.0,29233008.0,29233008.0,29233008.0,9117972.0,9117972.0,7850484.0,8115408.0,9117972.0,9117972.0,9117972.0,9117972.0,3,Sri Lanka,Rice,3837.7
140,2015,56.73902333044231,49.72048294658511,0.24395119205669116,0.24370288179947824,26.98753367529975,191078.0508723459,186.4807513506269,150.4921213489526,12.517896031004776,25.79017427096494,0.028591022803453825,0.02863740226376499,0.9081753616886213,10889.19002121664,29.13979444560328,14.248213524174377,27936252.0,29233008.0,26224317.0,26787780.0,29233008.0,29233008.0,29233008.0,29233008.0,9117972.0,9117972.0,7948910.0,8115408.0,9117972.0,9117972.0,9117972.0,9117972.0,3,Sri Lanka,Rice,3979.4
140,2016,54.72131290474866,31.858500794461886,0.22099309731964709,0.22099309752459606,27.504892137315537,199109.10072715426,180.30410136658938,153.56446819947521,12.088236632032533,20.130896948952206,0.03262254997012564,0.03262254997012564,1.0127210400614042,9817.046281861574,28.470816261148734,14.026085774326752,27936252.0,29233008.0,26787780.0,26787780.0,29233008.0,29233008.0,29233008.0,29233008.0,9117972.0,9117972.0,8115408.0,8115408.0,9117972.0,9117972.0,9117972.0,9117972.0,3,Sri Lanka,Rice,3872.8
140,2017,56.844766374407264,43.18178619428931,0.2272799344802344,0.22727993226883683,27.124623634197093,193570.53105697053,186.7612296278459,152.44411814169806,12.685093480184015,21.703582024665575,0.03618077016175131,0.03618077016175131,0.9632795757047771,10892.092389654172,28.75736165532742,13.992888638766726,27936252.0,29233008.0,26787780.0,26787780.0,29233008.0,29233008.0,29233008.0,29233008.0,9117972.0,9117972.0,8115408.0,8115408.0,9117972.0,9117972.0,9117972.0,9117972.0,3,Sri Lanka,Rice,3010.3
140,2018,55.36450075550205,43.26037796464316,0.2360267480490384,0.236026749874163,26.73477328265155,190800.8719080094,180.844759489002,150.0421666609657,12.781558060506981,24.233413222614374,0.036747356301532766,0.036747356301532766,0.9415487265659868,11198.429698234375,33.272309920403636,14.377489280762475,27936252.0,29233008.0,26787780.0,26787780.0,29233008.0,29233008.0,29233008.0,29233008.0,9117972.0,9117972.0,8115408.0,8115408.0,9117972.0,9117972.0,9117972.0,9117972.0,3,Sri Lanka,Rice,3775.2
140,2019,54.80758322023362,47.78491755532349,0.22950239410554918,0.2295023950357686,27.229509035746258,192261.57802903006,181.6739644074995,152.74310241005878,12.993116538552265,28.051169911607275,0.0352361352849197,0.0352361352849197,0.9613649254989481,11105.682885370346,33.36542729189043,14.171390678041949,27936252.0,29233008.0,26787780.0,26787780.0,29233008.0,29233008.0,29233008.0,29233008.0,9117972.0,9117972.0,8115408.0,8115408.0,9117972.0,9117972.0,9117972.0,9117972.0,3,Sri Lanka,Rice,4795.4
140,2020,54.729490031442545,40.23150308564238,0.23410561184088385,0.23410561034544788,27.252575061939382,193610.05951912492,184.25831904970735,151.0757714919034,13.1558919376935,23.627272039570432,0.03271882156301101,0.03271882156301101,0.9466075323465758,11057.549791644446,33.96920526991603,14.25649389294529,27936252.0,29233008.0,26787780.0,26787780.0,29233008.0,29233008.0,29233008.0,29233008.0,9117972.0,9117972.0,8115408.0,8115408.0,9117972.0,9117972.0,9117972.0,9117972.0,3,Sri Lanka,Rice,4802.1
140,2021,56.33594267344811,52.55597335683473,0.256041270715219,0.2560412684282688,26.96457769252636,187453.88530736807,187.10887046883525,150.58912915229496,12.628656358790911,27.476354472037773,0.031216466678247446,0.031216466678247446,0.9218965151432459,10863.902917184962,32.1259048926212,14.27213383130135,27936252.0,29233008.0,26787780.0,26787780.0,29233008.0,29233008.0,29233008.0,29233008.0,9117972.0,9117972.0,8115408.0,8115408.0,9117972.0,9117972.0,9117972.0,9117972.0,3,Sri Lanka,Rice,4570.9
140,2022,55.738379187098936,45.48162834313044,0.2579943792963469,0.25799437946849274,26.829781373341877,188919.66651150768,185.31565947309375,150.50466675860844,12.059691343649387,24.29753771296753,0.030697394774882494,0.030697394774882494,0.9284568849580082,10480.260217747767,30.891866537097307,14.180894791450758,27936252.0,29233008.0,26787780.0,26787780.0,29233008.0,29233008.0,29233008.0,29233008.0,9117972.0,9117972.0,8115408.0,8115408.0,9117972.0,9117972.0,9117972.0,9117972.0,3,Sri Lanka,Rice,3045.0
165,1984,53.88156149209434,44.772149228343736,0.2666226241418293,0.24469227345048847,24.421237606472438,201587.62988384624,140.6124804779412,141.1599854447047,10.62311508010793,18.78572238934141,0.035116688124401524,0.04505534050832563,1.817798267092636,11144.153066287323,38.13342686586885,6.9125577419910815,10797660.0,10942020.0,2376905.0,9593460.0,10942020.0,10942020.0,10841760.0,10841760.0,1313568.0,1313568.0,316301.0,1090980.0,1313568.0,1313568.0,1299384.0,1299384.0,3,Timor-Leste,Rice,2006.9
165,1985,53.88156149209434,41.86515753447098,0.2565901125056876,0.24293952589037665,24.454844591352675,209317.00525973603,176.21411450256204,149.55438717943858,10.62311508010793,18.95959147963987,0.029815079481909087,0.041857460438340474,1.8267803315012205,10648.016075365338,33.78331969220934,6.856614621805357,10797660.0,10942020.0,2335265.0,9593460.0,10942020.0,10942020.0,10841760.0,10841760.0,1313568.0,1313568.0,294068.0,1090980.0,1313568.0,1313568.0,1299384.0,1299384.0,3,Timor-Leste,Rice,2000.0
165,1986,53.88156149209434,44.221055857236834,0.247964776944423,0.24281175861367177,24.470928054385716,202862.73964112558,170.6103050003812,148.45266611390832,10.62311508010793,18.99526849056999,0.03873733198008762,0.04339071071520545,1.8198544894407664,10835.15326046458,37.75257360336263,6.5910811953566775,10797660.0,10942020.0,1708224.0,9593460.0,10942020.0,10942020.0,10841760.0,10841760.0,1313568.0,1313568.0,207152.0,1090980.0,1313568.0,1313568.0,1299384.0,1299384.0,3,Timor-Leste,Rice,2000.0
165,1987,53.88156149209434,41.12176088296118,0.2311052650213241,0.22979296888447528,24.50944946077135,208800.92407393738,164.23640561962296,150.37396179454026,10.62311508010793,15.237594479449886,0.027680374414581044,0.03361976326475317,1.8067671520533521,10156.239156364103,34.948263011955895,6.714860058892166,10797660.0,10942020.0,2396875.0,9593460.0,10942020.0,10942020.0,10841760.0,10841760.0,1313568.0,1313568.0,288001.0,1090980.0,1313568.0,1313568.0,1299384.0,1299384.0,3,Timor-Leste,Rice,2130.5
165,1988,53.88156149209434,48.01750277861266,0.24599272710936407,0.23374594487236924,24.75319275326199,203838.76502029892,167.37601298156005,147.68506825437245,10.62311508010793,17.874240322721015,0.031038565054909283,0.036700507626696945,1.7941951167277457,10291.966361507077,32.652140823712436,5.867992318228028,10797660.0,10942020.0,3470095.0,9593460.0,10942020.0,10942020.0,10841760.0,10841760.0,1313568.0,1313568.0,444826.0,1090980.0,1313568.0,1313568.0,1299384.0,1299384.0,3,Timor-Leste,Rice,2156.2
165,1989,53.88156149209434,48.50182529318689,0.25277352821495797,0.23633406028422838,24.62846235699124,210068.49993998362,196.57354367074242,155.43132616032588,10.62311508010793,19.532603729513788,0.03656565590174666,0.0400342664132763,1.828864470684567,9759.948883698498,31.54956574585991,6.379893521765576,10797660.0,10942020.0,3569245.0,9593460.0,10942020.0,10942020.0,10841760.0,10841760.0,1313568.0,1313568.0,457540.0,1090980.0,1313568.0,1313568.0,1299384.0,1299384.0,3,Timor-Leste,Rice,2587.3
165,1990,53.88156149209434,44.909055177602504,0.24787501020090916,0.23370202699075204,24.56925580766466,209066.245908077,190.4625365574301,156.76108004388436,10.62311508010793,18.487139327059076,0.03039304668369853,0.036436529606519365,1.8192400915415599,10796.48462387033,32.40722692356708,6.611493094567792,10797660.0,10942020.0,3407875.0,9593460.0,10942020.0,10942020.0,10841760.0,10841760.0,1313568.0,1313568.0,434374.0,1090980.0,1313568.0,1313568.0,1299384.0,1299384.0,3,Timor-Leste,Rice,2636.1
165,1991,53.88156149209434,37.006125465946035,0.24138061478734013,0.2180659760513614,24.276696904500326,212750.6242731752,164.51357127048146,153.3557469708994,10.62311508010793,13.400523696692007,0.038673269272931084,0.04583072538252285,1.856247195049093,9551.06382704477,30.78177595045322,5.826977268138469,10797660.0,10942020.0,5321595.0,9593460.0,10942020.0,10942020.0,10841760.0,10841760.0,1313568.0,1313568.0,638851.0,1090980.0,1313568.0,1313568.0,1299384.0,1299384.0,3,Timor-Leste,Rice,2623.7
165,1992,53.88156149209434,39.929374392042774,0.21384667907324098,0.21045306141068162,24.499587323930527,210491.4669441458,161.86193723862158,150.58075929805142,10.62311508010793,16.70826388185937,0.0366105500616867,0.03863408693373244,1.8321864499820344,10095.34917203048,30.062943640474305,6.245373784053386,10797660.0,10942020.0,8236850.0,9593460.0,10942020.0,10942020.0,10841760.0,10841760.0,1313568.0,1313568.0,945422.0,1090980.0,1313568.0,1313568.0,1299384.0,1299384.0,3,Timor-Leste,Rice,2716.9
165,1993,53.88156149209434,33.41043238210298,0.22143446885877183,0.22216113414421998,24.391154066721597,208297.98190220413,163.86069218122157,147.60330612860403,10.62311508010793,12.835490613072789,0.037656071253905896,0.03736016386609734,1.8228849122505655,10364.735953295856,32.28028715449123,5.982814256885565,10797660.0,10942020.0,9296475.0,9593460.0,10942020.0,10942020.0,10841760.0,10841760.0,1313568.0,1313568.0,1054358.0,1090980.0,1313568.0,1313568.0,1299384.0,1299384.0,3,Timor-Leste,Rice,2745.3
165,1994,53.88156149209434,35.57558623349238,0.2130569351216157,0.2137204840824394,24.230158381991917,211743.50820276004,135.48639799702093,137.46080564435422,10.62311508010793,13.052609676958996,0.0341642124666836,0.03402210188567,1.8390198413765013,10120.188943369074,27.37407899508189,7.280167440298308,10797660.0,10942020.0,9328420.0,9593460.0,10942020.0,10942020.0,10841760.0,10841760.0,1313568.0,1313568.0,1060683.0,1090980.0,1313568.0,1313568.0,1299384.0,1299384.0,3,Timor-Leste,Rice,2575.9
165,1995,53.88156149209434,45.10639604391714,0.2348747387114498,0.23540906905945821,24.31807721455892,200719.54811095516,186.0877806419371,149.70110550425616,10.62311508010793,17.860807474463872,0.03687003002268163,0.037160080555934644,1.8555732745933926,11145.003709393104,37.17285368433835,6.393406194697905,10797660.0,10942020.0,9035910.0,9593460.0,10942020.0,10942020.0,10841760.0,10841760.0,1313568.0,1313568.0,1028116.0,1090980.0,1313568.0,1313568.0,1299384.0,1299384.0,3,Timor-Leste,Rice,2582.2
165,1996,53.88156149209434,38.79622600900627,0.22765093441638679,0.22739926923219828,24.478723091549345,204862.70599466495,186.354724143168,150.79535943097088,10.62311508010793,14.427129641439665,0.04017827631541359,0.03962231926846373,1.8520672174102657,10178.368708681177,35.970341325189835,6.296314458002685,10797660.0,10942020.0,8982645.0,9593460.0,10942020.0,10942020.0,10841760.0,10841760.0,1313568.0,1313568.0,1019155.0,1090980.0,1313568.0,1313568.0,1299384.0,1299384.0,3,Timor-Leste,Rice,2672.6
165,1997,53.88156149209434,32.28493411009504,0.22885546113053953,0.22946159267792082,24.189956601460775,216158.43085094847,181.10380384807158,153.89344485785836,10.62311508010793,11.46609936841139,0.04481493399598802,0.04321894385701611,1.8405241424361776,9782.487463502022,31.640874884646568,6.114243041827494,10797660.0,10942020.0,8018315.0,9593460.0,10942020.0,10942020.0,10841760.0,10841760.0,1313568.0,1313568.0,925000.0,1090980.0,1313568.0,1313568.0,1299384.0,1299384.0,3,Timor-Leste,Rice,2674.2
165,1998,53.88156149209434,45.482982733551275,0.2344301239897807,0.23688649372097506,24.96232475704617,200054.71564717073,187.7587102806323,144.22778458048288,10.62311508010793,20.95719108148096,0.03851412896529892,0.03940812681295283,1.8294394793985662,10317.400128808811,34.92147574803458,5.81628143859379,10797660.0,10942020.0,7735620.0,9593460.0,10942020.0,10942020.0,10841760.0,10841760.0,1313568.0,1313568.0,905044.0,1090980.0,1313568.0,1313568.0,1299384.0,1299384.0,3,Timor-Leste,Rice,2665.1
165,1999,53.88156149209434,52.85064129757125,0.23417907601429352,0.23346856921668835,24.254682805803085,199234.5990093073,158.74631403505282,140.77704477820026,10.62311508010793,20.261187067186995,0.03537011791971621,0.03533835980603875,1.8796692394818861,10114.820847536594,42.001773325659705,7.164997576449557,10797660.0,10942020.0,7622385.0,9593460.0,10942020.0,10942020.0,10841760.0,10841760.0,1313568.0,1313568.0,896587.0,1090980.0,1313568.0,1313568.0,1299384.0,1299384.0,3,Timor-Leste,Rice,2648.9
165,2000,51.59398846962163,58.55640714000867,0.23915915170477492,0.23708750682267454,24.310090488857693,199319.36749692456,120.352464933007,137.6629931173207,10.741780237427168,20.739931220018764,0.03443326860096008,0.03507407078060493,1.8712489412935165,11021.234079532853,33.37258672815346,6.166596965558496,6598570.0,10942020.0,7370540.0,9593460.0,10942020.0,10942020.0,10841760.0,10841760.0,802736.0,1313568.0,866951.0,1090980.0,1313568.0,1313568.0,1299384.0,1299384.0,3,Timor-Leste,Rice,3000.0
165,2001,55.61421122811142,43.956117301484255,0.2384195193648338,0.23029764511961415,24.442517958747015,203422.63401887583,187.92992967043048,151.38875508947893,10.080153957219714,16.241532348577156,0.033062157363236186,0.03564419551468067,1.868730335614382,10482.940605676045,30.933852143316386,5.676432720464048,10797660.0,10942020.0,6420190.0,9593460.0,10942020.0,10942020.0,10841760.0,10841760.0,1313568.0,1313568.0,775378.0,1090980.0,1313568.0,1313568.0,1299384.0,1299384.0,3,Timor-Leste,Rice,1538.4
165,2002,52.32343398195335,29.662643199413257,0.23069232954747143,0.2289866265027386,24.557749292585584,216250.6152676649,185.11218592572715,153.38653794598238,10.497140556511901,10.200734859790963,0.037897695679892804,0.03854984265172038,1.8332174044867262,9857.777052949708,42.35978340293937,6.498349676897999,10797660.0,10942020.0,8813745.0,9593460.0,10942020.0,10942020.0,10841760.0,10841760.0,1313568.0,1313568.0,1016426.0,1090980.0,1313568.0,1313568.0,1299384.0,1299384.0,3,Timor-Leste,Rice,1533.0
165,2003,54.56763777707765,36.32264693443259,0.23207027730014584,0.22831497370571785,24.639788500467937,207820.74618752205,190.93274775314796,153.11102668254736,11.680149963062917,11.81674361672132,0.03293751382164512,0.03564376538243726,1.8551607750860897,10247.383002051385,56.61720099350736,5.753961388631036,10797660.0,10942020.0,6677615.0,9593460.0,10942020.0,10942020.0,10841760.0,10841760.0,1313568.0,1313568.0,809060.0,1090980.0,1313568.0,1313568.0,1299384.0,1299384.0,3,Timor-Leste,Rice,1502.5
165,2004,53.19954540651258,33.211730750200026,0.2298951186239719,0.22437005103272795,24.509360355801054,212403.21092447,190.2136993743444,155.48171486270482,10.215672735731173,12.29999763566509,0.03516840527038138,0.03829476764582602,1.851050269378715,10460.986312207271,52.67361660056349,6.151545067401887,10797660.0,10942020.0,6217365.0,9593460.0,10942020.0,10942020.0,10841760.0,10841760.0,1313568.0,1313568.0,764900.0,1090980.0,1313568.0,1313568.0,1299384.0,1299384.0,3,Timor-Leste,Rice,1521.5
165,2005,54.1341293673396,30.784540672866232,0.23259784633086783,0.22614816870905358,24.815779166751437,209813.23233411208,183.6283873635493,151.56984346215572,10.62311508010793,10.652601116780048,0.035512620771434765,0.038355213130277864,1.8067660598472366,9530.59997095063,32.78120375431364,6.355913743310745,10797660.0,10942020.0,6201260.0,9593460.0,10942020.0,10942020.0,10841760.0,10841760.0,1313568.0,1313568.0,761413.0,1090980.0,1313568.0,1313568.0,1299384.0,1299384.0,3,Timor-Leste,Rice,1472.2
165,2006,53.12508203774127,43.90114357589074,0.23196404907438486,0.22394615945246374,24.26397238837348,206122.97719249863,181.83153185670614,154.00583555008367,10.40241255871057,14.392622555059233,0.03447659587345965,0.03782470104582016,1.8486310531636547,10906.75715918995,30.351286015930327,5.873970602034539,10797660.0,10942020.0,6624145.0,9593460.0,10942020.0,10942020.0,10841760.0,10841760.0,1313568.0,1313568.0,798828.0,1090980.0,1313568.0,1313568.0,1299384.0,1299384.0,3,Timor-Leste,Rice,1231.3
165,2007,54.87839981395635,42.41231354542171,0.23916040956974025,0.23091734947687673,24.54860455195109,205393.01581414905,182.99033585868477,152.3827680301609,11.065170285726218,15.939496024110456,0.03234595919106631,0.036484979154695445,1.832840201389733,10963.477227395902,29.989572232182677,11.400144354585613,10797660.0,10942020.0,6201260.0,9593460.0,10942020.0,10942020.0,10922525.0,10922525.0,1313568.0,1313568.0,761413.0,1090980.0,1313568.0,1313568.0,1310810.0,1310810.0,3,Timor-Leste,Rice,1510.5
165,2008,50.911904514188336,54.13937340561348,0.23543780735797348,0.22870929250363503,24.54192632039388,202948.3701652053,182.78017332113518,150.19889878195914,10.402539552830808,17.37916363315956,0.03308059239182654,0.037173371063073786,1.8469935628251224,10680.369729412403,28.167520041462108,12.6291891407501,10797660.0,10942020.0,6232620.0,9593460.0,10942020.0,10942020.0,10942020.0,10942020.0,1313568.0,1313568.0,766059.0,1090980.0,1313568.0,1313568.0,1313568.0,1313568.0,3,Timor-Leste,Rice,1758.7
165,2009,51.93330958421195,37.91089040061037,0.23131047603156826,0.22576677931554123,24.693648952907985,210637.332646667,184.74023805329185,152.84958051420801,10.618262967178293,12.421718029568208,0.03288053066689507,0.0366371933849608,1.8470694750398804,9878.376683641782,28.2205621599939,12.346941510212122,10797660.0,10942020.0,6248300.0,9593460.0,10942020.0,10942020.0,10942020.0,10942020.0,1313568.0,1313568.0,768382.0,1090980.0,1313568.0,1313568.0,1313568.0,1313568.0,3,Timor-Leste,Rice,3097.0
165,2010,60.78035494796787,65.09112758981972,0.25044269305136463,0.23891436320073392,24.936280081007215,195028.9219960408,206.20140859649482,149.55577969221824,10.056535902811083,25.9575944502771,0.034114049092796854,0.038382034908632304,1.8595006335546247,10645.916125073247,24.25416668966362,12.380852522982758,10797660.0,10942020.0,5740065.0,9593460.0,10942020.0,10942020.0,10942020.0,10942020.0,1313568.0,1313568.0,710104.0,1090980.0,1313568.0,1313568.0,1313568.0,1313568.0,3,Timor-Leste,Rice,3089.8
165,2011,53.88156149209434,61.56341420239483,0.23840560151471027,0.23025359154712374,24.367635006374783,199514.05722823285,188.97740840934188,149.32799694594922,10.603391425093902,19.73722223176197,0.034558210222390986,0.037878411588278406,1.8350784450022426,10659.739808679045,26.363115606589027,12.514284605394424,10797660.0,10942020.0,6074345.0,9593460.0,10942020.0,10942020.0,10942020.0,10942020.0,1313568.0,1313568.0,748560.0,1090980.0,1313568.0,1313568.0,1313568.0,1313568.0,3,Timor-Leste,Rice,2764.2
165,2012,53.96470182051835,44.78292086256897,0.2367434333595964,0.23036021600935738,24.433276727464463,206852.229969877,188.8812518525692,151.8819482778485,10.40580589802844,15.694529385072196,0.03204107385948715,0.0360663370479987,1.843802548410245,10591.705498890642,26.371125478653514,12.186560465885217,10797660.0,10942020.0,7165725.0,9593460.0,10942020.0,10942020.0,10942020.0,10942020.0,1313568.0,1313568.0,866156.0,1090980.0,1313568.0,1313568.0,1313568.0,1313568.0,3,Timor-Leste,Rice,2845.1
165,2013,57.05473456656361,52.093007738409185,0.2419414343933264,0.23847498614691579,24.741104327307806,200713.81366296974,197.68349519256913,150.94876998771792,10.17203514928197,20.579478908346392,0.030024420946820028,0.03424340642089788,1.825317885172811,10657.277503367142,24.88376102157938,12.22564078234359,10797660.0,10942020.0,8358310.0,9593460.0,10942020.0,10942020.0,10942020.0,10942020.0,1313568.0,1313568.0,974156.0,1090980.0,1313568.0,1313568.0,1313568.0,1313568.0,3,Timor-Leste,Rice,3119.2
165,2014,53.11273574831122,34.735848126962416,0.23293274475468526,0.23258406178449448,24.599648020002576,212800.9332601376,185.83684775491395,152.77770172383816,10.38682838734658,11.752537638756836,0.03514034253775103,0.0364930105991169,1.8542117589738025,10314.772441377265,26.940651032985787,12.313950750157023,10797660.0,10942020.0,8689560.0,9593460.0,10942020.0,10942020.0,10942020.0,10942020.0,1313568.0,1313568.0,1017132.0,1090980.0,1313568.0,1313568.0,1313568.0,1313568.0,3,Timor-Leste,Rice,3118.6
165,2015,53.11658448103742,35.217726004021166,0.22245439783566523,0.22155909841432597,24.556320963965522,212867.23560379364,184.7173457282999,154.4771174313557,10.952098468208176,12.759654081576773,0.03720076853886138,0.0382768763765652,1.8314212801845946,10641.424431651809,27.624121080990097,12.142677470681665,10797660.0,10942020.0,8984330.0,9593460.0,10942020.0,10942020.0,10942020.0,10942020.0,1313568.0,1313568.0,1044698.0,1090980.0,1313568.0,1313568.0,1313568.0,1313568.0,3,Timor-Leste,Rice,3108.2
165,2016,57.40059717337647,42.85575290590587,0.22564868173665467,0.22573975671916457,25.332658958435058,208593.96460368906,198.54310525432703,152.1636282106547,12.448162315666927,19.88262969217779,0.03767440602806917,0.03772354171212048,1.814546298014796,10074.663215512204,30.221003217787583,12.286518946183575,10797660.0,10942020.0,9450100.0,9593460.0,10942020.0,10942020.0,10942020.0,10942020.0,1313568.0,1313568.0,1088068.0,1090980.0,1313568.0,1313568.0,1313568.0,1313568.0,3,Timor-Leste,Rice,3116.8
165,2017,53.82274205352086,47.011420367068,0.22875435468223357,0.22892971933486092,24.924157015482585,199820.68500155557,190.68284628221573,150.65844562185544,11.31280660458761,19.392100957830813,0.03633234574605581,0.036541246560383954,1.8173969876540401,10986.6666171192,29.117404526449818,12.483259630673633,10797660.0,10942020.0,9450100.0,9593460.0,10942020.0,10942020.0,10942020.0,10942020.0,1313568.0,1313568.0,1088068.0,1090980.0,1313568.0,1313568.0,1313568.0,1313568.0,3,Timor-Leste,Rice,2705.5
165,2018,52.434860559863715,33.26298505672213,0.2192462348275714,0.21947067999286615,24.91884060965644,207208.43076833466,187.03564805395627,151.886196634379,11.485839325401631,11.767334296380177,0.03628548165221776,0.03653919868294771,1.8023227346325967,10564.316385765758,33.38000218608504,12.345862033438792,10797660.0,10942020.0,9405300.0,9593460.0,10942020.0,10942020.0,10942020.0,10942020.0,1313568.0,1313568.0,1087158.0,1090980.0,1313568.0,1313568.0,1313568.0,1313568.0,3,Timor-Leste,Rice,3352.9
165,2019,52.12305818747803,33.905198879544905,0.2175719449917475,0.21775372042554086,24.747078715430366,210920.91996360637,186.64963103450447,153.1648499721392,11.367865650888362,12.2100259434375,0.034289056318835526,0.034493232750596,1.7845365978731542,11152.569446023064,32.90971689509767,12.312487091498118,10797660.0,10942020.0,9387380.0,9593460.0,10942020.0,10942020.0,10942020.0,10942020.0,1313568.0,1313568.0,1086794.0,1090980.0,1313568.0,1313568.0,1313568.0,1313568.0,3,Timor-Leste,Rice,2141.8
165,2020,53.7162920074785,36.794816559092446,0.22367116701271794,0.2238213008353138,25.111579831441244,206712.3051855712,189.96881250537672,152.01265614259668,11.912468730182384,14.572052385190508,0.03335274365648435,0.033556007621925704,1.805631622401947,10666.20080504589,33.506228778275144,12.52312700690044,10797660.0,10942020.0,9468020.0,9593460.0,10942020.0,10942020.0,10942020.0,10942020.0,1313568.0,1313568.0,1088432.0,1090980.0,1313568.0,1313568.0,1313568.0,1313568.0,3,Timor-Leste,Rice,2643.0
165,2021,54.785301714799786,50.73471543666327,0.2336959081391493,0.23381918751721473,25.005614397260878,198733.98195941804,187.31312202136368,148.70745786260537,11.682452179827253,19.3250019784922,0.03483334952162447,0.03495640084218563,1.811427131227708,10535.59782168311,32.35174364297033,12.816336924450134,10797660.0,10942020.0,9485940.0,9593460.0,10942020.0,10942020.0,10942020.0,10942020.0,1313568.0,1313568.0,1088796.0,1090980.0,1313568.0,1313568.0,1313568.0,1313568.0,3,Timor-Leste,Rice,1696.6
165,2022,57.50709026156514,49.41486115648238,0.24374780265821347,0.24381780999143388,24.90079639222887,202045.55604494817,190.97107543342514,149.91962331604734,11.20862286811715,22.780216870079574,0.038691121329872284,0.0387073496132177,1.8702578471336238,10096.314589947018,30.825141669481592,13.528651380487524,10797660.0,10942020.0,9459060.0,9593460.0,10942020.0,10942020.0,10942020.0,10942020.0,1313568.0,1313568.0,1088250.0,1090980.0,1313568.0,1313568.0,1313568.0,1313568.0,3,Timor-Leste,Rice,2458.6
183,1984,55.07569801942418,73.75638442211124,0.3261987167100111,0.3175989012346786,24.93484402762519,181330.13867956243,149.8640273895271,137.67892720457334,14.681456451058082,40.158288296645885,0.057350960595732275,0.05439137686387176,1.8129781014240156,17890.29841395436,41.832325869849186,8.308118166368242,1334555280.0,1374800940.0,385664565.0,800158860.0,1374885180.0,1374885180.0,1355686560.0,1355952420.0,98513316.0,98513172.0,42226538.0,86209128.0,98513316.0,98513316.0,97371180.0,97375716.0,1,Indonesia,Rice,3906.0
183,1985,55.07569801942418,63.17588677341404,0.3226738304727607,0.3158107538306325,25.087873035007053,188855.9328945835,174.31484279431606,144.5987305932653,14.681456451058082,37.80005497367157,0.0602790065640748,0.055989622648662675,1.8583331804542014,17870.271605772734,38.70782127486964,8.001131043350561,1334555280.0,1374800940.0,394380360.0,800158860.0,1374885180.0,1374885180.0,1355686560.0,1355952420.0,98513316.0,98513172.0,42938513.0,86209128.0,98513316.0,98513316.0,97371180.0,97375716.0,1,Indonesia,Rice,3941.8
183,1986,55.07569801942418,65.93538788624207,0.31816071415769637,0.315611264064961,25.055202685462103,184315.25569013454,167.8210773760173,144.49748148218512,14.681456451058082,39.73443127010567,0.06263198241228475,0.055261628108631645,1.845217670609798,18473.395516222616,40.49353725248976,7.984167044795359,1334555280.0,1374800940.0,303770810.0,800158860.0,1374885180.0,1374885180.0,1355686560.0,1355952420.0,98513316.0,98513172.0,32900861.0,86209128.0,98513316.0,98513316.0,97371180.0,97375716.0,1,Indonesia,Rice,3977.3
183,1987,55.07569801942418,55.70460801202527,0.31137267649173733,0.3107773099476204,25.370315244462756,189706.31312316743,161.30999647756258,145.81150811303368,14.681456451058082,34.5575314876209,0.05833736434794027,0.054248058300949926,1.8945476351481192,18493.350789352313,40.79479660852037,7.769316749410029,1334555280.0,1374800940.0,307519770.0,800158860.0,1374885180.0,1374885180.0,1355686560.0,1355952420.0,98513316.0,98513172.0,37430089.0,86209128.0,98513316.0,98513316.0,97371180.0,97375716.0,1,Indonesia,Rice,4039.1
183,1988,55.07569801942418,62.89856096884564,0.3150207654067448,0.31250126087645824,25.2971342086792,183881.29750018226,163.43551750434028,141.55925783130036,14.681456451058082,37.862461758986775,0.05171544037624984,0.051884838897964275,1.8513001867571224,18324.20223816477,39.14996381888616,7.563050331153364,1334555280.0,1374800940.0,289740755.0,800158860.0,1374885180.0,1374885180.0,1355686560.0,1355952420.0,98513316.0,98513172.0,42690995.0,86209128.0,98513316.0,98513316.0,97371180.0,97375716.0,1,Indonesia,Rice,4110.8
183,1989,55.07569801942418,67.01761372304983,0.3205636916061242,0.3149453528939656,25.07980285220676,186386.5064119831,188.97731797521362,147.23845954304736,14.681456451058082,38.18839654671572,0.051433614745203284,0.05171404285938856,1.8333036045776905,17918.12221231345,39.37055160290327,8.04854565618028,1334555280.0,1374800940.0,294830565.0,800158860.0,1374885180.0,1374885180.0,1355686560.0,1355952420.0,98513316.0,98513172.0,43774194.0,86209128.0,98513316.0,98513316.0,97371180.0,97375716.0,1,Indonesia,Rice,4247.0
183,1990,55.07569801942418,60.72115541850136,0.3152396745979785,0.31210625553114635,25.271602863735623,190369.54479439926,188.29688788871215,149.74645689015833,14.681456451058082,36.02078286620497,0.05320629923210205,0.052286986186196475,1.8976794286451444,17715.053916319797,40.148973915237725,8.14686789435409,1334555280.0,1374800940.0,287000710.0,800158860.0,1374885180.0,1374885180.0,1355686560.0,1355952420.0,98513316.0,98513172.0,42501894.0,86209128.0,98513316.0,98513316.0,97371180.0,97375716.0,1,Indonesia,Rice,4301.8
183,1991,55.07569801942418,55.07225390306095,0.30226165892349344,0.2950562359478826,25.03765524758233,189345.67903947778,155.9356608817097,148.111858840745,14.681456451058082,31.76033133918262,0.055237711203594594,0.057087550289483396,1.883001456946345,18807.06610499673,36.93762911874331,8.40900506455606,1334555280.0,1374800940.0,399411775.0,800373760.0,1374885180.0,1374885180.0,1355686560.0,1355952420.0,98513316.0,98513172.0,53729674.0,86209660.0,98513316.0,98513316.0,97371180.0,97375716.0,1,Indonesia,Rice,4346.5
183,1992,55.07569801942418,65.36581687980336,0.31399951527516046,0.3111985454101155,25.030687522888183,185649.14811243874,157.8755296287738,143.17622858088077,14.681456451058082,36.37510376706873,0.056965184175876184,0.05730606357368719,1.8335601710410967,17966.25957308827,42.98871354272117,8.530471560927692,1334555280.0,1374800940.0,659601530.0,800589140.0,1374885180.0,1374885180.0,1355686560.0,1355952420.0,98513316.0,98513172.0,77815581.0,86210154.0,98513316.0,98513316.0,97371180.0,97375716.0,1,Indonesia,Rice,4344.6
183,1993,55.07569801942418,56.05646595219198,0.30535192812482514,0.30531919474731917,25.228725624084472,190877.19849473142,158.17680918023433,143.95235812516364,14.681456451058082,33.49963171334082,0.05600216942152689,0.0560831659856048,1.8661586901214702,17736.252008406347,38.08688374276635,7.8241972123262915,1334555280.0,1374800940.0,737816475.0,800696110.0,1374885180.0,1374885180.0,1355686560.0,1355952420.0,98513316.0,98513172.0,84104362.0,86210458.0,98513316.0,98513316.0,97371180.0,97375716.0,1,Indonesia,Rice,4375.0
183,1994,55.07569801942418,54.88841166953067,0.29369234020511303,0.2929935586442251,25.100442091623943,190509.42739993375,129.82956474816646,135.23135825157564,14.681456451058082,30.898806005305726,0.05763989029400423,0.05738494739709902,1.892224171483014,18724.765882349162,33.10689600735245,11.822325066488219,1334555280.0,1374800940.0,701578385.0,800687715.0,1374885180.0,1374885180.0,1355686560.0,1355952420.0,98513316.0,98513172.0,80804173.0,86210496.0,98513316.0,98513316.0,97371180.0,97375716.0,1,Indonesia,Rice,4345.3
183,1995,55.07569801942418,67.26804707952063,0.3169013071391317,0.3167581196494022,25.252846452924942,180862.6874406895,182.93307504323036,143.57806772968465,14.681456451058082,41.209018031077946,0.053573865667748216,0.05362035703838798,1.8393642813193745,18483.92721959259,37.23473695691386,7.308987717269489,1334555280.0,1374800940.0,748033650.0,800696110.0,1374885180.0,1374885180.0,1355686560.0,1355952420.0,98513316.0,98513172.0,84931044.0,86210458.0,98513316.0,98513316.0,97371180.0,97375716.0,1,Indonesia,Rice,4348.7
183,1996,55.07569801942418,63.159482363943034,0.3083253354661994,0.3079819488247382,25.346037440829807,186262.910340055,185.0632795269056,145.40294733040835,14.681456451058082,41.109933152999815,0.055870520784040936,0.055835979830167706,1.8604935094691706,18078.318018482252,37.69761107269898,7.277495423280628,1334555280.0,1374800940.0,697594865.0,800672365.0,1374885180.0,1374885180.0,1355686560.0,1355952420.0,98513316.0,98513172.0,81247786.0,86210458.0,98513316.0,98513316.0,97371180.0,97375716.0,1,Indonesia,Rice,4416.8
183,1997,55.07569801942418,42.14055960938625,0.2886486811770333,0.2888436395223402,25.39975553088718,198086.0317446853,174.11926612949688,150.2488621060382,14.681456451058082,25.222454407590778,0.05822465054272627,0.05747694796247963,1.8975485674906107,17200.47430523337,38.94840189106632,7.4296348240956185,1334555280.0,1374800940.0,667442290.0,800597535.0,1374885180.0,1374885180.0,1355686560.0,1355952420.0,98513316.0,98513172.0,79001807.0,86210116.0,98513316.0,98513316.0,97371180.0,97375716.0,1,Indonesia,Rice,4432.2
183,1998,55.07569801942418,67.47111271755936,0.32087429306573334,0.32027181301911095,25.796007294125026,180524.27973753182,181.01647316022138,140.3688696021222,14.681456451058082,38.472819120148024,0.05448768974050722,0.05471034863540515,1.8353846537786327,17251.778830731386,39.35287117713116,7.018285006062528,1334555280.0,1374800940.0,727719105.0,800530620.0,1374885180.0,1374885180.0,1355686560.0,1355952420.0,98513316.0,98513172.0,83367789.0,86209774.0,98513316.0,98513316.0,97371180.0,97375716.0,1,Indonesia,Rice,4197.4
183,1999,55.07569801942418,70.34214794454849,0.3087584322525395,0.3084336511098145,25.20716733932495,183004.76369581546,160.69631476283692,139.09119164052237,14.681456451058082,37.25078253579838,0.05289896711824809,0.053055801645819294,1.8486812594312072,17365.048931624995,39.215533025233945,7.614811853300544,1334555280.0,1374800940.0,729350880.0,800546450.0,1374885180.0,1374885180.0,1355686560.0,1355952420.0,98513316.0,98513172.0,83302757.0,86209774.0,98513316.0,98513316.0,97371180.0,97375716.0,1,Indonesia,Rice,4251.9
183,2000,54.34225331673451,70.89261947975902,0.3107296624117427,0.31021727438235674,25.21187710232205,183440.65322611138,127.32137942202604,136.29707601797176,15.246660526612397,38.31064664707668,0.052866684888148385,0.053095132288192966,1.8350019422930248,18131.490520618598,38.910777047429775,8.025012684655538,815561560.0,1374800940.0,723126595.0,800568275.0,1374885180.0,1374885180.0,1355686560.0,1355952420.0,60202582.0,98513172.0,83030327.0,86209926.0,98513316.0,98513316.0,97371180.0,97375716.0,1,Indonesia,Rice,4400.7
183,2001,56.33301066640986,66.95682526018432,0.3125368395613299,0.30878353259212865,25.260866673787437,186061.70922510314,179.23887094894258,144.57533286514237,14.626700321285007,39.024944714402665,0.0527569566773538,0.053481827195690765,1.849163067434252,17938.13818534569,35.61384411460088,7.207921857260365,1334555280.0,1374800940.0,578458415.0,800419330.0,1374885180.0,1374885180.0,1355686560.0,1355952420.0,98513316.0,98513172.0,67616597.0,86209812.0,98513316.0,98513316.0,97371180.0,97375716.0,1,Indonesia,Rice,4387.9
183,2002,54.291021000475794,52.4911406162922,0.3054238989949226,0.3044159748817237,25.46529117160373,194159.4144376424,181.9360509450074,150.57829724709737,15.26630615032964,32.314421229373245,0.05508205601338318,0.055247487940943016,1.8993562203718592,17505.71699694523,40.94691832574012,7.398150069513608,1334555280.0,1374800940.0,735177345.0,800627275.0,1374885180.0,1374885180.0,1355686560.0,1355952420.0,98513316.0,98513172.0,82080528.0,86210268.0,98513316.0,98513316.0,97371180.0,97375716.0,1,Indonesia,Rice,4469.1
183,2003,55.41993601283428,56.645084593749175,0.32373272950450577,0.31756950026883807,25.477295017242433,188403.736209803,185.14427409304582,147.00622892857788,15.182065182596457,35.12489435334048,0.04876678233530867,0.050882499956488046,1.8836900984128575,18748.321405298295,45.81390015636976,7.372658593488658,1334555280.0,1374800940.0,588157555.0,800219780.0,1374885180.0,1374885180.0,1355686560.0,1355952420.0,98513316.0,98513172.0,68543392.0,86209318.0,98513316.0,98513316.0,97371180.0,97375716.0,1,Indonesia,Rice,4542.6
183,2004,54.76910036987725,57.70035652021545,0.3216767374840047,0.31476846515524926,25.50821181403266,191650.944243187,181.02334635594326,149.68686613882832,15.0907581794129,35.27322123819487,0.04877774520319516,0.051515416000958505,1.8903385280736709,17262.735184463763,45.32952667325907,7.384994367718861,1334555280.0,1374800940.0,558156060.0,800158860.0,1374885180.0,1374885180.0,1355686560.0,1355952420.0,98513316.0,98513172.0,65727542.0,86209128.0,98513316.0,98513316.0,97371180.0,97375716.0,1,Indonesia,Rice,4536.5
183,2005,56.56685466169304,60.1050732450276,0.3229463770985603,0.31577432132429195,25.565853998396133,187719.35888265955,179.4930980169219,146.43183466147656,14.592495052791431,35.84317262494771,0.04809867979027674,0.05070130632357948,1.877324890050202,17366.453985616692,37.18978342169511,7.104850970150979,1334555280.0,1374800940.0,562528590.0,800158860.0,1374885180.0,1374885180.0,1355686560.0,1355952420.0,98513316.0,98513172.0,65833866.0,86209128.0,98513316.0,98513316.0,97371180.0,97375716.0,1,Indonesia,Rice,4573.9
183,2006,53.49549015255711,58.73106762314283,0.3081092537277274,0.3018959231326801,25.447314304775663,191384.536832356,171.4645643270907,149.82162533931503,14.919222149416616,33.74153614546812,0.04969496735033843,0.05247973522731548,1.9006988692188174,17583.35109311736,37.576678005295435,7.493504485546941,1334555280.0,1374800940.0,595541465.0,800196995.0,1374885180.0,1374885180.0,1355686560.0,1355952420.0,98513316.0,98513172.0,69410076.0,86209242.0,98513316.0,98513316.0,97371180.0,97375716.0,1,Indonesia,Rice,4620.1
183,2007,56.0330168202367,64.34220400159346,0.3097275362246566,0.3047908141743163,25.488669872283936,187361.01980575174,180.8503183750758,148.80422125653936,14.608057561129312,39.73587315154913,0.04922363439241594,0.051319544452351734,1.8881746722702966,19199.88456216483,34.510472441050716,12.404642372016813,1334555280.0,1374800940.0,606671645.0,800158860.0,1374885180.0,1374885180.0,1371152115.0,1371203810.0,98513316.0,98513172.0,67361918.0,86209128.0,98513316.0,98513316.0,98291234.0,98292116.0,1,Indonesia,Rice,4646.8
183,2008,54.06729793047441,65.59247277594793,0.3082770565317736,0.3048297918854319,25.33031675550673,186126.98963714144,184.7001648518478,146.91811016369562,14.798026094077157,37.63597092706273,0.05024574937261588,0.051675777904970695,1.874950428014614,18701.936694613956,32.29097758896304,13.585551535937741,1334555280.0,1374800940.0,607430925.0,800158860.0,1374885180.0,1374885180.0,1374885180.0,1374885180.0,98513316.0,98513172.0,67445761.0,86209128.0,98513316.0,98513316.0,98513316.0,98513316.0,1,Indonesia,Rice,4916.5
183,2009,55.07569801942418,58.28947621872583,0.302008708483643,0.29999889989166306,25.660465282864042,191729.2067570439,186.43315123852489,149.63042147979343,14.803066018992551,34.85378322752351,0.04975560248471034,0.050923362878792094,1.903427666345619,18154.09016228251,31.17753333724837,13.316020693363365,1334555280.0,1374800940.0,604398490.0,800158860.0,1374885180.0,1374885180.0,1374885180.0,1374885180.0,98513316.0,98513172.0,67096944.0,86209128.0,98513316.0,98513316.0,98513316.0,98513316.0,1,Indonesia,Rice,5010.5
183,2010,58.427568772107044,89.28929045788098,0.3330813373128573,0.32256586246914004,25.7287186410692,176074.26323020904,196.29787823031447,145.7708741114479,14.144699349498882,44.83965427283202,0.0479909748668042,0.05125898112563074,1.8070549980055357,16772.461577399015,29.134922027936582,13.27568601093578,1334555280.0,1374800940.0,595718185.0,800158860.0,1374885180.0,1374885180.0,1374885180.0,1374885180.0,98513316.0,98513172.0,65548591.0,86209128.0,98513316.0,98513316.0,98513316.0,98513316.0,1,Indonesia,Rice,5025.3
183,2011,54.170108547357806,64.38931103051124,0.3101893669201268,0.30603050353116307,25.40997518963284,184956.09714825175,184.07211085037582,147.71286939386738,14.654371653972797,32.616708923944884,0.048838857828022046,0.05071217699054374,1.8712844544902896,17146.20648505394,30.971780581738145,13.219215297937579,1334555280.0,1374800940.0,603654690.0,800158860.0,1374885180.0,1374885180.0,1374885180.0,1374885180.0,98513316.0,98513172.0,67447007.0,86209128.0,98513316.0,98513316.0,98513316.0,98513316.0,1,Indonesia,Rice,4999.5
183,2012,55.3135404910008,60.01086426558884,0.30544950366020196,0.30127865179124186,25.49024356206258,187236.86049512733,184.90134248090362,148.3461516191951,14.728944263325186,33.483154343584026,0.05035457067553027,0.051626914139750284,1.8955116795631066,18695.453618487947,30.974066226890464,13.343809420139431,1334555280.0,1374800940.0,667392015.0,800477355.0,1374885180.0,1374885180.0,1374885180.0,1374885180.0,98513316.0,98513172.0,73999834.0,86214594.0,98513316.0,98513316.0,98513316.0,98513316.0,1,Indonesia,Rice,5151.0
183,2013,57.132320386527304,75.62255582801643,0.31414252478215426,0.311725399534772,25.598296387990317,181240.2819318872,190.2195868047042,147.19706296017029,14.269808027345533,41.20827028699193,0.0500589421249104,0.05102894188240197,1.8532598051829818,18180.062827527017,29.763710209237377,13.294961810533671,1334555280.0,1374800940.0,742322625.0,800814745.0,1374885180.0,1374885180.0,1374885180.0,1374885180.0,98513316.0,98513172.0,80952067.0,86220541.0,98513316.0,98513316.0,98513316.0,98513316.0,1,Indonesia,Rice,5166.8
183,2014,55.25248492687324,60.725706498528716,0.3043168103529347,0.3026047432858123,25.644805198245578,188943.976713761,180.446456762009,148.21847451829805,14.607497095846107,37.36535875268909,0.050859697749046924,0.05144915566392685,1.8997905446480101,18994.7185433424,31.98097117496762,13.597835470684412,1334555280.0,1374800940.0,753839115.0,800751210.0,1374885180.0,1374885180.0,1374885180.0,1374885180.0,98513316.0,98513172.0,81368175.0,86218815.0,98513316.0,98513316.0,98513316.0,98513316.0,1,Indonesia,Rice,5147.7
183,2015,54.73414225178766,51.23936671074006,0.28829799633887077,0.2862722198210121,25.736833816104465,193551.65753519448,178.37630047597096,150.6784981732585,15.029858563550606,29.341415580523023,0.051700501510654355,0.05275883508356794,1.8999506045219963,17786.532131307227,32.66069745474006,13.118373935042069,1334555280.0,1374800940.0,753929875.0,800766845.0,1374885180.0,1374885180.0,1374885180.0,1374885180.0,98513316.0,98513172.0,82897587.0,86219851.0,98513316.0,98513316.0,98513316.0,98513316.0,1,Indonesia,Rice,5358.8
183,2016,58.6347239043897,81.30667445376578,0.3183229604529009,0.3183062562022973,26.049776299794516,181050.74344778087,193.33166116489886,146.705197724213,14.08639498329547,42.66747998715936,0.05206147163053808,0.0520627649645889,1.8485771783077436,17411.063024257997,29.75594641040667,13.296610843682089,1334555280.0,1374800940.0,794925685.0,800790915.0,1374885180.0,1374885180.0,1374885180.0,1374885180.0,98513316.0,98513172.0,86037921.0,86220148.0,98513316.0,98513316.0,98513316.0,98513316.0,1,Indonesia,Rice,5097.3
183,2017,55.6222384015942,73.35573162326482,0.31173221990466116,0.31169852421803373,25.712651761372886,181687.56154817756,187.06385986177034,146.83104169397774,14.332083339234812,41.739084642934856,0.051737926961230654,0.05175376087591547,1.8736397334751085,18179.876389031644,30.80507624553648,13.45082424881321,1334555280.0,1374800940.0,795788675.0,800803460.0,1374885180.0,1374885180.0,1374885180.0,1374885180.0,98513316.0,98513172.0,85954506.0,86220253.0,98513316.0,98513316.0,98513316.0,98513316.0,1,Indonesia,Rice,5069.0
183,2018,54.12551279240173,56.69554244043667,0.29232537034485073,0.29233541304200283,25.762485673692492,189030.69061997652,181.50462165106947,148.2820534039155,15.00301074892173,34.759103301976886,0.05465524129654942,0.05466305773273489,1.918745916109254,18794.409726299684,34.61610852408657,13.301700987218897,1334555280.0,1374800940.0,793436615.0,800744015.0,1374885180.0,1374885180.0,1374885180.0,1374885180.0,98513316.0,98513172.0,85859708.0,86219272.0,98513316.0,98513316.0,98513316.0,98513316.0,1,Indonesia,Rice,5203.1
183,2019,54.2693890676099,50.751952565187864,0.28406710434291094,0.2840757004277662,25.857455974155002,194483.14380906834,179.5013552981215,149.84512117567633,15.173506642391532,30.36450311337322,0.05431702777328568,0.05433240656532038,1.9335587125297324,18391.802793149513,34.486829343598906,13.1574601631162,1334555280.0,1374800940.0,793209900.0,800732905.0,1374885180.0,1374885180.0,1374885180.0,1374885180.0,98513316.0,98513172.0,85862884.0,86219730.0,98513316.0,98513316.0,98513316.0,98513316.0,1,Indonesia,Rice,5113.7
183,2020,56.16285077529711,71.5130735103306,0.31442423810561493,0.31439427607496917,25.92437915802002,183313.34817137,185.73038197428514,146.61385100517793,14.681456451058082,41.14651585202069,0.05334026517983348,0.05334174687512027,1.8930767185482835,18783.222724504343,34.1579890636663,13.537341347830388,1334555280.0,1374800940.0,791580275.0,800801285.0,1374885180.0,1374885180.0,1374885180.0,1374885180.0,98513316.0,98513172.0,85859922.0,86219879.0,98513316.0,98513316.0,98513316.0,98513316.0,1,Indonesia,Rice,5127.9
183,2021,54.70298676101931,76.5571499768028,0.3197917733755376,0.3197362880425957,25.719078159332277,181080.33475579266,185.93484941907022,146.10009661051492,14.556560921140731,41.93949583881411,0.05128893431567229,0.05130066205544845,1.869207025209755,17397.370618131226,33.76662188900238,13.623292292303804,1334555280.0,1374800940.0,790625685.0,800794175.0,1374885180.0,1374885180.0,1374885180.0,1374885180.0,98513316.0,98513172.0,85817940.0,86219593.0,98513316.0,98513316.0,98513316.0,98513316.0,1,Indonesia,Rice,5226.3
183,2022,55.787465434486954,82.26660082401426,0.33115557167265147,0.33106396526394166,25.64377301534017,180078.37910210973,189.6839538740181,145.85756864511663,14.096154485907569,42.910837546907686,0.04964156293433714,0.04967298073117036,1.8462247508062177,17784.121110210814,32.21786689508495,14.919358081680835,1334555280.0,1374800940.0,788908845.0,800786740.0,1374885180.0,1374885180.0,1374885180.0,1374885180.0,98513316.0,98513172.0,85804320.0,86220146.0,98513316.0,98513316.0,98513316.0,98513316.0,1,Indonesia,Rice,5237.8
189,1984,45.71221066791885,38.07627817773196,0.24964404216519107,0.25062859683077243,25.946102089352078,183790.11660761444,141.81520759371057,144.13671277853655,10.266385309280922,21.983742781476572,0.04703508642581276,0.04828279407946883,1.1827016930975778,9665.938878474515,30.626716253130308,4.5707671194748665,228486744.0,234638208.0,198358701.0,229180968.0,234640368.0,234640368.0,232374096.0,232428528.0,103935744.0,103935744.0,94892186.0,102872880.0,103935744.0,103935744.0,103769676.0,103770612.0,3,Thailand,Rice,2067.0
189,1985,45.71221066791885,38.35990285035364,0.24685273540240743,0.2478983468303817,26.001507511845343,179465.00571744496,139.02941697762674,147.549097716637,10.266385309280922,21.528757699387093,0.04845373674686778,0.04972397192550711,1.1801884712226083,10380.197938249854,30.598549039248287,5.668271615274786,228486744.0,234638208.0,202505016.0,229180968.0,234640368.0,234640368.0,232374096.0,232428528.0,103935744.0,103935744.0,96501883.0,102872880.0,103935744.0,103935744.0,103769676.0,103770612.0,3,Thailand,Rice,2060.8
189,1986,45.71221066791885,37.96698883838464,0.23672431981426542,0.23850474361413707,25.986404542569762,182810.97627460476,139.99243084058295,149.85590852123548,10.266385309280922,23.031833953012026,0.0510029964129529,0.04950710484833579,1.1849242540856046,10821.836433178629,30.985269811075312,5.052608213099724,228486744.0,234638208.0,155117166.0,229180968.0,234640368.0,234640368.0,232374096.0,232428528.0,103935744.0,103935744.0,73732361.0,102872880.0,103935744.0,103935744.0,103769676.0,103770612.0,3,Thailand,Rice,2052.2
189,1987,45.71221066791885,37.78959937689158,0.23937467909326737,0.23905552307998187,26.54990514119466,184843.40254803566,141.8954781294581,150.8229705004883,10.266385309280922,21.12716210776035,0.04894137947292574,0.05028025121092193,1.223274773423657,10083.621485895752,31.52664250819149,5.1303463526413,228486744.0,234638208.0,179229213.0,229180968.0,234640368.0,234640368.0,232374096.0,232428528.0,103935744.0,103935744.0,89478533.0,102872880.0,103935744.0,103935744.0,103769676.0,103770612.0,3,Thailand,Rice,2014.7
189,1988,45.71221066791885,40.50458159905441,0.24374401455833794,0.24410544165459577,26.285468260447185,181501.32963124305,145.45464382623175,146.5674295781124,10.266385309280922,22.464626616590376,0.045396091405238065,0.04763783698980721,1.1747291173939136,9916.177985795797,30.01822493469346,4.895405944483224,228486744.0,234638208.0,178001670.0,229180968.0,234640368.0,234640368.0,232374096.0,232428528.0,103935744.0,103935744.0,93081281.0,102872880.0,103935744.0,103935744.0,103769676.0,103770612.0,3,Thailand,Rice,2146.5
189,1989,45.71221066791885,36.96003254253518,0.24049879651930595,0.2429350761091259,26.226575939743608,184416.18115645644,149.35201830550602,154.4607192568677,10.266385309280922,19.171336191659016,0.04484224631439071,0.04746457313605389,1.2357915746969526,9968.583145471905,31.613186811797394,5.950813998114249,228486744.0,234638208.0,182787978.0,229180968.0,234640368.0,234640368.0,232374096.0,232428528.0,103935744.0,103935744.0,95580896.0,102872880.0,103935744.0,103935744.0,103769676.0,103770612.0,3,Thailand,Rice,2085.3
189,1990,45.71221066791885,40.706046793257514,0.24456681035183092,0.24683088841421677,26.481647491455078,183581.79294477904,146.19765228504437,151.38793415586272,10.266385309280922,22.822154005489498,0.04671680592586706,0.04900717961710467,1.283539090436534,10524.163061384901,30.515354608812615,5.784125924654786,228486744.0,234638208.0,182724342.0,229180968.0,234640368.0,234640368.0,232374096.0,232428528.0,103935744.0,103935744.0,95627990.0,102872880.0,103935744.0,103935744.0,103769676.0,103770612.0,3,Thailand,Rice,1955.6
189,1991,45.71221066791885,34.188238551584654,0.23499016194707814,0.23780671766549427,26.589452107747395,181525.47925913238,131.36002768966776,151.34205572163637,10.266385309280922,19.09495686977957,0.046425687536995774,0.04911284195726976,1.1956211711773097,9813.640092423771,28.519569000081056,5.52008489664757,228486744.0,234638208.0,190373796.0,229180968.0,234640368.0,234640368.0,232374096.0,232428528.0,103935744.0,103935744.0,94073179.0,102872880.0,103935744.0,103935744.0,103769676.0,103770612.0,3,Thailand,Rice,2253.4
189,1992,45.71221066791885,34.23354915103322,0.22916297814636316,0.2305292654319187,26.25652117199368,183865.3308091112,135.01690168528927,150.7015249710033,10.266385309280922,20.267060055012365,0.04526628548929814,0.046451396335939824,1.3013731107678312,9982.796099106326,27.599125349289142,5.362491434069425,228486744.0,234638208.0,212437395.0,229180968.0,234640368.0,234640368.0,232374096.0,232428528.0,103935744.0,103935744.0,99118574.0,102872880.0,103935744.0,103935744.0,103769676.0,103770612.0,3,Thailand,Rice,2174.5
189,1993,45.71221066791885,33.259224445995876,0.22855914501404317,0.2293848544045072,26.169399826614946,185433.13064931563,141.73611215838784,149.3379831895841,10.266385309280922,20.349678645367618,0.046396827439732675,0.04734495807787154,1.2717598124675722,9171.759209883472,28.483109518914894,4.761534043090403,228486744.0,234638208.0,216841731.0,229180968.0,234640368.0,234640368.0,232374096.0,232428528.0,103935744.0,103935744.0,100279520.0,102872880.0,103935744.0,103935744.0,103769676.0,103770612.0,3,Thailand,Rice,2049.7
189,1994,45.71221066791885,43.359486683735206,0.2382310177027075,0.2390117315321047,26.35224971064815,178672.6564792169,128.55393009328253,143.3211686421076,10.266385309280922,24.106814569675926,0.045474827740839004,0.04607225311871665,1.235985898953275,10203.486922868062,24.52330704098787,5.552868474793594,228486744.0,234638208.0,214121559.0,229180968.0,234640368.0,234640368.0,232374096.0,232428528.0,103935744.0,103935744.0,99537629.0,102872880.0,103935744.0,103935744.0,103769676.0,103770612.0,3,Thailand,Rice,2352.1
189,1995,45.71221066791885,39.64557023422572,0.2401751612347585,0.2404346813702864,26.36485758534184,181422.2006969875,143.51243723757386,148.92884739460672,10.266385309280922,21.531533987336616,0.045184095630718485,0.04539300018278583,1.1921765220930542,10378.13098805154,28.090644440655527,4.948443189551352,228486744.0,234638208.0,224867004.0,229180968.0,234640368.0,234640368.0,232374096.0,232428528.0,103935744.0,103935744.0,102058836.0,102872880.0,103935744.0,103935744.0,103769676.0,103770612.0,3,Thailand,Rice,2415.8
189,1996,45.71221066791885,43.14752690603163,0.24979074092374903,0.25015035172854594,25.950932873619927,178866.89387171695,147.57934199914817,147.25570498501307,10.266385309280922,22.893856464298164,0.043833841744622556,0.04409183381572705,1.1714557585075132,10725.655727776317,27.74615102202943,4.776529803197536,228486744.0,234638208.0,218612358.0,229180968.0,234640368.0,234640368.0,232374096.0,232428528.0,103935744.0,103935744.0,101033973.0,102872880.0,103935744.0,103935744.0,103769676.0,103770612.0,3,Thailand,Rice,2409.8
189,1997,45.71221066791885,33.95804117291965,0.2351593866392418,0.23550125858469984,26.59638574388292,183342.09673083422,148.9901217412997,148.89393390915106,10.266385309280922,22.252694458224145,0.04527611896295931,0.04550015390922654,1.275042874916045,10111.635696736435,28.083929152871473,5.341432106158129,228486744.0,234638208.0,218099079.0,229180968.0,234640368.0,234640368.0,232374096.0,232428528.0,103935744.0,103935744.0,101026103.0,102872880.0,103935744.0,103935744.0,103769676.0,103770612.0,3,Thailand,Rice,2378.8
189,1998,45.71221066791885,35.662324061838355,0.22612561795998498,0.22670900767684843,27.341830483189337,186550.43976580523,151.44802133636156,149.44303101818983,10.266385309280922,20.153866661042883,0.04620106317079606,0.046691566832464365,1.2418350530962345,9729.614933707917,27.361306547240158,4.790065705900442,228486744.0,234638208.0,214447050.0,229180968.0,234640368.0,234640368.0,232374096.0,232428528.0,103935744.0,103935744.0,100975925.0,102872880.0,103935744.0,103935744.0,103769676.0,103770612.0,3,Thailand,Rice,2418.0
189,1999,45.71221066791885,42.56846156861743,0.2527237165443323,0.253213805796122,26.011413750825106,174882.8080099799,150.80809290798265,143.77053507969168,10.266385309280922,22.86504770586135,0.04512305725376368,0.04544216831080201,1.1417923799751406,10556.200850186193,27.182815386981,4.662635518658575,228486744.0,234638208.0,214438293.0,229180968.0,234640368.0,234640368.0,232374096.0,232428528.0,103935744.0,103935744.0,100755422.0,102872880.0,103935744.0,103935744.0,103769676.0,103770612.0,3,Thailand,Rice,2424.4
189,2000,47.255813778776336,42.738264839040674,0.25920841484158125,0.25960689016948213,26.101893954806858,177936.34694943146,131.87725144575273,142.98052063238782,11.029027248180942,22.049589694380316,0.04310370543487395,0.043419135132623764,1.1494293328145002,10313.6103328216,29.133221314175692,4.459808691160718,139630788.0,234638208.0,218641272.0,229180968.0,234640368.0,234640368.0,232374096.0,232428528.0,63516288.0,103935744.0,101431309.0,102872880.0,103935744.0,103935744.0,103769676.0,103770612.0,3,Thailand,Rice,2612.8
189,2001,43.79085949053362,37.72234355607856,0.24837263804618956,0.24967357294179696,26.521299220897532,177211.00646998946,147.94503030980718,146.9801941083326,10.212505995102823,19.62466690975952,0.04308697455248825,0.04459987051101231,1.2076853055870345,10231.102925218207,27.109395059077546,4.679744497014115,228486744.0,234638208.0,201429852.0,229180968.0,234640368.0,234640368.0,232374096.0,232428528.0,103935744.0,103935744.0,99143331.0,102872880.0,103935744.0,103935744.0,103769676.0,103770612.0,3,Thailand,Rice,2873.9
189,2002,42.679010608456956,41.45904990795298,0.2486152919354262,0.24897632031501024,26.690724461166948,176062.90363074228,142.7024570708177,146.49605270803332,10.281352342538806,22.420440246139197,0.043279703426185624,0.04363274716424512,1.2257802759726462,11481.881503171102,27.411759066034474,4.758415739874564,228486744.0,234638208.0,219499869.0,229180968.0,234640368.0,234640368.0,232374096.0,232428528.0,103935744.0,103935744.0,101775242.0,102872880.0,103935744.0,103935744.0,103769676.0,103770612.0,3,Thailand,Rice,2933.8
189,2003,45.34395109563905,38.82523169557361,0.23592442329283111,0.2367967318139979,26.60013038140756,183678.15806237658,153.4146177752302,148.98359053910065,9.930129822709565,20.64154989835868,0.04359789649655136,0.04450965539635868,1.1849336591924828,9924.57078130042,28.009305181934227,4.517891587033476,228486744.0,234638208.0,203591505.0,229180968.0,234640368.0,234640368.0,232374096.0,232428528.0,103935744.0,103935744.0,100038055.0,102872880.0,103935744.0,103935744.0,103769676.0,103770612.0,3,Thailand,Rice,2933.9
189,2004,42.82540136233836,37.89078447305921,0.22909562179335838,0.23036391854171898,26.512374100861727,185946.93476561422,143.0267781497503,150.5386473921491,9.90546919946767,20.78217168533046,0.04239874252670429,0.04408141904829091,1.3224189702875415,10339.233482380243,26.66982417624228,5.028428731505182,228486744.0,234638208.0,202666779.0,229180968.0,234640368.0,234640368.0,232374096.0,232428528.0,103935744.0,103935744.0,99833757.0,102872880.0,103935744.0,103935744.0,103769676.0,103770612.0,3,Thailand,Rice,2889.5
189,2005,41.981842404834815,42.40404432220927,0.23581506422272433,0.2368911744545059,26.83216979768541,179305.4702986521,136.04150532756753,148.00347530991917,10.030783007203505,25.30557543917818,0.043466139978690276,0.04475982483104285,1.2276545989846137,9672.37304118036,26.502413240889492,5.0103419835441905,228486744.0,234638208.0,201840522.0,229180968.0,234640368.0,234640368.0,232374096.0,232428528.0,103935744.0,103935744.0,99434022.0,102872880.0,103935744.0,103935744.0,103769676.0,103770612.0,3,Thailand,Rice,2997.4
189,2006,44.29176954163551,41.9380369177606,0.24513621600689708,0.24583203490568165,26.776488939921062,180847.16236135733,142.52396687220943,147.86519365865792,10.241369997609741,21.937563701779283,0.044487257962114536,0.04534905275866862,1.1982815488407104,9544.091527731154,26.278300799888612,4.593072074483277,228486744.0,234638208.0,207980016.0,229180968.0,234640368.0,234640368.0,232374096.0,232428528.0,103935744.0,103935744.0,100554378.0,102872880.0,103935744.0,103935744.0,103769676.0,103770612.0,3,Thailand,Rice,2950.3
189,2007,44.20003760903693,43.520131507540086,0.24105336172161276,0.24168273258367698,26.647350399582475,179864.57869282848,140.42868152473397,148.80202412854894,10.19262809253748,22.035866157816372,0.041603094870028695,0.04264218349715029,1.1967949069111283,9947.895330466901,26.671758508671456,5.808343833408846,228486744.0,234638208.0,221385501.0,229180968.0,234640368.0,234640368.0,234199704.0,234210288.0,103935744.0,103935744.0,101590374.0,102872880.0,103935744.0,103935744.0,103903453.0,103903635.0,3,Thailand,Rice,3044.1
189,2008,44.0276485502868,47.02021118121109,0.2591345404033307,0.2596008060562067,25.997859248408563,177991.87731481675,154.34601354651755,146.06340284216517,10.13832155971619,25.019004253961356,0.041166057131002916,0.04191981459161863,1.216005342287306,10725.895480818232,24.590175559087147,5.642140191012378,228486744.0,234638208.0,221834892.0,229180968.0,234640368.0,234640368.0,234640368.0,234640368.0,103935744.0,103935744.0,101593593.0,102872880.0,103935744.0,103935744.0,103935744.0,103935744.0,3,Thailand,Rice,2997.4
189,2009,45.71221066791885,42.031218420865315,0.2507322637571229,0.251271119838695,26.495410495334202,182046.61544132934,157.31269991945206,148.57030335390547,9.977562638331346,22.843499442695812,0.043101816792460286,0.04387909266692674,1.0749872530128957,9463.186896333138,24.041585207786508,5.618733700131901,228486744.0,234638208.0,221192376.0,229180968.0,234640368.0,234640368.0,234640368.0,234640368.0,103935744.0,103935744.0,101584049.0,102872880.0,103935744.0,103935744.0,103935744.0,103935744.0,3,Thailand,Rice,2907.9
189,2010,44.26335117988302,42.120991643345235,0.24323595080662652,0.24387129427711984,27.095090883749503,180443.7220662249,153.83729590838428,148.66844257574888,10.193237206694729,21.80401408720857,0.0440846458857082,0.04490537414871503,1.1127002747288595,9865.794413754777,24.36542676732508,5.838700023499671,228486744.0,234638208.0,221428764.0,229180968.0,234640368.0,234640368.0,234640368.0,234640368.0,103935744.0,103935744.0,101352254.0,102872880.0,103935744.0,103935744.0,103935744.0,103935744.0,3,Thailand,Rice,2992.1
189,2011,45.170441807809894,49.07167415432328,0.2591395763059457,0.2596457602780521,25.79460534343013,171663.48737524744,155.07021530306,145.8972917129091,11.456155009806949,26.713891288673814,0.04322470673214293,0.043939277993898566,1.1477077484026643,10356.0396966884,27.468906161417497,5.984075683662393,228486744.0,234638208.0,222307182.0,229180968.0,234640368.0,234640368.0,234640368.0,234640368.0,103935744.0,103935744.0,101548066.0,102872880.0,103935744.0,103935744.0,103935744.0,103935744.0,3,Thailand,Rice,3186.7
189,2012,45.81770572645269,39.39097854610528,0.2437362023801715,0.24407871502543987,26.861230126133673,177401.82224585488,155.99162262738977,147.3867429726002,10.68876964677659,23.956609109658636,0.0440767518553337,0.04457419147370337,1.1481152659071614,9981.060052687953,25.231575146242115,5.94967909780173,228486744.0,234638208.0,224934615.0,229180968.0,234640368.0,234640368.0,234640368.0,234640368.0,103935744.0,103935744.0,102124510.0,102872880.0,103935744.0,103935744.0,103935744.0,103935744.0,3,Thailand,Rice,3186.5
189,2013,45.3467340003534,42.782592707855606,0.23933315070139033,0.2393711181110326,26.503884809988516,178325.13936833062,154.8408910044266,148.54870413476561,10.612565817318718,24.88419620351416,0.04474340748387918,0.04477052200098689,1.1221559180419896,10160.974836188288,25.265469304844046,5.588523761997515,228486744.0,234638208.0,227494896.0,229180968.0,234640368.0,234640368.0,234640368.0,234640368.0,103935744.0,103935744.0,102627437.0,102872880.0,103935744.0,103935744.0,103935744.0,103935744.0,3,Thailand,Rice,3146.3
189,2014,46.43413839038194,39.60875914820323,0.23645539692154635,0.23650127444234534,26.591690981829608,181626.08846604938,156.60673090540547,148.88553840002544,10.357615454625792,23.187377177589163,0.042496305538052205,0.0425359211898619,1.14057573240117,10014.845435596977,24.570878176980358,5.493976997099361,228486744.0,234638208.0,227772537.0,229180968.0,234640368.0,234640368.0,234640368.0,234640368.0,103935744.0,103935744.0,102621902.0,102872880.0,103935744.0,103935744.0,103935744.0,103935744.0,3,Thailand,Rice,3058.6
189,2015,46.32549470757389,33.240561080625284,0.2233192378448115,0.22336912328938616,27.054191395088477,181647.80699760505,156.3386851957106,151.89930019295352,9.831475960968996,18.95320949490734,0.044347465516089285,0.04438069746241259,1.1516301010484127,9803.582360657247,23.93995815506837,5.300758548764204,228486744.0,234638208.0,228008949.0,229180968.0,234640368.0,234640368.0,234640368.0,234640368.0,103935744.0,103935744.0,102686996.0,102872880.0,103935744.0,103935744.0,103935744.0,103935744.0,3,Thailand,Rice,2850.6
189,2016,45.77889864811875,40.79023680442407,0.23425612778023433,0.23425950291361544,27.125887270326967,179440.26497435034,153.71545685225743,150.49770847136685,9.550204609855522,21.621094715283274,0.04371967067328001,0.04372130384751592,1.2161743835938086,9590.987607121633,22.28921169278402,5.692238166357809,228486744.0,234638208.0,228836973.0,229180968.0,234640368.0,234640368.0,234640368.0,234640368.0,103935744.0,103935744.0,102850248.0,102872880.0,103935744.0,103935744.0,103935744.0,103935744.0,3,Thailand,Rice,2974.0
189,2017,47.01378283450145,49.91113953593802,0.258129945507756,0.25813559552654064,26.62632488321375,173554.55507867632,161.31714478265792,147.1983876038985,10.702537785842381,27.704979090049786,0.042048712485038026,0.04204857015028512,1.0793418659925922,9532.022551261553,25.83775632240519,5.632358165267083,228486744.0,234638208.0,228621156.0,229180968.0,234640368.0,234640368.0,234640368.0,234640368.0,103935744.0,103935744.0,102820181.0,102872880.0,103935744.0,103935744.0,103935744.0,103935744.0,3,Thailand,Rice,3069.0
189,2018,47.05265520001392,39.06444289246252,0.24574952241447234,0.2457526658428414,26.591034094492596,176763.0829015751,161.35802701895824,148.0031049177314,10.310533757614271,23.963735372818356,0.046243939049603826,0.04624522914120446,1.1051554232093708,9918.434426791591,26.21962888371351,5.355571352766738,228486744.0,234638208.0,228805218.0,229180968.0,234640368.0,234640368.0,234640368.0,234640368.0,103935744.0,103935744.0,102851187.0,102872880.0,103935744.0,103935744.0,103935744.0,103935744.0,3,Thailand,Rice,3038.0
189,2019,45.73894173458091,34.74985490776406,0.22187554974246904,0.221879820167158,27.34994227797897,183913.96030595154,155.10987693196674,150.4172116302924,10.266385309280922,21.121130071427544,0.04614400423086118,0.0461464470536354,1.125306862144694,9304.280674385194,26.099820376519464,5.861200437708139,228486744.0,234638208.0,228666837.0,229180968.0,234640368.0,234640368.0,234640368.0,234640368.0,103935744.0,103935744.0,102846872.0,102872880.0,103935744.0,103935744.0,103935744.0,103935744.0,3,Thailand,Rice,2916.4
189,2020,45.923696329778586,40.004134793484724,0.23178883124556804,0.23179047238935718,27.111796255464906,183989.59662100964,156.3253940404318,149.55502707026625,9.937469965660947,21.389578427876774,0.0449995834161212,0.04500051690680406,1.1563533551102287,8536.985482648028,24.811996724378268,5.71852799443083,228486744.0,234638208.0,228786141.0,229180968.0,234640368.0,234640368.0,234640368.0,234640368.0,103935744.0,103935744.0,102849597.0,102872880.0,103935744.0,103935744.0,103935744.0,103935744.0,3,Thailand,Rice,2899.7
189,2021,47.6749957057118,43.173349431093875,0.2507910444228737,0.2507920659202502,26.542852101502596,181647.36358320378,163.88550993141132,148.2179269826744,10.398777765488816,22.405109071575378,0.04492450178672131,0.04492484314296781,1.0782954589528433,8950.941091739393,25.862266271523314,5.3272280232461435,228486744.0,234638208.0,228721788.0,229180968.0,234640368.0,234640368.0,234640368.0,234640368.0,103935744.0,103935744.0,102844560.0,102872880.0,103935744.0,103935744.0,103935744.0,103935744.0,3,Thailand,Rice,2953.8
189,2022,47.85357750680655,50.3658825797161,0.27054158142871326,0.2705405349385894,26.372230918319136,178094.79668357817,167.0572725687155,146.86749911103357,10.321323377007642,24.52399587132395,0.043274088639693946,0.04327486790368109,1.0835679300712013,8875.29764089534,26.909179329264937,5.534212577748154,228486744.0,234638208.0,228644568.0,229180968.0,234640368.0,234640368.0,234640368.0,234640368.0,103935744.0,103935744.0,102838186.0,102872880.0,103935744.0,103935744.0,103935744.0,103935744.0,3,Thailand,Rice,2988.2
190,1984,46.54273781206256,52.57397966334846,0.22338065952062602,0.22568518045512925,21.682124499921446,173736.3960533896,136.82664038757517,143.22886561743258,10.264145484219762,21.36633626850418,0.03533378030495191,0.035583862922904705,2.9546603712226194,8783.465206036879,28.732333289747878,5.827895983980596,133457544.0,146966832.0,92291892.0,129048408.0,146966832.0,146966832.0,144043704.0,144280440.0,27438192.0,27438192.0,23412415.0,27355640.0,27438192.0,27438192.0,27138492.0,27138492.0,11,Nepal,Rice,1967.8
190,1985,46.54273781206256,51.42390988346679,0.22025467075959396,0.2206141195947059,22.062576320436264,174110.34461968564,129.18633939672986,146.79011026226914,10.264145484219762,23.030439685688133,0.034828168646322315,0.035609687631114606,3.060218764342445,9051.50812732693,28.161604331368206,6.48102971308956,133457544.0,146966832.0,97440852.0,129500832.0,146966832.0,146966832.0,144043704.0,144280440.0,27438192.0,27438192.0,24471312.0,27357904.0,27438192.0,27438192.0,27138492.0,27138492.0,11,Nepal,Rice,2016.1
190,1986,46.54273781206256,40.77883908595271,0.22679998876169472,0.22365117663567424,21.735107329156662,174868.9863760181,140.2995492825549,147.1747483344333,10.264145484219762,16.656991542817494,0.03936183985322066,0.038582313028975794,3.0914336595836995,8338.821796915181,30.661040502590847,6.2824964687673,133457544.0,146966832.0,83195292.0,128803974.0,146966832.0,146966832.0,144043704.0,144280440.0,27438192.0,27438192.0,21136747.0,27355271.0,27438192.0,27438192.0,27138492.0,27138492.0,11,Nepal,Rice,1779.0
190,1987,46.54273781206256,48.93589095905176,0.2193653687006897,0.21794684614426937,22.33348888821072,178170.84802903607,134.1846498112741,148.09665121216725,10.264145484219762,19.924620943230547,0.03584757209845389,0.036706230961813587,3.1599401162343925,9405.12220431436,27.79158255674272,6.887360754078446,133457544.0,146966832.0,72035562.0,127362234.0,146966832.0,146966832.0,144043704.0,144280440.0,27438192.0,27438192.0,20086394.0,27346217.0,27438192.0,27438192.0,27138492.0,27138492.0,11,Nepal,Rice,2095.0
190,1988,46.54273781206256,47.48160830662274,0.22254711659181683,0.22166978898734924,22.475191880155492,175092.5285065294,137.55205058596223,145.65017544533583,10.264145484219762,17.991392500886636,0.03286065172317185,0.033764041608480344,3.0742828142195515,8046.180335534604,26.71040072314336,6.246987759491538,133457544.0,146966832.0,67403532.0,126835062.0,146966832.0,146966832.0,144043704.0,144280440.0,27438192.0,27438192.0,21019246.0,27344102.0,27438192.0,27438192.0,27138492.0,27138492.0,11,Nepal,Rice,2263.5
190,1989,46.54273781206256,45.424307642918556,0.22416270831254895,0.22329264859920606,21.737195597754585,176083.33018115952,143.33583098694382,149.93945642118834,10.264145484219762,20.648085401133383,0.032316015541293756,0.033884346525238064,3.0523848591993414,8439.014519900657,29.966921389956237,6.4080583596401945,133457544.0,146966832.0,66814320.0,126558720.0,146966832.0,146966832.0,144043704.0,144280440.0,27438192.0,27438192.0,21059317.0,27341925.0,27438192.0,27438192.0,27138492.0,27138492.0,11,Nepal,Rice,2365.7
190,1990,46.54273781206256,49.275711864249345,0.22294879501202589,0.22281461148843926,21.78842266400655,168021.32525460116,147.47230674031158,146.58182970982787,10.264145484219762,21.662283640740334,0.03172162352882381,0.032607939486103556,3.0279309593791477,8645.904064946293,29.483134756356677,5.95420945333526,133457544.0,146966832.0,66289458.0,126769926.0,146966832.0,146966832.0,144043704.0,144280440.0,27438192.0,27438192.0,20904265.0,27343995.0,27438192.0,27438192.0,27138492.0,27138492.0,11,Nepal,Rice,2406.7
190,1991,46.54273781206256,34.70355535057586,0.21786231133672923,0.21843020210388903,21.974130873326903,174302.4406634296,137.17025980313534,149.0972187470234,10.264145484219762,15.181515686461386,0.03295108341373736,0.034250860908860835,3.1193194228413907,9083.329309995504,27.245260905407836,6.704246651707407,133457544.0,146966832.0,76563558.0,127184334.0,146966832.0,146966832.0,144043704.0,144280440.0,27438192.0,27438192.0,22410495.0,27345112.0,27438192.0,27438192.0,27138492.0,27138492.0,11,Nepal,Rice,2048.1
190,1992,46.54273781206256,27.01191520161983,0.21611355169227828,0.2169305294630148,21.979121490761084,177189.21275361592,130.18152815411494,148.87237790747443,10.264145484219762,11.52064274381097,0.02964031434489622,0.030578836971616737,3.14465769336978,8065.062036091199,25.98651933654467,6.541122957288301,133457544.0,146966832.0,87229638.0,128314524.0,146966832.0,146966832.0,144043704.0,144280440.0,27438192.0,27438192.0,23900343.0,27352463.0,27438192.0,27438192.0,27138492.0,27138492.0,11,Nepal,Rice,2410.0
190,1993,46.54273781206256,38.379369952377964,0.22169418198366955,0.22270247087234804,21.872887161042954,168233.29771387274,133.86917280577072,144.8630248277896,10.264145484219762,17.947115381454967,0.029201495648167923,0.030229932991876818,3.001731570754716,9014.42829358912,25.048880595413134,6.3149785035195185,133457544.0,146966832.0,97810812.0,129269568.0,146966832.0,146966832.0,144043704.0,144280440.0,27438192.0,27438192.0,25198673.0,27357550.0,27438192.0,27438192.0,27138492.0,27138492.0,11,Nepal,Rice,2123.7
190,1994,46.54273781206256,35.86788787142756,0.21492028219142442,0.2156736755447637,22.351664264996845,175908.01567107742,134.8117148641152,143.92514272833654,10.264145484219762,15.184447441203188,0.0293229118792296,0.030205297498971512,3.159017246316889,7958.659458681028,25.308698484658084,6.081866454321683,133457544.0,146966832.0,100611714.0,129415470.0,146966832.0,146966832.0,144043704.0,144280440.0,27438192.0,27438192.0,25632517.0,27357947.0,27438192.0,27438192.0,27138492.0,27138492.0,11,Nepal,Rice,2391.0
190,1995,46.54273781206256,31.99939788481835,0.2194655740426646,0.22014876267640432,22.284160282876755,172679.36830195735,143.53225082554047,147.77331417784583,10.264145484219762,14.255442947600923,0.02941274351784163,0.030443226289145937,3.166797811586256,8980.56604298156,27.638707935610167,6.331290920826926,133457544.0,146966832.0,95650644.0,129038352.0,146966832.0,146966832.0,144043704.0,144280440.0,27438192.0,27438192.0,25125949.0,27356483.0,27438192.0,27438192.0,27138492.0,27138492.0,11,Nepal,Rice,2455.4
190,1996,46.54273781206256,38.67640316432085,0.22192818492099087,0.2228139086319791,22.14229898099546,170903.38564473615,147.62003970378865,146.8828645991344,10.264145484219762,16.627603084775515,0.029626983463100928,0.030614852292658055,3.0847417338546097,8902.335993484858,27.80039092233424,6.134244690009312,133457544.0,146966832.0,89633040.0,128526480.0,146966832.0,146966832.0,144043704.0,144280440.0,27438192.0,27438192.0,24216261.0,27354353.0,27438192.0,27438192.0,27138492.0,27138492.0,11,Nepal,Rice,2417.0
190,1997,46.54273781206256,35.746662753700825,0.22399868495348424,0.2247879816317041,21.381347448737532,172418.51009160723,147.77883186451123,145.59193182042202,10.264145484219762,13.980082918052037,0.028147569102444543,0.029174790149894724,3.1200140106925836,8092.199199885834,27.803720410359606,6.304599502086002,133457544.0,146966832.0,95411988.0,129106212.0,146966832.0,146966832.0,144043704.0,144280440.0,27438192.0,27438192.0,24880428.0,27356807.0,27438192.0,27438192.0,27138492.0,27138492.0,11,Nepal,Rice,2443.4
190,1998,46.54273781206256,49.601125884043505,0.2364244279624135,0.23699936377188013,22.190703056476735,167344.45324423505,150.1233827949404,144.27320313580356,10.264145484219762,20.66833212047123,0.02713714597813802,0.027908613192278057,3.028530211763333,8818.367868112276,27.66775252243464,5.900306549632974,133457544.0,146966832.0,100735104.0,129734910.0,146966832.0,146966832.0,144043704.0,144280440.0,27438192.0,27438192.0,25470164.0,27358828.0,27438192.0,27438192.0,27138492.0,27138492.0,11,Nepal,Rice,2472.2
190,1999,46.54273781206256,45.74208427555662,0.22617601696401832,0.22803882606777057,22.279326814192313,173864.39887795597,137.9975430753725,143.73626529886104,10.264145484219762,17.095531367971873,0.02740329121618879,0.029642270862789966,2.947835280635258,9486.36403191848,26.571381092623483,5.858022207594188,133457544.0,146966832.0,89892738.0,129551526.0,146966832.0,146966832.0,144043704.0,144280440.0,27438192.0,27438192.0,23709359.0,27356219.0,27438192.0,27438192.0,27138492.0,27138492.0,11,Nepal,Rice,2702.8
190,2000,45.955936136021826,54.612006479153806,0.2285047956500892,0.22971953253824584,21.614400227864582,170305.11932325797,116.66825821483665,140.2780872782459,10.817277090158493,18.960223579246495,0.026290470026182358,0.027598649358126007,2.991117793165019,8609.96775666492,24.383058148463626,5.645308557272752,81557388.0,146966832.0,100041366.0,129762588.0,146966832.0,146966832.0,144043704.0,144280440.0,16767784.0,27438192.0,25183118.0,27360674.0,27438192.0,27438192.0,27138492.0,27138492.0,11,Nepal,Rice,2745.4
190,2001,42.108396232586585,44.995675917259526,0.2238397753142096,0.22558347522387423,21.903721359041,172483.84571822727,142.99902388843742,146.5315007632635,10.384050469998371,17.24682520406104,0.029525266493154904,0.03152564433295068,2.9972140449364297,9124.4568109053,27.960611024895204,5.764593028092697,133457544.0,146966832.0,83471412.0,129710448.0,146966832.0,146966832.0,144043704.0,144280440.0,27438192.0,27438192.0,22215102.0,27358204.0,27438192.0,27438192.0,27138492.0,27138492.0,11,Nepal,Rice,2675.4
190,2002,44.045470639944064,43.441243259005915,0.2238414051632086,0.2246517838865462,21.965681005407262,170528.73019321862,145.01563854099047,145.72567214699444,10.195329704904362,19.26792277813273,0.03000681395425977,0.03069398404435629,3.0724330600466736,10013.309779777446,27.674564125404064,6.113515040570597,133457544.0,146966832.0,100910184.0,130236708.0,146966832.0,146966832.0,144043704.0,144280440.0,27438192.0,27438192.0,25395831.0,27361535.0,27438192.0,27438192.0,27138492.0,27138492.0,11,Nepal,Rice,2675.3
190,2003,44.369452251325725,46.74762692256205,0.23234983299065515,0.2321483775486652,21.70989869700538,170004.80497290654,144.81753091245238,145.66401109352606,10.16412883225249,16.63288093693488,0.026026076141653646,0.027084836570781423,2.9652755883915485,9636.3150472349,28.727693538204978,6.124978499735614,133457544.0,146966832.0,88184904.0,129731034.0,146966832.0,146966832.0,144043704.0,144280440.0,27438192.0,27438192.0,24169860.0,27357841.0,27438192.0,27438192.0,27138492.0,27138492.0,11,Nepal,Rice,2857.3
190,2004,43.316156336520216,48.20604405080863,0.2287223939956338,0.22864688769899946,21.95778575208452,172238.61874623894,142.3964058481208,146.108102549351,10.059909530856341,19.670302177224826,0.02551646460536069,0.026627351004317366,2.9651314115567664,9962.280374647957,28.39030924682429,6.0580101964930275,133457544.0,146966832.0,86690058.0,129416616.0,146966832.0,146966832.0,144043704.0,144280440.0,27438192.0,27438192.0,23856726.0,27356348.0,27438192.0,27438192.0,27138492.0,27138492.0,11,Nepal,Rice,2782.5
190,2005,43.0985245407831,37.59096233328581,0.22042017871582947,0.2205867881161359,22.335929504147284,175780.40059804448,146.8151874934866,148.02311464440677,10.160736827673114,15.783086078748397,0.026362919928557018,0.027615004641515364,3.139983534154846,8435.02948756637,27.973973481633383,6.510502354154518,133457544.0,146966832.0,86580714.0,129405708.0,146966832.0,146966832.0,144043704.0,144280440.0,27438192.0,27438192.0,23917548.0,27359066.0,27438192.0,27438192.0,27138492.0,27138492.0,11,Nepal,Rice,2716.6
190,2006,44.074367766958844,44.056527348490086,0.21955204237666393,0.21981792041420595,22.47263514995575,175127.2859924312,144.93528926120044,147.1057354062162,9.947785344295916,16.607933369276328,0.02501622692659119,0.02644700183458803,3.017025820136011,8569.757244290911,27.509087279856264,5.789693385142273,133457544.0,146966832.0,86381022.0,129442080.0,146966832.0,146966832.0,144043704.0,144280440.0,27438192.0,27438192.0,23860080.0,27356829.0,27438192.0,27438192.0,27138492.0,27138492.0,11,Nepal,Rice,2557.0
190,2007,45.062791868132265,48.691553762265265,0.22863900544190846,0.2290496168157853,22.031875950318796,168059.20066849876,137.4077770096499,145.8967566705511,10.429149772087813,19.458643240239528,0.027411931759283234,0.027953722481271787,2.9841544966764366,8801.892951632224,35.11687537692393,15.193070188214236,133457544.0,146966832.0,114131430.0,132307356.0,146966832.0,146966832.0,146398446.0,146444478.0,27438192.0,27438192.0,26621598.0,27373458.0,27438192.0,27438192.0,27379917.0,27379917.0,11,Nepal,Rice,2775.0
190,2008,43.85407504610574,52.57336941082472,0.2248188662515194,0.22533339894985793,22.00953815159974,169569.62461343376,151.5249934184759,147.10374736796533,9.843552043000269,18.839433815638955,0.025703641225724418,0.026336790801639018,2.980069955716027,7659.702045224727,28.159598690443403,12.496329239603726,133457544.0,146966832.0,113097822.0,132352356.0,146966832.0,146966832.0,146966832.0,146966832.0,27438192.0,27438192.0,26507635.0,27376642.0,27438192.0,27438192.0,27438192.0,27438192.0,11,Nepal,Rice,2907.4
190,2009,43.46978239349219,46.33317165629746,0.2113280472932038,0.21183456604089418,22.551938785447014,176550.50832661384,150.77463611822844,149.98874466318216,10.00423367636037,18.892304371108597,0.025707317569349148,0.026506850721513292,3.012891387575561,8813.96250402663,28.44963415483108,12.35162649415251,133457544.0,146966832.0,112042740.0,131802480.0,146966832.0,146966832.0,146966832.0,146966832.0,27438192.0,27438192.0,26413192.0,27373577.0,27438192.0,27438192.0,27438192.0,27438192.0,11,Nepal,Rice,2716.4
190,2010,43.78791997942086,42.67710136959085,0.21522228788860415,0.21568741881731204,22.562805074232596,173395.56144300642,151.87370635794352,148.52122323915813,10.264145484219762,17.294053462716064,0.025286689898083116,0.02595233857745998,2.9874347736296762,8957.06593929737,29.603382364556165,12.738392209045022,133457544.0,146966832.0,116057358.0,132171936.0,146966832.0,146966832.0,146966832.0,146966832.0,27438192.0,27438192.0,26692510.0,27368146.0,27438192.0,27438192.0,27438192.0,27438192.0,11,Nepal,Rice,2980.5
190,2011,46.54273781206256,48.649553948516704,0.22146271376146207,0.22184822201517573,21.79363109447338,170035.37613302213,153.99907445614622,147.16888528571099,10.005427916890394,18.398438782970807,0.025039286188811415,0.025572796896104054,2.9569354042284055,8412.63991149318,27.930601783952625,12.542501447310705,133457544.0,146966832.0,117891756.0,133246566.0,146966832.0,146966832.0,146966832.0,146966832.0,27438192.0,27438192.0,26810780.0,27375951.0,27438192.0,27438192.0,27438192.0,27438192.0,11,Nepal,Rice,3312.0
190,2012,44.56039837650461,42.66345801677939,0.20530492501954234,0.20576750208177444,22.062300483385723,177850.37965659346,151.1340826864707,148.20798934146515,9.944591968915214,16.970875244402528,0.026383188231200585,0.027118332060105096,3.105463118605085,8644.720643344786,28.63502503568026,12.721522964763881,133457544.0,146966832.0,117563856.0,132643518.0,146966832.0,146966832.0,146966832.0,146966832.0,27438192.0,27438192.0,26714452.0,27375256.0,27438192.0,27438192.0,27438192.0,27438192.0,11,Nepal,Rice,3170.9
190,2013,46.70397161649927,50.69341320849061,0.22363510020767094,0.2239901767715217,22.074083460701836,167900.25016877905,155.93256866815554,146.8388706155664,10.125982998395752,25.564305979038735,0.026295466318693887,0.026656830596477395,2.977722173074748,9267.871187954412,28.88525579984301,12.555590260711345,133457544.0,146966832.0,119495046.0,133113840.0,146966832.0,146966832.0,146966832.0,146966832.0,27438192.0,27438192.0,26875962.0,27378804.0,27438192.0,27438192.0,27438192.0,27438192.0,11,Nepal,Rice,3394.2
190,2014,46.91896491426961,46.679334377983736,0.22018529140148999,0.22051762655570137,22.023618592156303,172777.1826263603,155.16908521523982,148.2309750309967,10.05173007591387,17.294971053675596,0.027649076963489498,0.028181157465975635,3.0347955930639112,10096.093935464645,28.517166893501305,12.475481324872295,133457544.0,146966832.0,116926290.0,132338226.0,146966832.0,146966832.0,146966832.0,146966832.0,27438192.0,27438192.0,26803736.0,27376293.0,27438192.0,27438192.0,27438192.0,27438192.0,11,Nepal,Rice,3359.6
190,2015,48.04491200482854,39.78321783648831,0.21181503476368052,0.2121064317617902,22.293807727319223,170356.97092699292,156.49243234028233,148.08492208261737,10.381900501672938,15.979386840560993,0.03011559373152917,0.030441642442469604,3.1341491190272603,9570.072618965169,27.306783466909067,12.446373630244764,133457544.0,146966832.0,117915390.0,131722308.0,146966832.0,146966832.0,146966832.0,146966832.0,27438192.0,27438192.0,26901635.0,27374395.0,27438192.0,27438192.0,27438192.0,27438192.0,11,Nepal,Rice,3154.3
190,2016,47.103937021656414,48.9221047173557,0.21587916739560936,0.21628641098982174,22.614118244912888,168330.28746576424,152.35414053253191,147.74381254399853,10.144995309322937,18.789716794409102,0.026818520248429675,0.027412066281215303,2.9738221563268272,8976.824588157664,27.79810708303546,12.370622153525593,133457544.0,146966832.0,118827888.0,132458040.0,146966832.0,146966832.0,146966832.0,146966832.0,27438192.0,27438192.0,26945680.0,27378946.0,27438192.0,27438192.0,27438192.0,27438192.0,11,Nepal,Rice,3369.0
190,2017,47.99221045736463,44.14077658407381,0.2178204819835998,0.218265441291726,22.50455148131759,170069.92988800872,157.50852265256023,147.9531078696519,10.663369681392783,17.458930560846053,0.028135903104871508,0.02879231258608475,3.015803058241458,9108.426511097883,28.890818441577842,12.424298479404595,133457544.0,146966832.0,116846418.0,131626626.0,146966832.0,146966832.0,146966832.0,146966832.0,27438192.0,27438192.0,26840867.0,27375518.0,27438192.0,27438192.0,27438192.0,27438192.0,11,Nepal,Rice,3505.8
190,2018,46.81584080660701,44.55647553065954,0.21173138167985056,0.21216033620702296,22.16538272522114,171090.06433448198,154.02189465408722,146.20248811771953,10.267150913251157,15.509062777430783,0.029179990770681227,0.02970961566226607,3.0363743110729042,9860.305680664964,29.910680314417373,12.934172615688912,133457544.0,146966832.0,116234154.0,131559978.0,146966832.0,146966832.0,146966832.0,146966832.0,27438192.0,27438192.0,26833214.0,27373079.0,27438192.0,27438192.0,27438192.0,27438192.0,11,Nepal,Rice,3760.7
190,2019,48.65737707466392,42.24845425894793,0.22481047662181983,0.22506257036006616,22.27194684964639,170398.012232424,157.10885821634812,146.86931534839837,10.8122218188942,16.2488122301412,0.02819417726555955,0.028451188605191132,3.101689167195401,8636.574682393357,29.88089841864085,13.05636312005048,133457544.0,146966832.0,116150778.0,131378940.0,146966832.0,146966832.0,146966832.0,146966832.0,27438192.0,27438192.0,26781489.0,27376154.0,27438192.0,27438192.0,27438192.0,27438192.0,11,Nepal,Rice,3804.8
190,2020,50.258176886507435,52.78361481107535,0.24493680439061585,0.24503529302785185,21.83277620651104,164719.98924076636,162.82767874694343,145.368252958468,10.569923093685661,20.76422123261357,0.027272137340288063,0.027403217175386914,2.9617395386401255,10062.291705130787,30.798457299649172,13.111097959058384,133457544.0,146966832.0,119322918.0,131722830.0,146966832.0,146966832.0,146966832.0,146966832.0,27438192.0,27438192.0,26948362.0,27381314.0,27438192.0,27438192.0,27438192.0,27438192.0,11,Nepal,Rice,3815.3
190,2021,48.15027583937357,54.90493682202821,0.24130885258179016,0.24162242182209562,22.164081705941094,165314.91857540436,164.91096969329993,146.65677666925166,10.600492746562805,20.45497793917379,0.023911935831805838,0.024361681366035694,2.8593513187410595,9167.220265293692,28.809257048927698,13.390314289642891,133457544.0,146966832.0,119564310.0,132187860.0,146966832.0,146966832.0,146966832.0,146966832.0,27438192.0,27438192.0,26958480.0,27384352.0,27438192.0,27438192.0,27438192.0,27438192.0,11,Nepal,Rice,3472.8
190,2022,50.598857884282154,45.103556506697274,0.23837629767755664,0.23852487339311085,22.481746982645106,170784.28811729868,175.0624084174692,146.85838081178431,10.397329647201824,19.769860536925332,0.02724945221281819,0.027397508872083656,3.0280544078233538,10171.69043585722,28.37671549503937,12.868613555372933,133457544.0,146966832.0,119037198.0,131711736.0,146966832.0,146966832.0,146966832.0,146966832.0,27438192.0,27438192.0,26944585.0,27381825.0,27438192.0,27438192.0,27438192.0,27438192.0,11,Nepal,Rice,3786.9
192,1984,58.64669937254769,58.0560608098921,0.3216025230164329,0.3215500727642734,22.728360613187153,179748.3861241463,172.0362031671163,141.3741668237958,11.778028571908893,31.2423671836867,0.057630100437722875,0.054949915890922386,3.0880645467987153,15673.54061236223,25.86953412616146,4.9924674088739724,656314704.0,670277664.0,158736160.0,224517024.0,670317840.0,670317840.0,665641584.0,665647488.0,5416740.0,5416740.0,2533044.0,3833748.0,5416740.0,5416740.0,5352012.0,5352012.0,1,Colombia,Rice,4623.5
192,1985,58.64669937254769,46.21334481830986,0.3106257527445753,0.31466298685009664,22.897397054566277,180829.8190378059,163.77796352953564,147.20295145135373,11.778028571908893,30.54221627248953,0.06050370953474452,0.05648162322534932,3.165427931414086,15617.465703332913,26.941945746091985,6.496870600121901,656314704.0,670277664.0,161657172.0,224517024.0,670317840.0,670317840.0,665641584.0,665647488.0,5416740.0,5416740.0,2566415.0,3833748.0,5416740.0,5416740.0,5352012.0,5352012.0,1,Colombia,Rice,4699.4
192,1986,58.64669937254769,52.630744173969205,0.313374049240543,0.3155635996315448,22.934627996550667,175657.05441433113,160.76915054305906,144.72594039682716,11.778028571908893,31.80654738392114,0.060056622072462394,0.05610425444708708,3.088328066939677,16188.839886694888,26.74278607577964,7.344309854290439,656314704.0,670277664.0,130847844.0,224517024.0,670317840.0,670317840.0,665641584.0,665647488.0,5416740.0,5416740.0,2190145.0,3833748.0,5416740.0,5416740.0,5352012.0,5352012.0,1,Colombia,Rice,4677.4
192,1987,58.64669937254769,50.617579387902424,0.32488312627024507,0.3241967278639757,23.542120602395798,180253.33076071955,170.15488095691984,145.46391211054183,11.778028571908893,29.526882910511446,0.05887862342562848,0.0530994484900105,3.1090756025401936,15660.124423925652,24.330611010512605,5.308216219319654,656314704.0,670277664.0,150975944.0,224517024.0,670317840.0,670317840.0,665641584.0,665647488.0,5416740.0,5416740.0,2373589.0,3833748.0,5416740.0,5416740.0,5352012.0,5352012.0,1,Colombia,Rice,5350.1
192,1988,58.64669937254769,49.0435100316622,0.331720131529229,0.3234351761715298,23.19191571076711,178852.352967385,164.2995956179803,144.3794450968312,11.778028571908893,27.494028819347854,0.052436254282090464,0.048237821042676696,3.167504495918856,15615.317071937876,25.491921231655052,5.312464488919636,656314704.0,670277664.0,164426136.0,224517024.0,670317840.0,670317840.0,665641584.0,665647488.0,5416740.0,5416740.0,2582997.0,3833748.0,5416740.0,5416740.0,5352012.0,5352012.0,1,Colombia,Rice,4564.0
192,1989,58.64669937254769,47.03304060900793,0.3354913002500931,0.3279719014273791,22.96646563212077,178164.49734045644,178.2310361922328,149.29145808101427,11.778028571908893,27.554721172601326,0.05009930490101985,0.04629400422473439,3.116176588416715,16465.265092104677,27.005830092765493,5.909495865434508,656314704.0,670277664.0,167294700.0,224517024.0,670317840.0,670317840.0,665641584.0,665647488.0,5416740.0,5416740.0,2574976.0,3833748.0,5416740.0,5416740.0,5352012.0,5352012.0,1,Colombia,Rice,4074.8
192,1990,58.64669937254769,48.94715700638072,0.3314249715250399,0.327460926688982,23.23788113064236,177850.08797113222,177.38197125984402,148.11198190301687,11.778028571908893,29.715283364302707,0.05223130971637102,0.047261929938542314,3.0768550545452253,15758.738069575633,26.159130608195923,5.916866035383885,656314704.0,670277664.0,165766140.0,224517024.0,670317840.0,670317840.0,665641584.0,665647488.0,5416740.0,5416740.0,2658207.0,3833748.0,5416740.0,5416740.0,5352012.0,5352012.0,1,Colombia,Rice,4061.8
192,1991,58.64669937254769,46.4341272854793,0.3332369856329428,0.3238927005436101,23.316660152541267,174703.85196107565,161.71711519541628,148.4371324203958,11.778028571908893,29.316769931508606,0.05475234226364248,0.05181150145709052,3.0741259549934776,15849.621970527178,24.993823204665585,6.04691608036239,656314704.0,670277664.0,173621260.0,224517024.0,670317840.0,670317840.0,665641584.0,665647488.0,5416740.0,5416740.0,2680141.0,3833748.0,5416740.0,5416740.0,5352012.0,5352012.0,1,Colombia,Rice,3995.9
192,1992,58.64669937254769,44.17475388662092,0.29989985956086046,0.29488555548708045,23.419081727663677,178987.69354300422,162.04849419392013,148.3417379028188,11.778028571908893,27.54532686774728,0.06181516049521227,0.06141116159140561,3.2252170614786326,16064.024275798169,25.47394998335343,5.696137897217278,656314704.0,670277664.0,194006688.0,224517024.0,670317840.0,670317840.0,665641584.0,665647488.0,5416740.0,5416740.0,3243590.0,3833748.0,5416740.0,5416740.0,5352012.0,5352012.0,1,Colombia,Rice,4096.0
192,1993,58.64669937254769,53.07489342188463,0.3213470370198289,0.31780598979984487,23.238751305474175,176610.3350353917,171.2034384246459,144.46398122966983,11.778028571908893,30.87172364481541,0.0550247379070894,0.053767631649054445,3.1156354832064457,15886.743272290649,26.75030539378504,5.239038094053053,656314704.0,670277664.0,209403408.0,224517024.0,670317840.0,670317840.0,665641584.0,665647488.0,5416740.0,5416740.0,3509331.0,3833748.0,5416740.0,5416740.0,5352012.0,5352012.0,1,Colombia,Rice,4120.2
192,1994,58.64669937254769,54.505874726973246,0.3192790472466085,0.3182121484570194,23.145949920018513,176024.7450409212,154.96139243073785,140.06080444157502,11.778028571908893,33.155908175760004,0.05618787496966539,0.05521792735928269,3.1512818426615308,16486.47850088175,23.234501882187796,5.473516419371559,656314704.0,670277664.0,211665732.0,224517024.0,670317840.0,670317840.0,665641584.0,665647488.0,5416740.0,5416740.0,3599361.0,3833748.0,5416740.0,5416740.0,5352012.0,5352012.0,1,Colombia,Rice,4059.0
192,1995,58.64669937254769,49.76062305157885,0.3134589415664474,0.3136595746950522,23.242774102422928,181391.8646390258,176.60655650109481,146.1531148612874,11.778028571908893,28.14242082766326,0.05143779636962641,0.05137442072492475,3.204469899224188,15800.96374582109,24.75293151526956,5.079317361508469,656314704.0,670277664.0,218950456.0,224517024.0,670317840.0,670317840.0,665641584.0,665647488.0,5416740.0,5416740.0,3789910.0,3833748.0,5416740.0,5416740.0,5352012.0,5352012.0,1,Colombia,Rice,4284.0
192,1996,58.64669937254769,51.41961948316489,0.31777779882152873,0.31653825608917013,22.85816189977858,178282.1424497821,179.33642764331645,144.7953416651639,11.778028571908893,30.75652899703144,0.056913243327813855,0.05689437886276843,3.1667986830856565,15970.381411765657,23.617921520901913,5.540591841386295,656314704.0,670277664.0,217240472.0,224517024.0,670317840.0,670317840.0,665641584.0,665647488.0,5416740.0,5416740.0,3744162.0,3833748.0,5416740.0,5416740.0,5352012.0,5352012.0,1,Colombia,Rice,4079.4
192,1997,58.64669937254769,42.79818240464541,0.3018818249305089,0.29719869570987756,23.488873892360264,180980.47585196048,178.95139590257293,147.22992363094022,11.778028571908893,29.239848129723953,0.06007176083032014,0.05970881908848776,3.2424488525460404,16831.093121447117,27.16129509215802,6.0091222250295635,656314704.0,670277664.0,208171328.0,224517024.0,670317840.0,670317840.0,665641584.0,665647488.0,5416740.0,5416740.0,3538062.0,3833748.0,5416740.0,5416740.0,5352012.0,5352012.0,1,Colombia,Rice,4644.5
192,1998,58.64669937254769,52.16789227972704,0.30923847388476133,0.31251757763793847,23.60874753528171,179031.01213485075,182.73887414617136,144.04210077127388,11.778028571908893,29.862702247647082,0.05446407930701936,0.05353589925236499,3.1463953340470745,15396.330497078605,24.6790695746313,5.103430095112335,656314704.0,670277664.0,194018216.0,224517024.0,670317840.0,670317840.0,665641584.0,665647488.0,5416740.0,5416740.0,3311104.0,3833748.0,5416740.0,5416740.0,5352012.0,5352012.0,1,Colombia,Rice,4711.6
192,1999,58.64669937254769,55.55976825105137,0.328123403299186,0.32855407286983745,22.798662967152065,177112.19124745333,182.92800792870517,140.42354631800006,11.778028571908893,30.004001676974195,0.048512519198841905,0.04800852655410482,3.0897120903279616,16006.26276799822,24.33454639673772,5.755082957618147,656314704.0,670277664.0,209673552.0,224517024.0,670317840.0,670317840.0,665641584.0,665647488.0,5416740.0,5416740.0,3597457.0,3833748.0,5416740.0,5416740.0,5352012.0,5352012.0,1,Colombia,Rice,4800.9
192,2000,57.88990751495297,50.43973662242878,0.3220406759323345,0.3225766692647434,22.929312626520794,178494.1985896553,162.14633882076663,140.39468419637868,11.327006496009773,29.814996082826188,0.04900363460740997,0.04844530374494197,3.1374682900004682,16373.305790615957,25.447607092651275,5.610889906476425,401081208.0,670277664.0,211307000.0,224517024.0,670317840.0,670317840.0,665641584.0,665647488.0,3310230.0,5416740.0,3650412.0,3833748.0,5416740.0,5416740.0,5352012.0,5352012.0,1,Colombia,Rice,4732.4
192,2001,58.02123117878367,45.00876729297122,0.30949741622640026,0.3103689056387423,23.34555431207021,182449.02838889137,177.02925171469053,147.61603562586046,11.837288670279563,27.660237107528737,0.057966058900852935,0.05672411050088655,3.18580186680831,15815.725600048065,25.381822738019103,5.572601260124914,656314704.0,670277664.0,189821724.0,224517024.0,670317840.0,670317840.0,665641584.0,665647488.0,5416740.0,5416740.0,3158271.0,3833748.0,5416740.0,5416740.0,5352012.0,5352012.0,1,Colombia,Rice,4547.2
192,2002,58.64669937254769,47.47251748443143,0.3175363117415044,0.31882151246873736,23.58521571424272,182335.30636326954,179.92906762080221,146.74110986311416,11.861374772580064,29.293538799754213,0.05025531457807119,0.04940528150745384,3.1820518176010357,15745.000303295315,24.48470160118294,5.229360098498881,656314704.0,670277664.0,207263608.0,224517024.0,670317840.0,670317840.0,665641584.0,665647488.0,5416740.0,5416740.0,3502337.0,3833748.0,5416740.0,5416740.0,5352012.0,5352012.0,1,Colombia,Rice,4800.1
192,2003,58.855224184062386,49.57540553417312,0.32223103185080815,0.32198132432884696,23.60890401734246,180625.72173883073,170.4941256663321,146.15874225995927,11.97979612191147,28.10803878091292,0.04992643938403496,0.04951126208300575,3.2302649638710745,15590.585219827954,26.058669569985017,5.303246227557524,656314704.0,670277664.0,204661056.0,224517024.0,670317840.0,670317840.0,665641584.0,665647488.0,5416740.0,5416740.0,3672892.0,3833748.0,5416740.0,5416740.0,5352012.0,5352012.0,1,Colombia,Rice,4853.6
192,2004,58.65163554186573,49.578806229664394,0.3248278974658913,0.32456615462416066,23.557484719488357,183686.76638419132,172.10980491734747,146.25424304853516,11.381632007911575,31.65425602270078,0.04876967417782617,0.04846621218422472,3.169277673893214,15396.212951144815,26.234938725533578,5.379399596187185,656314704.0,670277664.0,202614008.0,224517024.0,670317840.0,670317840.0,665641584.0,665647488.0,5416740.0,5416740.0,3703240.0,3833748.0,5416740.0,5416740.0,5352012.0,5352012.0,1,Colombia,Rice,4803.8
192,2005,58.840471102509696,50.93019253148272,0.3277826505816645,0.32747602295334366,23.73501257101695,182374.40496405965,175.71894156870087,144.72820459202063,11.420548451354628,30.81738482159284,0.04580289330448234,0.045531750694147,3.179092596956355,16106.578371913047,23.43612064657414,5.481356893034639,656314704.0,670277664.0,213145188.0,224517024.0,670317840.0,670317840.0,665641584.0,665647488.0,5416740.0,5416740.0,3722695.0,3833748.0,5416740.0,5416740.0,5352012.0,5352012.0,1,Colombia,Rice,4838.8
192,2006,58.72750317047356,52.624205397394846,0.33025178044206566,0.33026844025836116,23.558866063753765,180152.4599004208,172.97289861133123,145.8719419050206,11.5872946470815,32.41468677792819,0.04379747405776481,0.04372633379211682,3.1773789595118105,16204.431977231738,22.535889163529205,5.424506520619983,656314704.0,670277664.0,213922928.0,224517024.0,670317840.0,670317840.0,665641584.0,665647488.0,5416740.0,5416740.0,3792909.0,3833748.0,5416740.0,5416740.0,5352012.0,5352012.0,1,Colombia,Rice,4571.7
192,2007,58.606474726673746,50.09469832319387,0.32322852282474435,0.3232025036082206,23.601614382531906,181945.62351090633,174.83540083473983,146.97328823491,11.737841843610893,27.951645092321268,0.04512032907020699,0.04515631140898828,3.196337128495812,16216.538878552112,24.922538367861275,12.55088721923091,656314704.0,670277664.0,217698416.0,224517024.0,670317840.0,670317840.0,669408568.0,669409716.0,5416740.0,5416740.0,3820269.0,3833748.0,5416740.0,5416740.0,5404154.0,5404154.0,1,Colombia,Rice,4902.0
192,2008,58.50924018594404,54.44540089698365,0.3279250029267536,0.32789474613950725,23.341335402594673,180154.21423417435,181.70674865255523,146.26736075868237,11.786714170889503,29.958845685326466,0.043846226467328386,0.04388816694854845,3.177654061472348,15534.024632354596,24.923134400005292,14.037144004482581,656314704.0,670277664.0,217623600.0,224517024.0,670317840.0,670317840.0,670317840.0,670317840.0,5416740.0,5416740.0,3820113.0,3833748.0,5416740.0,5416740.0,5416740.0,5416740.0,1,Colombia,Rice,4888.7
192,2009,58.29421168096389,48.07925370794183,0.3220196651915709,0.3219858928939845,23.803322831789654,180851.2493318876,182.80089814848807,148.34556976566452,11.881170395230882,31.317511200573215,0.04539953769659363,0.045410423955458724,3.2011897844929824,16305.838294588333,23.88419807078751,13.730978523951954,656314704.0,670277664.0,217310000.0,224517024.0,670317840.0,670317840.0,670317840.0,670317840.0,5416740.0,5416740.0,3816125.0,3833748.0,5416740.0,5416740.0,5416740.0,5416740.0,1,Colombia,Rice,4695.6
192,2010,58.5751705856471,59.67891774792295,0.328463036670453,0.32844609252971974,23.864634725782608,178762.51846238773,178.65056605380266,146.0383878371971,11.353114193162298,30.74707592242482,0.04374747353079535,0.04378269237867531,3.0975300340271685,14812.139684726842,25.303795828549326,14.205022252245993,656314704.0,670277664.0,216536808.0,224517024.0,670317840.0,670317840.0,670317840.0,670317840.0,5416740.0,5416740.0,3815742.0,3833748.0,5416740.0,5416740.0,5416740.0,5416740.0,1,Colombia,Rice,4122.3
192,2011,58.85829412780611,59.30781281547281,0.3327828225576215,0.3326679064965632,23.594877163569134,177207.16892919174,184.25943333194712,146.71580907742748,11.393203484014798,32.471146885991644,0.04345929868121674,0.04339346254925875,3.116037990921996,15554.85002277431,23.716326167708786,13.880486312988387,656314704.0,670277664.0,217381848.0,224517024.0,670317840.0,670317840.0,670317840.0,670317840.0,5416740.0,5416740.0,3798081.0,3833748.0,5416740.0,5416740.0,5416740.0,5416740.0,1,Colombia,Rice,3958.9
192,2012,57.51199188533695,49.37437727119587,0.3056611901976996,0.3055619775135763,23.7065462536282,181012.50423850998,179.16993032954343,146.782510163075,11.732065956994887,32.23004574121066,0.05848939710966625,0.0584359995165549,3.1959382211458003,16230.500520710271,24.768729816037613,14.068394934650136,656314704.0,670277664.0,219172740.0,224517024.0,670317840.0,670317840.0,670317840.0,670317840.0,5416740.0,5416740.0,3800319.0,3833748.0,5416740.0,5416740.0,5416740.0,5416740.0,1,Colombia,Rice,4040.3
192,2013,59.05147396706531,48.04015208413026,0.3029506241695748,0.30293259047438303,23.80000485314263,179844.09232094212,178.75935372212592,147.01650937471106,11.984016947458748,28.09212665600292,0.051766948525323646,0.05177691928599411,3.1921879398734685,15414.836035883653,25.138830663250808,13.879078273124193,656314704.0,670277664.0,221970500.0,224517024.0,670317840.0,670317840.0,670317840.0,670317840.0,5416740.0,5416740.0,3825268.0,3833748.0,5416740.0,5416740.0,5416740.0,5416740.0,1,Colombia,Rice,3844.8
192,2014,57.89284227798857,46.35158507864365,0.2993616050937109,0.29935691514545665,23.94639582104153,180268.8498179703,179.64795125690102,148.53008151950377,11.900452451392248,29.485688219201354,0.05666313185800139,0.05667097830482263,3.263040543641442,16165.657769204703,24.959692634540186,13.937113425364561,656314704.0,670277664.0,222094688.0,224517024.0,670317840.0,670317840.0,670317840.0,670317840.0,5416740.0,5416740.0,3826278.0,3833748.0,5416740.0,5416740.0,5416740.0,5416740.0,1,Colombia,Rice,4018.0
192,2015,58.11778453188006,38.08216076057376,0.27398397783852285,0.27394060898592487,24.15103120274014,180269.45857687827,181.24441413653682,148.8924277648697,12.183113859955638,27.641943181513213,0.0707752195476597,0.07067013802148575,3.238154509709148,16035.806389650541,25.92179955644474,14.043050946309958,656314704.0,670277664.0,222700160.0,224517024.0,670317840.0,670317840.0,670317840.0,670317840.0,5416740.0,5416740.0,3813672.0,3833748.0,5416740.0,5416740.0,5416740.0,5416740.0,1,Colombia,Rice,4130.0
192,2016,59.46975785905181,50.55446874716518,0.2813602975673145,0.28113955659138146,24.220818307664658,181008.25700664287,181.22486846623912,148.12826508538578,11.778028571908893,30.48885916687679,0.06803868162505619,0.06794354189190606,3.2516797659768595,15752.674232793639,24.902532007361533,13.945499961361556,656314704.0,670277664.0,223935436.0,224517024.0,670317840.0,670317840.0,670317840.0,670317840.0,5416740.0,5416740.0,3804861.0,3833748.0,5416740.0,5416740.0,5416740.0,5416740.0,1,Colombia,Rice,4332.3
192,2017,59.75368407440536,51.05610498337913,0.3004474207344982,0.3001798085144249,24.07931876182556,183425.09400966027,184.69741275817893,147.2679776346576,11.571482918403175,26.80204034311273,0.05560824078369529,0.05569895884074553,3.2395477755965216,15035.474185139416,24.870868632194153,13.905268318000438,656314704.0,670277664.0,224006032.0,224517024.0,670317840.0,670317840.0,670317840.0,670317840.0,5416740.0,5416740.0,3807954.0,3833748.0,5416740.0,5416740.0,5416740.0,5416740.0,1,Colombia,Rice,4080.8
192,2018,58.600227095258205,50.518894510315505,0.2976895802550845,0.29746035571423557,23.95150113105774,182128.24150419244,179.90450657372213,144.89012557939554,11.752873062505982,31.968190807403566,0.059698330472844424,0.05970210554450287,3.1806482078935057,14883.471687789091,29.271673396892133,14.701413952715079,656314704.0,670277664.0,223805004.0,224517024.0,670317840.0,670317840.0,670317840.0,670317840.0,5416740.0,5416740.0,3803720.0,3833748.0,5416740.0,5416740.0,5416740.0,5416740.0,1,Colombia,Rice,4392.2
192,2019,58.158837109445166,47.2697816270519,0.29272091471486616,0.29243468018149715,24.321374972661335,183421.50246481056,179.67064881693545,146.08470261459962,12.3573189130397,29.165305417810643,0.058558564906684735,0.05827584535450056,3.2885180711348765,14855.149309822264,29.175027884693083,14.369064454472372,656314704.0,670277664.0,223757728.0,224517024.0,670317840.0,670317840.0,670317840.0,670317840.0,5416740.0,5416740.0,3756136.0,3833748.0,5416740.0,5416740.0,5416740.0,5416740.0,1,Colombia,Rice,4465.7
192,2020,59.332662841636925,46.32359152581643,0.2969136655123697,0.2970852514119582,24.38482446140713,186656.79000444373,182.15660140285348,147.0002506391072,11.809025449273484,29.545476037561443,0.05342487729759503,0.05328122032826555,3.2937000836711263,14590.684768885732,28.99684883712101,14.49017649302548,656314704.0,670277664.0,223314424.0,224517024.0,670317840.0,670317840.0,670317840.0,670317840.0,5416740.0,5416740.0,3743083.0,3833748.0,5416740.0,5416740.0,5416740.0,5416740.0,1,Colombia,Rice,4631.9
192,2021,59.04486593590681,50.561287095276874,0.3206622080049581,0.3203862497197233,23.894080877304077,180435.03320498916,180.93589100342672,145.3094653915005,11.531637404231752,26.930849071346238,0.04452433073554553,0.044277429977138245,3.206004024028476,15668.070407599056,27.932323957022962,15.47613683258092,656314704.0,670277664.0,222908792.0,224517024.0,670317840.0,670317840.0,670317840.0,670317840.0,5416740.0,5416740.0,3741968.0,3833748.0,5416740.0,5416740.0,5416740.0,5416740.0,1,Colombia,Rice,4482.7
192,2022,57.839922909567754,64.03032287674831,0.32462403167866993,0.324123727455252,23.59880778524611,179871.41904598742,177.00749200470509,147.06994082113692,11.495044593106249,35.04518454939813,0.0465143393152125,0.04634105684728823,3.13778910538885,15815.252582405361,28.88506340744113,19.63368071741708,656314704.0,670277664.0,222310128.0,224517024.0,670317840.0,670317840.0,670317840.0,670317840.0,5416740.0,5416740.0,3741904.0,3833748.0,5416740.0,5416740.0,5416740.0,5416740.0,1,Colombia,Rice,4526.0
193,1984,44.49455659482576,32.78712534834259,0.21201779834098283,0.21126692415060558,25.889175139533148,197944.6924366136,124.92357970887639,149.03091353160613,7.375385797021917,13.908169168777722,0.03610820507906062,0.036630298230989615,1.1493685629511676,7541.155142139263,18.833258200606164,3.8602760291118217,180070020.0,180982440.0,122564230.0,133697520.0,180982440.0,180982440.0,180593640.0,180593640.0,9598068.0,9598068.0,8801372.0,9393804.0,9598068.0,9598068.0,9547776.0,9547776.0,3,Guinea,Rice,1708.7
193,1985,44.49455659482576,34.29135977178556,0.2049096475044886,0.2042782010589742,26.05748618443807,195482.1239563469,126.38087801416039,153.78166631406356,7.375385797021917,14.599443907590576,0.03605599311459063,0.0360952123084781,1.168788421981599,7912.119684810551,19.26716785499011,5.153139918636831,180070020.0,180982440.0,127007130.0,133697520.0,180982440.0,180982440.0,180593640.0,180593640.0,9598068.0,9598068.0,9133413.0,9393804.0,9598068.0,9598068.0,9547776.0,9547776.0,3,Guinea,Rice,1709.0
193,1986,44.49455659482576,34.02104309431012,0.21428077277438393,0.21293448169612397,25.777851878272163,195752.92547956004,134.5037764859919,155.49323753918296,7.375385797021917,13.777859314948232,0.035068888150995195,0.03411598564914419,1.0752641293042473,7342.024861788083,20.01140439795829,4.379296377666138,180070020.0,180982440.0,99150755.0,133697520.0,180982440.0,180982440.0,180593640.0,180593640.0,9598068.0,9598068.0,7053920.0,9393804.0,9598068.0,9598068.0,9547776.0,9547776.0,3,Guinea,Rice,1709.4
193,1987,44.49455659482576,35.15165746221177,0.21959172089894607,0.2141651018514941,26.590183713701038,197594.57663993165,138.05108360531887,155.2308485418195,7.375385797021917,12.731881832817258,0.029812885513134216,0.0306671638955685,1.0988295301271256,7802.50061061332,19.336769542358454,4.082560090655988,180070020.0,180982440.0,100451730.0,133697520.0,180982440.0,180982440.0,180593640.0,180593640.0,9598068.0,9598068.0,7609028.0,9393804.0,9598068.0,9598068.0,9547776.0,9547776.0,3,Guinea,Rice,1709.7
193,1988,44.49455659482576,32.65919585815128,0.21706769036395204,0.21543950787451405,26.24051922692193,195686.83870355424,132.51651445619785,153.61251297636232,7.375385797021917,14.319836229129763,0.03255723101626346,0.032754024330050174,1.1473428818324705,7901.86523275008,19.68344363050574,4.743858162544791,180070020.0,180982440.0,107344665.0,133697520.0,180982440.0,180982440.0,180593640.0,180593640.0,9598068.0,9598068.0,7984326.0,9393804.0,9598068.0,9598068.0,9547776.0,9547776.0,3,Guinea,Rice,1710.0
193,1989,44.49455659482576,33.85798254062067,0.21891133507920632,0.2181225134707813,26.066851721869575,196146.66137193103,145.43291373523294,159.71408870635736,7.375385797021917,14.53860396086001,0.03652809331293327,0.036399703337850725,1.1243877429238913,7584.192951477261,21.033151532259758,5.234364087668103,180070020.0,180982440.0,102097610.0,133697520.0,180982440.0,180982440.0,180593640.0,180593640.0,9598068.0,9598068.0,7780595.0,9393804.0,9598068.0,9598068.0,9547776.0,9547776.0,3,Guinea,Rice,1710.3
193,1990,44.49455659482576,35.860728291027506,0.21547268095115818,0.2156439107788265,26.28476858139038,197583.50496214145,150.12639131525566,158.15490082535229,7.375385797021917,14.158216263465182,0.03190553558863588,0.03288288688201224,1.1614055007248407,8384.368659208661,21.75620851305421,5.24911293092091,180070020.0,180982440.0,105981900.0,133697520.0,180982440.0,180982440.0,180593640.0,180593640.0,9598068.0,9598068.0,8030773.0,9393804.0,9598068.0,9598068.0,9547776.0,9547776.0,3,Guinea,Rice,1710.6
193,1991,44.49455659482576,36.34899208507074,0.21198677135010557,0.21324502944507906,26.21662844551934,194330.19538874133,132.6568685302324,156.99756872037915,7.375385797021917,14.497315825673631,0.03403006509798805,0.03423874514790983,1.1354644592888534,8766.38227212004,20.12962229823651,5.47194426770182,180070020.0,180982440.0,122669960.0,133697520.0,180982440.0,180982440.0,180593640.0,180593640.0,9598068.0,9598068.0,8834514.0,9393804.0,9598068.0,9598068.0,9547776.0,9547776.0,3,Guinea,Rice,1711.0
193,1992,44.49455659482576,34.13353369333151,0.21115347540212998,0.21125125813772516,25.943646081288655,192156.82164065048,132.765208301144,153.9430818991251,7.375385797021917,14.321729506413147,0.030688878955293798,0.03070862249096472,1.1203532167701693,7999.722666977491,18.964817877789756,4.410036950400385,180070020.0,180982440.0,129717020.0,133697520.0,180982440.0,180982440.0,180593640.0,180593640.0,9598068.0,9598068.0,9227548.0,9393804.0,9598068.0,9598068.0,9547776.0,9547776.0,3,Guinea,Rice,1711.3
193,1993,44.49455659482576,34.099747407581646,0.21439400489131605,0.21459340127352738,26.144855361514622,194137.89490320624,135.4737302006419,151.98802390376068,7.375385797021917,16.254301083123984,0.03194965999371499,0.03191671697268114,1.2071870375005311,7725.7526803218525,19.143668197134165,4.133490001796494,180070020.0,180982440.0,127775680.0,133697520.0,180982440.0,180982440.0,180593640.0,180593640.0,9598068.0,9598068.0,9044273.0,9393804.0,9598068.0,9598068.0,9547776.0,9547776.0,3,Guinea,Rice,1711.6
193,1994,44.49455659482576,40.81266453207143,0.21549910927812255,0.21530016464789195,25.89293557273017,192724.05103295023,130.37158859488582,150.22411871202326,7.375385797021917,16.197331726166066,0.03069536596372238,0.030465335729002847,1.1005621098124472,7824.880355241025,17.754991921502047,3.74458352114215,180070020.0,180982440.0,129438910.0,133697520.0,180982440.0,180982440.0,180593640.0,180593640.0,9598068.0,9598068.0,9053775.0,9393804.0,9598068.0,9598068.0,9547776.0,9547776.0,3,Guinea,Rice,1711.9
193,1995,44.49455659482576,39.889949056800575,0.2192666172981262,0.21943401808152335,25.987214003668893,195285.58876624046,155.62813175685946,156.05120193684948,7.375385797021917,13.942595300970508,0.030400152719575097,0.030531092135582864,1.2115643263375264,7846.924049321648,19.90048289591237,4.6332460797190596,180070020.0,180982440.0,130944920.0,133697520.0,180982440.0,180982440.0,180593640.0,180593640.0,9598068.0,9598068.0,9246367.0,9393804.0,9598068.0,9598068.0,9547776.0,9547776.0,3,Guinea,Rice,1712.2
193,1996,44.49455659482576,38.46249309981282,0.20957724087768126,0.20966701475781527,26.273685455322266,195615.1882704478,152.54093750655727,155.78455398071074,7.375385797021917,16.452933611611215,0.028952366356853946,0.029176220986879626,1.1658494570069864,8122.193106184782,20.097285984674745,4.483392547727399,180070020.0,180982440.0,132583495.0,133697520.0,180982440.0,180982440.0,180593640.0,180593640.0,9598068.0,9598068.0,9364666.0,9393804.0,9598068.0,9598068.0,9547776.0,9547776.0,3,Guinea,Rice,1712.6
193,1997,44.49455659482576,39.19423272079631,0.21470921296212403,0.21470958513690894,26.065351094139945,197055.5511269781,151.3717293977245,154.45241240774757,7.375385797021917,14.405602264125221,0.02987206280978465,0.02986261150469519,1.1402086855807585,7915.211947802494,19.765968423030458,4.358293310629686,180070020.0,180982440.0,133337520.0,133697520.0,180982440.0,180982440.0,180593640.0,180593640.0,9598068.0,9598068.0,9385011.0,9393804.0,9598068.0,9598068.0,9547776.0,9547776.0,3,Guinea,Rice,1712.9
193,1998,44.49455659482576,36.51181993511855,0.20825978666543957,0.20822879816313344,26.454590829213462,197898.30907206627,151.11756069606312,153.6235500795077,7.375385797021917,14.098631068215337,0.029824837706580745,0.02979728575535579,1.2233305169196145,8027.204721581203,19.624270986115786,4.256024196401748,180070020.0,180982440.0,132639605.0,133697520.0,180982440.0,180982440.0,180593640.0,180593640.0,9598068.0,9598068.0,9355884.0,9393804.0,9598068.0,9598068.0,9547776.0,9547776.0,3,Guinea,Rice,1713.2
193,1999,44.49455659482576,42.31451797483599,0.2164229448470804,0.21644638618212703,25.886530939737955,194265.91589915095,150.1856470688992,151.097210101813,7.375385797021917,14.576260935289268,0.02759398140019355,0.027610460619205354,1.2026504112175875,7513.527279743547,20.577641432548223,4.2914595347736535,180070020.0,180982440.0,132995515.0,133697520.0,180982440.0,180982440.0,180593640.0,180593640.0,9598068.0,9598068.0,9373283.0,9393804.0,9598068.0,9598068.0,9547776.0,9547776.0,3,Guinea,Rice,1713.5
193,2000,52.55582065131258,36.86770752971785,0.21909735314548012,0.21911036984135027,25.968014028337265,198308.5993701138,125.87171301231527,148.43966324995776,8.392160029401577,11.93941414841733,0.029128097449940275,0.029133112206879048,1.1853194137695722,7667.238626689503,17.084446418785053,3.731583846425041,110042790.0,180982440.0,133273165.0,133697520.0,180982440.0,180982440.0,180593640.0,180593640.0,5865486.0,9598068.0,9386868.0,9393804.0,9598068.0,9598068.0,9547776.0,9547776.0,3,Guinea,Rice,1713.9
193,2001,43.128728627975036,36.48683964690613,0.20855833184387945,0.20876982268949812,26.34513315624661,196837.08267861843,149.89450034800427,156.7721614408527,7.763844284279114,12.184889314320642,0.028706915094839455,0.029007469778147502,1.2067687022728903,7993.850752020646,19.132059809461868,4.582102304606732,180070020.0,180982440.0,126320445.0,133697520.0,180982440.0,180982440.0,180593640.0,180593640.0,9598068.0,9598068.0,9153496.0,9393804.0,9598068.0,9598068.0,9547776.0,9547776.0,3,Guinea,Rice,1719.4
193,2002,44.4993123799065,34.26489584995083,0.20371429878804415,0.20382440955144396,26.674277337392173,197137.9764120517,146.37407677341133,157.18236510768577,7.584182824345775,11.805227172457922,0.029395061063377786,0.029455412697947634,1.218220247694094,7867.125073375897,19.346454831822825,4.486022562179953,180070020.0,180982440.0,132526530.0,133697520.0,180982440.0,180982440.0,180593640.0,180593640.0,9598068.0,9598068.0,9377179.0,9393804.0,9598068.0,9598068.0,9547776.0,9547776.0,3,Guinea,Rice,1728.9
193,2003,43.93156735846206,35.05156755569651,0.2124538017229901,0.21245557354616496,26.59312589433458,194219.14959417947,142.15166027801658,154.1725253486678,8.11287200128982,12.268293451884528,0.028613771790738676,0.028616361717256008,1.1957370252986408,8334.758108074306,19.87060296544282,4.311617435732911,180070020.0,180982440.0,133048335.0,133697520.0,180982440.0,180982440.0,180593640.0,180593640.0,9598068.0,9598068.0,9387418.0,9393804.0,9598068.0,9598068.0,9547776.0,9547776.0,3,Guinea,Rice,1738.4
193,2004,44.49455659482576,32.593201184943666,0.21013657467232807,0.21013679723020726,26.689987585279678,197269.31063981974,143.0488747782972,155.43126461664468,7.756712611942859,11.482416273592637,0.030879331193578732,0.030879492881748752,1.2392063093669659,9167.696338927966,18.678352596064187,4.35386304332979,180070020.0,180982440.0,133656700.0,133697520.0,180982440.0,180982440.0,180593640.0,180593640.0,9598068.0,9598068.0,9393543.0,9393804.0,9598068.0,9598068.0,9547776.0,9547776.0,3,Guinea,Rice,1747.9
193,2005,44.61568567681239,36.66272559009603,0.21359824004272615,0.2136265025130983,26.772346136305067,195164.459918064,145.89996133089892,154.70398070520665,7.452981287334134,12.788137730862594,0.0306511981059469,0.03066142721737322,1.2834200809268137,8575.914619118761,18.472069336398935,4.195557008757315,180070020.0,180982440.0,133518060.0,133697520.0,180982440.0,180982440.0,180593640.0,180593640.0,9598068.0,9598068.0,9388657.0,9393804.0,9598068.0,9598068.0,9547776.0,9547776.0,3,Guinea,Rice,1757.5
193,2006,45.59717614994897,34.91798549995909,0.21487734599245914,0.21488594242613387,26.456639533572726,199107.58041875175,149.2163748641659,156.32325587840248,7.439800000694995,12.605375797994984,0.028121693823743507,0.02812344513995029,1.1826992685135755,8090.75695685868,18.223742014257596,4.537283084201999,180070020.0,180982440.0,133452165.0,133697520.0,180982440.0,180982440.0,180593640.0,180593640.0,9598068.0,9598068.0,9388788.0,9393804.0,9598068.0,9598068.0,9547776.0,9547776.0,3,Guinea,Rice,1767.2
193,2007,43.673258311916186,32.65227191431631,0.2043490829153193,0.20435511532812853,26.44979411231147,197523.36176428356,142.50311555534154,156.6161615934377,7.626623948778115,11.740375280678,0.02742376347253194,0.027435427129137213,1.2022882603359368,7456.242024095346,21.59474467036153,9.754210637853546,180070020.0,180982440.0,132859980.0,133697520.0,180982440.0,180982440.0,180906840.0,180906840.0,9598068.0,9598068.0,9386263.0,9393804.0,9598068.0,9598068.0,9588289.0,9588289.0,3,Guinea,Rice,1776.9
193,2008,44.518107204077,41.32227049913396,0.21199757506450012,0.21199994512765008,26.217450438605415,197567.76588546016,155.07022829977862,156.42171122220836,7.687899849683022,13.298846531218118,0.027190062744962457,0.027199317485310095,1.160218067201235,7561.0769702693315,21.515538928173616,10.666175782320538,180070020.0,180982440.0,132915420.0,133697520.0,180982440.0,180982440.0,180982440.0,180982440.0,9598068.0,9598068.0,9387947.0,9393804.0,9598068.0,9598068.0,9598068.0,9598068.0,3,Guinea,Rice,1930.8
193,2009,44.766955660278875,36.880616320676225,0.21244585985938705,0.21245110291251734,26.511513402726916,196853.22716975308,155.3354624700853,156.74298048326045,7.777665858024445,14.02774086954303,0.02808688109921513,0.028096555227961364,1.1803484068998176,8078.982368209721,22.084075254850536,10.7976667290732,180070020.0,180982440.0,132873840.0,133697520.0,180982440.0,180982440.0,180982440.0,180982440.0,9598068.0,9598068.0,9386684.0,9393804.0,9598068.0,9598068.0,9598068.0,9598068.0,3,Guinea,Rice,1670.5
193,2010,45.099059863264934,41.087452883608705,0.2147049323138263,0.21470790158271857,26.697351752387153,193964.44543380046,157.25448864258604,155.80174477349672,7.231050227207312,14.983148797586495,0.027177073207345807,0.027186092814433332,1.1870273100634392,7954.439088161692,20.565504683321237,10.752884815496879,180070020.0,180982440.0,132404630.0,133697520.0,180982440.0,180982440.0,180982440.0,180982440.0,9598068.0,9598068.0,9386154.0,9393804.0,9598068.0,9598068.0,9598068.0,9598068.0,3,Guinea,Rice,1100.8
193,2011,44.72189755875225,35.601531720701054,0.20943791208167867,0.20944253231371868,26.450375927819145,197149.1259540395,154.03377774164449,156.38955298532503,7.533341013609667,14.564246733347414,0.02953241109695908,0.029540303865441257,1.2034435457049266,8362.854428466071,21.355434025916797,10.6324909531763,180070020.0,180982440.0,132720750.0,133697520.0,180982440.0,180982440.0,180982440.0,180982440.0,9598068.0,9598068.0,9387065.0,9393804.0,9598068.0,9598068.0,9598068.0,9598068.0,3,Guinea,Rice,1156.7
193,2012,44.572538322760735,36.86400898611502,0.2130083907395601,0.21301101425122612,26.221592733595106,194283.69774089727,153.35953560473783,154.92148171546177,7.4152416405116455,12.877902799552656,0.027129386505559905,0.027138697081126626,1.19720219770461,8010.587394584672,21.426711085839585,10.6490351718775,180070020.0,180982440.0,132929280.0,133697520.0,180982440.0,180982440.0,180982440.0,180982440.0,9598068.0,9598068.0,9388368.0,9393804.0,9598068.0,9598068.0,9598068.0,9598068.0,3,Guinea,Rice,1200.0
193,2013,44.89523794332383,40.26546995392078,0.20440656261311632,0.2044108359813264,26.559659078386094,195628.1664390767,154.96431838066798,157.8313189643673,7.374735310522571,15.498038598705618,0.027672993540487394,0.027681618361895394,1.2057746799123916,8493.14475228258,21.146496470107646,10.563908412640744,180070020.0,180982440.0,132929280.0,133697520.0,180982440.0,180982440.0,180982440.0,180982440.0,9598068.0,9598068.0,9388368.0,9393804.0,9598068.0,9598068.0,9598068.0,9598068.0,3,Guinea,Rice,1250.0
193,2014,44.69028659240246,32.856480402677086,0.20306594438023035,0.2030704564462114,26.52554734547933,197041.29236904354,153.6115148155276,156.50630245995575,6.947718372983229,11.656275007304561,0.027590379154468714,0.02760004542183042,1.1888038035278041,8391.87546613537,20.45549491359377,10.608531934149253,180070020.0,180982440.0,132929280.0,133697520.0,180982440.0,180982440.0,180982440.0,180982440.0,9598068.0,9598068.0,9388368.0,9393804.0,9598068.0,9598068.0,9598068.0,9598068.0,3,Guinea,Rice,1165.4
193,2015,44.30851146087346,37.3155565248051,0.20612332150340076,0.20612738351861878,26.459744718339707,195353.0662651949,148.70311171605258,155.285916193191,7.201592399265939,13.383991567621957,0.027222825917232837,0.027229083753759854,1.1889609799446612,8217.920165167883,21.105432133354835,10.615521210942594,180070020.0,180982440.0,133228040.0,133697520.0,180982440.0,180982440.0,180982440.0,180982440.0,9598068.0,9598068.0,9390482.0,9393804.0,9598068.0,9598068.0,9598068.0,9598068.0,3,Guinea,Rice,1200.0
193,2016,44.22525598954374,35.808668175181836,0.2056542386197381,0.20565424353000855,26.63748590681288,196536.70121071275,152.13996835440486,157.47046393261695,7.375385797021917,13.802925589421012,0.026213597831628264,0.026213597831628264,1.1821948257965926,8169.004284415438,21.007452671051222,10.53747341089943,180070020.0,180982440.0,133697520.0,133697520.0,180982440.0,180982440.0,180982440.0,180982440.0,9598068.0,9598068.0,9393804.0,9393804.0,9598068.0,9598068.0,9598068.0,9598068.0,3,Guinea,Rice,1265.8
193,2017,43.4922264033734,32.2805550038456,0.1984879968894852,0.1984879972066093,26.748587735493977,198228.3656331284,150.3275451568218,157.08901379832244,6.929529249257391,14.982338097282609,0.02868052079165023,0.02868052079165023,1.166399649280866,8311.031453470845,20.54496714222073,10.525717613998365,180070020.0,180982440.0,133697520.0,133697520.0,180982440.0,180982440.0,180982440.0,180982440.0,9598068.0,9598068.0,9393804.0,9393804.0,9598068.0,9598068.0,9598068.0,9598068.0,3,Guinea,Rice,1217.1
193,2018,42.14050363853374,39.256694673790214,0.2015864330447382,0.20158643193372175,26.75008813010322,193171.81764263217,149.73490460681222,155.94806948452162,7.08302044808991,13.000327024673929,0.02788505176615697,0.02788505176615697,1.2034172485493235,7762.219165169971,22.356385594026754,10.923560921023594,180070020.0,180982440.0,133697520.0,133697520.0,180982440.0,180982440.0,180982440.0,180982440.0,9598068.0,9598068.0,9393804.0,9393804.0,9598068.0,9598068.0,9598068.0,9598068.0,3,Guinea,Rice,1258.1
193,2019,43.85212749179354,36.29773725032851,0.2017175613592068,0.20171756635482294,26.758232816060385,196362.16489634084,155.10995188863586,157.39833332020646,6.909349777650724,13.159713881300902,0.027275435873487144,0.027275435873487144,1.1778281485991768,8361.534668210754,21.615036422214132,10.579581840653779,180070020.0,180982440.0,133697520.0,133697520.0,180982440.0,180982440.0,180982440.0,180982440.0,9598068.0,9598068.0,9393804.0,9393804.0,9598068.0,9598068.0,9598068.0,9598068.0,3,Guinea,Rice,1350.0
193,2020,43.22705539068616,37.81585880522479,0.20770720880892538,0.2077072038025817,26.91171798706055,195695.74745126115,150.71777480378182,156.878508182044,6.991332517562085,12.874610713412995,0.025475046734231975,0.025475046734231975,1.1748852227405109,7832.689442622484,22.295609867581916,10.709589891974586,180070020.0,180982440.0,133697520.0,133697520.0,180982440.0,180982440.0,180982440.0,180982440.0,9598068.0,9598068.0,9393804.0,9393804.0,9598068.0,9598068.0,9598068.0,9598068.0,3,Guinea,Rice,1470.0
193,2021,43.487006655264466,38.08448751986023,0.2087549739413791,0.20875497428545586,27.090616681840686,199769.39658844008,153.96049692903796,157.48126321249887,7.1083071962275435,13.161316555373133,0.027764450108746057,0.027764450108746057,1.2104965106042467,8058.596935425423,21.985788587430342,10.495605880569723,180070020.0,180982440.0,133697520.0,133697520.0,180982440.0,180982440.0,180982440.0,180982440.0,9598068.0,9598068.0,9393804.0,9393804.0,9598068.0,9598068.0,9598068.0,9598068.0,3,Guinea,Rice,1500.0
193,2022,43.66609793133403,34.353755764800994,0.20977931850486328,0.20977931456030652,26.654969766404893,195947.97858406958,152.6036126558959,155.8304470439724,7.2942673059978285,12.186347291568,0.02753781617592192,0.02753781617592192,1.209959632861591,7419.058857130611,22.967236028273884,10.638643287798818,180070020.0,180982440.0,133697520.0,133697520.0,180982440.0,180982440.0,180982440.0,180982440.0,9598068.0,9598068.0,9393804.0,9393804.0,9598068.0,9598068.0,9598068.0,9598068.0,3,Guinea,Rice,1550.0
199,1984,37.232127539158526,9.006562216088785,0.15428873168097598,0.15520627516906965,24.36000083817376,184486.4393162998,107.19636091988617,150.14504217425525,11.744120666223402,9.305044389771211,0.049905601393842716,0.05020461376430706,2.535143683651602,15512.726332839267,28.80121352447272,5.842381191627725,371397060.0,662514840.0,560307055.0,644222155.0,662518080.0,662518080.0,651172320.0,651424320.0,150552720.0,150552720.0,141749399.0,148935311.0,150552720.0,150552720.0,147004272.0,147004272.0,4,Pakistan,Rice,2488.3
199,1985,37.232127539158526,7.077792559935171,0.147286493372586,0.1476805526869578,24.801495345433555,184937.3908766367,102.20444129894709,157.99011640999427,11.744120666223402,6.819642170415352,0.04845590854785891,0.04853117092942253,2.4228208176309227,14875.668233458533,28.84104427402677,6.691302120517967,371397060.0,662514840.0,570315100.0,646243305.0,662518080.0,662518080.0,651172320.0,651424320.0,150552720.0,150552720.0,142675249.0,148945822.0,150552720.0,150552720.0,147004272.0,147004272.0,4,Pakistan,Rice,2349.9
199,1986,37.232127539158526,8.051497418088328,0.15694732416202037,0.1577345139051214,24.00016566382514,184337.56976690664,106.45707118261907,156.2686815631073,11.744120666223402,8.267512813769397,0.0541759183977069,0.05362588292156666,2.494829586367913,15412.158120070448,31.47163090422594,6.614369952020315,371397060.0,662514840.0,508135995.0,645214650.0,662518080.0,662518080.0,651172320.0,651424320.0,150552720.0,150552720.0,127016819.0,148941529.0,150552720.0,150552720.0,147004272.0,147004272.0,4,Pakistan,Rice,2532.0
199,1987,37.232127539158526,6.135164098014777,0.15687657973983066,0.15574740067338044,24.903757180107963,187447.3159937244,106.08581048606906,156.83027246287546,11.744120666223402,6.2779680227729875,0.05119744113987802,0.050432242340806,2.6183135821303107,14671.509281565173,30.62547747860703,6.280019535583099,371397060.0,662514840.0,508795980.0,640961235.0,662518080.0,662518080.0,651172320.0,651424320.0,150552720.0,150552720.0,126779950.0,148916128.0,150552720.0,150552720.0,147004272.0,147004272.0,4,Pakistan,Rice,2476.5
199,1988,37.232127539158526,10.024590474585889,0.1641332600372178,0.16345764066165067,25.142509545220268,183691.32613509978,107.42758317408492,154.21751879315545,11.744120666223402,9.307830567390496,0.04972230452367967,0.049790760799479736,2.4640107710605457,14818.404402401937,29.840543799768476,5.881898491345161,371397060.0,662514840.0,571639610.0,640091380.0,662518080.0,662518080.0,651172320.0,651424320.0,150552720.0,150552720.0,142058190.0,148907722.0,150552720.0,150552720.0,147004272.0,147004272.0,4,Pakistan,Rice,2351.1
199,1989,37.232127539158526,7.945358741531245,0.16730114325053158,0.1676627007475666,24.215837886598376,186078.30154151356,117.47940749781127,159.70651588895007,11.744120666223402,6.909308965779323,0.04803114066014303,0.04816076059692143,2.400937099442129,13800.522992467291,31.877489706756098,6.605073930935859,371397060.0,662514840.0,586055590.0,640091380.0,662518080.0,662518080.0,651172320.0,651424320.0,150552720.0,150552720.0,146504400.0,148907722.0,150552720.0,150552720.0,147004272.0,147004272.0,4,Pakistan,Rice,2292.5
199,1990,37.232127539158526,9.369636159566872,0.16410431952940088,0.16437352291804547,24.71959833568997,180829.92986361956,117.49307761048709,157.82578238110895,11.744120666223402,9.933408064892204,0.049508098528072815,0.049523660766075506,2.650614216579151,15255.389098875008,32.840315955754576,7.1177585049068774,371397060.0,662514840.0,590213015.0,640066945.0,662518080.0,662518080.0,651172320.0,651424320.0,150552720.0,150552720.0,147054431.0,148907376.0,150552720.0,150552720.0,147004272.0,147004272.0,4,Pakistan,Rice,2315.1
199,1991,37.232127539158526,6.367971180099783,0.16270631588995452,0.16293936343993376,24.2339090930091,184645.25823285902,113.42275931335136,157.78719920729642,11.744120666223402,7.510361748950895,0.050962649145987124,0.05095982964721457,2.5955587959393664,15312.378070833682,31.738631042534863,7.055466666245877,371397060.0,662514840.0,582121560.0,641113975.0,662518080.0,662518080.0,651172320.0,651424320.0,150552720.0,150552720.0,142673383.0,148915215.0,150552720.0,150552720.0,147004272.0,147004272.0,4,Pakistan,Rice,2319.9
199,1992,37.232127539158526,9.6558343457321,0.17243031569653083,0.17252840787415627,23.99245612886217,178976.71637787676,115.58591503746578,153.8758526004541,11.744120666223402,9.036128126896408,0.04800375335963863,0.04804613378774839,2.549882013801001,13371.981878433415,30.76870083373094,6.608447161456452,371397060.0,662514840.0,615743920.0,641808160.0,662518080.0,662518080.0,651172320.0,651424320.0,150552720.0,150552720.0,147404526.0,148919325.0,150552720.0,150552720.0,147004272.0,147004272.0,4,Pakistan,Rice,2368.6
199,1993,37.232127539158526,6.444555134615828,0.15577301863167017,0.15570016963560065,24.84863385624356,185015.07506684397,117.10279009192895,154.59792628331905,11.744120666223402,6.218188869198799,0.04709183090040074,0.047149475357816134,2.625236450225886,13486.802027701895,28.406802740186308,6.015071448735194,371397060.0,662514840.0,614014165.0,642046060.0,662518080.0,662518080.0,651172320.0,651424320.0,150552720.0,150552720.0,147747618.0,148920726.0,150552720.0,150552720.0,147004272.0,147004272.0,4,Pakistan,Rice,2739.7
199,1994,37.232127539158526,9.36951762063413,0.16538874775999118,0.16547291843275563,24.28261465496487,177689.90301577435,113.32308494076028,150.39457019100445,11.744120666223402,8.69579026656912,0.04626791765958456,0.046320629269358114,2.3909444742681285,13804.193039430791,26.669019922806818,5.7978670553434455,371397060.0,662514840.0,617802100.0,642219105.0,662518080.0,662518080.0,651172320.0,651424320.0,150552720.0,150552720.0,147059779.0,148922353.0,150552720.0,150552720.0,147004272.0,147004272.0,4,Pakistan,Rice,2433.3
199,1995,37.232127539158526,10.045594221860219,0.16819900228745405,0.16818412659878504,24.324826818042332,181143.34072185424,119.15236869650472,154.97269890722498,11.744120666223402,9.526611121099311,0.046609568886304124,0.04661200115826831,2.5649585176382446,14582.367658537349,30.643626880326433,6.058285583302225,371397060.0,662514840.0,616790255.0,642174170.0,662518080.0,662518080.0,651172320.0,651424320.0,150552720.0,150552720.0,147684284.0,148921226.0,150552720.0,150552720.0,147004272.0,147004272.0,4,Pakistan,Rice,2752.2
199,1996,37.232127539158526,8.40846381682608,0.16194341873957047,0.16197911696734152,24.37179748747084,183065.82634499975,119.03259781232444,154.65852203042306,11.744120666223402,9.094781799113825,0.05183981183214472,0.051857815460742085,2.595814923640934,16029.895266650403,30.35228360699531,6.300323499434796,371397060.0,662514840.0,597746225.0,641768215.0,662518080.0,662518080.0,651172320.0,651424320.0,150552720.0,150552720.0,146911841.0,148920655.0,150552720.0,150552720.0,147004272.0,147004272.0,4,Pakistan,Rice,2868.5
199,1997,37.232127539158526,9.24854819123839,0.17136348320378195,0.1713415360248726,23.79474489423964,177577.22147335013,122.25324639653708,151.84507833982545,11.744120666223402,9.142583208653372,0.0515038923774811,0.05149978036808131,2.5622577961325455,15798.818243924141,32.117939012314444,5.878864569669953,371397060.0,662514840.0,608882285.0,641438920.0,662518080.0,662518080.0,651172320.0,651424320.0,150552720.0,150552720.0,147689887.0,148919765.0,150552720.0,150552720.0,147004272.0,147004272.0,4,Pakistan,Rice,2804.8
199,1998,37.232127539158526,7.1392257951065154,0.17899603893359498,0.17906811381237955,24.8168440024058,182057.67393458352,123.20336550331687,153.68995496722204,11.744120666223402,6.8640412748092245,0.0537882593122697,0.05372502789977951,2.596595108707195,15050.077971214167,30.541480393017718,5.907101294382776,371397060.0,662514840.0,612549550.0,641213975.0,662518080.0,662518080.0,651172320.0,651424320.0,150552720.0,150552720.0,147496551.0,148917727.0,150552720.0,150552720.0,147004272.0,147004272.0,4,Pakistan,Rice,2893.0
199,1999,37.232127539158526,5.804610611346331,0.16605882073442138,0.16634297342496118,25.106526109907364,185430.56243535428,115.39522055668252,152.72272055176327,11.744120666223402,6.0674933129506154,0.04956357258777885,0.0497290960153932,2.30503228972424,14338.32515366245,28.22415943211733,5.762928348552191,371397060.0,662514840.0,609594935.0,641816845.0,662518080.0,662518080.0,651172320.0,651424320.0,150552720.0,150552720.0,146035739.0,148921983.0,150552720.0,150552720.0,147004272.0,147004272.0,4,Pakistan,Rice,3074.4
199,2000,29.200484095123407,6.303475304118455,0.15567344882422018,0.15521171692864547,24.915317010879516,188311.37035302285,97.11793697142934,149.84674070477644,10.084498110553943,6.048105410825356,0.051779901507620865,0.051910254304938536,2.3804545706373967,14654.875827792832,31.193816357198237,5.730508946157981,226964870.0,662514840.0,610940750.0,641705760.0,662518080.0,662518080.0,651172320.0,651424320.0,92004440.0,150552720.0,146325199.0,148919108.0,150552720.0,150552720.0,147004272.0,147004272.0,4,Pakistan,Rice,3031.2
199,2001,32.83583909927668,7.571355801168209,0.15741545309623078,0.15754941889696272,24.933842759662205,184559.55717816597,113.1164306838466,156.00728540849317,11.43749359399412,5.95034653851842,0.049210961108208294,0.049473788546733385,2.376968235398693,13442.993483712793,32.310509920666696,6.591873798311326,371397060.0,662514840.0,600595425.0,641486460.0,662518080.0,662518080.0,651172320.0,651424320.0,150552720.0,150552720.0,145029753.0,148916466.0,150552720.0,150552720.0,147004272.0,147004272.0,4,Pakistan,Rice,2754.2
199,2002,32.283057314802484,5.588135274563962,0.14607379577226104,0.14548769788039925,25.440501313739354,188622.54590806158,113.20815084679909,157.58759454180023,11.164628404811422,6.092769638905135,0.04940471581149875,0.04962902219136698,2.3323295096670273,14272.327115021677,30.68518294298872,6.647850193989846,371397060.0,662514840.0,615405025.0,641508360.0,662518080.0,662518080.0,651172320.0,651424320.0,150552720.0,150552720.0,146656880.0,148915635.0,150552720.0,150552720.0,147004272.0,147004272.0,4,Pakistan,Rice,3019.2
199,2003,34.21387241754858,9.413738246949716,0.1642464375744263,0.16407953033602674,24.704559977849325,183839.89282605436,119.02151510639457,154.5837545154342,11.204576690813678,8.388394176868735,0.04917406895717965,0.049155832401848835,2.32179067602372,13935.002779012779,30.810254812542603,6.340548273904738,371397060.0,662514840.0,609338420.0,640686860.0,662518080.0,662518080.0,651172320.0,651424320.0,150552720.0,150552720.0,147924393.0,148910863.0,150552720.0,150552720.0,147004272.0,147004272.0,4,Pakistan,Rice,2955.1
199,2004,34.12519594710385,6.782205681154124,0.15304768818120157,0.152601031404045,25.435382689370048,187583.86297594247,117.77765876645998,156.9620941245223,11.07998084991061,7.623508480815579,0.05166040965895597,0.051722644710198204,2.3172822951939542,13029.651544533717,29.629648215036077,6.19060288787757,371397060.0,662514840.0,605901100.0,640553555.0,662518080.0,662518080.0,651172320.0,651424320.0,150552720.0,150552720.0,147335733.0,148910295.0,150552720.0,150552720.0,147004272.0,147004272.0,4,Pakistan,Rice,2991.4
199,2005,36.05281602488887,8.625692000833757,0.16858486591113933,0.16858196506962048,24.33991290728251,181931.23578457345,121.11549277780667,153.9083001137318,11.67759761346633,8.108675009149106,0.04691713717385305,0.04690705275536631,2.367394601964736,14246.950613406494,30.586904383225576,6.059405935386559,371397060.0,662514840.0,608828285.0,640752335.0,662518080.0,662518080.0,651172320.0,651424320.0,150552720.0,150552720.0,148279155.0,148911960.0,150552720.0,150552720.0,147004272.0,147004272.0,4,Pakistan,Rice,3174.2
199,2006,35.012003954259946,9.744187786999833,0.16688675139513276,0.1668368601947522,25.218120760387844,180982.61502594966,112.74572619646308,153.9706388725571,11.373181692036962,9.376072919425821,0.047601934970609064,0.04761125932502242,2.2445059819273765,13724.342425601171,30.220497535041925,5.981371233306549,371397060.0,662514840.0,607377700.0,640535470.0,662518080.0,662518080.0,651172320.0,651424320.0,150552720.0,150552720.0,148150860.0,148909003.0,150552720.0,150552720.0,147004272.0,147004272.0,4,Pakistan,Rice,3160.4
199,2007,37.232127539158526,10.408384662706643,0.16550907683041358,0.16598941633528372,24.81741958194309,182665.74517098803,118.05317606417205,154.32358920311407,11.504274986078553,9.003404714090514,0.0420607305317042,0.042209429466425,2.266273731574592,12710.613835325177,34.25514316328109,12.75262796507149,371397060.0,662514840.0,623039250.0,643251510.0,662518080.0,662518080.0,660311960.0,660360960.0,150552720.0,150552720.0,147493515.0,148920286.0,150552720.0,150552720.0,149862744.0,149862744.0,4,Pakistan,Rice,3317.6
199,2008,34.73102025865758,9.94892358541293,0.16386136640277169,0.16439672396600613,24.633486800723606,182390.64919715567,126.05218749569494,155.54058495762803,10.921532921697208,9.03704676700137,0.04364363574827704,0.04372867156915343,2.199439644589217,14253.36341610393,32.415667795062525,14.922817816971612,371397060.0,662514840.0,622407005.0,643203540.0,662518080.0,662518080.0,662518080.0,662518080.0,150552720.0,150552720.0,147383458.0,148917549.0,150552720.0,150552720.0,150552720.0,150552720.0,4,Pakistan,Rice,3519.9
199,2009,35.599149341713975,7.98941528132954,0.15337607959906258,0.15338856362921674,24.9966591252221,186045.51588965798,128.151294497541,157.40387881324622,11.544314000327761,7.421444832141775,0.04022235114860728,0.04021691575761473,2.2552034839127857,13183.103090904628,32.90888408402511,14.640568438867435,371397060.0,662514840.0,621199445.0,643297485.0,662518080.0,662518080.0,662518080.0,662518080.0,150552720.0,150552720.0,148078009.0,148918657.0,150552720.0,150552720.0,150552720.0,150552720.0,4,Pakistan,Rice,3580.9
199,2010,35.037727761556006,11.053847939319379,0.16275014881458544,0.16262239320431648,25.21491380797492,182083.61853053566,124.95648591993108,156.7198883227416,11.874827382622087,9.209618012553204,0.04098947525146702,0.040942687247957237,2.2193053597760564,13563.787882961007,34.4469399199113,14.762434214395125,371397060.0,662514840.0,622091580.0,643433050.0,662518080.0,662518080.0,662518080.0,662518080.0,150552720.0,150552720.0,147793333.0,148918505.0,150552720.0,150552720.0,150552720.0,150552720.0,4,Pakistan,Rice,3058.8
199,2011,38.40132894943285,11.428137952681434,0.17000564552015723,0.17004871985811543,24.763566965527005,179288.1557738921,132.0943551460585,154.9691017406054,12.224889049459922,9.892473744646887,0.04575018118650436,0.04576269046049694,2.1788792950573357,13692.684941171143,33.1677201907058,15.047571094339947,371397060.0,662514840.0,626344960.0,642719720.0,662518080.0,662518080.0,662518080.0,662518080.0,150552720.0,150552720.0,148225596.0,148918824.0,150552720.0,150552720.0,150552720.0,150552720.0,4,Pakistan,Rice,3593.9
199,2012,35.9998259851885,9.616467241407499,0.15124487893448932,0.15131323633402335,24.48699697388543,184253.15643617668,127.70940958663496,155.18076344820312,11.744120666223402,8.64762612148015,0.042411887802265874,0.04243434891673577,2.151151026787649,13540.366040935434,33.19230542942741,15.078643174114632,371397060.0,662514840.0,630879275.0,643657155.0,662518080.0,662518080.0,662518080.0,662518080.0,150552720.0,150552720.0,148381783.0,148924381.0,150552720.0,150552720.0,150552720.0,150552720.0,4,Pakistan,Rice,3596.6
199,2013,38.063449020214534,10.49901167294886,0.16094219345185487,0.1610044078755561,24.80109150674608,180335.18734468104,130.11851678451293,155.53842080676117,11.714608593047355,10.38117965844891,0.04590113716565231,0.04591585976088646,2.2977329131708726,14244.827332135479,32.58715103949074,14.882067237505433,371397060.0,662514840.0,632064020.0,643817175.0,662518080.0,662518080.0,662518080.0,662518080.0,150552720.0,150552720.0,148411787.0,148925046.0,150552720.0,150552720.0,150552720.0,150552720.0,4,Pakistan,Rice,3752.8
199,2014,37.89429596525795,9.4678391871675,0.15667443784574664,0.15687384950148114,24.4641753938463,183146.5572640522,130.82119713993134,155.55112227057722,11.881804146263539,10.797995950886698,0.050921952057454326,0.05103419086683707,2.317568415469754,14538.481968206333,33.53620297900584,15.036418469860859,371397060.0,662514840.0,620862470.0,642740960.0,662518080.0,662518080.0,662518080.0,662518080.0,150552720.0,150552720.0,147997532.0,148924673.0,150552720.0,150552720.0,150552720.0,150552720.0,4,Pakistan,Rice,3633.9
199,2015,38.407912378697084,11.528869766460497,0.16734227947890754,0.1675086513301996,24.49296982023451,179234.21453121086,131.50837109107488,155.2261292975064,11.696023295893411,10.722281433188407,0.04951452368223814,0.04960117475720317,2.3007819381862262,15737.777246122,33.15905531671381,14.92639333728721,371397060.0,662514840.0,626041510.0,643171120.0,662518080.0,662518080.0,662518080.0,662518080.0,150552720.0,150552720.0,148065429.0,148922447.0,150552720.0,150552720.0,150552720.0,150552720.0,4,Pakistan,Rice,3724.0
199,2016,38.283126380703806,10.610930595043724,0.14913381342258714,0.14928616309077813,25.4676658683353,183260.24448953115,130.73745373540999,156.14955060367504,11.797306240638715,9.407692403434433,0.04474835031840277,0.04483614380112458,2.247449094297702,13505.864478126412,32.83336853644974,14.964762284712368,371397060.0,662514840.0,622394685.0,642318620.0,662518080.0,662518080.0,662518080.0,662518080.0,150552720.0,150552720.0,148104007.0,148917364.0,150552720.0,150552720.0,150552720.0,150552720.0,4,Pakistan,Rice,3771.6
199,2017,39.094911608346166,10.61321750394673,0.14926692839297978,0.14938184873206753,25.08829690085517,182124.46821638508,132.35317733612916,155.43191614188396,12.222003076364551,9.353461623142561,0.046878814345043415,0.046902649667943094,2.1134910595110883,13858.29705365322,32.745854607772856,14.933758278688657,371397060.0,662514840.0,622227645.0,641757730.0,662518080.0,662518080.0,662518080.0,662518080.0,150552720.0,150552720.0,148043922.0,148914166.0,150552720.0,150552720.0,150552720.0,150552720.0,4,Pakistan,Rice,3852.6
199,2018,37.09415052991714,8.627778437901894,0.14055863854785755,0.14074707819838303,25.17350426779853,185831.39003416456,126.47348397737431,155.51861855955224,11.862473575818303,9.486253565501295,0.048477964012679405,0.04858697981329927,2.293658480025164,13885.465301533412,33.86826607360288,15.18177894046669,371397060.0,662514840.0,620922900.0,641956565.0,662518080.0,662518080.0,662518080.0,662518080.0,150552720.0,150552720.0,147952922.0,148916711.0,150552720.0,150552720.0,150552720.0,150552720.0,4,Pakistan,Rice,3842.7
199,2019,40.77872660010747,12.51447696075938,0.16606342448956432,0.1661746454070139,24.51391248173184,177618.95998717222,134.20787944784487,154.04097940205833,12.307734376887938,10.864426792777923,0.04894695157438545,0.048959623382618264,2.2210347416284213,13809.324905240359,34.31778591439419,15.071093000811002,371397060.0,662514840.0,627352825.0,642337745.0,662518080.0,662518080.0,662518080.0,662518080.0,150552720.0,150552720.0,148021369.0,148918893.0,150552720.0,150552720.0,150552720.0,150552720.0,4,Pakistan,Rice,3665.3
199,2020,41.15955725901946,13.215159342676765,0.17372522114051708,0.17378594680615742,24.44226573838128,180871.28848037397,137.7200285572978,154.18198309007678,12.316871750656803,11.835233577855222,0.04857541624098231,0.048570864132453165,2.2321679998695405,14265.1347665799,33.179019505967574,15.041018705531954,371397060.0,662514840.0,626149015.0,643178075.0,662518080.0,662518080.0,662518080.0,662518080.0,150552720.0,150552720.0,148312077.0,148919436.0,150552720.0,150552720.0,150552720.0,150552720.0,4,Pakistan,Rice,3786.3
199,2021,39.47858367266215,10.877032007069337,0.15497633852064605,0.1550531816528862,24.98833795653449,185997.77352833672,139.46360598142914,154.9722227773741,12.149700933555462,10.95404983591357,0.04941333886642201,0.04942832777394398,2.082483212245223,13444.588603498336,36.04513074148213,14.94339691114962,371397060.0,662514840.0,621707920.0,643313450.0,662518080.0,662518080.0,662518080.0,662518080.0,150552720.0,150552720.0,148349917.0,148923582.0,150552720.0,150552720.0,150552720.0,150552720.0,4,Pakistan,Rice,3953.2
199,2022,40.132397752216065,13.147482456091156,0.1716580498549673,0.17168232459840826,25.38444668451945,180804.49934626927,149.0319240287346,156.24637500580346,12.808452959118497,9.137653593586325,0.04778351075473645,0.04775154828497138,2.0342558328927516,13221.598613994356,39.048002511831754,14.829701542177393,371397060.0,662514840.0,627985790.0,643361580.0,662518080.0,662518080.0,662518080.0,662518080.0,150552720.0,150552720.0,148206232.0,148921447.0,150552720.0,150552720.0,150552720.0,150552720.0,4,Pakistan,Rice,3690.3
