asap_unit_id,year,mean_ASAP:FPAR,mean_ASAP:RAIN,mean_ASAP:SM,mean_ASAP:SM_combined,mean_ASAP:TEMP,mean_ASAP:rad,mean_ASIS:ASIS_NDVI,mean_ASIS:BT4,std_ASAP:FPAR,std_ASAP:RAIN,std_ASAP:SM,std_ASAP:SM_combined,std_ASAP:TEMP,std_ASAP:rad,std_ASIS:ASIS_NDVI,std_ASIS:BT4,px_ASAP:FPAR,px_ASAP:RAIN,px_ASAP:SM,px_ASAP:SM_combined,px_ASAP:TEMP,px_ASAP:rad,px_ASIS:ASIS_NDVI,px_ASIS:BT4,px_masked_ASAP:FPAR,px_masked_ASAP:RAIN,px_masked_ASAP:SM,px_masked_ASAP:SM_combined,px_masked_ASAP:TEMP,px_masked_ASAP:rad,px_masked_ASIS:ASIS_NDVI,px_masked_ASIS:BT4,koppen_class,country,crop,yield
1,1984,54.699665719660786,36.50822073218424,0.2521350494827385,0.2543462731000962,12.2202401359876,172363.3379278684,160.1977954436036,125.36626828238506,15.247141153830738,16.9883219849465,0.05380807132390667,0.053108661442025654,1.3843794320050489,17711.02321789969,26.235542715516505,5.364161608482805,511682616.0,676883736.0,301431498.0,721701702.0,678602664.0,678602664.0,716952384.0,718287912.0,25290180.0,25290180.0,20087644.0,24888946.0,25290180.0,25290180.0,25193628.0,25193916.0,5,Chile,Wheat,2096.8
1,1985,54.699665719660786,25.197358354517828,0.25247362939019996,0.2554350404160723,12.71545805533727,175655.71034929767,174.28675992770292,128.22022903030845,15.247141153830738,14.30351920393946,0.05330074185822506,0.05250285486113078,1.310130972630839,15937.044492874666,28.014558197069764,5.9915464086172685,511682616.0,676883736.0,341390454.0,730089738.0,678602664.0,678602664.0,716952384.0,718287912.0,25290180.0,25290180.0,20308022.0,24888951.0,25290180.0,25290180.0,25193628.0,25193916.0,5,Chile,Wheat,2300.9
1,1986,54.699665719660786,35.53761904659824,0.24004868591825163,0.24586438170776034,12.604815388167346,170465.72207561167,172.63099259166773,127.8503332598374,15.247141153830738,16.831117087284966,0.055252017318878195,0.05084942886459265,1.439426828425957,16093.458492570297,27.44964734906602,6.3882337581600055,511682616.0,676883736.0,280605738.0,730996212.0,678602664.0,678602664.0,716952384.0,718287912.0,25290180.0,25290180.0,15903659.0,24888941.0,25290180.0,25290180.0,25193628.0,25193916.0,5,Chile,Wheat,2856.5
1,1987,54.699665719660786,28.511065011148098,0.2501008146825958,0.2502027003359007,13.110066268179152,176367.09888160683,166.50464498194913,127.64642504739567,15.247141153830738,12.709767126389385,0.04869240282298656,0.049268550153396984,1.4200374022523528,14667.472078617217,26.09819097835636,5.79902857349627,511682616.0,676883736.0,298947996.0,725310450.0,678602664.0,678602664.0,716952384.0,718287912.0,25290180.0,25290180.0,19430149.0,24888944.0,25290180.0,25290180.0,25193628.0,25193916.0,5,Chile,Wheat,2770.1
1,1988,54.699665719660786,23.815705593502415,0.2540963579501424,0.25384620150521875,12.358136258743427,181850.55293378382,146.22699154229755,127.33625251782296,15.247141153830738,12.031267115919448,0.042927360409261636,0.04428772186044654,1.4256507613665772,17409.407050232076,24.87258896478877,5.606863436564257,511682616.0,676883736.0,282961254.0,710767266.0,678602664.0,678602664.0,716952384.0,718287912.0,25290180.0,25290180.0,21906372.0,24888942.0,25290180.0,25290180.0,25193628.0,25193916.0,5,Chile,Wheat,3007.5
1,1989,54.699665719660786,24.040413601466025,0.2451550808769685,0.24706667250921394,12.831330129393825,179928.99169129896,170.9999047100775,133.9759698203111,15.247141153830738,11.900569843488029,0.04269160090536318,0.04432242233658527,1.4339698441672453,17574.995161667437,29.798260616571852,7.194908861612627,511682616.0,676883736.0,296557230.0,711286752.0,678602664.0,678602664.0,716952384.0,718287912.0,25290180.0,25290180.0,22504224.0,24888950.0,25290180.0,25290180.0,25193628.0,25193916.0,5,Chile,Wheat,3267.7
1,1990,54.699665719660786,26.573148625543165,0.25210173807486336,0.25369634664176055,12.470883062592259,176677.96361281778,185.41009251962382,130.99093542606272,15.247141153830738,14.524530122734156,0.04192978347770619,0.04330899094374564,1.3843293739391422,16554.67418417734,30.509258843742845,6.837810395657641,511682616.0,676883736.0,294899820.0,711069660.0,678602664.0,678602664.0,716952384.0,718287912.0,25290180.0,25290180.0,22520431.0,24888946.0,25290180.0,25290180.0,25193628.0,25193916.0,5,Chile,Wheat,2948.1
1,1991,54.699665719660786,33.79374468910693,0.25446218134904347,0.2561201076250922,12.47314347381945,170773.1228946042,169.0351769320679,130.384998775509,15.247141153830738,16.378124043792006,0.042487695045989364,0.04348079148799672,1.4547651371202146,16229.955342829859,28.54216339685608,6.642681142337143,511682616.0,676883736.0,409159056.0,712503036.0,678602664.0,678602664.0,716952384.0,718287912.0,25290180.0,25290180.0,22942070.0,24888938.0,25290180.0,25290180.0,25193628.0,25193916.0,5,Chile,Wheat,3405.7
1,1992,54.699665719660786,38.76196267253143,0.2565410001272404,0.2568816875050015,12.355733736797616,170145.0987500139,164.74159558056766,126.99862678287175,15.247141153830738,18.24545481244561,0.0430050154153322,0.04336020524006439,1.4575602836495538,16756.924370870543,25.579656268065285,6.505231716229638,511682616.0,676883736.0,558386064.0,713750760.0,678602664.0,678602664.0,716952384.0,718287912.0,25290180.0,25290180.0,24460834.0,24888927.0,25290180.0,25290180.0,25193628.0,25193916.0,5,Chile,Wheat,3378.7
1,1993,54.699665719660786,35.60842868007331,0.25383677119734105,0.2537947748464281,12.636534790198008,175530.7849066828,156.78745849544848,124.98520521605758,15.247141153830738,19.692838412255806,0.04241144466050148,0.04250148973688853,1.459260329873629,17223.33226328617,24.69664322287565,6.289068520635575,511682616.0,676883736.0,617550486.0,715172172.0,678602664.0,678602664.0,716952384.0,718287912.0,25290180.0,25290180.0,24764920.0,24888932.0,25290180.0,25290180.0,25193628.0,25193916.0,5,Chile,Wheat,3350.0
1,1994,54.699665719660786,30.86568202523504,0.24776790863661852,0.24772515132817163,12.957577387491861,174260.26591729466,140.21568385364574,142.3020711610381,15.247141153830738,15.967341358290344,0.04215927654957743,0.042191636347060864,1.4432980106418418,17282.21571161716,30.166306985764145,22.262270992263037,511682616.0,676883736.0,608845644.0,715077558.0,678602664.0,678602664.0,716952384.0,718287912.0,25290180.0,25290180.0,24749402.0,24888933.0,25290180.0,25290180.0,25193628.0,25193916.0,5,Chile,Wheat,3515.7
1,1995,54.699665719660786,29.438471080135113,0.24772122088405818,0.2477070753362733,12.522612789162883,180602.44861314338,185.18566168646424,130.71617218770967,15.247141153830738,15.117327305887612,0.04246095629501892,0.0424624108490346,1.5080404570959358,16155.817567261864,28.571445759116344,6.503469138239502,511682616.0,676883736.0,599249718.0,715521690.0,678602664.0,678602664.0,716952384.0,718287912.0,25290180.0,25290180.0,24604158.0,24888943.0,25290180.0,25290180.0,25193628.0,25193916.0,5,Chile,Wheat,3550.0
1,1996,54.699665719660786,22.20418028727052,0.24313331581652162,0.2434470976503316,12.679404024724606,181533.40104801455,190.7339434673915,130.20609162857002,15.247141153830738,11.997162420565148,0.041556282731431214,0.041798647955238494,1.4800073294277671,18466.890738512153,29.813053121766384,6.696404393433913,511682616.0,676883736.0,585939480.0,715286796.0,678602664.0,678602664.0,716952384.0,718287912.0,25290180.0,25290180.0,24569181.0,24888942.0,25290180.0,25290180.0,25193628.0,25193916.0,5,Chile,Wheat,3327.8
1,1997,54.699665719660786,40.7749081235177,0.25149125771390063,0.25160159537135696,13.208197041794106,169936.64836511348,188.61417759052733,129.14638811322442,15.247141153830738,17.43597818980703,0.04119838822719833,0.04130707009078396,1.5147451049939273,16446.13743570891,27.71227452952162,6.227724470599323,511682616.0,676883736.0,585647022.0,714973638.0,678602664.0,678602664.0,716952384.0,718287912.0,25290180.0,25290180.0,24563921.0,24888955.0,25290180.0,25290180.0,25193628.0,25193916.0,5,Chile,Wheat,4017.4
1,1998,54.699665719660786,18.901245325491615,0.2376199869645966,0.2377501202301635,12.946397542953491,184217.6833764864,185.0073180809482,128.7096941586045,15.247141153830738,10.81292011957463,0.04464762974462091,0.04471471580955419,1.4379095222124552,14464.694901392155,28.563803060414315,6.202772408529085,511682616.0,676883736.0,605505156.0,715900194.0,678602664.0,678602664.0,716952384.0,718287912.0,25290180.0,25290180.0,24493259.0,24888934.0,25290180.0,25290180.0,25193628.0,25193916.0,5,Chile,Wheat,4384.6
1,1999,54.699665719660786,29.30428508416665,0.24555030810060322,0.24597731158264255,12.926539134096217,177316.91944991593,170.3266346793965,126.48850043590339,15.247141153830738,14.94972303870646,0.04316955369804596,0.04339196605282475,1.362998838353359,15797.896123988046,26.879003619961285,5.476975999613229,511682616.0,676883736.0,580990626.0,716433576.0,678602664.0,678602664.0,716952384.0,718287912.0,25290180.0,25290180.0,24119935.0,24888961.0,25290180.0,25290180.0,25193628.0,25193916.0,5,Chile,Wheat,3534.2
1,2000,55.49061204143439,38.6711291611826,0.25330088673918333,0.2532921797418548,12.427751867859453,173696.16774730614,152.44923470297056,123.47956182981696,16.263352340740045,18.775776244518298,0.044264230141120804,0.044332124979374145,1.4887253400419913,18638.297262806285,25.044035657625315,5.142593218475216,312694932.0,676883736.0,581690460.0,715605750.0,678602664.0,678602664.0,716952384.0,718287912.0,15455110.0,25290180.0,24423729.0,24888951.0,25290180.0,25290180.0,25193628.0,25193916.0,5,Chile,Wheat,3812.0
1,2001,54.64573539423894,37.721102752672834,0.2593728919961938,0.26005361381028774,12.749678872249744,177073.2769551481,193.29527061542623,129.3644345869634,15.558164730257973,16.173916508358744,0.04354136572756295,0.04389991420108695,1.453056857049842,15553.224988380798,27.15272748623807,6.382686401113968,511682616.0,676883736.0,453385206.0,715255122.0,678602664.0,678602664.0,716952384.0,718287912.0,25290180.0,25290180.0,22939079.0,24888940.0,25290180.0,25290180.0,25193628.0,25193916.0,5,Chile,Wheat,4299.9
1,2002,56.85350568612153,40.60657836635861,0.26193095902325925,0.2619688971716554,12.370859199100071,168526.52454555963,184.30154813469653,128.33206474079358,15.224530051875949,16.888288000951416,0.043066170639379155,0.043143645996591665,1.420779034266903,17580.208657079325,26.05984662412127,5.975823957691864,511682616.0,676883736.0,532034772.0,713889948.0,678602664.0,678602664.0,716952384.0,718287912.0,25290180.0,25290180.0,24204139.0,24888958.0,25290180.0,25290180.0,25193628.0,25193916.0,5,Chile,Wheat,4272.2
1,2003,54.62046467360784,29.567923303566726,0.25190986913663366,0.2523370914882302,12.712360318060275,177369.22467379537,171.70192934865022,128.86813752327765,15.772200908935357,12.965591974516956,0.04351010225702942,0.04360557721496347,1.4563303908858392,19187.152787314215,26.7278335109209,6.590173303331909,511682616.0,676883736.0,345502578.0,713412216.0,678602664.0,678602664.0,716952384.0,718287912.0,25290180.0,25290180.0,23183086.0,24888944.0,25290180.0,25290180.0,25193628.0,25193916.0,5,Chile,Wheat,4323.0
1,2004,56.66359172922911,33.55305251167517,0.2562127639712007,0.2571480489313335,12.909084651205275,172055.72769715686,177.50849672255507,127.83730637981073,15.385749361009598,15.100280944870791,0.042549455657976416,0.04257885586198928,1.3599260745221515,16445.605209021276,26.356622092703834,6.0006398958617755,511682616.0,676883736.0,313513458.0,712945668.0,678602664.0,678602664.0,716952384.0,718287912.0,25290180.0,25290180.0,22801060.0,24888945.0,25290180.0,25290180.0,25193628.0,25193916.0,5,Chile,Wheat,4571.0
1,2005,53.180327782315075,41.10301446746535,0.2528402492817905,0.25400870204061743,12.72587161373209,173918.57146102426,184.03385297368752,128.64261995399033,15.735319569256422,16.35878373486066,0.04590874155126339,0.04603365277606216,1.487915888799858,15784.282231431433,27.260107911741724,6.23767224990879,511682616.0,676883736.0,298821972.0,713358192.0,678602664.0,678602664.0,716952384.0,718287912.0,25290180.0,25290180.0,22865741.0,24888948.0,25290180.0,25290180.0,25193628.0,25193916.0,5,Chile,Wheat,4413.0
1,2006,56.43848544873227,37.90746228130959,0.25537463953649553,0.2559188196778709,12.862842910819584,173402.62609943838,188.6913926240355,129.57803979883283,15.459683626182864,15.631025896127726,0.04321192519216716,0.04331636771872316,1.5132812527039605,17149.991181146735,26.796891523045353,6.36876252981411,511682616.0,676883736.0,312625884.0,713653860.0,678602664.0,678602664.0,716952384.0,718287912.0,25290180.0,25290180.0,22891286.0,24888953.0,25290180.0,25290180.0,25193628.0,25193916.0,5,Chile,Wheat,4460.1
1,2007,53.363618505939655,24.252386165521756,0.24055075576459917,0.24063258300920434,11.834267941889939,176627.57151310632,153.58155413763893,119.95809121935918,15.504307743379195,12.085405800855742,0.04084049143150548,0.04110499546260096,1.446643156144252,17102.42601104004,39.194048044489136,13.002220792242595,511682616.0,676883736.0,564583458.0,721995390.0,678602664.0,678602664.0,806493828.0,806753514.0,25290180.0,25290180.0,24520746.0,24888983.0,25290180.0,25290180.0,25271406.0,25271462.0,5,Chile,Wheat,4785.9
1,2008,52.65848231310203,27.40932649605771,0.24279134817145487,0.2429542579664594,13.325786619274705,180692.81855860955,196.46000245303196,133.78061735993893,15.247141153830738,11.847932432623752,0.040413502385530924,0.04068302617249025,1.3812475899302041,14796.271651182396,28.11132870470863,7.815597018500936,511682616.0,676883736.0,565316514.0,723021546.0,678602664.0,678602664.0,828107280.0,828107280.0,25290180.0,25290180.0,24470799.0,24889001.0,25290180.0,25290180.0,25290180.0,25290180.0,5,Chile,Wheat,4574.8
1,2009,52.733787981419,30.627702910877183,0.24282083681060204,0.24296272344420802,12.667040384478039,173121.17245991883,198.18291150089323,132.2994565624863,15.298184640523605,13.90384146901564,0.042207313795040974,0.04240393044025385,1.5042123209963418,17324.620578623337,27.49682248341974,8.415615424649763,511682616.0,676883736.0,571416324.0,722536254.0,678602664.0,678602664.0,828107280.0,828107280.0,25290180.0,25290180.0,24465301.0,24889002.0,25290180.0,25290180.0,25290180.0,25290180.0,5,Chile,Wheat,4080.9
1,2010,54.699665719660786,22.920657049752062,0.24435650053675526,0.24447916830310845,12.189289817103633,175574.50973869493,203.04915350911685,130.93537570053385,15.374571148036823,10.955192827530267,0.04188605640040982,0.04209286713549486,1.4334651783641168,18804.84984254705,27.43126490740302,8.318865766436248,511682616.0,676883736.0,571548078.0,723428628.0,678602664.0,678602664.0,828107280.0,828107280.0,25290180.0,25290180.0,24353893.0,24889011.0,25290180.0,25290180.0,25290180.0,25290180.0,5,Chile,Wheat,5765.8
1,2011,55.70712817276515,25.106919062900463,0.24986840825941825,0.24978015102681983,12.478307101461622,177978.61678690868,201.23593928380723,131.52367671114146,15.194805313640396,12.742837216143027,0.04170884321575299,0.04203720105735457,1.361993651410225,16236.640242230216,26.838687248053933,8.024146456490747,511682616.0,676883736.0,584507340.0,724105596.0,678602664.0,678602664.0,828107280.0,828107280.0,25290180.0,25290180.0,24378207.0,24889009.0,25290180.0,25290180.0,25290180.0,25290180.0,5,Chile,Wheat,5806.0
1,2012,54.793681519018264,28.63702690228375,0.24872557811990928,0.2487129011202115,12.790160889978763,171956.28417435047,190.74173263009118,131.7000162363396,15.480819919185207,13.1723349698986,0.0397821827767062,0.039969990897531844,1.4502957909005074,16719.88053214833,36.32252422524295,11.91716862285285,511682616.0,676883736.0,595647492.0,724292490.0,678602664.0,678602664.0,828107280.0,828107280.0,25290180.0,25290180.0,24553927.0,24889009.0,25290180.0,25290180.0,25290180.0,25290180.0,5,Chile,Wheat,4946.8
1,2013,55.32729710701469,21.114532499365723,0.24464093541933427,0.24453346654366698,12.894077080267447,179507.18075180205,197.12575338885722,132.85323321605708,15.858672372063554,9.653499853774084,0.04221477869838414,0.0423714130093738,1.364872516696126,15544.48186176904,33.6648552394591,9.99317427551473,511682616.0,676883736.0,597384270.0,724254372.0,678602664.0,678602664.0,828107280.0,828107280.0,25290180.0,25290180.0,24630953.0,24889008.0,25290180.0,25290180.0,25290180.0,25290180.0,5,Chile,Wheat,5814.3
1,2014,55.263951849658106,27.236464555738607,0.2547584498232161,0.2542644231287079,12.74618465149844,175034.59502543297,195.33452220650267,131.96071694235783,15.178614067657945,12.268935255445605,0.04137413250851782,0.04183236956923709,1.4293489099989873,16952.61131481099,30.294419684040573,8.818936922589787,511682616.0,676883736.0,572543502.0,721644618.0,678602664.0,678602664.0,828107280.0,828107280.0,25290180.0,25290180.0,24404953.0,24888987.0,25290180.0,25290180.0,25290180.0,25290180.0,5,Chile,Wheat,5329.0
1,2015,53.151500797065474,29.83191047884678,0.2493698102318578,0.249126189548623,13.213451122796094,176313.0256064352,186.52177400881186,132.64189348295488,15.116118367525631,13.537863942680303,0.041038322345111344,0.041277586828646066,1.4306588537985367,15854.256456322071,32.93259040196583,9.575886945099983,511682616.0,676883736.0,574381212.0,721216998.0,678602664.0,678602664.0,828107280.0,828107280.0,25290180.0,25290180.0,24544057.0,24889006.0,25290180.0,25290180.0,25290180.0,25290180.0,5,Chile,Wheat,5632.6
1,2016,56.156153571966065,21.382677030396923,0.2476705127154235,0.24744706837131755,13.52663450770908,177405.64097060382,194.67113135426789,132.75482441530744,15.098087723956187,9.506687599040017,0.03915599660036388,0.03935361767648172,1.4454471432508869,14436.612761278799,33.792651693702744,9.817619965116807,511682616.0,676883736.0,572282988.0,719556558.0,678602664.0,678602664.0,828107280.0,828107280.0,25290180.0,25290180.0,24450634.0,24888968.0,25290180.0,25290180.0,25290180.0,25290180.0,5,Chile,Wheat,6070.6
1,2017,54.8762760737592,27.315730914788332,0.25958246123735546,0.25906441326518603,12.842006648028338,172931.1367916713,189.15474689100614,130.34584195990578,15.168261141037123,12.85960108610369,0.040627712258968746,0.041048736836219984,1.5150527662189424,16290.86231518015,37.365570005914385,12.146783759116984,511682616.0,587823876.0,563735958.0,718046274.0,678602664.0,678602664.0,828107280.0,828107280.0,25290180.0,25241490.0,24353023.0,24888960.0,25290180.0,25290180.0,25290180.0,25290180.0,5,Chile,Wheat,5996.6
1,2018,55.35118157524481,24.16615345243808,0.2571872022968751,0.25660315344710916,12.611165029031259,173903.66859811067,190.7792293224291,131.10238634246167,15.239675515966095,12.469336819705013,0.04158279655623419,0.041927976547402074,1.5075902345873553,16287.225655243567,35.53624777180858,10.971798269871568,511682616.0,676883736.0,557330682.0,717155898.0,678602664.0,678602664.0,828107280.0,828107280.0,25290180.0,25290180.0,24193579.0,24888962.0,25290180.0,25290180.0,25290180.0,25290180.0,5,Chile,Wheat,6213.7
1,2019,52.44009485355736,21.153201629518655,0.24091380213697747,0.24036323716657237,12.989092149116376,177831.1871255262,185.03544875621049,132.1135684838171,15.174097321160362,10.541231790888643,0.042712332841638515,0.04313309953575556,1.568225578571772,16106.689269153374,36.41581330892491,11.359295048355719,511682616.0,676883736.0,560169354.0,718018914.0,678602664.0,678602664.0,828107280.0,828107280.0,25290180.0,25290180.0,24308004.0,24888966.0,25290180.0,25290180.0,25290180.0,25290180.0,5,Chile,Wheat,6286.0
1,2020,51.575184031046106,22.59147084322383,0.2354705708308352,0.23536091884397428,13.023021554505384,183296.1236179793,180.16059491407304,132.43699959268918,15.03673613708848,10.866896287383602,0.041373627395012345,0.04155088286347871,1.5795570192513106,17649.635137123714,34.88237640301653,11.018588235863774,511682616.0,676883736.0,591462018.0,720286338.0,678602664.0,678602664.0,828107280.0,828107280.0,25290180.0,25290180.0,24673444.0,24888969.0,25290180.0,25290180.0,25290180.0,25290180.0,5,Chile,Wheat,6003.8
1,2021,53.65102288759594,18.04188631143101,0.24007612894530647,0.24000648582241518,12.962202186937686,180391.20331755193,181.03594990524053,133.705848991321,15.30201606129183,9.173958679241846,0.040527908005500914,0.040595678739020355,1.3870911604183613,15268.829617333387,35.29312168140201,11.053453352698638,511682616.0,676883736.0,594868926.0,718983792.0,678602664.0,678602664.0,828107280.0,828107280.0,25290180.0,25290180.0,24741337.0,24888971.0,25290180.0,25290180.0,25290180.0,25290180.0,5,Chile,Wheat,5982.1
1,2022,52.12800052569391,23.371177998225498,0.2486286240595358,0.248521750361194,12.593395213286081,177697.33601644108,172.98428060730032,130.67483206586235,14.793306457157566,12.311430772578648,0.04183470690529254,0.04198103041629632,1.4735233411799584,17582.730428103052,34.84070986347379,11.557449417728511,511682616.0,676883736.0,580707660.0,719389704.0,678602664.0,678602664.0,828107280.0,828107280.0,25290180.0,25290180.0,24724644.0,24888976.0,25290180.0,25290180.0,25290180.0,25290180.0,5,Chile,Wheat,5891.7
13,1992,29.161025101493188,10.112336264889306,0.20948671642690894,0.1944778095915988,7.8048213792757855,157675.320277946,98.16038459010281,157.13103580441586,9.976324627573199,4.637413864655068,0.04049167834551229,0.041324720261962745,3.663445100272082,12516.194150671068,24.513052631904703,25.203772639428976,138199680.0,155497968.0,61183852.0,117470424.0,155497968.0,155497968.0,143186688.0,143864640.0,16352496.0,16352496.0,10089415.0,15861051.0,16352496.0,16352496.0,16349292.0,16349508.0,29,Kyrgyzstan,Wheat,2733.5
13,1993,29.161025101493188,12.968780293483634,0.20639914936489526,0.19576805767451316,7.238083986927652,158535.0772710748,106.3391854882964,167.70038477807637,9.976324627573199,6.265820564737328,0.04377355826000115,0.04254668027883219,3.594215517198943,12805.789846089026,26.098572015387788,23.250477404975484,138199680.0,155497968.0,61277804.0,117497108.0,155497968.0,155497968.0,143186688.0,143864640.0,16352496.0,16352496.0,9924058.0,15860251.0,16352496.0,16352496.0,16349292.0,16349508.0,29,Kyrgyzstan,Wheat,2455.5
13,1994,29.161025101493188,10.221735358474929,0.19975880036751426,0.18649122104364504,7.6094023332827625,164396.74689716578,106.08706038249916,170.6570503505424,9.976324627573199,5.161445576332898,0.04239742177239456,0.04094311348694765,3.684826487038799,11833.256253560487,26.85142801436203,15.745260713316709,138199680.0,155497968.0,62543556.0,118129108.0,155497968.0,155497968.0,143186688.0,143864640.0,16352496.0,16352496.0,10063974.0,15863210.0,16352496.0,16352496.0,16349292.0,16349508.0,29,Kyrgyzstan,Wheat,1826.5
13,1995,29.161025101493188,7.206642248531027,0.19860438195367652,0.18479609682028422,8.054382604029444,164981.8361539389,100.80182825966494,154.98158407072458,9.976324627573199,4.058327253266406,0.04116686300285902,0.040637129755883114,3.9382175958662264,12091.729959414606,27.415481420377372,24.459606561839127,138199680.0,155497968.0,61747756.0,118189204.0,155497968.0,155497968.0,143186688.0,143864640.0,16352496.0,16352496.0,9900327.0,15863358.0,16352496.0,16352496.0,16349292.0,16349508.0,29,Kyrgyzstan,Wheat,1717.5
13,1996,29.161025101493188,9.247881702941257,0.19871621206402776,0.18627570394235976,7.419538367022243,161907.4028923468,103.45234505397153,150.04307387179648,9.976324627573199,4.941827279828902,0.040411137620433975,0.04048231989362663,3.7754479830182484,12153.025749686614,31.11886237852669,26.497692634509633,138199680.0,155497968.0,57322716.0,116282968.0,155497968.0,155497968.0,143186688.0,143864640.0,16352496.0,16352496.0,9659241.0,15853383.0,16352496.0,16352496.0,16349292.0,16349508.0,29,Kyrgyzstan,Wheat,2135.3
13,1997,29.161025101493188,8.655918142131547,0.19846818223595616,0.18541806015763143,8.954328519990668,164197.15697272777,103.62222412413865,156.01280224731298,9.976324627573199,4.169988515816872,0.040322619450877645,0.041019192660086655,3.84313901863157,11995.829524926827,26.548663182632072,27.074154923961157,138199680.0,155497968.0,64878852.0,118016372.0,155497968.0,155497968.0,143186688.0,143864640.0,16352496.0,16352496.0,10325760.0,15866311.0,16352496.0,16352496.0,16349292.0,16349508.0,29,Kyrgyzstan,Wheat,2317.4
13,1998,29.161025101493188,12.181105500558395,0.20820809114310473,0.19322381658869145,8.546967227943242,157828.1742572999,110.0699926689563,156.48138423712194,9.976324627573199,6.03560977923787,0.04048791956596119,0.041062443835150196,3.695956300479877,11571.4918623625,26.206449623053825,25.980219937404147,138199680.0,155497968.0,62402448.0,117546984.0,155497968.0,155497968.0,143186688.0,143864640.0,16352496.0,16352496.0,10003951.0,15856763.0,16352496.0,16352496.0,16349292.0,16349508.0,29,Kyrgyzstan,Wheat,2357.8
13,1999,29.161025101493188,10.908275229751714,0.2134482838834325,0.19476807824277217,8.365829574568629,158862.9809077735,110.63602127465403,149.3504018481795,9.976324627573199,5.442721066231667,0.04149555081855323,0.04232478012384708,3.813415961501443,12179.06524693965,30.25974296927294,29.3810235146594,138199680.0,155497968.0,58453940.0,117281324.0,155497968.0,155497968.0,143186688.0,143864640.0,16352496.0,16352496.0,9673071.0,15852702.0,16352496.0,16352496.0,16349292.0,16349508.0,29,Kyrgyzstan,Wheat,2297.7
13,2000,32.48803416063844,10.187464610063863,0.2010619905259874,0.18888660970374907,8.342142221763627,162638.04756247258,91.76506590627754,155.48750011325063,11.59531279620294,5.52693616798774,0.0393936905619205,0.040886723205638444,3.9441877572184634,12031.61075718618,27.10371860625922,27.10378225455283,84455360.0,155497968.0,62007412.0,118094000.0,155497968.0,155497968.0,143186688.0,143864640.0,9993192.0,16352496.0,9824186.0,15862573.0,16352496.0,16352496.0,16349292.0,16349508.0,29,Kyrgyzstan,Wheat,2342.0
13,2001,28.26967198667763,9.439211642297398,0.20303355219463504,0.1897182586594033,8.513346909700582,163038.21767068573,110.45934458899865,154.11384029198697,10.438917053488247,5.312206965489662,0.040247611990226105,0.04154435626210379,3.884210747240456,12381.045123972384,30.991346322856707,26.475218479603445,138199680.0,155497968.0,60205296.0,117408016.0,155497968.0,155497968.0,143186688.0,143864640.0,16352496.0,16352496.0,9986038.0,15851538.0,16352496.0,16352496.0,16349292.0,16349508.0,29,Kyrgyzstan,Wheat,2488.3
13,2002,32.4831675536083,12.965485903356242,0.20577429172893363,0.1963576635025247,8.785349203791055,161192.87614431733,113.92570291046084,152.74499526215547,10.764900989607149,6.213880350670498,0.04101537508109241,0.041431214638421664,3.7365002113967827,11852.936997148565,31.78898830954858,25.412716614700447,138199680.0,155497968.0,59977992.0,115238752.0,155497968.0,155497968.0,143186688.0,143864640.0,16352496.0,16352496.0,10670022.0,15841726.0,16352496.0,16352496.0,16349292.0,16349508.0,29,Kyrgyzstan,Wheat,2301.7
13,2003,29.161025101493188,14.192891529855988,0.21819960750225514,0.19999640546299927,7.9960333156502905,159837.91516137798,108.9494633040592,151.6467393558541,9.500936216726817,6.266350582988599,0.038133305550731716,0.03954554378963517,3.738493090321714,12443.331739287014,30.41637556837002,28.812292530637713,138199680.0,155497968.0,48989956.0,113615028.0,155497968.0,155497968.0,143186688.0,143864640.0,16352496.0,16352496.0,9276178.0,15827801.0,16352496.0,16352496.0,16349292.0,16349508.0,29,Kyrgyzstan,Wheat,2364.9
13,2004,29.009088063774406,11.026030483749564,0.20826421771198508,0.1889175444809697,8.993369867637133,160392.36577926294,112.73279426278225,153.1670885343599,9.976324627573199,5.360966251268989,0.037597272811765114,0.0405793354359938,3.900014742406784,12067.365994958149,32.86592287568996,26.168155988722887,138199680.0,155497968.0,51980548.0,113151228.0,155497968.0,155497968.0,143186688.0,143864640.0,16352496.0,16352496.0,9919084.0,15823239.0,16352496.0,16352496.0,16349292.0,16349508.0,29,Kyrgyzstan,Wheat,2434.4
13,2005,29.115540609371333,10.681545652711376,0.2067221181674136,0.1882887119135601,8.604047152524194,163878.12405136568,108.30705372664667,157.152021086882,9.570665026078697,5.081161462727646,0.03747537079396694,0.038117253047629675,4.022462956657773,11357.950576024807,27.974487631251336,24.681242711895422,138199680.0,155497968.0,53950584.0,114250600.0,155497968.0,155497968.0,143186688.0,143864640.0,16352496.0,16352496.0,9728090.0,15833285.0,16352496.0,16352496.0,16349292.0,16349508.0,29,Kyrgyzstan,Wheat,2241.0
13,2006,28.48489105354795,10.651125649591528,0.20181772164586514,0.18744399313261978,9.037153378827497,165012.32083486812,106.34038968551573,155.7971593803551,9.920794119559137,5.602382598627667,0.03552823077696639,0.03757796003340478,3.9101409192247343,11542.320326533647,32.212118257268706,25.426882594571975,138199680.0,155497968.0,53272336.0,113994380.0,155497968.0,155497968.0,143186688.0,143864640.0,16352496.0,16352496.0,9529862.0,15830730.0,16352496.0,16352496.0,16349292.0,16349508.0,29,Kyrgyzstan,Wheat,2068.4
13,2007,28.43225437240024,9.639334657793988,0.18937194453818454,0.18298687770549923,9.045109196462565,163355.0642204569,103.70385406460298,143.17213349399438,9.79022892596016,4.957410474467706,0.03930905898012179,0.03907007967889872,3.8520760690245015,10894.685381133837,30.751509026755993,20.096751048935175,138199680.0,155497968.0,67230344.0,118684900.0,155497968.0,155497968.0,153104108.0,153235932.0,16352496.0,16352496.0,10739465.0,15867519.0,16352496.0,16352496.0,16351873.0,16351915.0,29,Kyrgyzstan,Wheat,1998.5
13,2008,24.616138440592636,9.20439961331466,0.18034807890653606,0.17608924593452746,8.772095210229358,164830.45565258322,101.71845459016328,134.7234654142505,9.156717639329058,4.2304255303535605,0.03973519488961037,0.038698605155321385,3.9826124478821807,11769.140132344763,26.929822348060988,13.107712866563013,138199680.0,155497968.0,67673552.0,118913300.0,155497968.0,155497968.0,155497968.0,155497968.0,16352496.0,16352496.0,10581484.0,15869730.0,16352496.0,16352496.0,16352496.0,16352496.0,29,Kyrgyzstan,Wheat,1940.2
13,2009,31.199341809749928,12.230752773488009,0.19784001519696578,0.18999010149675846,8.453429409820172,161322.74798988376,119.37242151689705,130.19969376438314,10.583422052256843,5.967637989689391,0.041015539419176746,0.039819096506570666,3.9518993762303967,11832.800167679148,30.793237938352053,13.127957458041935,138199680.0,155497968.0,64905460.0,116943264.0,155497968.0,155497968.0,155497968.0,155497968.0,16352496.0,16352496.0,11002386.0,15856069.0,16352496.0,16352496.0,16352496.0,16352496.0,29,Kyrgyzstan,Wheat,2628.5
13,2010,31.154460326362546,12.696671300606443,0.20554293485151395,0.19847749173826515,8.922406467402148,156932.73137696928,121.333508155494,131.79749381488006,10.02454524592238,6.029111741406147,0.04590578520120464,0.043852598335935494,3.9142836149746625,13059.949611789594,29.221025790918823,12.43503105805205,138199680.0,155497968.0,69830336.0,118858728.0,155497968.0,155497968.0,155497968.0,155497968.0,16352496.0,16352496.0,11438207.0,15864043.0,16352496.0,16352496.0,16352496.0,16352496.0,29,Kyrgyzstan,Wheat,2167.4
13,2011,28.435643255876403,12.540939731551667,0.1973263091511196,0.18958772980230765,8.399585600321492,162121.56669020822,109.63598022704224,129.61033801299448,9.866689581648652,6.017873843206083,0.042773782973952484,0.040221990969899125,3.8384096357166815,11369.20489117914,29.502496697791532,13.454830466479748,138199680.0,155497968.0,71329056.0,118739868.0,155497968.0,155497968.0,155497968.0,155497968.0,16352496.0,16352496.0,11320299.0,15855345.0,16352496.0,16352496.0,16352496.0,16352496.0,29,Kyrgyzstan,Wheat,2144.5
13,2012,25.740396014367448,9.59476460635357,0.18373981423469052,0.18218307462081032,7.868328220935331,167775.449199635,96.20613039780955,124.2349570976078,8.552033621137769,4.576698541077689,0.04555909365191094,0.04312845738103758,3.9516781895788973,10592.340680527457,25.179721958717153,13.449762286767031,138199680.0,155497968.0,68414532.0,119806512.0,155497968.0,155497968.0,155497968.0,155497968.0,16352496.0,16352496.0,10639824.0,15859930.0,16352496.0,16352496.0,16352496.0,16352496.0,29,Kyrgyzstan,Wheat,1675.1
13,2013,29.676180499317,9.484213730402946,0.19234398473054168,0.18793150793842994,8.966951232170686,165360.65632429812,109.30976630674138,129.679562917932,9.676062777082466,4.452015326364343,0.043185535594027144,0.043098589541399605,3.897911833369222,11880.714735736736,26.56480330449638,12.515446865590782,138199680.0,155497968.0,71250360.0,119974484.0,155497968.0,155497968.0,155497968.0,155497968.0,16352496.0,16352496.0,11063045.0,15860656.0,16352496.0,16352496.0,16352496.0,16352496.0,29,Kyrgyzstan,Wheat,2365.4
13,2014,24.882295495130233,9.889146939022986,0.19037884566932914,0.18341360985593022,7.8122032943129955,167514.87422676472,97.45186380779256,126.33023598330286,8.888964324163531,4.671669005756858,0.04157998189109515,0.04263637116096053,3.811752163060175,11345.151769222688,27.14492631465974,13.677531607530454,138199680.0,155497968.0,61333664.0,116499844.0,155497968.0,155497968.0,155497968.0,155497968.0,16352496.0,16352496.0,10813863.0,15850344.0,16352496.0,16352496.0,16352496.0,16352496.0,29,Kyrgyzstan,Wheat,1689.3
13,2015,30.210009588822988,11.42204829713443,0.20255191836299163,0.1931122333358443,8.98160830574731,161248.66795573247,113.811035706011,130.3745010371292,10.702355551508232,5.248960138749613,0.04450056497650549,0.04365920829475734,3.909712926031457,11939.475470431824,30.059001470130177,13.315656100042705,138199680.0,155497968.0,64485712.0,117486564.0,155497968.0,155497968.0,155497968.0,155497968.0,16352496.0,16352496.0,11281752.0,15828751.0,16352496.0,16352496.0,16352496.0,16352496.0,29,Kyrgyzstan,Wheat,2370.1
13,2016,34.217965195574635,13.659528754898332,0.2132648036090864,0.2059914103819556,9.253727719291216,158748.64198616415,124.45349640956289,131.56514791912034,10.730095536112827,6.17849124712985,0.04823802141576526,0.045976110018336874,3.912769169425596,12085.62258825995,31.707345814795147,12.36351330868572,138199680.0,155497968.0,62859736.0,116450396.0,155497968.0,155497968.0,155497968.0,155497968.0,16352496.0,16352496.0,11236363.0,15824084.0,16352496.0,16352496.0,16352496.0,16352496.0,29,Kyrgyzstan,Wheat,2446.1
13,2017,30.133068501090666,10.774941234623569,0.19714254689299393,0.19240245120620414,8.476356053880105,166012.07037944638,111.60381461229103,129.42078227598068,9.834409459385066,5.401386745274665,0.04946803923927642,0.047101117497178845,3.8507827933509486,11094.728687705432,28.586929242307818,13.754246735240802,138199680.0,155497968.0,59807316.0,115912308.0,155497968.0,155497968.0,155497968.0,155497968.0,16352496.0,16352496.0,10793293.0,15828239.0,16352496.0,16352496.0,16352496.0,16352496.0,29,Kyrgyzstan,Wheat,2405.3
13,2018,29.959091517590707,10.711232780633356,0.19935867324885392,0.19336393976583774,8.279630944132805,161153.85095441545,115.45458642889395,131.97278903214954,10.302337449798847,5.008802835428032,0.049075875539320184,0.04772927173224454,3.9155893717955177,12264.412386153397,30.292247752904636,13.284268584742513,138199680.0,155497968.0,56063312.0,115067792.0,155497968.0,155497968.0,155497968.0,155497968.0,16352496.0,16352496.0,10562963.0,15825221.0,16352496.0,16352496.0,16352496.0,16352496.0,29,Kyrgyzstan,Wheat,2426.8
13,2019,30.77927707004516,9.65524032678655,0.19779991813831857,0.18993682942192533,9.042816549229125,163667.52783090656,114.52957034816457,132.0514016268273,10.419880549468987,4.688822110231219,0.04568977632715825,0.04347906809078069,3.992431873537341,11693.338436367621,30.020229138993802,13.545228206282069,138199680.0,155497968.0,54525444.0,115476776.0,155497968.0,155497968.0,155497968.0,155497968.0,16352496.0,16352496.0,10609731.0,15850805.0,16352496.0,16352496.0,16352496.0,16352496.0,29,Kyrgyzstan,Wheat,2509.3
13,2020,29.92723056969664,8.573145071225802,0.20044632183594835,0.1939392747579918,8.294045014927784,162868.90644860652,112.3566068206774,131.10304889978394,9.998020024794924,4.215056177536176,0.04494684800042832,0.04318151936561191,3.784821265151995,10894.252303025183,28.460541009441563,13.81698299501412,138199680.0,155497968.0,65413916.0,118259284.0,155497968.0,155497968.0,155497968.0,155497968.0,16352496.0,16352496.0,10806463.0,15862525.0,16352496.0,16352496.0,16352496.0,16352496.0,29,Kyrgyzstan,Wheat,2546.5
13,2021,27.48825602498221,8.103514133104907,0.19170703221526408,0.18836711221031127,8.838465376278489,166151.11535597884,108.67458276366791,134.42566548636015,9.600044660105988,4.216799957071554,0.04480685302426062,0.04428289651899878,4.0005163710836085,11828.962607299221,27.442500588554466,13.58408497027779,138199680.0,155497968.0,67464744.0,118596820.0,155497968.0,155497968.0,155497968.0,155497968.0,16352496.0,16352496.0,11376050.0,15859671.0,16352496.0,16352496.0,16352496.0,16352496.0,29,Kyrgyzstan,Wheat,1453.1
13,2022,30.896997313103537,10.910579248340234,0.2098342958423826,0.2019445402471369,9.47542535699904,161460.32826386936,120.1387718998263,137.56222760253684,10.006892510165693,4.774885336567184,0.045270011624251844,0.044848704063478344,3.8637372181091387,12275.23672623399,31.95010006802965,15.787503142843244,138199680.0,155497968.0,72789844.0,119704132.0,155497968.0,155497968.0,155497968.0,155497968.0,16352496.0,16352496.0,11912201.0,15871174.0,16352496.0,16352496.0,16352496.0,16352496.0,29,Kyrgyzstan,Wheat,2542.3
27,1992,27.655083839230755,10.612121523861964,0.20283015051649675,0.19835785128428884,12.581716930700672,164416.09046393036,106.3812823966685,143.39529993996226,10.940572296775613,5.514599233014671,0.036626814106495376,0.037187053830783565,3.0803105346252666,8320.386495289873,30.765148656030938,19.129235766426675,61567344.0,105874560.0,37455660.0,53346672.0,105874560.0,105874560.0,98363808.0,98936064.0,14524740.0,14524740.0,11991470.0,14401676.0,14524740.0,14524740.0,14522400.0,14522616.0,29,Tajikistan,Wheat,907.3
27,1993,27.655083839230755,12.224149409022262,0.2019787686359551,0.19863932823639793,12.25934320470939,167530.20364647426,110.79576086309338,144.34978912864554,10.940572296775613,5.613244348085303,0.03883378777631522,0.038385406179702104,3.2882956107002186,8371.448800690874,30.356046175217354,23.042381352232585,61567344.0,105874560.0,38468396.0,54108768.0,105874560.0,105874560.0,98363808.0,98936064.0,14524740.0,14524740.0,11850260.0,14405201.0,14524740.0,14524740.0,14522400.0,14522616.0,29,Tajikistan,Wheat,851.3
27,1994,27.655083839230755,10.322920719498676,0.19888644577521414,0.19427373851136676,12.836877584017607,171734.9893635148,106.96273653030059,146.8611707957696,10.940572296775613,5.9227844800303595,0.037355717778447275,0.03741673087925339,3.2676042231659936,7548.707726650566,27.704221095765966,24.4947088625618,61567344.0,105874560.0,39033768.0,54509208.0,105874560.0,105874560.0,98363808.0,98936064.0,14524740.0,14524740.0,11878507.0,14409358.0,14524740.0,14524740.0,14522400.0,14522616.0,29,Tajikistan,Wheat,840.9
27,1995,27.655083839230755,6.688156372045182,0.18964678923495937,0.18455527629964333,12.749846533070215,175985.84739699838,104.87528564288137,148.55526711118534,10.940572296775613,3.22757849125602,0.03792515424322492,0.037320552047432794,3.3369527390196563,8294.004623078152,29.931652609074213,15.311087801632462,61567344.0,105874560.0,38325868.0,54237372.0,105874560.0,105874560.0,98363808.0,98936064.0,14524740.0,14524740.0,11616997.0,14407401.0,14524740.0,14524740.0,14522400.0,14522616.0,29,Tajikistan,Wheat,888.2
27,1996,27.655083839230755,7.939036938103303,0.18880751294394332,0.1851878238727353,11.924947994618883,171463.43156826455,100.0838333683626,144.91388417728635,10.940572296775613,4.326938981489408,0.03869691306008011,0.037821270585684595,3.1454927545555855,8366.36198443811,30.578164334775295,14.65904007120547,61567344.0,105874560.0,35808188.0,53253188.0,105874560.0,105874560.0,98363808.0,98936064.0,14524740.0,14524740.0,11435121.0,14404415.0,14524740.0,14524740.0,14522400.0,14522616.0,29,Tajikistan,Wheat,856.6
27,1997,27.655083839230755,7.525403357479579,0.18646625884705115,0.18502408195068323,13.08135869126353,171393.04026990276,101.24648244712498,146.42278004268056,10.940572296775613,3.423094318479632,0.0371498836189215,0.03640172534117199,3.1552051926811284,7308.554297272462,27.304802842538997,15.8197237578843,61567344.0,105874560.0,37993540.0,53269352.0,105874560.0,105874560.0,98363808.0,98936064.0,14524740.0,14524740.0,12068252.0,14404860.0,14524740.0,14524740.0,14522400.0,14522616.0,29,Tajikistan,Wheat,1268.7
27,1998,27.655083839230755,12.630254116134488,0.1977641239451865,0.19320598169728337,13.289881937580908,165511.18534993794,111.26059649572977,143.76181107763557,10.940572296775613,6.097979900753928,0.03782603460443442,0.03798180926662636,3.094162566627964,8032.163534055832,29.107998997369933,15.4394010296208,61567344.0,105874560.0,36930168.0,52852844.0,105874560.0,105874560.0,98363808.0,98936064.0,14524740.0,14524740.0,11792819.0,14400365.0,14524740.0,14524740.0,14522400.0,14522616.0,29,Tajikistan,Wheat,1144.8
27,1999,27.655083839230755,14.395627920011918,0.20314460247755048,0.19851003305694104,13.341750015194217,166498.3019108401,109.68245702352378,141.37593025602953,10.940572296775613,5.777064044868407,0.0385106007760693,0.038819650865882877,3.2563893439863563,8122.387399867001,29.457707588940153,15.218004232628386,61567344.0,105874560.0,36444516.0,53012968.0,105874560.0,105874560.0,98363808.0,98936064.0,14524740.0,14524740.0,11811127.0,14402998.0,14524740.0,14524740.0,14522400.0,14522616.0,29,Tajikistan,Wheat,1148.6
27,2000,24.894801963173848,9.157924139722446,0.1908349888399243,0.18675478866071651,13.236720212631756,179207.1754951536,89.44344177217825,142.6148437528415,10.375296609311679,3.8375523818395183,0.03758697917556423,0.03696418634626354,3.3820224275963153,7990.3233963291505,26.919343840055216,18.569606404473646,37624488.0,105874560.0,36448488.0,53494264.0,105874560.0,105874560.0,98363808.0,98936064.0,8876230.0,14524740.0,11513156.0,14403307.0,14524740.0,14524740.0,14522400.0,14522616.0,29,Tajikistan,Wheat,1183.9
27,2001,24.232162534473712,9.233278361563741,0.1847326150681409,0.18064909963389428,13.905331058738133,177712.10098844787,98.5353494519211,150.5458186378094,10.410927144557592,3.647160223534157,0.0377715236584486,0.03768437714080779,3.3145044842690248,8099.119165745878,26.818373365343653,14.798830315024425,61567344.0,105874560.0,35879588.0,53303512.0,105874560.0,105874560.0,98363808.0,98936064.0,14524740.0,14524740.0,11440781.0,14400332.0,14524740.0,14524740.0,14522400.0,14522616.0,29,Tajikistan,Wheat,1309.8
27,2002,28.106108113964286,14.407189063770922,0.19040550457106695,0.18705120789565394,13.607830805548778,172077.3439033373,107.85044261801356,146.99952766451705,11.535323054020912,5.115921761343771,0.03834511256586917,0.038707468752636726,3.196988436584493,7880.523464978546,32.01865596560222,14.767854674956274,61567344.0,105874560.0,37815196.0,52180300.0,105874560.0,105874560.0,98363808.0,98936064.0,14524740.0,14524740.0,12303322.0,14397669.0,14524740.0,14524740.0,14522400.0,14522616.0,29,Tajikistan,Wheat,1789.8
27,2003,27.655083839230755,15.253014545011625,0.205773951123572,0.20445652794085617,13.032300479435232,170591.93483664314,109.27983822301117,145.0059883487565,10.857468183589937,5.788922794579937,0.04021116396707252,0.04090713014570619,3.234344705137213,8445.101336029522,31.27238133507494,14.565774612535499,61567344.0,105874560.0,35142740.0,50256588.0,105874560.0,105874560.0,98363808.0,98936064.0,14524740.0,14524740.0,12705857.0,14392614.0,14524740.0,14524740.0,14522400.0,14522616.0,29,Tajikistan,Wheat,1971.6
27,2004,27.902857153837566,12.689711198395752,0.20344976651378802,0.20175247151458198,14.130043901710046,172203.39565488257,111.117223424992,147.1513154063551,12.222343983410232,5.298879432405253,0.03517001211153256,0.036566554683571874,3.2156625251215107,7444.253834512476,32.68791648104394,15.162846176110387,61567344.0,105874560.0,36477732.0,50624972.0,105874560.0,105874560.0,98363808.0,98936064.0,14524740.0,14524740.0,12749806.0,14391489.0,14524740.0,14524740.0,14522400.0,14522616.0,29,Tajikistan,Wheat,1989.7
27,2005,27.775972735499984,10.263818538670805,0.19924817001447076,0.19803525659178886,13.465527848753684,173554.52239934742,107.30096059368505,144.7009976570606,11.1449549569347,3.9880739275766737,0.03575167872258466,0.0367251068887738,3.3118197767946844,7562.275316579508,28.40178807597507,14.79294691099594,61567344.0,105874560.0,35489888.0,50459032.0,105874560.0,105874560.0,98363808.0,98936064.0,14524740.0,14524740.0,12470686.0,14398658.0,14524740.0,14524740.0,14522400.0,14522616.0,29,Tajikistan,Wheat,1960.3
27,2006,26.155333171391536,12.711236507317984,0.18781688617956305,0.18730424156402778,14.21883326334258,177516.88725642682,96.59180993765209,146.57508270480176,10.60954143377562,4.834213183702857,0.037211403477429114,0.03843032811193321,3.226034189933302,7360.677365655214,25.835289892694526,13.87515198217464,61567344.0,105874560.0,36631212.0,51101440.0,105874560.0,105874560.0,98363808.0,98936064.0,14524740.0,14524740.0,12528573.0,14400615.0,14524740.0,14524740.0,14522400.0,14522616.0,29,Tajikistan,Wheat,1996.7
27,2007,25.200618418733832,14.27002867628651,0.18606061954051253,0.18488037538720728,13.858596400668224,174981.33540078456,95.74889924817082,145.88532785437914,9.961586677487517,5.849387958446774,0.035222064261168334,0.0355018475398197,3.1463561890280776,8022.162142941188,27.26929407107825,12.146425194188858,61567344.0,105874560.0,47161172.0,57642064.0,105874560.0,105874560.0,104414136.0,104525408.0,14524740.0,14524740.0,13020376.0,14413322.0,14524740.0,14524740.0,14524285.0,14524327.0,29,Tajikistan,Wheat,2350.0
27,2008,21.835989052703734,7.851667810858623,0.1709145063327418,0.17305322608295953,13.663977147933716,177517.15770012303,95.1704434002649,146.51389709347336,9.309668449965992,3.2751705026753215,0.037187347286074514,0.03649106455002565,3.1997715090858883,7122.755040957102,24.7892163264034,10.455999861677634,61567344.0,105874560.0,46253964.0,58554064.0,105874560.0,105874560.0,105874560.0,105874560.0,14524740.0,14524740.0,12386143.0,14419262.0,14524740.0,14524740.0,14524740.0,14524740.0,29,Tajikistan,Wheat,1986.6
27,2009,29.518973572289887,14.000558272305339,0.2032532034338348,0.20182057276081722,13.479411892592907,168819.09960853963,114.49197522751287,140.9101411889666,11.207660623391241,5.321457403538689,0.031485983499425746,0.033352899038818266,3.2006568844936805,7631.356568527025,27.47790886777205,9.57938381512075,61567344.0,105874560.0,46960704.0,57254124.0,105874560.0,105874560.0,105874560.0,105874560.0,14524740.0,14524740.0,13248907.0,14415747.0,14524740.0,14524740.0,14524740.0,14524740.0,29,Tajikistan,Wheat,3034.3
27,2010,29.71330028648964,11.73854158604129,0.19866968800003326,0.19879898049520422,14.264390505436394,169590.2172924649,114.90921813482841,142.77714085126476,10.873400850993695,4.932852364214625,0.030471039388108103,0.032316633417913534,3.164214728565733,7959.826588576417,26.4596767219861,9.361874028370313,61567344.0,105874560.0,49204976.0,59088304.0,105874560.0,105874560.0,105874560.0,105874560.0,14524740.0,14524740.0,13273399.0,14415940.0,14524740.0,14524740.0,14524740.0,14524740.0,29,Tajikistan,Wheat,3015.9
27,2011,23.887279922271617,12.182984066189984,0.18650622096740535,0.18550507422879148,13.634916255189133,174189.29404818258,99.36555502728957,143.8369769139594,9.81316563337486,4.709428413978437,0.03414181816349113,0.034484547476599674,3.2584464678498453,8251.783596621193,26.036407382857398,10.924776538324505,61567344.0,105874560.0,48350332.0,57577060.0,105874560.0,105874560.0,105874560.0,105874560.0,14524740.0,14524740.0,13397481.0,14411381.0,14524740.0,14524740.0,14524740.0,14524740.0,29,Tajikistan,Wheat,2335.9
27,2012,27.315905545309377,13.20468142515275,0.20406487511677873,0.20288984123063014,12.77220146316621,174588.59998511718,107.07334163687518,138.27867803115225,10.940572296775613,5.445324448908361,0.03326668889919999,0.033244663347041147,3.174191121614351,6999.625045448507,29.10394849433496,11.95265986754942,61567344.0,105874560.0,47603716.0,57974084.0,105874560.0,105874560.0,105874560.0,105874560.0,14524740.0,14524740.0,13114626.0,14413425.0,14524740.0,14524740.0,14524740.0,14524740.0,29,Tajikistan,Wheat,2675.8
27,2013,28.655275315936617,9.26664363977845,0.19335026490605536,0.19265557788090817,14.476384503973854,175566.0937307769,110.78489977911228,143.35854795215351,11.086002602287902,3.5392373454115655,0.034226017082409535,0.03433122168042315,3.2580010062459888,7746.623914494414,27.659687227224012,10.139735254103421,61567344.0,105874560.0,48681576.0,58451788.0,105874560.0,105874560.0,105874560.0,105874560.0,14524740.0,14524740.0,13312792.0,14415785.0,14524740.0,14524740.0,14524740.0,14524740.0,29,Tajikistan,Wheat,2973.5
27,2014,27.173744395144453,11.822756511144997,0.20053830044344065,0.19960800475538076,13.30498258738468,174445.26882309676,107.38682380499756,140.02942769827428,10.6478215054947,4.873060419917158,0.03464271752503709,0.03477022123685065,3.2521696088543264,7877.399296884747,27.21405626925471,10.876558148772686,61567344.0,105874560.0,42964180.0,54780752.0,105874560.0,105874560.0,105874560.0,105874560.0,14524740.0,14524740.0,12854927.0,14404029.0,14524740.0,14524740.0,14524740.0,14524740.0,29,Tajikistan,Wheat,2968.0
27,2015,29.973172558231266,12.066424438217403,0.20246827519602242,0.2014373639389001,14.456773447597193,168944.6647649916,114.93437007100621,142.6604312956514,12.048631640225839,4.1733799944402055,0.03414715386644851,0.0347913389790721,3.2649261275087245,7814.577956378135,28.947761439706685,9.385382043609859,61567344.0,105874560.0,44865308.0,55559012.0,105874560.0,105874560.0,105874560.0,105874560.0,14524740.0,14524740.0,13392145.0,14402624.0,14524740.0,14524740.0,14524740.0,14524740.0,29,Tajikistan,Wheat,3032.0
27,2016,30.343515568217356,10.296086897647376,0.193970526361631,0.19313858783375104,15.10379920134114,173880.73017927588,114.4090780524917,145.63687772073604,12.17175024069729,4.208718047525237,0.03641372110749938,0.03731360187590886,3.3196957485388894,8488.8375444075,28.3945998911484,8.989765467327036,61567344.0,105874560.0,42542876.0,53749256.0,105874560.0,105874560.0,105874560.0,105874560.0,14524740.0,14524740.0,13229895.0,14393998.0,14524740.0,14524740.0,14524740.0,14524740.0,29,Tajikistan,Wheat,3082.8
27,2017,27.639427022702673,9.45614488034452,0.18728627186889446,0.18656539271603828,14.69064566556416,176726.32005271257,109.27110307439324,143.78708868875165,10.606679114923757,3.4654131517422337,0.03340870477156207,0.035068307318380794,3.389992665814669,8035.718908880729,26.054622539550433,9.833931047948038,61567344.0,105874560.0,42039924.0,53585828.0,105874560.0,105874560.0,105874560.0,105874560.0,14524740.0,14524740.0,13140250.0,14397114.0,14524740.0,14524740.0,14524740.0,14524740.0,29,Tajikistan,Wheat,3147.1
27,2018,27.40701242504866,11.404453883920715,0.19354566797200173,0.19378201082036914,14.802162698366576,173068.515654416,107.0092976254181,143.95420071927757,11.715686333638358,4.2602567552279496,0.03596355180890007,0.03628263442761702,3.4028759025492796,8203.682116708864,28.091542268719024,9.541857899286699,61567344.0,105874560.0,41440064.0,53279472.0,105874560.0,105874560.0,105874560.0,105874560.0,14524740.0,14524740.0,12980610.0,14395602.0,14524740.0,14524740.0,14524740.0,14524740.0,29,Tajikistan,Wheat,3048.3
27,2019,31.976247376830184,12.540986415419402,0.20067640994158054,0.19998271331646103,14.879482400914034,172380.13319606622,116.77842798343853,140.82391564880555,12.784561656783964,4.647452998360405,0.03354755333664898,0.035239113585064034,3.443972176904858,7624.335385322103,30.684678234124288,11.414922905674722,61567344.0,105874560.0,41676856.0,54039216.0,105874560.0,105874560.0,105874560.0,105874560.0,14524740.0,14524740.0,12994741.0,14398396.0,14524740.0,14524740.0,14524740.0,14524740.0,29,Tajikistan,Wheat,3170.5
27,2020,29.337652639093466,11.08092131781022,0.1993009651907616,0.19778023533444106,13.884036298996458,172683.24165261645,111.6544810443524,142.22129560757324,11.127330417537669,4.616727742769278,0.03447881387947352,0.035338495067898074,3.325896687005614,8264.736610716423,26.91878767827266,9.417870361975547,61567344.0,105874560.0,46382692.0,56717852.0,105874560.0,105874560.0,105874560.0,105874560.0,14524740.0,14524740.0,13408717.0,14408241.0,14524740.0,14524740.0,14524740.0,14524740.0,29,Tajikistan,Wheat,3152.0
27,2021,27.0627174704418,8.142212897504473,0.18572371199520096,0.185151014985167,14.998090122308996,180906.83349909063,107.80536182888255,145.59540488648187,10.844568416988345,3.161255298088402,0.034912228240222554,0.035425471340389654,3.4711689248243114,7966.709666511291,27.361026263251112,9.912399429232984,61567344.0,105874560.0,46641000.0,57085584.0,105874560.0,105874560.0,105874560.0,105874560.0,14524740.0,14524740.0,13231306.0,14409673.0,14524740.0,14524740.0,14524740.0,14524740.0,29,Tajikistan,Wheat,3101.0
27,2022,28.873214313149063,10.406523529164076,0.20494563986236847,0.20303772687803315,15.47401800710294,174882.2397419804,113.47022991606484,145.10018041482726,12.002655066170924,4.34739182334674,0.03745110290819721,0.03871771539880912,3.4392087079702915,7990.773243392205,30.876205446664333,10.303823866937627,61567344.0,105874560.0,47362600.0,56895008.0,105874560.0,105874560.0,105874560.0,105874560.0,14524740.0,14524740.0,13536164.0,14412665.0,14524740.0,14524740.0,14524740.0,14524740.0,29,Tajikistan,Wheat,2800.0
50,1992,27.076433926702943,7.571824035681074,0.19280029081360053,0.19167932330944434,13.613790188088185,161709.7872920085,98.32678932931387,145.09544827546853,9.266822615659809,4.5144246520380555,0.05822378806618325,0.05800402277722315,1.9251110591743066,8153.5920065411465,25.181318348680534,17.539190532708854,153597060.0,263869812.0,226328904.0,242137029.0,252471060.0,252471060.0,242250912.0,242326188.0,39465000.0,39465000.0,37552209.0,39437412.0,39464892.0,39464892.0,39450384.0,39450852.0,5,Uzbekistan,Wheat,1662.5
50,1993,27.076433926702943,9.53871665619197,0.19716020714905524,0.19610505037852213,13.034522289341247,162890.85587812297,104.318661460496,153.75239831706259,9.266822615659809,6.204522446391269,0.06022691735078814,0.05973551218401369,2.2046713653045527,8915.355474665217,24.872871860135554,23.314879861703407,153597060.0,263869812.0,212433489.0,242161749.0,252471060.0,252471060.0,242250912.0,242326188.0,39465000.0,39465000.0,36921362.0,39437415.0,39464892.0,39464892.0,39450384.0,39450852.0,5,Uzbekistan,Wheat,1358.5
50,1994,27.076433926702943,7.119819295141574,0.19029212322224065,0.18964538714860665,13.907416801071829,168707.0864677036,103.10170340035405,157.8899363988847,9.266822615659809,4.5790214707358885,0.05723979185107511,0.05677675148005305,2.1472825501785935,8329.95194324016,23.229847396639002,24.079960257198213,153597060.0,263869812.0,212811753.0,242184765.0,252471060.0,252471060.0,242250912.0,242326188.0,39465000.0,39465000.0,36956543.0,39437424.0,39464892.0,39464892.0,39450384.0,39450852.0,5,Uzbekistan,Wheat,1515.0
50,1995,27.076433926702943,4.730898550112603,0.18074351424972213,0.17983908950116165,14.446971572383687,171517.2525768986,100.51413630550414,146.76620199976185,9.266822615659809,2.752329939354649,0.05567379463654202,0.055501298379010994,2.011598933627234,8202.364734294662,26.544285076857797,9.729839170561878,153597060.0,263869812.0,223187673.0,242182491.0,252471060.0,252471060.0,242250912.0,242326188.0,39465000.0,39465000.0,37571460.0,39437424.0,39464892.0,39464892.0,39450384.0,39450852.0,5,Uzbekistan,Wheat,2142.1
50,1996,27.076433926702943,5.575784701989566,0.1779856387249849,0.17725006295933546,13.428131451105905,169574.70658989184,90.76197659200463,144.10247421051133,9.266822615659809,3.445971785139361,0.05939023672705767,0.05868606663958942,2.1418679650137764,9708.698618496737,23.595557563058676,10.469581691489596,153597060.0,263869812.0,214897131.0,242152488.0,252471060.0,252471060.0,242250912.0,242326188.0,39465000.0,39465000.0,37134734.0,39437418.0,39464892.0,39464892.0,39450384.0,39450852.0,5,Uzbekistan,Wheat,2063.5
50,1997,27.076433926702943,6.388573816422967,0.18378222554370205,0.18318234762949412,14.669871342954812,167990.3805462861,101.47091026236502,145.07536593854525,9.266822615659809,4.005930357120831,0.05786406951489487,0.0574263830267348,1.9601972710930031,7559.061770765187,23.4404469256496,11.66728093321019,153597060.0,263869812.0,226022364.0,242162649.0,252471060.0,252471060.0,242250912.0,242326188.0,39465000.0,39465000.0,37869301.0,39437421.0,39464892.0,39464892.0,39450384.0,39450852.0,5,Uzbekistan,Wheat,2199.4
50,1998,27.076433926702943,9.01955092571503,0.18949109529731448,0.18886319011593541,14.367773121153867,164198.86750544302,107.98033240127903,143.6393897540349,9.266822615659809,5.313649995256738,0.05642790640481544,0.05556686760777666,2.1287400922009,8140.180772327448,24.42892738177611,12.475907294210915,153597060.0,263869812.0,219416823.0,242164212.0,252471060.0,252471060.0,242250912.0,242326188.0,39465000.0,39465000.0,37084231.0,39437406.0,39464892.0,39464892.0,39450384.0,39450852.0,5,Uzbekistan,Wheat,2633.4
50,1999,27.076433926702943,8.75159150884563,0.19462833112036737,0.19383073720357993,14.786981239363,166811.75952762863,108.96884462321053,141.7414029261691,9.266822615659809,5.308065885335459,0.057469779904167455,0.0572443413873993,1.8857302601298884,8438.218501823492,27.02232352897111,13.080809222529194,153597060.0,263869812.0,228987183.0,242185755.0,252471060.0,252471060.0,242250912.0,242326188.0,39465000.0,39465000.0,37994299.0,39437415.0,39464892.0,39464892.0,39450384.0,39450852.0,5,Uzbekistan,Wheat,2646.0
50,2000,26.561561298396008,6.331469926492826,0.1835121223358092,0.18293862632148758,14.826124284002516,173186.08430191412,87.09555536761194,143.04316762534665,9.806675856149429,3.856986888252177,0.05733322133457626,0.056928880856173744,1.9525364722141105,8831.874983239133,24.37036793009591,15.30927342535829,93864870.0,263869812.0,227728170.0,242142063.0,252471060.0,252471060.0,242250912.0,242326188.0,24117500.0,39465000.0,37639905.0,39437406.0,39464892.0,39464892.0,39450384.0,39450852.0,5,Uzbekistan,Wheat,2717.4
50,2001,24.57166284284561,6.834848457709477,0.17984121382512425,0.17935359416901447,15.104388740870895,172122.23334067737,100.19100386601691,146.91156859186597,9.805723666228268,3.8354242281621342,0.05784924628266681,0.05725385118784206,1.9484660990403537,8699.461072048158,26.469128139089914,9.107278016414524,153597060.0,263869812.0,224085444.0,242144637.0,252471060.0,252471060.0,242250912.0,242326188.0,39465000.0,39465000.0,37333860.0,39437400.0,39464892.0,39464892.0,39450384.0,39450852.0,5,Uzbekistan,Wheat,3150.9
50,2002,29.32308293140993,10.235444103164586,0.19090998062381034,0.19029645657122063,14.745480902768948,165950.218106343,112.76747419057075,144.24964170903286,10.329845438498959,5.684884448056372,0.05872282696250006,0.05831604787061918,1.950005557689397,8334.14414638902,28.714950912145632,9.492912885544131,153597060.0,263869812.0,229815777.0,242239506.0,252471060.0,252471060.0,242250912.0,242326188.0,39465000.0,39465000.0,37790432.0,39437436.0,39464892.0,39464892.0,39450384.0,39450852.0,5,Uzbekistan,Wheat,4041.0
50,2003,26.927059060925238,10.482350725437763,0.21477173068733124,0.21409890908186252,14.214952377947393,163024.90865629684,110.10118553589125,142.58424928164402,9.000539643980275,5.743434718059412,0.05897630079866331,0.059131172237113824,1.9803762500120508,9236.939912366317,25.32389437089335,8.92855293843449,153597060.0,263869812.0,225091893.0,242251491.0,252471060.0,252471060.0,242250912.0,242326188.0,39465000.0,39465000.0,38407814.0,39437427.0,39464892.0,39464892.0,39450384.0,39450852.0,5,Uzbekistan,Wheat,3731.5
50,2004,27.076433926702943,9.90906157248777,0.20382323536883898,0.20305966989857382,15.35366022269483,168442.8202734732,112.24747425538162,145.1057879721598,9.494851121179844,5.553299017410152,0.05742103620959806,0.057693101695931545,1.8466173247974191,8314.02999576704,25.991448328499796,9.140107227660076,153597060.0,263869812.0,229536642.0,242254836.0,252471060.0,252471060.0,242250912.0,242326188.0,39465000.0,39465000.0,38510451.0,39437433.0,39464892.0,39464892.0,39450384.0,39450852.0,5,Uzbekistan,Wheat,3745.7
50,2005,27.182314379621126,7.09204046507162,0.19562825636455303,0.19519356938517873,14.860011318767512,169522.55758475506,106.35679294192668,145.09145585190487,9.049861970293723,3.774322701749427,0.05803671374458833,0.05827984709287358,1.9054452096422618,8145.326791687722,24.217533742116284,10.540735376310185,153597060.0,263869812.0,222986943.0,242278605.0,252471060.0,252471060.0,242250912.0,242326188.0,39465000.0,39465000.0,38033003.0,39437433.0,39464892.0,39464892.0,39450384.0,39450852.0,5,Uzbekistan,Wheat,4207.3
50,2006,25.816297035697765,7.6791450260702145,0.18661187154551342,0.1864863079472352,14.947548809357816,171820.7415454375,97.66058194686308,146.67686987474676,9.343781714302258,4.306363016486839,0.05943499111579879,0.05932781970924809,2.026902050935693,8173.640966469292,24.72287846437296,11.766383712451992,153597060.0,263869812.0,219286308.0,242245776.0,252471060.0,252471060.0,242250912.0,242326188.0,39465000.0,39465000.0,37748646.0,39437430.0,39464892.0,39464892.0,39450384.0,39450852.0,5,Uzbekistan,Wheat,4210.8
50,2007,25.61126831991737,8.522442274295384,0.18529562914261108,0.1854232961540756,14.806807731312734,170933.31030396576,96.94232620097493,143.99074437880995,8.510674109202093,4.349055126973538,0.05744170428169663,0.0573831354543721,1.8371439782310024,8174.7719027188095,23.128665337250894,8.273735572016049,153597060.0,263869812.0,226386738.0,242246910.0,252471060.0,252471060.0,259666137.0,259680774.0,39465000.0,39465000.0,38313737.0,39437430.0,39464892.0,39464892.0,39462158.0,39462249.0,5,Uzbekistan,Wheat,4478.6
50,2008,23.348126810168175,6.480168222113666,0.17720457332001788,0.18015258639969314,14.3247426668251,173231.55964912364,99.75875971198171,144.57207083385288,7.952513746028002,3.7191162323030427,0.0575863517698609,0.05759252479663934,1.8921728745628572,7821.243776426039,21.679301029172738,7.532846672772594,153597060.0,263869812.0,211476075.0,242288115.0,252471060.0,252471060.0,263869812.0,263869812.0,39465000.0,39465000.0,36118281.0,39437439.0,39464892.0,39464892.0,39465000.0,39465000.0,5,Uzbekistan,Wheat,4477.1
50,2009,28.10711644641173,9.525359110658062,0.19790614306650778,0.19761762098043445,14.690309358795208,165755.0496354301,114.9005893342007,141.82503243983595,9.453708634340193,5.239679281184167,0.05682683748977258,0.05679943694405361,1.9089038300082282,8001.912994015387,23.637520669108273,6.116954690091898,153597060.0,263869812.0,227040354.0,242250354.0,252471060.0,252471060.0,263869812.0,263869812.0,39465000.0,39465000.0,38505032.0,39437436.0,39464892.0,39464892.0,39465000.0,39465000.0,5,Uzbekistan,Wheat,4901.3
50,2010,27.57325948975087,8.221657598830568,0.1942604427674302,0.19452158730627397,15.360773519655966,167793.79483720005,111.9562169544063,143.56013773703432,9.224086156976618,4.592431352340814,0.06036368642999294,0.06044206007093527,2.0070491863079316,8937.331885449705,23.727509324094147,7.179122171974273,153597060.0,263869812.0,229527522.0,242244921.0,252471060.0,252471060.0,263869812.0,263869812.0,39465000.0,39465000.0,38852181.0,39437430.0,39464892.0,39464892.0,39465000.0,39465000.0,5,Uzbekistan,Wheat,4600.0
50,2011,24.009779365482547,8.312670387693455,0.18468840509929035,0.18460310636089372,14.477338277631336,169814.41865405996,101.77435149087633,143.20669957151162,8.247739892013524,4.527069806901947,0.05898831925092343,0.058933389997426915,1.9958554502771308,8655.988649587629,21.89141723564839,7.501570977592458,153597060.0,263869812.0,226185525.0,242306772.0,252471060.0,252471060.0,263869812.0,263869812.0,39465000.0,39465000.0,38839019.0,39437436.0,39464892.0,39464892.0,39465000.0,39465000.0,5,Uzbekistan,Wheat,4556.0
50,2012,26.185247965829515,7.79330537031182,0.1848134853083778,0.1848511877682064,14.041565564978454,172036.02847910908,106.59252472672954,141.1337227344527,8.322483882091765,4.29681720895877,0.05530492239448531,0.055737704255349116,2.0201359940722927,6673.975348593201,22.012878086135974,7.613590576005373,153597060.0,263869812.0,219745965.0,242211696.0,252471060.0,252471060.0,263869812.0,263869812.0,39465000.0,39465000.0,38153807.0,39437394.0,39464892.0,39464892.0,39465000.0,39465000.0,5,Uzbekistan,Wheat,4709.5
50,2013,27.556457343452454,7.029561593660868,0.1810721008589974,0.18234776216854343,15.386987246986893,170941.35132610146,110.47235714533484,143.37171455105843,9.091680183859907,3.5999886525002305,0.05507843133524896,0.0551788011538981,1.8301936595857327,8066.258868818658,22.60125013086708,6.948969626906025,153597060.0,263869812.0,222640668.0,242221782.0,252471060.0,252471060.0,263869812.0,263869812.0,39465000.0,39465000.0,37814012.0,39437388.0,39464892.0,39464892.0,39465000.0,39465000.0,5,Uzbekistan,Wheat,4739.3
50,2014,25.24105939673716,7.300348643843322,0.18390275089553107,0.1846119671657988,14.053837227048698,171930.06263800687,105.20095892704958,141.83680955709198,8.63372666539142,4.310643372297035,0.056086052643520484,0.05620225616977867,2.067134555733177,7623.632076499844,23.034684870042057,7.864755492784762,153597060.0,263869812.0,208142619.0,242223282.0,252471060.0,252471060.0,263869812.0,263869812.0,39465000.0,39465000.0,37177642.0,39437388.0,39464892.0,39464892.0,39465000.0,39465000.0,5,Uzbekistan,Wheat,4782.1
50,2015,28.01186495778346,8.189688313605156,0.19308901343632623,0.1932298554005578,15.318449489427385,167155.7931965682,111.48202104225928,142.83275573244714,9.906066338510998,4.539619026768307,0.05651870381579707,0.05653594297671781,1.8978813371238235,8073.773597964089,24.349926719402507,6.785010664849748,153597060.0,263869812.0,227035548.0,242178798.0,252471060.0,252471060.0,263869812.0,263869812.0,39465000.0,39465000.0,38674556.0,39437388.0,39464892.0,39464892.0,39465000.0,39465000.0,5,Uzbekistan,Wheat,4817.5
50,2016,29.35141967745845,7.654642886940892,0.19055319294609402,0.19115712375134464,15.862776751871463,166678.76264018324,115.2539080236653,144.0150617382123,10.244145034253616,4.411584589354796,0.05768717624110068,0.05782524523662835,1.9336019157745985,9062.60974754146,25.21645570744949,6.853010197293998,153597060.0,263869812.0,223459674.0,242169735.0,252471060.0,252471060.0,263869812.0,263869812.0,39465000.0,39465000.0,38434815.0,39437388.0,39464892.0,39464892.0,39465000.0,39465000.0,5,Uzbekistan,Wheat,4802.3
50,2017,27.98508684614434,7.339073600999411,0.18377551401930822,0.1842295843642612,15.017542270723627,172927.53479242107,111.29652211469705,142.344077805022,9.266822615659809,4.081494781580132,0.056260511035298985,0.05646705766448027,1.9102227187714442,8506.625081009872,22.6960776406457,6.53458690985205,153597060.0,263869812.0,215279139.0,242190615.0,252471060.0,252471060.0,263869812.0,263869812.0,39465000.0,39465000.0,38090851.0,39437388.0,39464892.0,39464892.0,39465000.0,39465000.0,5,Uzbekistan,Wheat,4316.5
50,2018,25.313754021510505,7.4237808206928735,0.18142315731556324,0.18228801754368973,15.115754142403603,169877.44897806455,104.42891827307093,143.8808023945751,8.936527592822596,4.146869312463674,0.0591330162847925,0.05897551662192909,2.1207541349019596,8487.013394594136,22.728781123816358,8.56322384782564,153597060.0,263869812.0,210436581.0,242182473.0,252471060.0,252471060.0,263869812.0,263869812.0,39465000.0,39465000.0,37385458.0,39437388.0,39464892.0,39464892.0,39465000.0,39465000.0,5,Uzbekistan,Wheat,4126.0
50,2019,30.46177419924847,8.466010189518677,0.19210285907266314,0.1928408252729254,15.589387356407112,167503.56119399297,115.11336572646088,142.5365809015656,10.256805834541474,4.696046719443551,0.05576038967348392,0.055687183913367896,1.9633978058620036,8134.453082275635,24.738538708715428,7.230062461789855,153597060.0,263869812.0,212478726.0,242173029.0,252471060.0,252471060.0,263869812.0,263869812.0,39465000.0,39465000.0,37266054.0,39437388.0,39464892.0,39464892.0,39465000.0,39465000.0,5,Uzbekistan,Wheat,4649.3
50,2020,28.868959689842406,6.673324062208509,0.19033236511879495,0.19024974388203866,14.429433700663072,169155.02501966327,111.84581448428959,141.83467097216808,9.27869634339908,3.8569093263606438,0.05669504030949594,0.05656998636983245,1.8674343066003332,8710.021794920209,22.59266014434707,6.657224153521179,153597060.0,263869812.0,219253821.0,242156799.0,252471060.0,252471060.0,263869812.0,263869812.0,39465000.0,39465000.0,38719472.0,39437388.0,39464892.0,39464892.0,39465000.0,39465000.0,5,Uzbekistan,Wheat,4555.6
50,2021,26.247677167505703,4.972609548353928,0.17703102191013315,0.17736397799951867,15.662460988318479,176033.7177577047,106.63138629451925,145.55440684817103,9.196012114084027,2.7740851727134146,0.058205554347894005,0.05820888173102362,2.011185666903688,8183.146174985413,23.64693773810424,7.765300320749547,153597060.0,263869812.0,222671715.0,242169654.0,252471060.0,252471060.0,263869812.0,263869812.0,39465000.0,39465000.0,38590778.0,39437388.0,39464892.0,39464892.0,39465000.0,39465000.0,5,Uzbekistan,Wheat,4824.5
50,2022,29.281050356680023,8.15650514557376,0.19434842170664554,0.1942520016727567,15.808097071117825,169960.29376180828,115.95237174823603,144.49319588755176,10.067872426709277,4.985265312748815,0.059460612812584385,0.05938135005649609,1.9961286115659238,8566.962579801106,27.374564845544153,7.992225984472456,153597060.0,263869812.0,229337265.0,242214522.0,252471060.0,252471060.0,263869812.0,263869812.0,39465000.0,39465000.0,38950388.0,39437388.0,39464892.0,39464892.0,39465000.0,39465000.0,5,Uzbekistan,Wheat,4987.8
78,1984,23.419516011423887,9.369507547324345,0.19392097182571885,0.18854317645453722,20.389511343505646,188920.66073345006,73.07959477742403,151.38553710909588,9.743381821093157,6.947475847563897,0.048175539083432375,0.04564627550089095,3.5379424021689534,7761.485024767504,23.262627463413036,5.576331671367204,77195520.0,304207488.0,248201388.0,300934512.0,304207488.0,304207488.0,302096160.0,302248224.0,48684816.0,48684816.0,38521092.0,48121668.0,48684816.0,48684816.0,48649140.0,48660048.0,4,Iraq,Wheat,955.8
78,1985,23.419516011423887,10.2261733770202,0.1931506186827189,0.1896949175905936,20.54693020797438,189951.06225773093,82.90597253784694,160.02987353352967,9.743381821093157,8.234476366106708,0.047483579983493174,0.0459820614600013,3.711719709956976,8746.101193522083,24.137290993397002,6.875946448229582,77195520.0,304207488.0,250094952.0,300934512.0,304207488.0,304207488.0,302096160.0,302248224.0,48684816.0,48684816.0,39304550.0,48121668.0,48684816.0,48684816.0,48649140.0,48660048.0,4,Iraq,Wheat,912.5
78,1986,23.419516011423887,10.449997014727076,0.2000602476079674,0.19522191684295956,20.66193271179994,184089.4264643661,77.53237645817633,158.359119318279,9.743381821093157,7.632907195883444,0.05001496570566227,0.04637018156566167,3.630657275591998,8426.581146350018,23.995814897633107,6.459958308748037,77195520.0,304207488.0,225068092.0,300934512.0,304207488.0,304207488.0,302096160.0,302248224.0,48684816.0,48684816.0,33634427.0,48121668.0,48684816.0,48684816.0,48649140.0,48660048.0,4,Iraq,Wheat,835.5
78,1987,23.419516011423887,10.41899061340823,0.18991367020370326,0.19279749733236656,20.816450006432003,187411.48080843248,82.70823014789045,156.8186066505037,9.743381821093157,9.086615129747903,0.040447932281506456,0.040253517741783096,3.994991326615475,9709.183158599826,25.271126810845573,6.326349572840062,77195520.0,304207488.0,241519864.0,300934512.0,304207488.0,304207488.0,302096160.0,302248224.0,48684816.0,48684816.0,38106608.0,48121668.0,48684816.0,48684816.0,48649140.0,48660048.0,4,Iraq,Wheat,840.8
78,1988,23.419516011423887,12.431087181279787,0.20893955895943297,0.2087983183556987,20.608472072415882,185238.22871380195,88.33461850651548,153.18025967612436,9.743381821093157,9.760641704272205,0.04206737085856334,0.042072748046118304,3.7091824235370114,9755.970250528699,26.376546224437757,6.4077503042121755,77195520.0,304207488.0,269283084.0,300934512.0,304207488.0,304207488.0,302096160.0,302248224.0,48684816.0,48684816.0,42098860.0,48121668.0,48684816.0,48684816.0,48649140.0,48660048.0,4,Iraq,Wheat,892.5
78,1989,23.419516011423887,6.699052049877694,0.20512467721063227,0.20361897126132003,21.34071838359038,190908.70444863904,79.91747408536806,164.04421788723843,9.743381821093157,4.64670858195952,0.04071715648997367,0.041311269875422926,2.9761449128935933,7180.255872747728,23.2604646854118,6.707405742452114,77195520.0,304207488.0,277515384.0,300934512.0,304207488.0,304207488.0,302096160.0,302248224.0,48684816.0,48684816.0,44314855.0,48121668.0,48684816.0,48684816.0,48649140.0,48660048.0,4,Iraq,Wheat,837.4
78,1990,23.419516011423887,7.552363503568951,0.20157823225276336,0.20113495744996474,21.40571070710818,191590.8561821055,91.3856197393098,164.01265147802445,9.743381821093157,5.6131719287124815,0.048471752811200274,0.048748067649840535,3.3203329209757424,7471.039141837828,27.847469737659985,7.166629975767638,77195520.0,304207488.0,281105336.0,300934512.0,304207488.0,304207488.0,302096160.0,302248224.0,48684816.0,48684816.0,45426235.0,48121668.0,48684816.0,48684816.0,48649140.0,48660048.0,4,Iraq,Wheat,1012.9
78,1991,23.419516011423887,9.10018826002685,0.20366316609498522,0.2033891519396986,21.199419495132233,187059.4808791112,82.2753701967405,159.187876010261,9.743381821093157,7.277275593173554,0.04145831825296837,0.04194523789606187,3.4491962482985596,7739.040283953333,24.727204765970043,6.5536456722125624,77195520.0,304207488.0,286368324.0,300934512.0,304207488.0,304207488.0,302096160.0,302248224.0,48684816.0,48684816.0,45249037.0,48121668.0,48684816.0,48684816.0,48649140.0,48660048.0,4,Iraq,Wheat,805.6
78,1992,23.419516011423887,8.406152336430623,0.21069026252047882,0.21084961595880067,19.51641186575095,185033.98062601857,85.95172959953629,154.62001847552264,9.743381821093157,7.070964087398104,0.0409775596543405,0.041222182099075605,3.690705630727637,8332.65666537424,23.529915144432998,7.253467894649869,77195520.0,304207488.0,291653964.0,300934512.0,304207488.0,304207488.0,302096160.0,302248224.0,48684816.0,48684816.0,45725658.0,48121668.0,48684816.0,48684816.0,48649140.0,48660048.0,4,Iraq,Wheat,599.9
78,1993,23.419516011423887,11.774321850753573,0.2202014438807964,0.2191665297339097,20.612987591160667,185419.4992631857,100.55370739282573,150.87262277367407,9.743381821093157,9.752176255294067,0.04123903616353138,0.041872549859000026,3.7778775807756784,8447.936305315723,27.29947764860448,6.099855161001631,77195520.0,304207488.0,295514048.0,300934512.0,304207488.0,304207488.0,302096160.0,302248224.0,48684816.0,48684816.0,47016122.0,48121668.0,48684816.0,48684816.0,48649140.0,48660048.0,4,Iraq,Wheat,589.7
78,1994,23.419516011423887,9.256320281348742,0.21883907727897164,0.21797535339290794,21.78389895293448,186682.94867851265,97.34977942232982,150.42562085006364,9.743381821093157,7.093288599754273,0.04832801282063841,0.048665131178253794,3.5519635074480713,8351.064270548484,26.650357325492486,5.872365726976853,77195520.0,304207488.0,296119112.0,300934512.0,304207488.0,304207488.0,302096160.0,302248224.0,48684816.0,48684816.0,47174011.0,48121668.0,48684816.0,48684816.0,48649140.0,48660048.0,4,Iraq,Wheat,743.1
78,1995,23.419516011423887,8.655864071131004,0.21421947237104175,0.21328927819063317,21.268932246499592,189077.40414694382,98.42650726147839,157.1152022250763,9.743381821093157,6.196301766531046,0.04310359264977059,0.04359046730608994,3.6132396099675272,7456.392111528545,27.283035085618188,6.421412659684012,77195520.0,304207488.0,295994140.0,300934512.0,304207488.0,304207488.0,302096160.0,302248224.0,48684816.0,48684816.0,47189992.0,48121668.0,48684816.0,48684816.0,48649140.0,48660048.0,4,Iraq,Wheat,805.2
78,1996,23.419516011423887,10.013076791341085,0.2072537097459038,0.2064724510004904,22.125440918736988,185615.45834201717,91.53920858078979,158.26277558767623,9.743381821093157,8.279321433129196,0.04422455344955234,0.04479749467148152,3.657374810386494,8097.92567653743,26.581087651313066,6.024812734102909,77195520.0,304207488.0,296454308.0,300934512.0,304207488.0,304207488.0,302096160.0,302248224.0,48684816.0,48684816.0,47221327.0,48121668.0,48684816.0,48684816.0,48649140.0,48660048.0,4,Iraq,Wheat,866.7
78,1997,23.419516011423887,7.83016729630026,0.21075581117636624,0.20998006342642375,20.743387447463142,187496.81699265676,96.17307184920521,156.05791510052867,9.743381821093157,5.518669489589303,0.04528039683032739,0.04556613962840646,3.6697103872557295,7810.551927912403,25.729536352100947,6.2461205466197445,77195520.0,304207488.0,294345544.0,300934512.0,304207488.0,304207488.0,302096160.0,302248224.0,48684816.0,48684816.0,47043854.0,48121668.0,48684816.0,48684816.0,48649140.0,48660048.0,4,Iraq,Wheat,756.6
78,1998,23.419516011423887,9.820979181592076,0.2235671503262387,0.2228971567332889,22.33129756483767,188589.77371407475,105.51635941709827,157.06002490878552,9.743381821093157,7.278658044854203,0.04237445412532569,0.04294476281514487,3.5209082342865843,7299.1980766154775,26.874375955499133,6.167698397804242,77195520.0,304207488.0,294664528.0,300934512.0,304207488.0,304207488.0,302096160.0,302248224.0,48684816.0,48684816.0,47389743.0,48121668.0,48684816.0,48684816.0,48649140.0,48660048.0,4,Iraq,Wheat,807.1
78,1999,23.419516011423887,9.265683077841071,0.20912200704009995,0.20876735804390792,22.67395610279507,191799.0616990018,83.79299874008557,155.87396717231388,9.743381821093157,6.0625811359299675,0.042931620686749244,0.04321919919313321,3.4865308355442726,6515.488627259223,23.366797399123417,5.584197270329326,77195520.0,304207488.0,291826932.0,300934512.0,304207488.0,304207488.0,302096160.0,302248224.0,48684816.0,48684816.0,47566783.0,48121668.0,48684816.0,48684816.0,48649140.0,48660048.0,4,Iraq,Wheat,615.4
78,2000,15.525734451833278,9.586920037962319,0.2006416149023506,0.20009634885155084,22.04969546529982,191663.7748605402,61.39359462106729,151.53839338841664,6.755737161588453,7.205397306738421,0.04358225127472051,0.04374711034608794,3.3927994651207634,7421.325464257736,19.723333676910354,6.000172420130538,47175040.0,304207488.0,291581860.0,300934512.0,304207488.0,304207488.0,302096160.0,302248224.0,29751832.0,48684816.0,46961611.0,48121668.0,48684816.0,48684816.0,48649140.0,48660048.0,4,Iraq,Wheat,320.0
78,2001,23.476225439850708,10.856054758048202,0.20982168733866677,0.20943222299305753,22.45743088920911,189550.88062182756,90.0797386610911,161.48926399066556,9.804457774848851,7.854605061557837,0.04922307800937935,0.049256820537877104,3.394410541269635,7549.612355798146,25.890829922764436,7.0065629236717255,77195520.0,304207488.0,280113104.0,300934512.0,304207488.0,304207488.0,302096160.0,302248224.0,48684816.0,48684816.0,46896180.0,48121668.0,48684816.0,48684816.0,48649140.0,48660048.0,4,Iraq,Wheat,740.5
78,2002,23.419516011423887,10.28861611515876,0.21611204670949113,0.21571804751929172,21.817569644914734,188008.81707143536,93.37213917253601,159.87690192385347,10.323640200545062,7.3901851746389156,0.05093439195472419,0.051018341504976326,3.5536539238762477,7913.703481003661,27.70833235349943,7.252443716466825,77195520.0,304207488.0,293294896.0,300934512.0,304207488.0,304207488.0,302096160.0,302248224.0,48684816.0,48684816.0,47397578.0,48121668.0,48684816.0,48684816.0,48649140.0,48660048.0,4,Iraq,Wheat,1570.3
78,2003,22.89549912822582,10.31757814981126,0.214310966225134,0.21391610026905045,21.800053093168472,187468.8898479944,94.88844755423001,159.81341438703092,9.435077231171105,7.861361161431197,0.05423681884568125,0.054331793954716816,3.5981815690925547,9466.018642212159,26.092261111914997,6.891894432618793,77195520.0,304207488.0,292714528.0,300934512.0,304207488.0,304207488.0,302096160.0,302248224.0,48684816.0,48684816.0,47359773.0,48121668.0,48684816.0,48684816.0,48649140.0,48660048.0,4,Iraq,Wheat,1359.0
78,2004,24.216986576610296,10.081962656458217,0.22249700734391803,0.2217596665187931,21.82351151439879,188784.74119355285,98.8408514408034,158.06246579236506,9.273109748175447,6.914376041935335,0.04768065086566982,0.04808170128827426,3.555444787083444,7861.872613249723,24.97196097113509,6.468525474861174,77195520.0,304207488.0,291621796.0,300934512.0,304207488.0,304207488.0,302096160.0,302248224.0,48684816.0,48684816.0,47165802.0,48121668.0,48684816.0,48684816.0,48649140.0,48660048.0,4,Iraq,Wheat,1189.8
78,2005,21.557313305896002,9.102675085353832,0.20902352412748665,0.208586534117977,22.07192873292499,189695.96903069085,84.81688876059873,159.3112704242672,8.512354206815365,6.61375751267744,0.039950097306657856,0.040328334228629664,3.441072225089432,7274.332483895104,22.284865218024624,6.127462306655094,77195520.0,304207488.0,292347720.0,300934512.0,304207488.0,304207488.0,302096160.0,302248224.0,48684816.0,48684816.0,47297709.0,48121668.0,48684816.0,48684816.0,48649140.0,48660048.0,4,Iraq,Wheat,873.8
78,2006,22.443300730656148,12.893864824029558,0.2136145632507072,0.2132903026953634,22.09654290146298,187865.80097120983,84.71674528868633,157.25683356887308,9.638880538356275,9.233574462242965,0.03852194284956088,0.03894329559698975,3.593160874284897,7806.789979448617,23.98156874525136,6.098002357114539,77195520.0,304207488.0,291879264.0,300934512.0,304207488.0,304207488.0,302096160.0,302248224.0,48684816.0,48684816.0,47245940.0,48121668.0,48684816.0,48684816.0,48649140.0,48660048.0,4,Iraq,Wheat,1378.3
78,2007,21.974562938904565,8.821298027667137,0.19521794561296696,0.1949222818002217,22.051140205727684,187929.87300562765,80.65744669008785,158.10669985774913,9.21157161958021,6.332775663318602,0.04073054172557669,0.04089149756188192,3.6198871052070833,7419.775585314872,23.813664874445266,6.241706009863345,77195520.0,304207488.0,295953172.0,300934512.0,304207488.0,304207488.0,303796952.0,303826520.0,48684816.0,48684816.0,47667429.0,48121668.0,48684816.0,48684816.0,48677879.0,48680000.0,4,Iraq,Wheat,1403.1
78,2008,16.94684689498036,6.704166105120401,0.18589882443969444,0.185605154226998,22.223042119708325,192696.8613333307,78.72925602834019,160.84072978972426,7.518951679114085,4.5607875179304465,0.03611392100544711,0.03631152218235173,3.552794542136379,6827.803821867314,20.45931982660103,6.501191894870941,77195520.0,304207488.0,296767800.0,300934512.0,304207488.0,304207488.0,304207488.0,304207488.0,48684816.0,48684816.0,47621202.0,48121668.0,48684816.0,48684816.0,48684816.0,48684816.0,4,Iraq,Wheat,1367.8
78,2009,18.743219470565773,9.654662747184402,0.1839150999051829,0.18377300653351736,21.894433663951027,188564.8814855195,82.70816391798475,159.59161211007822,8.64038818166375,7.341750260486803,0.04013570935259822,0.04015587201724727,3.636249906726449,8226.362258576079,22.591719864761785,6.647103045892585,77195520.0,304207488.0,296014624.0,300934512.0,304207488.0,304207488.0,304207488.0,304207488.0,48684816.0,48684816.0,47698899.0,48121668.0,48684816.0,48684816.0,48684816.0,48684816.0,4,Iraq,Wheat,1875.6
78,2010,22.810130053298494,9.109484714152027,0.183733324209849,0.18371913246824984,23.461084491676754,188699.933298876,91.89970945425604,161.37377522773633,9.794012989729614,6.735397962204389,0.042910047836222556,0.04291182869160402,3.465481196285182,8388.142724708525,24.906066061405838,7.380794602223781,77195520.0,304207488.0,299653312.0,300934512.0,304207488.0,304207488.0,304207488.0,304207488.0,48684816.0,48684816.0,48066095.0,48121668.0,48684816.0,48684816.0,48684816.0,48684816.0,4,Iraq,Wheat,1987.2
78,2011,20.38740285677038,8.797608958181181,0.18834935454651708,0.1882205408987578,21.275721586412853,189632.08991433564,87.7452143942479,157.78297008837987,9.199508334618443,7.02891159859027,0.04366858404228913,0.04370129167053555,3.469192483103001,7896.30989456466,23.359596633410945,6.69575699510807,77195520.0,304207488.0,296879852.0,300934512.0,304207488.0,304207488.0,304207488.0,304207488.0,48684816.0,48684816.0,47889888.0,48121668.0,48684816.0,48684816.0,48684816.0,48684816.0,4,Iraq,Wheat,1955.2
78,2012,19.452170775700868,9.645688876604295,0.1865303463095592,0.1864460941826848,22.253533078564537,189154.57392578034,85.20958162778248,160.2154132405764,8.98470465704137,7.064280739257301,0.044355851893065054,0.04432103149648299,3.4022520143383046,7889.689701861211,22.87268722934398,6.97684074440635,77195520.0,304207488.0,298922864.0,300934512.0,304207488.0,304207488.0,304207488.0,304207488.0,48684816.0,48684816.0,47865134.0,48121668.0,48684816.0,48684816.0,48684816.0,48684816.0,4,Iraq,Wheat,2418.1
78,2013,25.073560338314515,10.339972631440396,0.19844149482539955,0.1983037344355579,21.652654571665657,189254.20271928114,98.571655581107,157.7009137843715,9.8543209236777,7.779090580573759,0.039921336562691846,0.03994961253907489,3.1044923297750864,7749.114777599262,24.48303541547581,6.523134385183755,77195520.0,304207488.0,298606100.0,300934512.0,304207488.0,304207488.0,304207488.0,304207488.0,48684816.0,48684816.0,47888205.0,48121668.0,48684816.0,48684816.0,48684816.0,48684816.0,4,Iraq,Wheat,2306.8
78,2014,26.734237941237755,9.16283002825609,0.2040765787888732,0.20393769489945043,22.3840954138173,187064.76774451256,102.25405945870972,158.8543252143269,9.60752143914662,6.303185478827253,0.042144407907934486,0.042246883010761224,3.0783501999459357,7360.3134037550335,23.821799655216008,6.145825572065406,77195520.0,304207488.0,296758984.0,300934512.0,304207488.0,304207488.0,304207488.0,304207488.0,48684816.0,48684816.0,47734469.0,48121668.0,48684816.0,48684816.0,48684816.0,48684816.0,4,Iraq,Wheat,2396.4
78,2015,25.896346267452266,8.80282194126928,0.2009952415505217,0.20097569276707786,22.400068359242546,187702.6284553154,100.05330549715562,159.70197775420192,9.743381821093157,5.954799564674008,0.04783651790325915,0.047816589856006286,3.1701616011758165,7413.774573322756,24.323675221370184,6.375976472667674,77195520.0,304207488.0,294201876.0,300934512.0,304207488.0,304207488.0,304207488.0,304207488.0,48684816.0,48684816.0,47857998.0,48121668.0,48684816.0,48684816.0,48684816.0,48684816.0,4,Iraq,Wheat,2861.7
78,2016,25.798918292078916,10.737241512925387,0.19448894205399683,0.19521745674144356,22.31616464919514,188787.15241281607,101.26101765126019,159.02123960780452,9.503837130223332,7.657352238963471,0.044383176273004886,0.0449039225220593,3.0307301512505385,7853.147211613174,22.79888090411736,6.110224313943906,77195520.0,304207488.0,291975188.0,300934512.0,304207488.0,304207488.0,304207488.0,304207488.0,48684816.0,48684816.0,47628803.0,48121668.0,48684816.0,48684816.0,48684816.0,48684816.0,4,Iraq,Wheat,3318.1
78,2017,22.896435717281047,9.403853780413296,0.18780668457556096,0.18775266463988122,22.496543089548748,189706.95843700052,95.03109419412824,160.37926310274824,10.100941358287072,6.669829754811466,0.04494525933726018,0.04499395303977241,3.181383633752658,7329.4352634758625,23.97454631784226,6.549529440348054,77195520.0,304207488.0,290933712.0,300934512.0,304207488.0,304207488.0,304207488.0,304207488.0,48684816.0,48684816.0,47664344.0,48121668.0,48684816.0,48684816.0,48684816.0,48684816.0,4,Iraq,Wheat,2839.2
78,2018,24.037699116975475,16.603910679643008,0.208021893321226,0.20809685864353294,22.85813572671678,182846.31996425,93.22103782743842,157.81380062664743,10.135645345844633,11.55423528660922,0.043871419439395,0.04391413432769146,2.995002522080795,8220.302151690308,24.87650574998096,6.314081530299237,77195520.0,304207488.0,296761408.0,300934512.0,304207488.0,304207488.0,304207488.0,304207488.0,48684816.0,48684816.0,47933616.0,48121668.0,48684816.0,48684816.0,48684816.0,48684816.0,4,Iraq,Wheat,2778.9
78,2019,32.815239046802155,14.03552409180261,0.21750926743778914,0.2174085374723074,22.06957103146447,185407.90507007638,113.92438616894538,155.97978587431126,11.39852540167468,10.409773011716478,0.047692196346486894,0.047695256950817375,3.1304193102851645,8495.18789562983,25.739966616505,6.612126618137835,77195520.0,304207488.0,296641128.0,300934512.0,304207488.0,304207488.0,304207488.0,304207488.0,48684816.0,48684816.0,47889070.0,48121668.0,48684816.0,48684816.0,48684816.0,48684816.0,4,Iraq,Wheat,2814.4
78,2020,29.286443083611776,10.840660454507704,0.2092958350355426,0.2092007014053234,22.580676247676212,187261.2216819949,106.46140244835391,157.9533874294164,11.25426307403747,8.178153476579268,0.045060070594506625,0.04508016326685798,3.1556237270173817,7910.895743036591,25.352073458376164,6.913885997476289,77195520.0,304207488.0,298089924.0,300934512.0,304207488.0,304207488.0,304207488.0,304207488.0,48684816.0,48684816.0,47974432.0,48121668.0,48684816.0,48684816.0,48684816.0,48684816.0,4,Iraq,Wheat,2944.5
78,2021,25.50236588189426,7.898635642397319,0.1886744511624177,0.18862276123851662,23.570449471473694,193348.06809423587,98.90028866276674,161.44773319920967,10.638256471384512,6.064759381460476,0.04113828379214804,0.04114254919533246,3.0222891442955198,6667.8458593969335,25.85844216927298,6.025984877822206,77195520.0,304207488.0,296854584.0,300934512.0,304207488.0,304207488.0,304207488.0,304207488.0,48684816.0,48684816.0,47986966.0,48121668.0,48684816.0,48684816.0,48684816.0,48684816.0,4,Iraq,Wheat,2659.7
78,2022,21.712281317291414,8.71243829972429,0.19035420323618582,0.19033474819422155,22.987841430637573,190815.21064756054,91.24439064779646,160.9987962900052,10.033909172320618,6.635202930264838,0.046455194139176176,0.046442491499310026,3.065890955903428,8198.498519930163,25.706720311200865,6.361615013954217,77195520.0,304207488.0,297491672.0,300934512.0,304207488.0,304207488.0,304207488.0,304207488.0,48684816.0,48684816.0,48017513.0,48121668.0,48684816.0,48684816.0,48684816.0,48684816.0,4,Iraq,Wheat,2771.4
79,1984,49.977825199153735,1.2322086271739954,0.12542180003713088,0.13081971422825384,20.654440274945014,206438.58274374207,149.69959659262506,145.87766792774997,9.231557871465272,1.0081746724185485,0.030359078233332778,0.03261634291610819,1.3038487845654043,9581.664086453666,39.8389669214704,3.533056852155494,36578088.0,965282616.0,780674072.0,948460752.0,965284344.0,965284344.0,950150952.0,950244696.0,28606392.0,28606392.0,18973836.0,28180908.0,28606392.0,28606392.0,28504260.0,28504260.0,4,Egypt,Wheat,3666.8
79,1985,49.977825199153735,1.7247855589500676,0.12756390790282573,0.1325233864247821,20.93836768909737,204755.82840757686,146.12807562760585,150.9067948208108,9.231557871465272,1.4415783053994315,0.03165425446878825,0.0339115744113793,1.300447710382844,9215.791147326936,38.882772067273606,4.176681215215389,36578088.0,965282616.0,842407176.0,948460752.0,965284344.0,965284344.0,950150952.0,950244696.0,28606392.0,28606392.0,19855078.0,28180908.0,28606392.0,28606392.0,28504260.0,28504260.0,4,Egypt,Wheat,3759.0
79,1986,49.977825199153735,1.5700273749145663,0.1290913244163749,0.13281947534879399,20.84507821224354,203427.6308210983,145.79702335314204,150.6905848210698,9.231557871465272,1.3342041112364225,0.03209633000073775,0.033589627490592036,1.2188241978952448,10075.574194915493,41.818094837282246,4.182569076151666,36578088.0,965282616.0,727046436.0,948460752.0,965284344.0,965284344.0,950150952.0,950244696.0,28606392.0,28606392.0,17844326.0,28180908.0,28606392.0,28606392.0,28504260.0,28504260.0,4,Egypt,Wheat,3802.8
79,1987,49.977825199153735,1.3640896950379502,0.12485207467540803,0.1321473483698056,20.362157071078265,205120.04317238022,154.52518063542212,148.5541949009755,9.231557871465272,1.0828455045045713,0.030669917483327164,0.03310722058886159,1.388379022492191,9976.93246204618,37.543211307705576,3.9445949936222595,36578088.0,965282616.0,767764248.0,948460752.0,965284344.0,965284344.0,950150952.0,950244696.0,28606392.0,28606392.0,17880775.0,28180908.0,28606392.0,28606392.0,28504260.0,28504260.0,4,Egypt,Wheat,4715.8
79,1988,49.977825199153735,1.7915389058518163,0.12150748400461103,0.12956210618046227,20.88585904350987,204875.7464360123,154.14760825405503,148.0853298389197,9.231557871465272,1.4105245250883593,0.026238436321744697,0.030586991316284177,1.3880720220169525,9547.46283258594,38.687492525473075,3.7892474036763817,36578088.0,965282616.0,779547102.0,948460752.0,965284344.0,965284344.0,950150952.0,950244696.0,28606392.0,28606392.0,17768214.0,28180908.0,28606392.0,28606392.0,28504260.0,28504260.0,4,Egypt,Wheat,4751.0
79,1989,49.977825199153735,1.4641238638264882,0.12237170976759103,0.12948655457012265,20.679281345120184,206711.39780202502,158.1640697003773,154.4920021524296,9.231557871465272,1.211693799605233,0.0260421704626774,0.030424245227858065,1.3799290529640513,9570.312482195553,44.24311493049075,4.789478086257348,36578088.0,965282616.0,785985696.0,948460752.0,965284344.0,965284344.0,950150952.0,950244696.0,28606392.0,28606392.0,18217894.0,28180908.0,28606392.0,28606392.0,28504260.0,28504260.0,4,Egypt,Wheat,4941.6
79,1990,49.977825199153735,1.7292044923935366,0.12412486470269933,0.13078393894001053,20.79528648323483,206945.30735032115,159.36087951464629,153.81547761517473,9.231557871465272,1.3966964046167798,0.028292855661316386,0.03154327484847695,1.306971593519085,8839.291965732415,44.43565753631994,4.640547507880336,36578088.0,965282616.0,786705078.0,948460752.0,965284344.0,965284344.0,950150952.0,950244696.0,28606392.0,28606392.0,18115044.0,28180908.0,28606392.0,28606392.0,28504260.0,28504260.0,4,Egypt,Wheat,5196.7
79,1991,49.977825199153735,1.8420846954274732,0.12768641493662636,0.13385244290902942,20.58198214901818,201127.59895174042,152.4984726732202,151.37978948389318,9.231557871465272,1.6739321860542535,0.03028036509218554,0.03410946480894233,1.402245184199929,9942.56712652234,40.84728259365875,4.429126136110339,36578088.0,965282616.0,774220926.0,948460752.0,965284344.0,965284344.0,950150952.0,950244696.0,28606392.0,28606392.0,20390757.0,28180908.0,28606392.0,28606392.0,28504260.0,28504260.0,4,Egypt,Wheat,4816.3
79,1992,49.977825199153735,1.647700025534665,0.13503743494274437,0.13559901368002542,20.03690242767334,200655.89851043024,145.98394816533462,148.33564387843316,9.231557871465272,1.5217571933470913,0.034351676500901734,0.03460969643368493,1.3890506022934792,10165.555979008508,39.77753164074076,4.272756694937329,36578088.0,965282616.0,880088646.0,948460752.0,965284344.0,965284344.0,950150952.0,950244696.0,28606392.0,28606392.0,26717592.0,28180908.0,28606392.0,28606392.0,28504260.0,28504260.0,4,Egypt,Wheat,5254.6
79,1993,49.977825199153735,1.3286533642521179,0.13101958738708935,0.13143004175239403,20.897803487601102,205439.65339407034,157.20068289110552,147.62482596921475,9.231557871465272,1.0999082812282683,0.03195182044994409,0.03210297066983375,1.4075860214641183,8881.051391743962,34.42132928967366,3.829400698737964,36578088.0,965282616.0,889212936.0,948460752.0,965284344.0,965284344.0,950150952.0,950244696.0,28606392.0,28606392.0,27232452.0,28180908.0,28606392.0,28606392.0,28504260.0,28504260.0,4,Egypt,Wheat,5297.0
79,1994,49.977825199153735,1.7070175983549727,0.13655027633325917,0.13734115017506243,21.27068943006021,203347.5988041261,154.49630279377294,145.85210795255693,9.231557871465272,1.4225802307288933,0.035136559077519385,0.035652892012553755,1.2439800038168272,9736.057708634738,32.23510956869075,3.3377388019873417,36578088.0,965282616.0,889788654.0,948460752.0,965284344.0,965284344.0,950150952.0,950244696.0,28606392.0,28606392.0,27512880.0,28180908.0,28606392.0,28606392.0,28504260.0,28504260.0,4,Egypt,Wheat,5002.6
79,1995,49.977825199153735,1.2573242254246095,0.13074192042566002,0.13242652549549255,20.968498909914935,206273.31885849277,162.9909741328395,150.75276166526135,9.231557871465272,1.0303083810776823,0.03171775797763084,0.032849598023724266,1.3626562757330722,9175.386782482594,35.55661336970499,4.028517604999861,36578088.0,965282616.0,892190124.0,948460752.0,965284344.0,965284344.0,950150952.0,950244696.0,28606392.0,28606392.0,26909201.0,28180908.0,28606392.0,28606392.0,28504260.0,28504260.0,4,Egypt,Wheat,5422.1
79,1996,49.977825199153735,1.2505677358087255,0.13217541306383077,0.13289468257393228,21.26095058741393,205430.12061619872,161.70343927625566,150.79446104635815,9.231557871465272,1.0633649577971527,0.03192787873219775,0.032517945040230804,1.3541976905335167,9841.125114921118,37.21118942434473,3.9622454930536075,36578088.0,965282616.0,894063918.0,948460752.0,965284344.0,965284344.0,950150952.0,950244696.0,28606392.0,28606392.0,27573422.0,28180908.0,28606392.0,28606392.0,28504260.0,28504260.0,4,Egypt,Wheat,5638.4
79,1997,49.977825199153735,1.2935859117947481,0.13285828381776807,0.13278415118259126,21.06669514709049,204489.8819950582,165.82746627985702,149.13109109974715,9.231557871465272,1.0280684751710634,0.03227505399599076,0.03229213266922808,1.2218633533935122,10052.344994313886,35.99684324400747,3.927233296820708,36578088.0,965282616.0,890206680.0,948460752.0,965284344.0,965284344.0,950150952.0,950244696.0,28606392.0,28606392.0,28071256.0,28180908.0,28606392.0,28606392.0,28504260.0,28504260.0,4,Egypt,Wheat,5599.4
79,1998,49.977825199153735,1.5013960142181901,0.14184286231519996,0.14070393675210555,22.00614204230132,204883.91268485767,166.62285803291564,149.28639714403258,9.231557871465272,1.2418952648986508,0.032698928099046655,0.033135680375788575,1.2039906059180796,9515.442066589252,33.2343140904024,3.8204065180739963,36578088.0,965282616.0,911005278.0,948460752.0,965284344.0,965284344.0,950150952.0,950244696.0,28606392.0,28606392.0,26891678.0,28180908.0,28606392.0,28606392.0,28504260.0,28504260.0,4,Egypt,Wheat,5989.6
79,1999,49.977825199153735,1.1194155805284678,0.136659228829322,0.1367952176179531,22.047290916796083,208440.06076971316,160.66341040650167,147.00848651229606,9.231557871465272,0.9184230990785799,0.03212974427010722,0.0322702485390908,1.1420698708000057,8646.088117919702,33.1422938548266,3.512774040087291,36578088.0,965282616.0,894491916.0,948460752.0,965284344.0,965284344.0,950150952.0,950244696.0,28606392.0,28606392.0,24995568.0,28180908.0,28606392.0,28606392.0,28504260.0,28504260.0,4,Egypt,Wheat,6346.7
79,2000,43.6385363387101,1.5730317457972485,0.14130395364568185,0.14049862245909703,21.079940760577166,205293.74297076536,144.06653807349852,143.95851974980684,10.001020817986348,1.3522805407903735,0.03474962658179056,0.0343294299263249,1.2000883935281235,10158.620405205093,35.87015592514408,3.208876193953532,22353276.0,965282616.0,897941034.0,948460752.0,965284344.0,965284344.0,950150952.0,950244696.0,17481684.0,28606392.0,24709448.0,28180908.0,28606392.0,28606392.0,28504260.0,28504260.0,4,Egypt,Wheat,6342.2
79,2001,49.252274965039405,1.210535788035916,0.1340924066111997,0.1365249030292779,21.701410320070053,206594.15682099108,164.75200017420642,151.79351038454362,10.115615186172658,1.0947106029768354,0.034470168868750525,0.032750500240824494,1.1849406072288635,9427.427903834385,33.14695296907384,3.830372533855225,36578088.0,965282616.0,871550220.0,948460752.0,965284344.0,965284344.0,950150952.0,950244696.0,28606392.0,28606392.0,20416782.0,28180908.0,28606392.0,28606392.0,28504260.0,28504260.0,4,Egypt,Wheat,6358.0
79,2002,50.22594705425309,1.5403497772764936,0.13985411043244375,0.13956773034141912,21.803437219725716,205021.32664312664,163.0525049550495,151.20151118581074,10.295269525021759,1.3498589204750862,0.03578264892926898,0.03389313697884181,1.2735601631931486,9620.29565853693,34.70397513962505,3.9045114990909577,36578088.0,965282616.0,901517700.0,948460752.0,965284344.0,965284344.0,950150952.0,950244696.0,28606392.0,28606392.0,25104607.0,28180908.0,28606392.0,28606392.0,28504260.0,28504260.0,4,Egypt,Wheat,6434.5
79,2003,49.45208736709434,1.4790745217165895,0.13389598195337585,0.13560281381488634,21.483514074926024,205945.96035085502,161.8614776195614,150.72810861819198,10.177983261783863,1.3019583671217074,0.03125248387137421,0.03304507723416798,1.2624354711031958,9793.211438610402,34.38472384105055,3.7821026496412666,36578088.0,965282616.0,872376492.0,948460752.0,965284344.0,965284344.0,950150952.0,950244696.0,28606392.0,28606392.0,23582087.0,28180908.0,28606392.0,28606392.0,28504260.0,28504260.0,4,Egypt,Wheat,6500.1
79,2004,49.526770118845526,1.884471863521445,0.133386834697039,0.13460641507273363,21.394261572096084,206429.15624831425,162.91680329920982,150.52142877409395,9.934150829878037,1.715790846843876,0.031604116885238134,0.03242636432416178,1.3087756321953878,9440.72471027085,34.19643912397161,3.7871816976384918,36578088.0,965282616.0,873020706.0,948460752.0,965284344.0,965284344.0,950150952.0,950244696.0,28606392.0,28606392.0,22364294.0,28180908.0,28606392.0,28606392.0,28504260.0,28504260.0,4,Egypt,Wheat,6556.7
79,2005,50.29874586998504,1.300756652798802,0.13445144705474374,0.13441667821590592,21.347330058062518,206350.67652739977,165.3392460623109,150.13789063296005,9.814535601063861,1.1247793650028794,0.032127233738116615,0.03264167506294969,1.2967163861179518,9183.34789784094,31.739697161357146,3.7521125567377767,36578088.0,965282616.0,884517642.0,948460752.0,965284344.0,965284344.0,950150952.0,950244696.0,28606392.0,28606392.0,23847728.0,28180908.0,28606392.0,28606392.0,28504260.0,28504260.0,4,Egypt,Wheat,6492.9
79,2006,50.65556852293458,1.3385825529795494,0.13692533438680346,0.1366712320991764,21.31934788050475,205277.0866977302,162.72127399152117,150.30025458771485,9.890411665442027,1.180359468640704,0.03464556040678319,0.034884053094320314,1.3022655039914257,9775.008848237068,29.76771428743086,3.7914408192819176,36578088.0,965282616.0,896548518.0,948460752.0,965284344.0,965284344.0,950150952.0,950244696.0,28606392.0,28606392.0,26722402.0,28180908.0,28606392.0,28606392.0,28504260.0,28504260.0,4,Egypt,Wheat,6430.3
79,2007,50.85955971014284,1.2636859969544871,0.12781643450122185,0.13024762622967345,21.607197765950804,205235.9818054557,162.59484055463813,150.65620594785014,9.904809000049731,1.0938908566176357,0.030185786239739214,0.03262263703321699,1.2513586591009054,9768.17340918895,28.223787287266607,4.952675932422057,36578088.0,965282616.0,895133316.0,948460752.0,965284344.0,965284344.0,962341740.0,962359968.0,28606392.0,28606392.0,26214370.0,28180908.0,28606392.0,28606392.0,28586533.0,28586533.0,4,Egypt,Wheat,6467.3
79,2008,49.977825199153735,1.2633236313884306,0.12911103814150446,0.13130466281373904,22.036488515359384,207145.00100732403,171.1783677624452,151.0095606656345,9.602302713833618,1.0758016222937963,0.02954052029471697,0.03195856872811586,1.2493939059288943,9174.83789598912,26.57044162561994,5.7133996576960255,36578088.0,965282616.0,894004620.0,948460752.0,965284344.0,965284344.0,965284344.0,965284344.0,28606392.0,28606392.0,26218028.0,28180908.0,28606392.0,28606392.0,28606392.0,28606392.0,4,Egypt,Wheat,6503.1
79,2009,49.61844564644199,1.2682196915027735,0.12302667064661225,0.12575004709091764,22.025147018609225,207629.9928738673,170.8506502819451,151.2282204811308,9.381529771387276,1.0926733877007786,0.028110079341189222,0.030882848562972423,1.172704307493696,8542.548827486635,25.70023548204208,5.38375198220008,36578088.0,965282616.0,881813322.0,948460752.0,965284344.0,965284344.0,965284344.0,965284344.0,28606392.0,28606392.0,26190596.0,28180908.0,28606392.0,28606392.0,28606392.0,28606392.0,4,Egypt,Wheat,6382.9
79,2010,47.93325868659949,1.0220888111508484,0.12433996275757195,0.12690214589291873,22.954713808165657,208208.07174018866,166.56905556844507,153.40352164254338,9.105293803676673,0.8343002176090204,0.027320497381566326,0.03001862382488783,1.433642015950657,8660.388529590691,24.93003377237267,5.5087706190554675,36578088.0,965282616.0,897811506.0,948460752.0,965284344.0,965284344.0,965284344.0,965284344.0,28606392.0,28606392.0,26025281.0,28180908.0,28606392.0,28606392.0,28606392.0,28606392.0,4,Egypt,Wheat,5574.1
79,2011,49.68453066647842,1.2650840719930045,0.12619222973093938,0.12870724660812818,21.435237584290682,203018.32598341003,169.93354160528892,149.9907252864555,9.521643856361289,1.0574822217786326,0.027831812467931413,0.030543617266084684,1.2040294457679626,10908.836770350114,25.421745027933884,5.390977341989226,36578088.0,965282616.0,906497784.0,948460752.0,965284344.0,965284344.0,965284344.0,965284344.0,28606392.0,28606392.0,26425446.0,28180908.0,28606392.0,28606392.0,28606392.0,28606392.0,4,Egypt,Wheat,6542.8
79,2012,50.809789613672166,1.5904966888378327,0.12627806335135738,0.1276930841500824,21.943185660574173,205642.54671542064,172.18694628280448,150.8393259952789,9.231557871465272,1.4491280324951938,0.030349592678547352,0.03184135913653308,1.2848718361236036,9664.513367903188,25.26084484602264,5.490541494358921,36578088.0,965282616.0,917399670.0,948460752.0,965284344.0,965284344.0,965284344.0,965284344.0,28606392.0,28606392.0,27277317.0,28180908.0,28606392.0,28606392.0,28606392.0,28606392.0,4,Egypt,Wheat,6582.3
79,2013,49.97284984563056,1.4636959850000866,0.1294001626471678,0.12945392654288929,21.877621169443483,208364.47277945763,167.51626218802335,151.13728749336198,8.951753856528061,1.2500316679105115,0.03193732536965229,0.03221482201286583,1.27831285961867,8507.188010897844,24.434962727705706,5.531375282941245,36578088.0,965282616.0,917739630.0,948460752.0,965284344.0,965284344.0,965284344.0,965284344.0,28606392.0,28606392.0,27624096.0,28180908.0,28606392.0,28606392.0,28606392.0,28606392.0,4,Egypt,Wheat,6668.2
79,2014,50.49203367183426,1.1338622333543562,0.13059024109194672,0.13046396606684713,22.21355942002049,204657.18952968568,168.94015767713233,151.43151663531293,9.218309486666323,0.8980653207124384,0.03127598019576025,0.03145573931043756,1.3576881374197076,9578.639467765288,24.24028943020435,5.443185941119643,36578088.0,965282616.0,910079976.0,948460752.0,965284344.0,965284344.0,965284344.0,965284344.0,28606392.0,28606392.0,27680865.0,28180908.0,28606392.0,28606392.0,28606392.0,28606392.0,4,Egypt,Wheat,6175.2
79,2015,49.80882145670476,1.5345140392065917,0.13133586970744307,0.13099281828538023,22.21212661266327,203367.6252269968,168.56203940573977,151.61221757937122,9.102877189973333,1.3747675316846013,0.031713694129205106,0.03194067922003291,1.2691655211070136,9643.398097365556,25.074704450156098,5.431644374975311,36578088.0,965282616.0,901377534.0,948460752.0,965284344.0,965284344.0,965284344.0,965284344.0,28606392.0,28606392.0,27699365.0,28180908.0,28606392.0,28606392.0,28606392.0,28606392.0,4,Egypt,Wheat,6591.9
79,2016,49.419636295286494,2.567127494880332,0.13057278231200242,0.13029890049923518,22.797765700905412,206997.72737593818,167.22651104446754,151.91972367624345,8.99222939640142,2.1418123320409976,0.030946342973005685,0.03108562601510219,1.2055392464603056,8494.817856475129,24.058745297328933,5.512183990260329,36578088.0,965282616.0,911297430.0,948460752.0,965284344.0,965284344.0,965284344.0,965284344.0,28606392.0,28606392.0,27992684.0,28180908.0,28606392.0,28606392.0,28606392.0,28606392.0,4,Egypt,Wheat,6631.1
79,2017,50.71429337679837,1.4143595439433776,0.12986673611319724,0.12956766535521505,22.29282651124177,207015.61002070946,171.30941712470764,151.53656510377317,9.160659522517689,1.1275381538289115,0.030377382046717444,0.03051814907164995,1.1393743596169008,9023.33183332437,24.505088713855372,5.37180152138907,36578088.0,965282616.0,903051480.0,948460752.0,965284344.0,965284344.0,965284344.0,965284344.0,28606392.0,28606392.0,27900554.0,28180908.0,28606392.0,28606392.0,28606392.0,28606392.0,4,Egypt,Wheat,6859.7
79,2018,49.89787332448826,1.804965734141641,0.13588536541081134,0.1356441332014293,23.14615994029575,204453.2182892142,165.93382489146936,152.6606704897699,8.800597047542686,1.5708018382831568,0.03180566701336937,0.0319316552141751,1.2019780737026484,9169.126893702625,26.629602829898708,5.239591725772239,36578088.0,965282616.0,914866824.0,948460752.0,965284344.0,965284344.0,965284344.0,965284344.0,28606392.0,28606392.0,28002117.0,28180908.0,28606392.0,28606392.0,28606392.0,28606392.0,4,Egypt,Wheat,6294.2
79,2019,50.73628498845609,1.4462322940572248,0.13461360538861264,0.13414524901169764,22.335952361424763,206156.47764082387,168.47312189649523,151.13413395130743,8.923968058495175,1.2657768133554996,0.03202602335068246,0.03226308047517876,1.235567619349783,8777.532923267258,27.04500215425414,5.567723904098574,36578088.0,965282616.0,897221118.0,948460752.0,965284344.0,965284344.0,965284344.0,965284344.0,28606392.0,28606392.0,27830555.0,28180908.0,28606392.0,28606392.0,28606392.0,28606392.0,4,Egypt,Wheat,6500.3
79,2020,50.853796170220136,1.9007300526253286,0.13999438848070522,0.13970643919031578,22.393329130278694,205419.68430920815,169.50247836553737,151.64015318218551,8.762818974051951,1.5836056804392147,0.03273249477781503,0.03295940959099227,1.2055945031741533,8980.959203202483,25.98283076110545,5.353066178581357,36578088.0,965282616.0,915640194.0,948460752.0,965284344.0,965284344.0,965284344.0,965284344.0,28606392.0,28606392.0,27932774.0,28180908.0,28606392.0,28606392.0,28606392.0,28606392.0,4,Egypt,Wheat,6366.3
79,2021,49.938410155633086,2.047364267284598,0.1390790014562231,0.13878401570717466,22.765205096315455,208227.64958622213,171.8372833715283,153.20273081032738,8.774398941765176,1.8837733754031463,0.031144354074628396,0.03134913877597822,1.1980827319386957,8963.338803948696,26.942185051238848,5.459459074888793,36578088.0,965282616.0,917517468.0,948460752.0,965284344.0,965284344.0,965284344.0,965284344.0,28606392.0,28606392.0,27962758.0,28180908.0,28606392.0,28606392.0,28606392.0,28606392.0,4,Egypt,Wheat,6850.5
79,2022,50.388315866928934,1.7550745964947743,0.1385352221421069,0.1382671489235038,22.058083715262235,206117.21744714776,173.1427408667779,151.02845552269602,8.826632225971569,1.4283658245325033,0.031232832893076806,0.0314900982588894,1.203412296213182,9303.943704690932,27.14701497374101,5.48163756952026,36578088.0,965282616.0,912179196.0,948460752.0,965284344.0,965284344.0,965284344.0,965284344.0,28606392.0,28606392.0,27915251.0,28180908.0,28606392.0,28606392.0,28606392.0,28606392.0,4,Egypt,Wheat,6782.0
85,1992,36.05942784031442,12.048868032810482,0.2491110264220171,0.24811578205147292,12.625421166471723,145755.03958974167,111.4617770883299,138.38781691349197,13.140533628167736,5.380217284128343,0.03524937585859567,0.03539583531863017,2.1914286790848987,9250.79059223763,29.65763996261763,10.093381633909907,62096688.0,64902528.0,54075276.0,63093024.0,64902528.0,64902528.0,63185904.0,63326304.0,25128108.0,25128108.0,23280654.0,24812028.0,25128108.0,25128108.0,25042464.0,25048656.0,7,Azerbaijan,Wheat,2170.5
85,1993,36.05942784031442,9.987530477602053,0.24797481795152024,0.24724938662345616,12.315285417354769,144744.95112859824,109.8949943107536,145.95793952617842,13.140533628167736,4.31936018745181,0.035771230609176176,0.03603103947700788,2.1003067095976378,9500.442089474322,25.902165876200186,19.104115982781412,62096688.0,64902528.0,54668676.0,63093024.0,64902528.0,64902528.0,63185904.0,63326304.0,25128108.0,25128108.0,23350812.0,24812028.0,25128108.0,25128108.0,25042464.0,25048656.0,7,Azerbaijan,Wheat,1685.5
85,1994,36.05942784031442,9.952495323803605,0.2506148896904455,0.24989857346102498,13.087079512783223,141513.72717523965,113.75165558231237,134.3939900615534,13.140533628167736,4.3534389974856085,0.03523991024450676,0.03537952706111938,2.042070291273232,9330.032207636847,24.179103103220132,11.15175048285933,62096688.0,64902528.0,56048516.0,63093024.0,64902528.0,64902528.0,63185904.0,63326304.0,25128108.0,25128108.0,23778585.0,24812028.0,25128108.0,25128108.0,25042464.0,25048656.0,7,Azerbaijan,Wheat,1629.6
85,1995,36.05942784031442,9.190198284626918,0.24414787513928277,0.24343288605953736,14.417110288308727,151033.25327537264,134.85010168709402,142.5385147124124,13.140533628167736,4.239160817139845,0.03399401133274908,0.034294477261084866,2.0525717797761693,8654.156435236691,32.33854047531943,6.489235019487157,62096688.0,64902528.0,56331780.0,63093024.0,64902528.0,64902528.0,63185904.0,63326304.0,25128108.0,25128108.0,23875700.0,24812028.0,25128108.0,25128108.0,25042464.0,25048656.0,7,Azerbaijan,Wheat,1494.0
85,1996,36.05942784031442,9.778223559354439,0.23537341029279757,0.2346334955945627,14.067107624891731,144260.06304354782,111.08041269489607,143.53589351297683,13.140533628167736,4.373330518278652,0.03362493687685205,0.03396883114518986,2.0659506245546297,9904.124616428278,32.390996015311714,6.7270618666773885,62096688.0,64902528.0,56506684.0,63093024.0,64902528.0,64902528.0,63185904.0,63326304.0,25128108.0,25128108.0,23918508.0,24812028.0,25128108.0,25128108.0,25042464.0,25048656.0,7,Azerbaijan,Wheat,1662.7
85,1997,36.05942784031442,9.738762318758987,0.23793662587801612,0.23695266764895484,13.804212717753318,147548.98022405859,117.55357648841749,141.4338210881665,13.140533628167736,4.6359100461052245,0.036061290148834454,0.03638462077557464,2.144550922812341,9466.815684661327,32.03798945437533,6.762274337540401,62096688.0,64902528.0,56328248.0,63093024.0,64902528.0,64902528.0,63185904.0,63326304.0,25128108.0,25128108.0,23836939.0,24812028.0,25128108.0,25128108.0,25042464.0,25048656.0,7,Azerbaijan,Wheat,1691.4
85,1998,36.05942784031442,10.115575727924345,0.2285534140343467,0.2277216508353766,14.628554817703035,148642.51022465804,109.43592096597722,142.9778186690741,13.140533628167736,4.922451518160643,0.037511375599853486,0.03764327584246084,2.077441231548555,9442.010269100498,31.197697233907377,6.918633891439096,62096688.0,64902528.0,56846124.0,63093024.0,64902528.0,64902528.0,63185904.0,63326304.0,25128108.0,25128108.0,23907582.0,24812028.0,25128108.0,25128108.0,25042464.0,25048656.0,7,Azerbaijan,Wheat,1576.4
85,1999,36.05942784031442,11.575519561639958,0.23243370000272984,0.2319341211338974,14.530723784532812,151430.38909018022,112.94653041260102,138.82530745959477,13.140533628167736,5.4409838212571024,0.03896591871923155,0.03900201757731948,2.067491015502001,8729.774510284224,32.60713170213641,7.017568538868397,62096688.0,64902528.0,56881532.0,63093024.0,64902528.0,64902528.0,63185904.0,63326304.0,25128108.0,25128108.0,24065978.0,24812028.0,25128108.0,25128108.0,25042464.0,25048656.0,7,Azerbaijan,Wheat,1999.2
85,2000,31.41098373064599,11.186376360546774,0.23695209363682398,0.23592865839330543,14.291162992025622,149950.78805761013,97.89528707556332,137.37456545957758,12.884554074690525,5.0806925299915635,0.03398179462548373,0.03436263397796481,2.124949919737603,8835.626896418466,27.36093611157455,9.336813124251503,37947976.0,64902528.0,56035268.0,63093024.0,64902528.0,64902528.0,63185904.0,63326304.0,15356066.0,25128108.0,23716851.0,24812028.0,25128108.0,25128108.0,25042464.0,25048656.0,7,Azerbaijan,Wheat,2322.3
85,2001,35.380888974233606,12.028600384107333,0.23563469077150023,0.23441274051156163,14.56506292273601,150849.75974535846,131.3707041471635,143.35868405189723,13.140533628167736,4.976629962363318,0.03468361085729464,0.03490596749260103,2.011597817807704,8967.4542216935,32.367643716185626,6.417348298944708,62096688.0,64902528.0,55054248.0,63093024.0,64902528.0,64902528.0,63185904.0,63326304.0,25128108.0,25128108.0,23352150.0,24812028.0,25128108.0,25128108.0,25042464.0,25048656.0,7,Azerbaijan,Wheat,2615.4
85,2002,34.660333702657226,12.467056070509182,0.24077086171342263,0.24021182843583194,14.004789027074972,145917.83719037898,128.45448095130718,142.0185616776559,12.77702042311309,5.371285601466489,0.038444584028698665,0.03841518444345219,2.045330265458821,8986.047052678216,33.666160160431325,6.983698606765997,62096688.0,64902528.0,56828380.0,63093024.0,64902528.0,64902528.0,63185904.0,63326304.0,25128108.0,25128108.0,23780835.0,24812028.0,25128108.0,25128108.0,25042464.0,25048656.0,7,Azerbaijan,Wheat,2602.8
85,2003,33.039664733552996,14.646285366238386,0.2636199897776047,0.26155541345276345,13.446530534678864,142899.2000746827,124.7023110774684,140.41533108103286,11.01789706321031,5.578664581158047,0.03703977455104189,0.03734684776755039,2.0256702737956047,9853.918121443638,30.071634239585123,6.376380074243994,62096688.0,64902528.0,52091724.0,63093024.0,64902528.0,64902528.0,63185904.0,63326304.0,25128108.0,25128108.0,22968315.0,24812028.0,25128108.0,25128108.0,25042464.0,25048656.0,7,Azerbaijan,Wheat,2559.9
85,2004,38.12229218371661,13.8306490624118,0.2500620898273256,0.2491552012196131,14.238825009463149,150376.8116542758,139.93580161763532,142.12606009940407,12.714831345532954,5.544791214961398,0.03641772823725832,0.03623737161920862,2.0359739333174542,8417.788322811259,32.41810007018486,6.726978713141194,62096688.0,64902528.0,52110492.0,63093024.0,64902528.0,64902528.0,63185904.0,63326304.0,25128108.0,25128108.0,22991276.0,24812028.0,25128108.0,25128108.0,25042464.0,25048656.0,7,Azerbaijan,Wheat,2574.8
85,2005,34.18692536625778,12.667121282438382,0.2467386453515953,0.24564984609109086,14.588505332979063,148285.9498061039,125.75896138086301,142.03482668813524,13.059981578945395,4.906184399274677,0.04049459853163177,0.039972287398442524,2.061793816758938,9129.362520257022,31.411961709819266,6.605661420124845,62096688.0,64902528.0,51727900.0,63093024.0,64902528.0,64902528.0,63185904.0,63326304.0,25128108.0,25128108.0,22812345.0,24812028.0,25128108.0,25128108.0,25042464.0,25048656.0,7,Azerbaijan,Wheat,2581.8
85,2006,37.86338276666867,11.708203170573432,0.251692646390034,0.24995581674112025,14.420736359594027,151270.5316442218,133.21637159559668,142.41022750239313,12.830985691243765,4.737857040886685,0.03882144037091909,0.03893176054659328,1.971875382243842,8144.6692294633185,31.474863997670198,7.597009863470039,62096688.0,64902528.0,51868164.0,63093024.0,64902528.0,64902528.0,63185904.0,63326304.0,25128108.0,25128108.0,22760431.0,24812028.0,25128108.0,25128108.0,25042464.0,25048656.0,7,Azerbaijan,Wheat,2605.0
85,2007,34.108804941242695,12.721429885200344,0.23838814109977743,0.2388220054696592,14.231909286230803,146378.3963647205,124.38723245862222,142.61817327312986,12.661370097724461,5.115820736826227,0.03837690932010921,0.03829326137133794,1.9816998595237412,8594.91136100387,31.45823819590032,8.149774427097064,62096688.0,64902528.0,55385024.0,63093024.0,64902528.0,64902528.0,64568740.0,64596040.0,25128108.0,25128108.0,23283171.0,24812028.0,25128108.0,25128108.0,25111455.0,25112659.0,7,Azerbaijan,Wheat,2672.2
85,2008,35.67398349671518,10.292546347446752,0.24238201158328185,0.2421697927042828,14.083161307518216,150167.17262811319,134.48206296740767,140.66523349645286,13.162640229247863,4.277507317987832,0.036554288141143525,0.03659274697672879,1.972920304169822,8768.652957671351,29.781120098486642,7.6158454404205855,62096688.0,64902528.0,55022040.0,63093024.0,64902528.0,64902528.0,64902528.0,64902528.0,25128108.0,25128108.0,23004344.0,24812028.0,25128108.0,25128108.0,25128108.0,25128108.0,7,Azerbaijan,Wheat,2725.1
85,2009,39.860114972383414,14.587406653692463,0.24840995069179264,0.24819462449191823,14.409360961367687,148031.65465275844,143.12419277679206,140.89691896692287,14.042036998320318,6.320236775372472,0.03510715486159035,0.03536963425232329,2.0069242854161806,9031.46068927621,31.11624660721945,7.445875112674901,62096688.0,64902528.0,56779592.0,63093024.0,64902528.0,64902528.0,64902528.0,64902528.0,25128108.0,25128108.0,23882689.0,24812028.0,25128108.0,25128108.0,25128108.0,25128108.0,7,Azerbaijan,Wheat,2594.6
85,2010,40.677481922002556,14.84306679479913,0.2619470195430848,0.26149267816026406,15.642653856012556,148016.9476580778,146.85446108038101,142.64379490640866,12.368086299234982,5.725664499070685,0.03429922403497052,0.03457808636090573,1.8484100465496596,8386.553349890173,28.669058032959825,6.773281134305623,62096688.0,64902528.0,59954044.0,63093024.0,64902528.0,64902528.0,64902528.0,64902528.0,25128108.0,25128108.0,24486778.0,24812028.0,25128108.0,25128108.0,25128108.0,25128108.0,7,Azerbaijan,Wheat,1938.1
85,2011,36.46705397991363,13.806874774856373,0.25361618534144426,0.25339944465105496,13.568686543239487,142564.50024731824,139.54639763971886,139.81876281014848,12.988949872985113,5.359248714435953,0.034751677037751644,0.03490097390895119,1.9924018087309814,9342.000277655921,29.750870097316586,7.358684519227101,62096688.0,64902528.0,57696872.0,63093024.0,64902528.0,64902528.0,64902528.0,64902528.0,25128108.0,25128108.0,24131264.0,24812028.0,25128108.0,25128108.0,25128108.0,25128108.0,7,Azerbaijan,Wheat,2437.6
85,2012,35.658175922428654,13.306599548088386,0.23453859219120604,0.2344608449623722,14.90729375794116,150230.78975969006,135.02417284211396,142.59691644629046,13.185845807158447,5.870452204412939,0.03471808252346396,0.034783278173801876,2.000998223260191,8852.701063547924,29.82893166641853,7.454184401460138,62096688.0,64902528.0,57258760.0,63093024.0,64902528.0,64902528.0,64902528.0,64902528.0,25128108.0,25128108.0,23661679.0,24812028.0,25128108.0,25128108.0,25128108.0,25128108.0,7,Azerbaijan,Wheat,2614.4
85,2013,39.21216991114597,10.908588524100553,0.23093760831074578,0.23055713786297197,14.574046955392179,147150.8195497096,144.69298297201678,141.26927211997847,14.167097612557752,4.787160759877802,0.03358498233839098,0.033860681667472414,1.9835327907726286,9671.138594794438,31.69771250980994,7.675939698822891,62096688.0,64902528.0,57666492.0,63093024.0,64902528.0,64902528.0,64902528.0,64902528.0,25128108.0,25128108.0,23976468.0,24812028.0,25128108.0,25128108.0,25128108.0,25128108.0,7,Azerbaijan,Wheat,2671.9
85,2014,32.00267367930267,9.93876186265577,0.21732678440295986,0.21740909830712238,15.008716627127594,152577.0133291363,123.95126829051021,144.00876560872564,13.020477609921919,4.43839972937765,0.035245170402536746,0.03512086627117869,1.9585956692332178,8342.53378016016,30.915110553913376,8.181060539529934,62096688.0,64902528.0,56886120.0,63093024.0,64902528.0,64902528.0,64902528.0,64902528.0,25128108.0,25128108.0,23475324.0,24812028.0,25128108.0,25128108.0,25128108.0,25128108.0,7,Azerbaijan,Wheat,2328.5
85,2015,40.48360384291242,11.57205981922818,0.23015395541571904,0.22968687769337645,14.780960685676998,149269.48579051704,145.30205237690717,141.573568586312,13.540692279826347,5.227059595004213,0.03198343182452943,0.03218193770457389,1.918000888757094,8112.263789465032,30.437524227708302,8.134576394023998,62096688.0,64902528.0,58016776.0,63093024.0,64902528.0,64902528.0,64902528.0,64902528.0,25128108.0,25128108.0,24206278.0,24812028.0,25128108.0,25128108.0,25128108.0,25128108.0,7,Azerbaijan,Wheat,3038.5
85,2016,40.166162095936976,13.798632033096405,0.2405980623637636,0.24009719913832356,14.224154211787713,144630.95874968797,146.93084027397285,140.82697199568767,13.33839885742221,5.844023739052278,0.032803945218179885,0.033149147621092875,1.8723561567909985,9059.070430480911,29.319164185872484,7.458583892128761,62096688.0,64902528.0,58759780.0,63093024.0,64902528.0,64902528.0,64902528.0,64902528.0,25128108.0,25128108.0,24192665.0,24812028.0,25128108.0,25128108.0,25128108.0,25128108.0,7,Azerbaijan,Wheat,3047.5
85,2017,36.05942784031442,10.968400139736298,0.22387025112079245,0.22359792933276681,14.510735141372102,154848.82928516695,137.5760890967372,142.78254751535192,12.789279343982306,4.871754762572764,0.03270053130156467,0.03288924297543922,1.9427423132544301,8478.041065468364,28.79499148210006,7.76513297446837,62096688.0,64902528.0,57583668.0,63093024.0,64902528.0,64902528.0,64902528.0,64902528.0,25128108.0,25128108.0,23738961.0,24812028.0,25128108.0,25128108.0,25128108.0,25128108.0,7,Azerbaijan,Wheat,2968.7
85,2018,38.90521938743456,17.419704518415315,0.23463286324921576,0.23442915065692344,15.317638713452551,149296.35261947813,138.51954884273607,139.02308101809342,13.282529546112123,8.30602865113342,0.03368914673037005,0.03386877818233828,1.8831743714759372,8219.047864257369,32.63411831535158,12.135012388781924,62096688.0,64902528.0,59624996.0,63093024.0,64902528.0,64902528.0,64902528.0,64902528.0,25128108.0,25128108.0,24479116.0,24812028.0,25128108.0,25128108.0,25128108.0,25128108.0,7,Azerbaijan,Wheat,2938.3
85,2019,37.62305736103782,17.954910078181033,0.2267426904290914,0.22638383988623648,15.05301425523228,150983.00314466935,130.9212374712337,138.5304465704215,13.753390439690602,8.248447851113024,0.030770287935081773,0.03118894509083603,1.9834768598478587,8319.840606215765,36.52449719027866,15.895078321017804,62096688.0,64902528.0,58352340.0,63093024.0,64902528.0,64902528.0,64902528.0,64902528.0,25128108.0,25128108.0,24000608.0,24812028.0,25128108.0,25128108.0,25128108.0,25128108.0,7,Azerbaijan,Wheat,3155.5
85,2020,34.054011428359885,15.886963120688584,0.23259469432135418,0.23250171335846298,14.810784474843079,151799.74586459665,126.59231911643307,139.31617864963084,14.131426857317694,7.041375729240283,0.03248482883840344,0.03270010396167439,2.0174979277321894,8066.569982312501,36.9976547197265,14.258518390685149,62096688.0,64902528.0,58552960.0,63093024.0,64902528.0,64902528.0,64902528.0,64902528.0,25128108.0,25128108.0,23995420.0,24812028.0,25128108.0,25128108.0,25128108.0,25128108.0,7,Azerbaijan,Wheat,3090.8
85,2021,36.40788303916511,15.038568572424696,0.22747443399081624,0.22728609490846308,15.146664592954847,155803.71122291402,133.49512185267884,138.07752269870466,13.330278925448583,6.94221465313901,0.03404825806398393,0.03408949409474629,1.914831987638891,8027.314892615699,37.18624621203631,17.99834952065153,62096688.0,64902528.0,60049004.0,63093024.0,64902528.0,64902528.0,64902528.0,64902528.0,25128108.0,25128108.0,24413118.0,24812028.0,25128108.0,25128108.0,25128108.0,25128108.0,7,Azerbaijan,Wheat,3210.1
85,2022,34.003569487342624,14.275383254059442,0.22591758571151224,0.2258493894210478,15.171503930456108,154489.73580881662,130.332160028352,142.62497594810168,14.748898807392512,6.545019261324589,0.03442123799421312,0.03450608075912183,1.9937921202082731,8405.212516891206,38.429870554559635,12.654035389849936,62096688.0,64902528.0,59363560.0,63093024.0,64902528.0,64902528.0,64902528.0,64902528.0,25128108.0,25128108.0,24368488.0,24812028.0,25128108.0,25128108.0,25128108.0,25128108.0,7,Azerbaijan,Wheat,3111.3
91,1984,59.05048734209539,38.89115227686518,0.308169329450244,0.30531723437214076,16.570317447185516,160558.47828381066,183.9148425449533,132.242143974205,10.974797966548921,14.747634045006976,0.04433240619097088,0.04364634403480662,0.7231014833527267,5946.745570794581,18.44074419610539,2.531159909704163,179445456.0,185855904.0,158736960.0,179935776.0,185879880.0,185879880.0,179950680.0,180005328.0,29534040.0,29534040.0,23751298.0,28947996.0,29534040.0,29534040.0,29330748.0,29330748.0,14,Uruguay,Wheat,1543.6
91,1985,59.05048734209539,27.780083893759016,0.29920566316556046,0.2973779993512927,17.437921894921196,164552.0297435391,195.74140119679265,139.4177176632231,10.974797966548921,13.377483017118006,0.043748149846439245,0.043304186469205405,0.7562663102001932,6591.012177848524,19.595495392919382,3.295078958554734,179445456.0,185855904.0,164765250.0,179935776.0,185879880.0,185879880.0,179950680.0,180005328.0,29534040.0,29534040.0,24884454.0,28947996.0,29534040.0,29534040.0,29330748.0,29330748.0,14,Uruguay,Wheat,1162.7
91,1986,59.05048734209539,37.90351061973718,0.294702010593195,0.2949546419109911,17.488134172227646,164107.02240406157,188.91424877600798,138.2783024034263,10.974797966548921,13.940850770405417,0.049152763241389674,0.04502575489300695,0.7425178450383423,6644.827475597517,19.459011798228374,3.4079601459237967,179445456.0,185855904.0,131360400.0,179935776.0,185879880.0,185879880.0,179950680.0,180005328.0,29534040.0,29534040.0,19871509.0,28947996.0,29534040.0,29534040.0,29330748.0,29330748.0,14,Uruguay,Wheat,1243.0
91,1987,59.05048734209539,28.960872255447324,0.28705753378716165,0.2864505038210663,17.090702145187944,167001.82395760095,182.69964630129343,136.65710467028615,10.974797966548921,11.674853627043307,0.046451822887578056,0.04448612220856077,0.692913785392036,6365.066585825022,17.951837616824214,2.865616103672775,179445456.0,185855904.0,151426962.0,179935776.0,185879880.0,185879880.0,179950680.0,180005328.0,29534040.0,29534040.0,23207089.0,28947996.0,29534040.0,29534040.0,29330748.0,29330748.0,14,Uruguay,Wheat,1842.5
91,1988,59.05048734209539,26.382175002421377,0.2929944256941477,0.2916538152851796,16.471455735188943,176047.05252548048,167.37544155676974,135.70983106396753,10.974797966548921,10.641924827446031,0.0408559972798232,0.03941149267969389,0.7252633976670118,7008.470644526868,16.668141112241763,2.8550226134814296,179445456.0,185855904.0,141991782.0,179935776.0,185879880.0,185879880.0,179950680.0,180005328.0,29534040.0,29534040.0,23377764.0,28947996.0,29534040.0,29534040.0,29330748.0,29330748.0,14,Uruguay,Wheat,2341.0
91,1989,59.05048734209539,20.099049989428178,0.2845200251236006,0.28575378454693506,17.64107527556243,174197.54765450335,186.43547338736005,145.5107794629029,10.974797966548921,8.638876242705889,0.03935480833909082,0.03854974604617189,0.7871091627775272,7191.296388236315,21.768303121078688,4.200180684430468,179445456.0,185855904.0,163378740.0,179935776.0,185879880.0,185879880.0,179950680.0,180005328.0,29534040.0,29534040.0,24959005.0,28947996.0,29534040.0,29534040.0,29330748.0,29330748.0,14,Uruguay,Wheat,2392.0
91,1990,59.05048734209539,33.10304403271883,0.2917621994598044,0.293410267511255,17.002773803693277,163106.49285235835,205.77545888990335,139.83118582229213,10.974797966548921,12.728683760676429,0.0432922523847199,0.041517757542743255,0.6559699417395336,6819.152067409996,17.76700295434984,3.2348912325978256,179445456.0,185855904.0,154063914.0,179935776.0,185879880.0,185879880.0,179950680.0,180005328.0,29534040.0,29534040.0,24046540.0,28947996.0,29534040.0,29534040.0,29330748.0,29330748.0,14,Uruguay,Wheat,1851.0
91,1991,59.05048734209539,31.853016294483123,0.2948916314376725,0.2958543279527189,17.1161143956361,163765.96479846432,195.6750611937393,138.89099839897233,10.974797966548921,13.2201490807828,0.04190092049090682,0.04172663733301459,0.6786938733614929,6467.854334068817,19.730863168608376,3.091801603649765,179445456.0,185855904.0,147555780.0,179935776.0,185879880.0,185879880.0,179950680.0,180005328.0,29534040.0,29534040.0,24205205.0,28947996.0,29534040.0,29534040.0,29330748.0,29330748.0,14,Uruguay,Wheat,1613.5
91,1992,59.05048734209539,29.04560556254375,0.2902342975829486,0.2907608375912042,16.719957097812934,167656.08414025404,179.47740586356971,136.67883233201292,10.974797966548921,11.899607630829555,0.039811348280640486,0.03986346343950274,0.6744094030055829,7175.561876935782,21.012300614658198,3.321385633851468,179445456.0,185855904.0,169477476.0,179935776.0,185879880.0,185879880.0,179950680.0,180005328.0,29534040.0,29534040.0,27864905.0,28947996.0,29534040.0,29534040.0,29330748.0,29330748.0,14,Uruguay,Wheat,2303.5
91,1993,59.05048734209539,36.70193947098573,0.30002574408771815,0.2999965086229476,16.834879336533724,159655.13875360053,178.89745545887752,133.72329703077918,10.974797966548921,13.070832683797038,0.038980120711541895,0.03894260840491742,0.6515909572591133,6467.237768070237,17.712572060824588,2.8724617975902325,179445456.0,185855904.0,178555338.0,179935776.0,185879880.0,185879880.0,179950680.0,180005328.0,29534040.0,29534040.0,28816921.0,28947996.0,29534040.0,29534040.0,29330748.0,29330748.0,14,Uruguay,Wheat,1601.8
91,1994,59.05048734209539,28.384415625376054,0.28450586605403155,0.28447303853032485,17.37019458081987,170152.43350234043,149.88713555014613,132.4137597104126,10.974797966548921,12.132028494993913,0.03656578522966272,0.036546048823584344,0.7410750488771117,6146.697202002318,13.940358316184426,3.3936923293698715,179445456.0,185855904.0,177756036.0,179935776.0,185879880.0,185879880.0,179950680.0,180005328.0,29534040.0,29534040.0,28776747.0,28947996.0,29534040.0,29534040.0,29330748.0,29330748.0,14,Uruguay,Wheat,2565.3
91,1995,59.05048734209539,26.040512410354367,0.2877446001188622,0.28765780934157814,16.784229101958097,173752.61173426532,200.49767171699793,140.97156940371036,10.974797966548921,11.413582094377103,0.03765190330316702,0.037605960670370524,0.7803325001397234,6757.107160936342,17.206493686147464,3.2121362617296993,179445456.0,185855904.0,177801066.0,179935776.0,185879880.0,185879880.0,179950680.0,180005328.0,29534040.0,29534040.0,28661745.0,28947996.0,29534040.0,29534040.0,29330748.0,29330748.0,14,Uruguay,Wheat,2335.9
91,1996,59.05048734209539,24.630023423829197,0.28510153321204357,0.2849213807432173,17.194051813196253,171779.6528365116,198.54204692199048,140.74147836971173,10.974797966548921,10.078738897806238,0.03902947159706533,0.03907461288962048,0.7577338936574077,6716.6519771969315,18.313805698188926,3.5408234653287085,179445456.0,185855904.0,177423834.0,179935776.0,185879880.0,185879880.0,179950680.0,180005328.0,29534040.0,29534040.0,28579820.0,28947996.0,29534040.0,29534040.0,29330748.0,29330748.0,14,Uruguay,Wheat,2595.7
91,1997,59.05048734209539,30.97105185478112,0.2911393295421644,0.291547074745488,17.623746192013776,163267.28898730857,195.60119812292203,139.38286372908365,10.974797966548921,11.301558069449268,0.03896174443383714,0.03916418816804576,0.752144764873453,6577.079313425883,18.149206546117792,3.258402841641843,179445456.0,185855904.0,174674994.0,179935776.0,185879880.0,185879880.0,179950680.0,180005328.0,29534040.0,29534040.0,28050114.0,28947996.0,29534040.0,29534040.0,29330748.0,29330748.0,14,Uruguay,Wheat,1984.3
91,1998,59.05048734209539,32.179424761028365,0.30661307151118916,0.30681068328872585,16.673192845450508,160029.50440304924,215.729931909629,136.60948656538702,10.974797966548921,13.186123405718513,0.04264773914581713,0.04256914744497579,0.6866556040980989,6693.599330920751,18.194341640403007,2.7241224603128047,179445456.0,185855904.0,177304188.0,179935776.0,185879880.0,185879880.0,179950680.0,180005328.0,29534040.0,29534040.0,28572520.0,28947996.0,29534040.0,29534040.0,29330748.0,29330748.0,14,Uruguay,Wheat,2892.9
91,1999,59.05048734209539,26.02827962199498,0.2823885654409726,0.28394925592612313,16.892112175623577,169003.92992501496,186.60787921571242,135.3765993391139,10.974797966548921,11.127605753578846,0.04050276018223843,0.041037223193099465,0.7994813737879957,6100.178772420117,17.575890924686,3.0347163581380383,179445456.0,185855904.0,171185880.0,179935776.0,185879880.0,185879880.0,179950680.0,180005328.0,29534040.0,29534040.0,27547537.0,28947996.0,29534040.0,29534040.0,29330748.0,29330748.0,14,Uruguay,Wheat,1953.7
91,2000,62.29491053064568,39.51251889787304,0.30146587384795703,0.30429474289606656,17.084856229799765,167199.5947832383,171.9347326941405,133.03835095158,10.00213131686823,11.000355140838016,0.040802036212801734,0.04206075613163115,0.7054706292972824,6479.2815238273115,22.521369054862838,2.8611423762463972,109661112.0,185855904.0,158900466.0,179935776.0,185879880.0,185879880.0,179950680.0,180005328.0,18048580.0,29534040.0,25280273.0,28947996.0,29534040.0,29534040.0,29330748.0,29330748.0,14,Uruguay,Wheat,2534.4
91,2001,62.19267885775986,41.094961110893735,0.2924869840757714,0.2964898218685678,17.765530634809423,160033.1112030393,208.42570858994733,138.1804021619872,8.663209415160033,12.301206432756883,0.040799810011998804,0.04076683291388233,0.6818718510212988,6771.598602973232,17.230116490798302,2.9083133629428937,179445456.0,185855904.0,139174806.0,179935776.0,185879880.0,185879880.0,179950680.0,180005328.0,29534040.0,29534040.0,23486612.0,28947996.0,29534040.0,29534040.0,29330748.0,29330748.0,14,Uruguay,Wheat,1148.8
91,2002,60.0384353806025,50.326831217163495,0.30909918814345644,0.3095719846368343,17.27213477646863,157489.9896717274,196.96851593607894,138.12663027674387,8.644456449497492,15.874957074980614,0.0397943516211452,0.039755666427818075,0.6850741442817659,6507.40084798931,16.94822189666855,2.709993205915746,179445456.0,185855904.0,171534054.0,179935776.0,185879880.0,185879880.0,179950680.0,180005328.0,29534040.0,29534040.0,27414189.0,28947996.0,29534040.0,29534040.0,29330748.0,29330748.0,14,Uruguay,Wheat,2000.0
91,2003,59.3932315138375,38.899102018479,0.29831266527374584,0.29807953649095686,16.846979565090603,171057.8368685882,192.7971979508967,138.1180232677191,8.990714263207328,13.233410043877461,0.039114045998217765,0.03836193217850611,0.703253718245405,6898.031870889081,16.270078309636194,2.9019538563519083,179445456.0,185855904.0,167922756.0,179935776.0,185879880.0,185879880.0,179950680.0,180005328.0,29534040.0,29534040.0,26483121.0,28947996.0,29534040.0,29534040.0,29330748.0,29330748.0,14,Uruguay,Wheat,1501.1
91,2004,58.60625891726501,27.41882977535599,0.27886683797394785,0.28050925554782674,17.414422114690144,171128.49279485535,187.4447128352751,140.01573984406033,9.982175862630918,8.847122522745513,0.03595478595272301,0.03588111344917336,0.7224860406108533,6630.117948435416,17.134012413699246,3.176071931103477,179445456.0,185855904.0,167052018.0,179935776.0,185879880.0,185879880.0,179950680.0,180005328.0,29534040.0,29534040.0,26186388.0,28947996.0,29534040.0,29534040.0,29330748.0,29330748.0,14,Uruguay,Wheat,2769.8
91,2005,58.968596716597,34.81008477655684,0.29239818922899385,0.2926422101411413,17.40116051832835,171254.9079552938,197.8396258110352,140.9382879032541,10.10650393424388,11.582918190791695,0.038020990228942314,0.03814625020759821,0.7444054347046145,6460.798705974129,18.388794748010802,3.0216435909238233,179445456.0,185855904.0,167780286.0,179935776.0,185879880.0,185879880.0,179950680.0,180005328.0,29534040.0,29534040.0,26206282.0,28947996.0,29534040.0,29534040.0,29330748.0,29330748.0,14,Uruguay,Wheat,2970.4
91,2006,59.543088686678054,34.1005914931559,0.2842441966964139,0.28516966433313273,17.576887241116278,175099.67638997023,198.89656423446195,140.8048377709493,10.618189153654862,10.636136405830076,0.03736834438434116,0.03694728731442563,0.849223657321946,6372.052643431039,18.07816574313619,3.387085476337317,179445456.0,185855904.0,167788254.0,179935776.0,185879880.0,185879880.0,179950680.0,180005328.0,29534040.0,29534040.0,26213181.0,28947996.0,29534040.0,29534040.0,29330748.0,29330748.0,14,Uruguay,Wheat,2958.3
91,2007,57.82925939420141,40.400644846318265,0.29706459940859564,0.29705153211560076,16.857156457724393,168264.96216665037,187.65551906523305,142.2816401594501,10.057913191993032,11.429673954519933,0.03668451007488733,0.036698352256384015,0.7264476148904533,6340.085994879737,19.74515242933166,9.555769394474991,179445456.0,185855904.0,172648152.0,179935776.0,185879880.0,185879880.0,184726980.0,184737606.0,29534040.0,29534040.0,27071604.0,28947996.0,29534040.0,29534040.0,29494511.0,29494511.0,14,Uruguay,Wheat,3160.3
91,2008,52.94934495649791,20.09776426195651,0.252956624660227,0.2558087525861739,17.691249322008204,176194.66248048708,186.83660365482467,144.39801532728526,11.036294329262965,8.062585574060552,0.034186773247756784,0.035979871505871015,0.7441746039631922,6991.514409745972,21.379813623118768,10.86607892667807,179445456.0,185855904.0,172666968.0,179935776.0,185879880.0,185879880.0,185879880.0,185879880.0,29534040.0,29534040.0,27072641.0,28947996.0,29534040.0,29534040.0,29534040.0,29534040.0,14,Uruguay,Wheat,2842.0
91,2009,57.094870790775666,39.61383901756361,0.2935095927505581,0.2936746710718419,17.080045859018963,170056.4778146436,196.0625855708877,141.6626903879724,11.54999921474323,11.586804934187192,0.035911583955827706,0.03622474383783911,0.7613789614179339,6918.0594844505695,21.021826105752535,10.917449896912892,179445456.0,185855904.0,172648152.0,179935776.0,185879880.0,185879880.0,185879880.0,185879880.0,29534040.0,29534040.0,27071604.0,28947996.0,29534040.0,29534040.0,29534040.0,29534040.0,14,Uruguay,Wheat,2856.0
91,2010,56.205204631066124,34.70501515740679,0.29458396509289736,0.2946838336420293,17.068769527806175,170755.1673031036,196.56483135595323,141.46154543033842,10.687183276754237,10.367489097762984,0.034594158781170295,0.03471015144173457,0.6758899436885488,6106.554650314483,18.637659101148138,10.87182299585182,179445456.0,185855904.0,173137368.0,179935776.0,185879880.0,185879880.0,185879880.0,185879880.0,29534040.0,29534040.0,27098566.0,28947996.0,29534040.0,29534040.0,29534040.0,29534040.0,14,Uruguay,Wheat,3358.3
91,2011,56.34800642904536,28.209075246236946,0.28109628189769054,0.282059597404994,17.02072291683268,175064.51471662152,196.170028359239,141.2699274015079,11.66758370823255,9.732993089982646,0.03416814422850255,0.034154962278834564,0.7536046105671936,6506.363116292448,20.0360609252511,10.88229998203503,179445456.0,185855904.0,173039004.0,179935776.0,185879880.0,185879880.0,185879880.0,185879880.0,29534040.0,29534040.0,27106261.0,28947996.0,29534040.0,29534040.0,29534040.0,29534040.0,14,Uruguay,Wheat,3219.6
91,2012,57.654576795501846,38.1713395362316,0.2902573418148138,0.2909338579325995,17.731242528668158,170100.99356177595,194.81474919065002,141.66041104460157,11.253563909683825,11.534432051221977,0.035016684529242025,0.0351948886407882,0.6899876587366248,6145.194197055359,19.726441650284453,10.868113821842359,179445456.0,185855904.0,175157496.0,179935776.0,185879880.0,185879880.0,185879880.0,185879880.0,29534040.0,29534040.0,27768923.0,28947996.0,29534040.0,29534040.0,29534040.0,29534040.0,14,Uruguay,Wheat,3397.9
91,2013,59.69912818226768,29.063600291625704,0.28888548565683536,0.28890904067945683,17.105487143551862,175166.28707935623,200.08745706955818,140.92056209058163,11.425882343378019,10.448511534922066,0.034361424960655015,0.03426123120863026,0.66672417778915,5611.497784235806,19.300954106274023,10.894521597588486,179445456.0,185855904.0,177663198.0,179935776.0,185879880.0,185879880.0,185879880.0,185879880.0,29534040.0,29534040.0,28538744.0,28947996.0,29534040.0,29534040.0,29534040.0,29534040.0,14,Uruguay,Wheat,2182.2
91,2014,59.88634586011162,47.10885001962591,0.31412597793947766,0.31390357664473956,17.52992093121564,165403.9326962652,201.17505770346517,140.37856861672378,10.93264957359918,12.45379507556975,0.03585909633462183,0.035774649181430175,0.652004330562148,6882.5110360836725,18.472120200709387,10.869860916929497,179445456.0,185855904.0,177714426.0,179935776.0,185879880.0,185879880.0,185879880.0,185879880.0,29534040.0,29534040.0,28591448.0,28947996.0,29534040.0,29534040.0,29534040.0,29534040.0,14,Uruguay,Wheat,3317.7
91,2015,57.30816401179378,32.93598462533268,0.2739702342423024,0.2741431126853308,17.674542396156877,168732.1392171481,190.26664883404464,140.67403959701446,10.9014391034301,11.792004787312619,0.033587802339774146,0.0337636624775952,0.6563276042399766,6663.454804851117,19.76601945286643,10.948391026209087,179445456.0,185855904.0,178259166.0,179935776.0,185879880.0,185879880.0,185879880.0,185879880.0,29534040.0,29534040.0,28654122.0,28947996.0,29534040.0,29534040.0,29534040.0,29534040.0,14,Uruguay,Wheat,2696.7
91,2016,57.146877477328495,37.888056588543265,0.29999527376559043,0.2998138217906969,17.04124790209311,165832.17730617407,201.47176386402097,140.74546950065408,10.974797966548921,10.598546566386233,0.03336313663575462,0.033416432101534714,0.6822919554972595,6946.170840857069,18.845775644475403,10.958303898580406,179445456.0,185855904.0,178944528.0,179935776.0,185879880.0,185879880.0,185879880.0,185879880.0,29534040.0,29534040.0,28659859.0,28947996.0,29534040.0,29534040.0,29534040.0,29534040.0,14,Uruguay,Wheat,3608.2
91,2017,60.62880262786984,38.027915438009096,0.29810555355140456,0.2980610220600607,18.184548020362854,170277.75052035335,200.40188610075288,141.81887630868053,10.608228079490175,13.179674698388194,0.033812796176187924,0.033779538374389594,0.62344508711266,6458.720133869849,18.183051943739986,10.776907005371257,179445456.0,185855904.0,179215098.0,179935776.0,185879880.0,185879880.0,185879880.0,185879880.0,29534040.0,29534040.0,28732334.0,28947996.0,29534040.0,29534040.0,29534040.0,29534040.0,14,Uruguay,Wheat,3520.9
91,2018,59.15844054686794,34.3584363502116,0.28861489671247975,0.28849377092985556,17.782718618710835,171643.61835038345,199.54241120590814,141.69080074592242,12.057763410964915,11.193323225924226,0.03349200458574449,0.03355325848007754,0.6545074478482369,5975.968773060174,20.974870225402782,10.855268615205876,179445456.0,185855904.0,179119608.0,179935776.0,185879880.0,185879880.0,185879880.0,185879880.0,29534040.0,29534040.0,28712926.0,28947996.0,29534040.0,29534040.0,29534040.0,29534040.0,14,Uruguay,Wheat,2279.8
91,2019,60.36883034997322,37.648718564280976,0.2986121370146672,0.29854701866102007,17.39703830966243,167078.19019951575,200.15337231334863,139.66965491008062,11.012791494596915,12.14567612649819,0.033956591247311776,0.033985119422017075,0.6251056317714535,5950.533163950192,19.592877131649924,10.833834403253848,179445456.0,185855904.0,179000970.0,179935776.0,185879880.0,185879880.0,185879880.0,185879880.0,29534040.0,29534040.0,28686744.0,28947996.0,29534040.0,29534040.0,29534040.0,29534040.0,14,Uruguay,Wheat,3667.3
91,2020,58.079171733869025,23.58043582875956,0.26674996192256606,0.26686090235655946,17.412022162366796,181276.45616545418,194.40996368061445,141.47814087315444,11.660653124545208,8.628430597152752,0.032613845833403085,0.03262916405297203,0.6911640862483572,7805.225565071572,20.907909254532097,10.889537021273915,179445456.0,185855904.0,179086254.0,179935776.0,185879880.0,185879880.0,185879880.0,185879880.0,29534040.0,29534040.0,28692714.0,28947996.0,29534040.0,29534040.0,29534040.0,29534040.0,14,Uruguay,Wheat,3268.6
91,2021,59.4129056499849,27.349785881972256,0.2791489942896145,0.27929943458478784,17.550303905098527,175051.53499614616,191.90157255025952,142.19598428342348,11.538072967332653,10.000039637573822,0.033017650691789954,0.033049614297912006,0.6654786392920438,7206.257507997526,20.508715685526187,10.81975236548841,179445456.0,185855904.0,179135952.0,179935776.0,185879880.0,185879880.0,185879880.0,185879880.0,29534040.0,29534040.0,28686132.0,28947996.0,29534040.0,29534040.0,29534040.0,29534040.0,14,Uruguay,Wheat,4182.2
91,2022,59.653901650071894,27.80177842759137,0.28060030205934133,0.28058413137710764,17.06133864544056,177121.0118465544,190.2088230729642,141.19914216742603,11.205958173209009,10.68990734948347,0.033576998674309334,0.033487755966276365,0.7257955140142553,6874.680975799581,20.472477997667266,10.924879088217665,179445456.0,185855904.0,179037078.0,179935776.0,185879880.0,185879880.0,185879880.0,185879880.0,29534040.0,29534040.0,28686880.0,28947996.0,29534040.0,29534040.0,29534040.0,29534040.0,14,Uruguay,Wheat,4250.1
98,1992,39.299449966505904,21.51406103346641,0.27652608313494254,0.2743658107116518,10.332395183998678,147138.3487049575,114.8303063976596,145.31747417117808,12.647872996455758,11.613788145194599,0.04016823664755822,0.03958389530393333,2.5699600098855884,8232.498227347845,26.230818867644658,21.227995394623246,66538440.0,68684400.0,46097385.0,67942650.0,68685120.0,68685120.0,65006820.0,65125800.0,7379532.0,7379532.0,6134081.0,7369668.0,7379532.0,7379532.0,7337016.0,7337016.0,26,Georgia,Wheat,1767.4
98,1993,39.299449966505904,16.373083720254957,0.27504431688123276,0.27487396837700984,10.223139768259394,147923.716856348,123.95052893930404,145.35901802050162,12.647872996455758,6.798443529981441,0.0409193825692713,0.042209334300552244,2.5169222599773473,9137.118387294984,23.107592931637814,22.725956281446354,66538440.0,68684400.0,45542645.0,67974900.0,68685120.0,68685120.0,65006820.0,65125800.0,7379532.0,7379532.0,5899223.0,7369668.0,7379532.0,7379532.0,7337016.0,7337016.0,26,Georgia,Wheat,1425.0
98,1994,39.299449966505904,15.689539150771463,0.2806382378770245,0.27895245978566674,11.020055643055175,143894.2607872376,128.79755836643298,135.89456270724912,12.647872996455758,6.321187240855103,0.043910724657019215,0.045231224637928294,2.369710024274209,9101.638925209329,21.06242789073884,17.766778478972622,66538440.0,68684400.0,47344650.0,67985650.0,68685120.0,68685120.0,65006820.0,65125800.0,7379532.0,7379532.0,6212265.0,7369668.0,7379532.0,7379532.0,7337016.0,7337016.0,26,Georgia,Wheat,1324.4
98,1995,39.299449966505904,16.144345122231073,0.2787558904952473,0.2749806521981815,11.801039505460196,150002.78813873365,144.62606007440087,139.48351306430803,12.647872996455758,7.4630169474078585,0.042075463179051927,0.04305555845751123,2.598883672990422,9587.754172514384,28.19761610800127,9.937378976599284,66538440.0,68684400.0,48357730.0,67974900.0,68685120.0,68685120.0,65006820.0,65125800.0,7379532.0,7379532.0,6469210.0,7369668.0,7379532.0,7379532.0,7337016.0,7337016.0,26,Georgia,Wheat,1303.2
98,1996,39.299449966505904,17.802293913696488,0.2726138020555178,0.2695994631479667,11.85415925729192,145577.9262673985,135.47790722648872,139.90750370530625,12.647872996455758,8.159250178642441,0.040605277411189876,0.041153326379930896,2.572132721807455,10279.889540378024,30.9874896923073,10.189745689779071,66538440.0,68684400.0,47723990.0,67974900.0,68685120.0,68685120.0,65006820.0,65125800.0,7379532.0,7379532.0,6581805.0,7369668.0,7379532.0,7379532.0,7337016.0,7337016.0,26,Georgia,Wheat,1403.9
98,1997,39.299449966505904,19.490533903245716,0.2747279486722416,0.2720416323008179,11.501634394118769,149249.0919090894,145.18701536070736,137.89563681791952,12.647872996455758,8.12098274323233,0.039904212736246905,0.04032333688248378,2.5194084980233575,9424.506571238802,29.419329016846834,10.42339575060194,66538440.0,68684400.0,47691980.0,67953400.0,68685120.0,68685120.0,65006820.0,65125800.0,7379532.0,7379532.0,6343536.0,7369668.0,7379532.0,7379532.0,7337016.0,7337016.0,26,Georgia,Wheat,1710.9
98,1998,39.299449966505904,19.047295689743713,0.27012842098871864,0.26635272593151355,12.854067507262032,150441.57174786628,135.7659759546891,138.84609012287635,12.647872996455758,8.66581898690649,0.037782341544306514,0.03872412595308819,2.520421161424954,8501.388609184138,26.070144732137724,9.695689829417612,66538440.0,68684400.0,48971705.0,67931900.0,68685120.0,68685120.0,65006820.0,65125800.0,7379532.0,7379532.0,6506308.0,7369668.0,7379532.0,7379532.0,7337016.0,7337016.0,26,Georgia,Wheat,1087.2
98,1999,39.299449966505904,19.997884055301277,0.2764692894286579,0.27324229634438196,12.546519601510632,149837.59655065753,138.5990734964738,135.826524860255,12.647872996455758,8.746992067351538,0.04137731069608042,0.04188573378085033,2.5538180686765655,8308.77865887183,24.50872978520078,10.52563280185574,66538440.0,68684400.0,46869015.0,67964150.0,68685120.0,68685120.0,65006820.0,65125800.0,7379532.0,7379532.0,6432925.0,7369668.0,7379532.0,7379532.0,7337016.0,7337016.0,26,Georgia,Wheat,2032.5
98,2000,36.97028869306068,19.004642517574826,0.2708104166719648,0.2666623564829698,12.1016026337838,153972.65493647414,110.32072831914128,136.82037966970674,14.831225094884564,8.053885228482606,0.04235427112355456,0.04254220852779582,2.7175323715910475,9581.995573584929,26.517679470214677,13.30399813391341,40662380.0,68684400.0,46162280.0,67942650.0,68685120.0,68685120.0,65006820.0,65125800.0,4509714.0,7379532.0,6321330.0,7369668.0,7379532.0,7379532.0,7337016.0,7337016.0,26,Georgia,Wheat,1043.0
98,2001,41.36128188077708,22.868274832281855,0.2757322644193967,0.2733017538999599,12.537851174548269,151139.74990967038,156.2180601194407,139.58872119486418,13.234322343330382,9.587069634537935,0.0419892505538908,0.041899691950694165,2.5488917037542578,7911.752474567936,31.643082555711427,9.763171179313384,66538440.0,68684400.0,46044670.0,67953400.0,68685120.0,68685120.0,65006820.0,65125800.0,7379532.0,7379532.0,6431984.0,7369668.0,7379532.0,7379532.0,7337016.0,7337016.0,26,Georgia,Wheat,2688.3
98,2002,39.299449966505904,23.74227920396921,0.28643389683630727,0.28542149863759925,12.01853664061572,146966.88372486952,148.36040064291805,138.38862974025938,11.324281191365872,9.578630709064791,0.039009051731456336,0.03897957846129188,2.535205795522822,8513.55280506779,25.442210716159895,10.480878198506758,66538440.0,68684400.0,49966845.0,67996400.0,68685120.0,68685120.0,65006820.0,65125800.0,7379532.0,7379532.0,6527163.0,7369668.0,7379532.0,7379532.0,7337016.0,7337016.0,26,Georgia,Wheat,1698.4
98,2003,36.65680397986502,21.609751415012052,0.3011015160216225,0.2947016012303805,11.422111561977202,144955.74648952502,142.69920335408588,138.55123382402016,11.415446189473018,9.610332102700125,0.039673656154041906,0.04177101432314726,2.483116091227463,10014.617182188684,24.98923124681633,10.29885859619952,66538440.0,68684400.0,33912815.0,67953400.0,68685120.0,68685120.0,65006820.0,65125800.0,7379532.0,7379532.0,5729977.0,7369668.0,7379532.0,7379532.0,7337016.0,7337016.0,26,Georgia,Wheat,1934.7
98,2004,39.34254421286171,21.95376374179316,0.2924495895703633,0.2886514166071553,12.205962195951077,151745.65145179516,152.6190991410202,139.0378653476988,11.91923033408707,10.59419986251059,0.03620105238585036,0.03769460657405547,2.539613786821206,9050.243433414467,28.530407291695187,10.204287806174271,66538440.0,68684400.0,35714875.0,67974900.0,68685120.0,68685120.0,65006820.0,65125800.0,7379532.0,7379532.0,5808063.0,7369668.0,7379532.0,7379532.0,7337016.0,7337016.0,26,Georgia,Wheat,1816.5
98,2005,39.54256891987322,24.717240543001562,0.29791226974791946,0.2925106324924065,12.41879407661553,144415.4158082521,149.2024294762671,137.3296177439722,12.055542877039144,12.018260077568932,0.037610167786537134,0.0395692035712707,2.474412617383554,9540.313582720966,26.480400916781804,9.647175515468083,66538440.0,68684400.0,35328535.0,67974900.0,68685120.0,68685120.0,65006820.0,65125800.0,7379532.0,7379532.0,5793048.0,7369668.0,7379532.0,7379532.0,7337016.0,7337016.0,26,Georgia,Wheat,1988.9
98,2006,41.330374218310034,23.48803804694036,0.29452580031421444,0.2891402576228729,12.500692195196946,148093.56661033176,152.02038233752992,137.99708184156228,11.782256933517385,11.738358807467476,0.03991278259568805,0.04197453081334502,2.441712404815659,9027.331999032574,27.055167396108576,9.711695694057775,66538440.0,68684400.0,34737480.0,67942650.0,68685120.0,68685120.0,65006820.0,65125800.0,7379532.0,7379532.0,5604023.0,7369668.0,7379532.0,7379532.0,7337016.0,7337016.0,26,Georgia,Wheat,1246.9
98,2007,38.29905050380217,22.777835473254715,0.2863034844398498,0.28332000807667324,12.452096547807256,145694.01777185375,144.532080275956,137.21970485960037,11.554418288433967,9.811284675426172,0.04069172849428036,0.04288579585838151,2.4405745250706667,8509.437175626888,28.476499005105982,9.817793290034219,66538440.0,68684400.0,50178575.0,68103900.0,68685120.0,68685120.0,67969895.0,67993030.0,7379532.0,7379532.0,6376128.0,7369668.0,7379532.0,7379532.0,7371265.0,7371265.0,26,Georgia,Wheat,1668.2
98,2008,37.61694322807178,19.713459423736378,0.27392103535502976,0.27161232187993317,12.398568562914928,149643.00579450512,148.58907473913845,137.3756143901192,12.089216422803814,8.810674719166236,0.03628350269407877,0.037867880660634255,2.4881756980162257,8922.545054940705,27.26659081085112,8.77857886483251,66538440.0,68684400.0,48342259.0,68007150.0,68685120.0,68685120.0,68685120.0,68685120.0,7379532.0,7379532.0,6012163.0,7369668.0,7379532.0,7379532.0,7379532.0,7379532.0,26,Georgia,Wheat,1683.4
98,2009,41.00990811615069,29.037062667634533,0.2801953391068511,0.27771821016277953,12.681936934921477,149328.64831163653,155.9446918234864,137.0557247472867,12.647872996455758,13.409248396403967,0.03874394554633222,0.04049354425101052,2.525037865324751,8191.876327884015,26.90658611917253,8.651943320380726,66538440.0,68684400.0,52338510.0,67964150.0,68685120.0,68685120.0,68685120.0,68685120.0,7379532.0,7379532.0,6383402.0,7369668.0,7379532.0,7379532.0,7379532.0,7379532.0,26,Georgia,Wheat,1073.7
98,2010,42.44258537624835,24.965964244783375,0.28949840068817134,0.2883399602963235,14.161122801568773,149679.63298160624,161.5055221646861,139.3912810738408,12.362087292282409,10.9811895525104,0.041259951721787626,0.04153803318866018,2.374749927899269,7895.240254418891,26.376362138881156,7.337411171478439,66538440.0,68684400.0,57774750.0,68146900.0,68685120.0,68685120.0,68685120.0,68685120.0,7379532.0,7379532.0,7030073.0,7369668.0,7379532.0,7379532.0,7379532.0,7379532.0,26,Georgia,Wheat,1018.9
98,2011,40.81134586709528,22.956335008368747,0.2869799799389309,0.28340139313026447,11.861882373276684,143067.09414062253,154.42339760807755,135.07804181311926,11.532379210097426,10.177313746381136,0.04066523403888006,0.04191270922993772,2.48956989870742,9948.912646156572,24.951103442024078,8.195550999358016,66538440.0,68684400.0,50556695.0,68082400.0,68685120.0,68685120.0,68685120.0,68685120.0,7379532.0,7379532.0,6332624.0,7369668.0,7379532.0,7379532.0,7379532.0,7379532.0,26,Georgia,Wheat,2068.4
98,2012,38.870995809615955,22.440448130597286,0.2783396814432409,0.2773236539920019,13.117228978375595,151382.28621665214,152.3769703363301,138.17859409586038,10.80118523111149,9.711801415039643,0.044963759376718385,0.04606530373462236,2.5729005442308144,8796.089301283633,24.711310834597196,8.24043268885304,66538440.0,68684400.0,51567080.0,68039400.0,68685120.0,68685120.0,68685120.0,68685120.0,7379532.0,7379532.0,6231539.0,7369668.0,7379532.0,7379532.0,7379532.0,7379532.0,26,Georgia,Wheat,1698.9
98,2013,38.733821352646586,17.46089130906777,0.2749283244212468,0.2709547125972205,12.835549270382359,147883.11899522238,153.47293408663216,137.58915533950395,12.179519768564868,8.760064079863778,0.0439417267420421,0.04554922124972251,2.497625958939935,9150.669607543728,28.928733772582007,9.309107282639719,66538440.0,68684400.0,51847395.0,68060900.0,68685120.0,68685120.0,68685120.0,68685120.0,7379532.0,7379532.0,6457045.0,7369668.0,7379532.0,7379532.0,7379532.0,7379532.0,26,Georgia,Wheat,1836.7
98,2014,35.682310654713625,18.297077073608225,0.2666770017809338,0.26261627608686006,13.506469846930768,150692.87176912988,145.18739858448527,140.83020258397508,13.148946662714863,8.511199643160827,0.040662381909440076,0.04166891759564815,2.5525023975352132,8700.118405277864,30.888321738719732,10.243878368131593,66538440.0,68684400.0,50664355.0,67985650.0,68685120.0,68685120.0,68685120.0,68685120.0,7379532.0,7379532.0,6414744.0,7369668.0,7379532.0,7379532.0,7379532.0,7379532.0,26,Georgia,Wheat,1353.3
98,2015,41.06431368300405,21.510333544946096,0.27864686863289934,0.2738919935122802,13.401797737015618,147374.73638421958,157.51863754550686,138.9518798729473,14.121967706799063,8.997004796670458,0.044644370799375804,0.04611907238260262,2.4730894933337746,8832.111911112812,30.88848623865349,8.501863006194025,66538440.0,68684400.0,50379845.0,67942650.0,68685120.0,68685120.0,68685120.0,68685120.0,7379532.0,7379532.0,6409531.0,7369668.0,7379532.0,7379532.0,7379532.0,7379532.0,26,Georgia,Wheat,2579.1
98,2016,40.90842632679716,23.005283116296308,0.28420929536223405,0.27971307500684256,12.874995734190776,147964.79151098925,158.46210687455385,137.92881348323428,13.11416427289607,10.387088145838758,0.04448264100701921,0.04692691413342752,2.4517704929908155,8409.565944441052,29.636350365253445,8.521518594508311,66538440.0,68684400.0,50083735.0,67931900.0,68685120.0,68685120.0,68685120.0,68685120.0,7379532.0,7379532.0,6369594.0,7369668.0,7379532.0,7379532.0,7379532.0,7379532.0,26,Georgia,Wheat,2573.2
98,2017,37.7569370917339,20.70010668240655,0.26569428717096644,0.2631112062134667,12.978006153439896,155419.39485470272,150.24182392162317,139.40034299965376,12.941552071760404,10.024401413617696,0.04227009066257687,0.04422336106441031,2.4583609410535385,8512.878401455951,30.228196817579004,9.48295003690474,66538440.0,68684400.0,49853625.0,67921150.0,68685120.0,68685120.0,68685120.0,68685120.0,7379532.0,7379532.0,6232520.0,7369668.0,7379532.0,7379532.0,7379532.0,7379532.0,26,Georgia,Wheat,2214.9
98,2018,43.45058685467287,28.169097610805775,0.28368872114353705,0.2794681382185407,13.778365075588226,148520.69575867843,159.00975955800254,136.74929074245586,13.552489229849316,11.70279629190333,0.04824945503948207,0.050124573800887334,2.338369089665256,8968.749204739685,31.044697362171433,9.015599036034333,66538440.0,68684400.0,53960595.0,67910400.0,68685120.0,68685120.0,68685120.0,68685120.0,7379532.0,7379532.0,6759619.0,7369668.0,7379532.0,7379532.0,7379532.0,7379532.0,26,Georgia,Wheat,2473.4
98,2019,38.13567374015003,24.317404066837955,0.26589119484027224,0.26015333994976825,13.353091894255744,152338.03736582975,144.85398394078118,136.0406583676784,14.160410656706558,10.897497943503883,0.040925135067065396,0.04329968325694685,2.4040556231026047,8001.054984766067,38.017226032685755,14.781274201135663,66538440.0,68684400.0,49144355.0,68028650.0,68685120.0,68685120.0,68685120.0,68685120.0,7379532.0,7379532.0,6042665.0,7369668.0,7379532.0,7379532.0,7379532.0,7379532.0,26,Georgia,Wheat,2334.1
98,2020,37.82577821375871,20.024967318953497,0.26792822438809605,0.26518705965878675,13.2614942934778,151804.1548109664,146.2585551470195,137.07809908334318,14.162126129384491,9.285620242292152,0.04009291676280131,0.04239341405405778,2.365083745924729,7699.5978185414115,37.259259725843556,12.742169198316738,66538440.0,68684400.0,53049665.0,67921150.0,68685120.0,68685120.0,68685120.0,68685120.0,7379532.0,7379532.0,6365528.0,7369668.0,7379532.0,7379532.0,7379532.0,7379532.0,26,Georgia,Wheat,2202.2
98,2021,40.922506806586654,22.724766628809434,0.27705805872877437,0.2748643594663493,13.34416484898991,153932.76087687057,154.02241381468733,136.6508200807577,14.724350075147905,12.352261066468595,0.040993007682651676,0.042258442754421574,2.49683914196186,8715.937945342646,35.80268408359912,13.311942298560623,66538440.0,68684400.0,55207055.0,67931900.0,68685120.0,68685120.0,68685120.0,68685120.0,7379532.0,7379532.0,6810994.0,7369668.0,7379532.0,7379532.0,7379532.0,7379532.0,26,Georgia,Wheat,2701.8
98,2022,38.5753933005736,21.051893479260297,0.2708741965393225,0.26880911319262785,13.20135790956103,153899.46622324517,150.37927327117146,139.4626016624138,13.265833622008508,10.880968292939043,0.03886794520229086,0.03972202680123942,2.503656936505594,9620.710904948844,32.45949711655413,10.136748333978964,66538440.0,68684400.0,54767880.0,67942650.0,68685120.0,68685120.0,68685120.0,68685120.0,7379532.0,7379532.0,6794715.0,7369668.0,7379532.0,7379532.0,7379532.0,7379532.0,26,Georgia,Wheat,2850.9
115,1992,34.68442395689818,14.084062423791725,0.22138078444533874,0.22206067385549472,8.652380019426346,123332.07125040145,111.42314348159329,166.44716153975384,12.665128569239503,7.192355184140426,0.029387562974244302,0.02965836135739383,1.2946788320261264,11066.902869366708,23.519177720344317,18.876029256183497,638079480.0,666796320.0,601756800.0,650947680.0,666801900.0,666801900.0,650465100.0,650514240.0,435120984.0,435120984.0,400539847.0,428619492.0,435120984.0,435120984.0,433781424.0,433794564.0,26,Ukraine,Wheat,3092.6
115,1993,34.68442395689818,15.499445402893144,0.22339090961549013,0.2245750037593646,7.790938117934598,122593.4536531384,125.15320584087131,169.57820246240075,12.665128569239503,7.684841643559112,0.030591293327291557,0.03118883364055778,1.4952404494603393,11566.63862921681,25.109694965996656,21.355741712605575,638079480.0,666796320.0,597949605.0,650947680.0,666801900.0,666801900.0,650465100.0,650514240.0,435120984.0,435120984.0,399003261.0,428619492.0,435120984.0,435120984.0,433781424.0,433794564.0,26,Ukraine,Wheat,3798.0
115,1994,34.68442395689818,13.281753897916685,0.21648187686999634,0.21609820392431575,9.148769352916215,125950.17864889864,118.59866159056482,173.33546743736952,12.665128569239503,6.721989757774572,0.030505118621842766,0.030856541989716654,1.665952393504056,10734.214870149795,22.112472515492932,15.91914756016118,638079480.0,666796320.0,606873540.0,650947680.0,666801900.0,666801900.0,650465100.0,650514240.0,435120984.0,435120984.0,402706235.0,428619492.0,435120984.0,435120984.0,433781424.0,433794564.0,26,Ukraine,Wheat,3074.5
115,1995,34.68442395689818,16.510389291159434,0.22357610778676135,0.22367799559272036,9.188004166550106,122586.94710721522,123.77501197341046,157.5679686198286,12.665128569239503,8.285547139203173,0.02853810085280635,0.028734268172972734,1.3997468861906395,11068.706668665289,28.85853914163816,22.38497686495511,638079480.0,666796320.0,612967045.0,650947680.0,666801900.0,666801900.0,650465100.0,650514240.0,435120984.0,435120984.0,405907958.0,428619492.0,435120984.0,435120984.0,433781424.0,433794564.0,26,Ukraine,Wheat,2969.9
115,1996,34.68442395689818,14.423767066975557,0.22140783733791772,0.22340667941781364,8.199350366203321,126753.75671103591,126.72760618839551,166.7989344481014,12.665128569239503,7.686034393459289,0.031159593902972082,0.030228318063376888,1.7062572493428791,12009.484220204004,39.62816135542472,19.544278047075803,638079480.0,666796320.0,524493520.0,650947680.0,666801900.0,666801900.0,650465100.0,650514240.0,435120984.0,435120984.0,350657008.0,428619492.0,435120984.0,435120984.0,433781424.0,433794564.0,26,Ukraine,Wheat,2299.3
115,1997,34.68442395689818,17.966092013202417,0.22619203304251032,0.22606336834770965,8.066440456846935,121482.88255216506,135.08485249697588,154.1121210914823,12.665128569239503,8.290652014345017,0.028845959787795323,0.02882481556034376,1.4204924326726411,10836.642733162273,29.42708736657217,22.533115044227024,638079480.0,666796320.0,594797585.0,650947680.0,666801900.0,666801900.0,650465100.0,650514240.0,435120984.0,435120984.0,395716034.0,428619492.0,435120984.0,435120984.0,433781424.0,433794564.0,26,Ukraine,Wheat,2827.7
115,1998,34.68442395689818,15.552081052181302,0.2205587652822335,0.22165046434600164,9.055749192088843,124711.64618240195,130.0949402520455,161.92953315047862,12.665128569239503,8.97504563100679,0.03083300448466786,0.03069944317917409,1.7576859399797506,14274.067136196469,27.738021790119,23.744601227398835,638079480.0,666796320.0,591060305.0,650947680.0,666801900.0,666801900.0,650465100.0,650514240.0,435120984.0,435120984.0,392527445.0,428619492.0,435120984.0,435120984.0,433781424.0,433794564.0,26,Ukraine,Wheat,2647.9
115,1999,34.68442395689818,15.424073783350735,0.21652880915337136,0.21587743192176845,10.083666637736476,127122.59214534229,125.88499875735813,161.14791844418488,12.665128569239503,7.673047846769834,0.029659957504062213,0.029539515609778074,1.4993539558435296,10771.19323472831,26.04387608820444,23.101301868867445,638079480.0,666796320.0,590537300.0,650947680.0,666801900.0,666801900.0,650465100.0,650514240.0,435120984.0,435120984.0,395738544.0,428619492.0,435120984.0,435120984.0,433781424.0,433794564.0,26,Ukraine,Wheat,2290.3
115,2000,42.85126511845158,15.741441869816299,0.2181962390740712,0.21823915990534662,9.677228861716058,125848.95304781351,112.92735350543907,163.13900557051596,12.902686255274638,7.862703006815186,0.029052516420382854,0.0289087627169298,1.4997512927434924,11287.89789292285,23.938676077796597,21.343163792381738,389937460.0,666796320.0,592553435.0,650947680.0,666801900.0,666801900.0,650465100.0,650514240.0,265907268.0,435120984.0,395377043.0,428619492.0,435120984.0,435120984.0,433781424.0,433794564.0,26,Ukraine,Wheat,1975.6
115,2001,36.6879860378878,18.22383870095779,0.21753753771384554,0.21815530032841496,9.400846170054542,126648.78850294906,144.34706395782152,156.03111402622136,12.500688506882913,8.245526460546301,0.03016201625416528,0.030674710116385128,1.4524917639710648,11134.519339977636,33.806490396307886,22.460085503389617,638079480.0,666796320.0,593029930.0,650947680.0,666801900.0,666801900.0,650465100.0,650514240.0,435120984.0,435120984.0,399039071.0,428619492.0,435120984.0,435120984.0,433781424.0,433794564.0,26,Ukraine,Wheat,3102.0
115,2002,35.036041023525016,15.60510494739169,0.22664332398109963,0.2276508545632028,9.78867572148641,129215.56004497525,145.40200893080234,153.17001381519412,11.640258416683338,7.167033019913529,0.029735106474468035,0.030045649159038085,1.4414741893004794,10645.682195727479,29.764313065482117,21.74976841545854,638079480.0,666796320.0,603663525.0,650947680.0,666801900.0,666801900.0,650465100.0,650514240.0,435120984.0,435120984.0,403749725.0,428619492.0,435120984.0,435120984.0,433781424.0,433794564.0,26,Ukraine,Wheat,3045.5
115,2003,30.328212054011132,14.831506445618018,0.23728617760870188,0.23703258133585797,8.561245656592979,131065.00742275338,125.81566791661528,167.3600312049933,9.569509268995118,6.927908630475224,0.033220453398742036,0.032585589308938324,1.4116728786487063,10676.520780654631,26.61961300780932,22.125750198083544,638079480.0,666796320.0,523863390.0,650947680.0,666801900.0,666801900.0,650465100.0,650514240.0,435120984.0,435120984.0,361814825.0,428619492.0,435120984.0,435120984.0,433781424.0,433794564.0,26,Ukraine,Wheat,2938.5
115,2004,35.05387650599343,19.475641788017562,0.24652240748206772,0.2459168193084216,9.278386792209414,122840.0337511108,144.47097778171604,157.3162945006108,10.656053752296204,9.283517853442849,0.032087824874695185,0.03240242668957601,1.4244182063778554,11903.733157272767,27.62536332262617,22.699289393137008,638079480.0,666796320.0,595779520.0,650947680.0,666801900.0,666801900.0,650465100.0,650514240.0,435120984.0,435120984.0,403854409.0,428619492.0,435120984.0,435120984.0,433781424.0,433794564.0,26,Ukraine,Wheat,3166.1
115,2005,33.47318834128764,16.78221933027819,0.2372269863883654,0.23717009450209459,9.52491955127981,128639.19891352167,128.7382318170326,160.2842147468872,11.167934392215281,7.943203556711647,0.033000404641471866,0.033335468583697486,1.5458881727321812,10382.584128707134,30.192150383252173,24.104395768848747,638079480.0,666796320.0,578823250.0,650947680.0,666801900.0,666801900.0,650465100.0,650514240.0,435120984.0,435120984.0,392010170.0,428619492.0,435120984.0,435120984.0,433781424.0,433794564.0,26,Ukraine,Wheat,2845.7
115,2006,33.14385967580351,16.18123715157419,0.23587310140331583,0.23599072688149397,9.005659145779079,127005.41127216928,127.60388606082223,163.5537652254896,11.021759873433533,7.960922418048815,0.03324327466466218,0.033292326294406004,1.5458092752842432,11314.23022553298,29.377276567233388,22.404187019636485,638079480.0,666796320.0,558916620.0,650947680.0,666801900.0,666801900.0,650465100.0,650514240.0,435120984.0,435120984.0,377161855.0,428619492.0,435120984.0,435120984.0,433781424.0,433794564.0,26,Ukraine,Wheat,2530.8
115,2007,34.68442395689818,15.954180239171013,0.22090186882350177,0.22122116927788668,10.597636737312294,133566.55245921348,136.87002306713626,141.9984714308193,14.172366230983876,8.075910756229552,0.034362462501414226,0.03424554941547276,1.5406870855181047,11989.558465290445,37.68534933116496,20.233053135640073,638079480.0,666796320.0,620496985.0,650947680.0,666801900.0,666801900.0,663625300.0,663634855.0,435120984.0,435120984.0,411725025.0,428619492.0,435120984.0,435120984.0,434860514.0,434863069.0,26,Ukraine,Wheat,2342.0
115,2008,36.92372596899401,16.438197434519306,0.2311269525852468,0.2318307947110003,10.00637549913178,127057.9031982485,152.46502074588383,129.6446564162411,12.665128569239503,7.676823713284266,0.03185574490220982,0.03161063118633289,1.4134465263066789,10927.433237910842,29.661594688181616,11.154874320961238,638079480.0,666796320.0,625046350.0,650947680.0,666801900.0,666801900.0,666801900.0,666801900.0,435120984.0,435120984.0,412274572.0,428619492.0,435120984.0,435120984.0,435120984.0,435120984.0,26,Ukraine,Wheat,3669.8
115,2009,31.57121598967086,16.479186598604727,0.224454682568709,0.22623165528542385,9.982842896009485,130503.74214993024,137.72827163430185,127.57523628188912,12.471601194446947,7.1469378843627975,0.03132166271561117,0.03130318346472324,1.5717725800733164,11205.063253972297,34.705485786297054,13.31825754090052,638079480.0,666796320.0,608060685.0,650947680.0,666801900.0,666801900.0,666801900.0,666801900.0,435120984.0,435120984.0,403442676.0,428619492.0,435120984.0,435120984.0,435120984.0,435120984.0,26,Ukraine,Wheat,3093.0
115,2010,32.39846420404806,18.812055707909497,0.2345592939191394,0.23519318680270823,10.16454551773301,130995.04755730373,136.5572243158656,124.41126318624805,11.422487833444185,8.459868689571405,0.03142164534697153,0.03096036080261697,1.6617229774888005,10711.04320791839,32.69862371059329,13.883447443688175,638079480.0,666796320.0,588612790.0,650947680.0,666801900.0,666801900.0,666801900.0,666801900.0,435120984.0,435120984.0,390546534.0,428619492.0,435120984.0,435120984.0,435120984.0,435120984.0,26,Ukraine,Wheat,2681.6
115,2011,34.10980176251122,13.924361762614247,0.2241229314770963,0.22507900616138565,9.237798237303894,131206.13142681005,139.82635856898918,126.32703193388639,12.54858522179846,6.608224429118865,0.0308263604690744,0.030165431851172618,1.4952695002220164,10226.287727203742,33.30869777804305,13.021411390763062,638079480.0,666796320.0,595224680.0,650947680.0,666801900.0,666801900.0,666801900.0,666801900.0,435120984.0,435120984.0,391493324.0,428619492.0,435120984.0,435120984.0,435120984.0,435120984.0,26,Ukraine,Wheat,3353.3
115,2012,32.387069667506076,16.497103021609718,0.21914972265561417,0.2220388115400417,9.991383715801769,133361.02703991285,133.7121074451127,128.2626367667745,12.870533826555373,7.922367227349903,0.03351616129222491,0.03261832258789223,1.7233847747935427,11964.376244999088,36.5607035188535,14.503043194194394,638079480.0,666796320.0,590277390.0,650947680.0,666801900.0,666801900.0,666801900.0,666801900.0,435120984.0,435120984.0,389021286.0,428619492.0,435120984.0,435120984.0,435120984.0,435120984.0,26,Ukraine,Wheat,2799.9
115,2013,34.758126110089,15.61324201028127,0.2252958418594466,0.22574981173554562,10.201286565471026,126346.30295556014,143.00083356875638,126.19294867340398,13.928605348462694,7.867743878864049,0.03268638032901865,0.03271213777099045,1.55787084954523,11119.322716138613,38.67745392272876,14.456557379443833,638079480.0,666796320.0,603256980.0,650947680.0,666801900.0,666801900.0,666801900.0,666801900.0,435120984.0,435120984.0,400936092.0,428619492.0,435120984.0,435120984.0,435120984.0,435120984.0,26,Ukraine,Wheat,3393.1
115,2014,35.84695124589317,14.885346855882846,0.2207762761248482,0.22199049846162439,9.898525837312143,132592.96145599324,150.5898488027465,131.06502444776058,13.550053650244644,7.392474646942013,0.031612947430685406,0.0314298391231103,1.5276159293708278,10019.168479623553,33.435164952309094,11.116069059752835,638079480.0,666796320.0,605923075.0,650947680.0,666801900.0,666801900.0,666801900.0,666801900.0,435120984.0,435120984.0,400737239.0,428619492.0,435120984.0,435120984.0,435120984.0,435120984.0,26,Ukraine,Wheat,4011.9
115,2015,34.19444443940149,14.734282472562231,0.22190226953890585,0.22222980328118422,10.53370083918174,131652.03378831048,144.4866876063907,131.74481746901998,11.756253430556153,7.088758587250117,0.028872706725278273,0.02858360837717463,1.3444998504581094,11038.884305243158,30.06462303980056,10.675142092490448,638079480.0,666796320.0,608873745.0,650947680.0,666801900.0,666801900.0,666801900.0,666801900.0,435120984.0,435120984.0,402190732.0,428619492.0,435120984.0,435120984.0,435120984.0,435120984.0,26,Ukraine,Wheat,3879.2
115,2016,34.65717852691664,18.398820090025822,0.23230332864655384,0.2329042165887118,9.98984168022871,127526.8993381737,145.68998981350444,127.56136100605985,12.131796973158021,8.381074583094312,0.02999266331410864,0.029533829569157,1.4741725905006184,10604.878447580624,31.458472139240918,10.738564761229318,638079480.0,666796320.0,599310680.0,650947680.0,666801900.0,666801900.0,666801900.0,666801900.0,435120984.0,435120984.0,395087379.0,428619492.0,435120984.0,435120984.0,435120984.0,435120984.0,26,Ukraine,Wheat,4205.6
115,2017,32.94167850279441,15.487364346420105,0.22152973281012636,0.22504198425346364,10.323416607578595,131132.32054749306,136.84317968773988,127.86916466628247,12.855988756555861,7.660374507845038,0.03257987578449714,0.03208969537219382,1.485329504775222,11423.012003850297,32.289082829687516,12.498381269459795,638079480.0,666796320.0,575078805.0,650947680.0,666801900.0,666801900.0,666801900.0,666801900.0,435120984.0,435120984.0,380041344.0,428619492.0,435120984.0,435120984.0,435120984.0,435120984.0,26,Ukraine,Wheat,4109.7
115,2018,34.33019362168939,16.70467878846863,0.22370001052816704,0.2240909351397558,10.180840026421679,135220.28549021608,137.8510493316818,127.64837095993981,14.829313788054732,7.322765758534673,0.0335913357117283,0.032843403406818766,1.5748472547915784,10411.024437954375,37.22293666007852,13.678219889304655,638079480.0,666796320.0,568890400.0,650947680.0,666801900.0,666801900.0,666801900.0,666801900.0,435120984.0,435120984.0,375959320.0,428619492.0,435120984.0,435120984.0,435120984.0,435120984.0,26,Ukraine,Wheat,3724.2
115,2019,35.2885994279831,13.903717701130235,0.21877676919102665,0.21879497381138127,10.935936166594425,132136.17202689516,139.14837920995382,129.76018172621565,14.37515761170301,7.082469192047737,0.032754318292635955,0.03241034841475035,1.3470697311012694,10449.597196622368,33.79625135004082,12.031961420097499,638079480.0,666796320.0,592748375.0,650947680.0,666801900.0,666801900.0,666801900.0,666801900.0,435120984.0,435120984.0,391848959.0,428619492.0,435120984.0,435120984.0,435120984.0,435120984.0,26,Ukraine,Wheat,4156.6
115,2020,36.88630078405674,13.893052333459435,0.22005164085163006,0.21967320427491105,11.10130538377497,133877.4621302311,145.8017225303803,133.21185564206215,15.423249026782537,7.030762219500535,0.03412241571572738,0.03419051210184039,1.3756671951039192,11637.382398692485,35.04668558290058,11.292879557569119,638079480.0,666796320.0,632296635.0,650947680.0,666801900.0,666801900.0,666801900.0,666801900.0,435120984.0,435120984.0,417318617.0,428619492.0,435120984.0,435120984.0,435120984.0,435120984.0,26,Ukraine,Wheat,3795.0
115,2021,37.32981390998098,18.500771132074988,0.23160195193356933,0.23234551481453966,9.614126131766373,127908.48613550833,142.90609187367482,126.36629325408401,13.68972884688124,8.563188920256446,0.030169453562017893,0.03010022201856078,1.4228719253124025,10448.839519182458,33.45676922448483,12.357447378785517,638079480.0,666796320.0,608034005.0,650947680.0,666801900.0,666801900.0,666801900.0,666801900.0,435120984.0,435120984.0,401165547.0,428619492.0,435120984.0,435120984.0,435120984.0,435120984.0,26,Ukraine,Wheat,4533.2
115,2022,35.34916764143059,15.785847596961457,0.225831902358267,0.22618629750730615,10.257425155242284,127433.44880302761,147.470320876794,130.8132774064187,13.500498011845217,8.37870392724851,0.03368593896540573,0.03334519520058159,1.4720674599722392,12230.280564786524,34.5568066886403,14.486248188390936,638079480.0,666796320.0,621247930.0,650947680.0,666801900.0,666801900.0,666801900.0,666801900.0,435120984.0,435120984.0,408408061.0,428619492.0,435120984.0,435120984.0,435120984.0,435120984.0,26,Ukraine,Wheat,3924.9
120,1984,27.884359890892743,8.725798730508567,0.18670105551266003,0.18425449890079304,16.61746044953664,192512.09448951323,103.39179094358022,148.84081819611126,10.226930567562416,4.960024492284564,0.042740206155658614,0.04163614512808536,1.9207690886207958,10962.005969603368,26.958902175510367,5.847588972313869,173686176.0,285240096.0,212138000.0,281492064.0,285240096.0,285240096.0,284138928.0,284138928.0,76299228.0,76299228.0,49805771.0,74752596.0,76299228.0,76299228.0,76075812.0,76075812.0,4,Morocco,Wheat,1072.0
120,1985,27.884359890892743,9.550426938959228,0.17778683722847036,0.1805373851732475,17.26632844408353,192280.30836071784,99.60792640450927,158.28010819843414,10.226930567562416,4.625666530264933,0.04457560432308171,0.04409036944541118,1.979329005179924,9250.92820612334,23.849714189958988,6.0120507646086505,173686176.0,285240096.0,211607984.0,281492064.0,285240096.0,285240096.0,284138928.0,284138928.0,76299228.0,76299228.0,46479997.0,74752596.0,76299228.0,76299228.0,76075812.0,76075812.0,4,Morocco,Wheat,1245.0
120,1986,27.884359890892743,8.798016828661144,0.1950356003225726,0.19044771136258587,16.67194739315245,190762.2765639017,101.97142143711113,154.1787343604638,10.226930567562416,4.5295664031010086,0.05680450283593841,0.04946918049082718,1.921921153017359,10496.831162689774,28.21499818878398,6.042990151611109,173686176.0,285240096.0,182204952.0,281492064.0,285240096.0,285240096.0,284138928.0,284138928.0,76299228.0,76299228.0,38957848.0,74752596.0,76299228.0,76299228.0,76075812.0,76075812.0,4,Morocco,Wheat,1713.8
120,1987,27.884359890892743,11.970550688849919,0.18871779444024842,0.1886664069491014,17.743332690662807,188445.14683270612,97.95399188699032,153.1424899850979,10.226930567562416,6.059944674421789,0.0418484131544029,0.04013772087506831,1.8660845197860172,8978.008123595646,26.46403303510884,5.853958385993467,173686176.0,285240096.0,209768772.0,281492064.0,285240096.0,285240096.0,284138928.0,284138928.0,76299228.0,76299228.0,48159219.0,74752596.0,76299228.0,76299228.0,76075812.0,76075812.0,4,Morocco,Wheat,1060.8
120,1988,27.884359890892743,11.096753123478951,0.19762673048036436,0.19586872888691062,17.15001912249459,192405.45902649022,116.18799968707293,150.42277757615986,10.226930567562416,5.3282769082892,0.03501581043020196,0.03738013840869277,1.8710961100806998,9035.862670259648,25.974526241311562,5.374843133236601,173686176.0,285240096.0,246890048.0,281492064.0,285240096.0,285240096.0,284138928.0,284138928.0,76299228.0,76299228.0,60689570.0,74752596.0,76299228.0,76299228.0,76075812.0,76075812.0,4,Morocco,Wheat,1735.2
120,1989,27.884359890892743,13.30828818530285,0.20017824234026999,0.1968938256210227,17.641540428002674,189316.59525421466,111.9131480547399,157.48645215015273,10.226930567562416,7.085688324813717,0.035037692038316554,0.03702590505275016,1.9383749759402302,9510.342982821596,26.32563222416758,6.3447323378522045,173686176.0,285240096.0,254175560.0,281492064.0,285240096.0,285240096.0,284138928.0,284138928.0,76299228.0,76299228.0,62710486.0,74752596.0,76299228.0,76299228.0,76075812.0,76075812.0,4,Morocco,Wheat,1493.4
120,1990,27.884359890892743,9.405973391544103,0.19665973923272553,0.19401026594586188,17.454939636919235,191576.55895938663,112.99629432745131,159.47564401773255,10.226930567562416,5.597724891841457,0.03610671340882515,0.037282155846755184,1.8690576250831508,9083.11702335298,27.36000501121736,6.681364050528572,173686176.0,285240096.0,253403312.0,281492064.0,285240096.0,285240096.0,284138928.0,284138928.0,76299228.0,76299228.0,62194323.0,74752596.0,76299228.0,76299228.0,76075812.0,76075812.0,4,Morocco,Wheat,1329.0
120,1991,27.884359890892743,10.592881000463045,0.19990984278006685,0.19794502332075883,16.512972520457375,191537.74084662725,120.68076034129032,155.75493493736545,10.226930567562416,5.3494083133655925,0.03853218998773699,0.04077900246846354,1.9590701917216162,9341.155860506045,27.90698078125064,6.137708176093835,173686176.0,285240096.0,247862132.0,281492064.0,285240096.0,285240096.0,284138928.0,284138928.0,76299228.0,76299228.0,61581419.0,74752596.0,76299228.0,76299228.0,76075812.0,76075812.0,4,Morocco,Wheat,1869.9
120,1992,27.884359890892743,7.377500087198687,0.1878052881091005,0.18725671592235815,16.762295020951164,190981.90400923707,92.46769703287441,153.7900685577835,10.226930567562416,4.325462520236168,0.036239491785823925,0.036758634822206246,1.9887195498020036,9399.610394395275,23.691030760828635,6.299065020507173,173686176.0,285240096.0,267921376.0,281492064.0,285240096.0,285240096.0,284138928.0,284138928.0,76299228.0,76299228.0,70192950.0,74752596.0,76299228.0,76299228.0,76075812.0,76075812.0,4,Morocco,Wheat,701.1
120,1993,27.884359890892743,10.05681257822663,0.19389931097005803,0.19414608691448434,16.07326199611028,188441.9631536178,96.9006144400135,148.88885491385747,10.226930567562416,5.54378215677144,0.03778639182270962,0.03840252158654722,1.916389983598683,9666.132396339402,23.161322259119984,5.670270185392739,173686176.0,285240096.0,270729376.0,281492064.0,285240096.0,285240096.0,284138928.0,284138928.0,76299228.0,76299228.0,71305968.0,74752596.0,76299228.0,76299228.0,76075812.0,76075812.0,4,Morocco,Wheat,680.8
120,1994,27.884359890892743,7.78242525209677,0.18624995685079027,0.18477402915311303,17.396372066603767,196256.65728147762,116.98008652865727,146.4871798791094,10.226930567562416,4.530117419587599,0.03723228025579098,0.03760993835446928,1.9135273904749022,8524.656520909612,23.97191508908935,5.01862810904451,173686176.0,285240096.0,268075032.0,281492064.0,285240096.0,285240096.0,284138928.0,284138928.0,76299228.0,76299228.0,69485405.0,74752596.0,76299228.0,76299228.0,76075812.0,76075812.0,4,Morocco,Wheat,1811.1
120,1995,27.884359890892743,9.938853510155093,0.18299453679679167,0.18320510138729154,17.981597158643936,192947.48197608406,84.46127376057207,159.65690154117837,10.226930567562416,5.613352654893804,0.035834171320404264,0.035968279606717155,1.994413472652359,9824.414635055971,20.9423634056053,6.1341425783841075,173686176.0,285240096.0,274883928.0,281492064.0,285240096.0,285240096.0,284138928.0,284138928.0,76299228.0,76299228.0,72658538.0,74752596.0,76299228.0,76299228.0,76075812.0,76075812.0,4,Morocco,Wheat,554.3
120,1996,27.884359890892743,18.08702320836202,0.19869309317113623,0.19905658456233813,17.122531010044945,188492.3953566599,120.20384324428255,152.46239348140955,10.226930567562416,10.015531038935155,0.0393111392766278,0.0395534747122903,1.9583864535733382,9695.066926422944,26.604941727812356,5.270872128360583,173686176.0,285240096.0,275494728.0,281492064.0,285240096.0,285240096.0,284138928.0,284138928.0,76299228.0,76299228.0,72393079.0,74752596.0,76299228.0,76299228.0,76075812.0,76075812.0,4,Morocco,Wheat,1841.5
120,1997,27.884359890892743,12.38458602362534,0.19930745506038267,0.19943582976329635,17.751627875698937,190634.91414224933,120.95063134430032,154.00102884270993,10.226930567562416,6.945216941284574,0.03859364478961705,0.038640206809021714,1.8878703461296868,9312.891211018105,24.72048055671274,5.423736989037027,173686176.0,285240096.0,273662804.0,281492064.0,285240096.0,285240096.0,284138928.0,284138928.0,76299228.0,76299228.0,72525741.0,74752596.0,76299228.0,76299228.0,76075812.0,76075812.0,4,Morocco,Wheat,929.2
120,1998,27.884359890892743,8.248150637049182,0.193372334457106,0.1938874496806714,17.699411968390148,195219.44453608405,116.08795860322829,153.94103043934183,10.226930567562416,4.1429079139694265,0.044619524130920414,0.0445151839833938,1.9412258762152186,9456.258772675841,24.183209974238732,5.485709063644978,173686176.0,285240096.0,273772564.0,281492064.0,285240096.0,285240096.0,284138928.0,284138928.0,76299228.0,76299228.0,71187929.0,74752596.0,76299228.0,76299228.0,76075812.0,76075812.0,4,Morocco,Wheat,1418.4
120,1999,27.884359890892743,10.367076451627959,0.2001420903123087,0.20027783281120112,17.08629349867503,196286.64224070733,112.22908561358099,150.3876024879735,10.226930567562416,4.637951758869862,0.040545626861690276,0.040725723077839254,1.8751693458773824,9290.239625853328,25.371316194828662,4.955767716531621,173686176.0,285240096.0,273724872.0,281492064.0,285240096.0,285240096.0,284138928.0,284138928.0,76299228.0,76299228.0,71807125.0,74752596.0,76299228.0,76299228.0,76075812.0,76075812.0,4,Morocco,Wheat,800.4
120,2000,17.09187787108111,9.338778150418792,0.18934843166627816,0.18973728322118386,17.672088242239422,198347.56851139345,85.22686643232755,148.20129585395597,6.97302551763509,5.126820376393522,0.04200125405266428,0.04195339738370349,1.9486712314000156,9584.699728004061,24.045255600199763,5.306906505258761,106141552.0,285240096.0,272190216.0,281492064.0,285240096.0,285240096.0,284138928.0,284138928.0,46627306.0,76299228.0,71107087.0,74752596.0,76299228.0,76299228.0,76075812.0,76075812.0,4,Morocco,Wheat,475.8
120,2001,25.205986251677906,9.114999419552866,0.19217257594896683,0.19195248205315293,18.063063244024914,197980.82190200876,100.7694706314596,159.27604818289518,9.70585314399971,4.502038019616599,0.04223511720384914,0.04236190819288029,1.9151531295643491,9489.1224163589,26.011412140124786,6.45291309245783,173686176.0,285240096.0,264216520.0,281492064.0,285240096.0,285240096.0,284138928.0,284138928.0,76299228.0,76299228.0,65478346.0,74752596.0,76299228.0,76299228.0,76075812.0,76075812.0,4,Morocco,Wheat,1228.0
120,2002,26.15311029884219,12.790519052252609,0.20366267782325542,0.20319827791039738,17.634114113118912,195003.67035815908,109.41203635045892,157.66989555987422,9.265693612287954,5.900485675061704,0.04062861292222587,0.040714039603046676,1.8692875473569979,9355.0914795445,25.92878042529019,5.714159732112347,173686176.0,285240096.0,276797012.0,281492064.0,285240096.0,285240096.0,284138928.0,284138928.0,76299228.0,76299228.0,72644047.0,74752596.0,76299228.0,76299228.0,76075812.0,76075812.0,4,Morocco,Wheat,1279.3
120,2003,31.510088202552588,12.460831995375848,0.21044393328742847,0.2102599491299791,17.86157268948025,191392.98193637573,121.18521643038879,154.72548851077707,10.284473206400362,6.573256056168463,0.03919664410090415,0.03940225917748242,1.9299361709849145,9754.475553622333,26.96244487322955,5.748704563698542,173686176.0,285240096.0,276450392.0,281492064.0,285240096.0,285240096.0,284138928.0,284138928.0,76299228.0,76299228.0,73067925.0,74752596.0,76299228.0,76299228.0,76075812.0,76075812.0,4,Morocco,Wheat,1722.0
120,2004,30.574738471516362,10.373751712874899,0.20522809737465444,0.2052406983434199,17.50171446800232,191452.33211988688,119.59233722647218,155.31879500061697,9.915566754264214,4.884153316139298,0.0360326508752404,0.03606841250140839,1.922306032855115,9019.78423877932,26.192914384846258,5.9819562641379225,173686176.0,285240096.0,279186808.0,281492064.0,285240096.0,285240096.0,284138928.0,284138928.0,76299228.0,76299228.0,74399335.0,74752596.0,76299228.0,76299228.0,76075812.0,76075812.0,4,Morocco,Wheat,1808.2
120,2005,25.51641522086515,9.238801095068355,0.18775794815479052,0.187567586540164,17.657408409648472,198559.04631483197,102.45625014564558,157.13602953257598,9.354869382829307,4.686447038243955,0.032461807516607,0.03258038586138974,1.9719441986236785,8659.049106342885,25.143983918866784,5.570133700208863,173686176.0,285240096.0,276409008.0,281492064.0,285240096.0,285240096.0,284138928.0,284138928.0,76299228.0,76299228.0,74038553.0,74752596.0,76299228.0,76299228.0,76075812.0,76075812.0,4,Morocco,Wheat,1026.1
120,2006,30.143438903342858,11.82291067678974,0.19912300393399263,0.19895774983885584,17.972382558716667,190937.74902096455,110.59455788806798,156.26450441429242,10.013054866599353,5.711006472481599,0.033769179639178665,0.03383268034527151,1.9401685494663659,9565.608689704206,26.144188280905674,5.545815378716535,173686176.0,285240096.0,277968456.0,281492064.0,285240096.0,285240096.0,284138928.0,284138928.0,76299228.0,76299228.0,74099110.0,74752596.0,76299228.0,76299228.0,76075812.0,76075812.0,4,Morocco,Wheat,2036.5
120,2007,22.42790448519917,9.945363333397918,0.18605190624172485,0.185613575329599,17.556591159767574,194572.61274557837,92.24379476982148,158.518904466015,9.475791789187204,4.797945037995407,0.031675369374248794,0.03207290457968673,1.968707907292269,9677.845294900004,26.555761315858703,7.33936050177319,173686176.0,285240096.0,273349728.0,281492064.0,285240096.0,285240096.0,285025980.0,285025980.0,76299228.0,76299228.0,72266462.0,74752596.0,76299228.0,76299228.0,76255786.0,76255786.0,4,Morocco,Wheat,615.4
120,2008,27.884359890892743,11.54061319268478,0.1957838886624409,0.1949993843613435,17.454455468389725,193937.2375498751,116.35834002707689,155.67864909930347,10.226930567562416,6.218546011496889,0.033672868116613124,0.03434672376568135,2.0298188339355296,9599.904842236356,27.905666860255753,7.461292122554007,173686176.0,285240096.0,272905968.0,281492064.0,285240096.0,285240096.0,285240096.0,285240096.0,76299228.0,76299228.0,72160463.0,74752596.0,76299228.0,76299228.0,76299228.0,76299228.0,4,Morocco,Wheat,1318.9
120,2009,30.93011352791855,12.5950998606879,0.19931715711330372,0.19838133683480985,18.198619133896297,192349.04273233106,122.9296105997331,155.3188290950413,9.3200527533291,6.640452903152555,0.034270762595141536,0.034992426584401964,2.00865742489112,9731.57823672027,25.038010617040328,6.927107301701051,173686176.0,285240096.0,273195752.0,281492064.0,285240096.0,285240096.0,285240096.0,285240096.0,76299228.0,76299228.0,72087139.0,74752596.0,76299228.0,76299228.0,76299228.0,76299228.0,4,Morocco,Wheat,2139.8
120,2010,30.346111341223214,16.7857940082574,0.209492371055401,0.20824105989322877,18.3815811475118,186252.40007452073,123.32220473037052,154.19660151315105,9.312811563650186,8.697493561998224,0.034379371405173054,0.03546077016512688,1.90996179629652,9618.464511261951,25.802933517050782,7.061649821452061,173686176.0,285240096.0,275013696.0,281492064.0,285240096.0,285240096.0,285240096.0,285240096.0,76299228.0,76299228.0,71903818.0,74752596.0,76299228.0,76299228.0,76299228.0,76299228.0,4,Morocco,Wheat,1709.5
120,2011,32.63366822164702,12.740993617706343,0.20069664426975775,0.19981591733955814,17.999019907580482,192320.01273416256,129.60391245054606,154.68228130165366,10.315076107068993,6.3355726832552755,0.03261974187400856,0.033330908920256606,2.018132318597994,8788.489245256182,27.41183752966374,6.904305352510946,173686176.0,285240096.0,274286352.0,281492064.0,285240096.0,285240096.0,285240096.0,285240096.0,76299228.0,76299228.0,72291135.0,74752596.0,76299228.0,76299228.0,76299228.0,76299228.0,4,Morocco,Wheat,1948.8
120,2012,29.77425355652097,9.904171122103454,0.18697375033257735,0.1865658975984229,17.801737669441437,196502.66171519802,122.22239476930797,156.09467461191744,10.351736700910386,5.123645248352158,0.032194952913536516,0.032420942898684975,2.0598677477519747,9134.836897958763,27.31522643764557,7.271498721434276,173686176.0,285240096.0,272167976.0,281492064.0,285240096.0,285240096.0,285240096.0,285240096.0,76299228.0,76299228.0,73018858.0,74752596.0,76299228.0,76299228.0,76299228.0,76299228.0,4,Morocco,Wheat,1234.2
120,2013,31.314396426641597,9.795942880685079,0.18884548612145913,0.18864597625080345,17.6153920756446,193677.07831502662,124.74186732674512,155.0114384585982,10.567275802163534,5.171868688286541,0.03601235842851354,0.03607375664624161,1.997625124287477,10273.638595975428,28.318459562820152,7.55652128068619,173686176.0,285240096.0,276730464.0,281492064.0,285240096.0,285240096.0,285240096.0,285240096.0,76299228.0,76299228.0,74103777.0,74752596.0,76299228.0,76299228.0,76299228.0,76299228.0,4,Morocco,Wheat,2164.0
120,2014,27.871857810060042,12.742709496997868,0.18788568344381118,0.18763652635583178,17.90053611331516,192976.16442084138,117.2012988930404,155.99412710736746,10.323847550100096,5.950599253281772,0.03259161688300814,0.03275231480505315,1.8963236991783161,9558.28538556625,29.114047167371773,7.126372500562932,173686176.0,285240096.0,274208596.0,281492064.0,285240096.0,285240096.0,285240096.0,285240096.0,76299228.0,76299228.0,74100581.0,74752596.0,76299228.0,76299228.0,76299228.0,76299228.0,4,Morocco,Wheat,1713.2
120,2015,31.291433566246454,7.89560176999791,0.1847491077561345,0.18455575807400815,18.161694904168446,192709.42490305193,122.89284616208417,155.38837196685515,10.386806815852829,4.247948801214251,0.03344663449793886,0.03351688957334565,1.929694463790084,9472.335704134783,27.517423145443903,6.785433877512914,173686176.0,285240096.0,272231220.0,281492064.0,285240096.0,285240096.0,285240096.0,285240096.0,76299228.0,76299228.0,74132293.0,74752596.0,76299228.0,76299228.0,76299228.0,76299228.0,4,Morocco,Wheat,2466.4
120,2016,22.81344135068467,11.738010889688729,0.18489029382665947,0.18479417132621195,18.464342057704926,192758.30194881876,105.61531123123173,158.2394408492995,9.79248958981336,5.797297587925312,0.032800674633589696,0.03287143889227983,2.0100785021277794,9463.147805307484,28.229878269348813,7.253125661775085,173686176.0,285240096.0,272321220.0,281492064.0,285240096.0,285240096.0,285240096.0,285240096.0,76299228.0,76299228.0,74390429.0,74752596.0,76299228.0,76299228.0,76299228.0,76299228.0,4,Morocco,Wheat,1131.5
120,2017,29.80672220580036,7.8342894190207755,0.17897939588874573,0.17888898887665264,19.104347580009037,198695.73841807066,118.76809355154647,158.85433939656966,10.193913988860126,3.8611368923894176,0.033203592745795533,0.03324966556652358,2.0539227970594736,8476.591620730132,26.6841903816289,7.036478287516569,173686176.0,285240096.0,268670020.0,281492064.0,285240096.0,285240096.0,285240096.0,285240096.0,76299228.0,76299228.0,74347310.0,74752596.0,76299228.0,76299228.0,76299228.0,76299228.0,4,Morocco,Wheat,2095.3
120,2018,33.35835821594734,14.233897608677214,0.20886341741101608,0.20870189712334328,17.133006655507618,185391.0611236488,128.25411115974563,151.0923729144695,10.8545401371537,7.094651548828439,0.040770233487644504,0.040876156934504554,1.9245535219085435,10956.328007114054,28.706316879882397,6.990004447361045,173686176.0,285240096.0,272451852.0,281492064.0,285240096.0,285240096.0,285240096.0,285240096.0,76299228.0,76299228.0,74151763.0,74752596.0,76299228.0,76299228.0,76299228.0,76299228.0,4,Morocco,Wheat,2575.2
120,2019,27.474402793259646,8.19570391200741,0.18217565766018295,0.18209713358488172,17.962024178769852,197627.47131177894,115.09484094615556,157.5330566330924,10.333568832441124,4.092301856924335,0.0362224032889322,0.03626502958904438,1.9365236717817125,9352.729238164573,29.24636044604535,7.783975955436328,173686176.0,285240096.0,273331812.0,281492064.0,285240096.0,285240096.0,285240096.0,285240096.0,76299228.0,76299228.0,74510991.0,74752596.0,76299228.0,76299228.0,76299228.0,76299228.0,4,Morocco,Wheat,1606.3
120,2020,25.546338158988547,8.497997788429908,0.1805223821558886,0.18043322303750328,18.681931840048897,196224.54282056246,109.78234721604763,158.89038063463042,10.572374339957861,4.349112029122751,0.03432715759060417,0.03438205117352308,1.9579998605354767,9296.428203337864,29.45943662039488,7.603868890310803,173686176.0,285240096.0,277629916.0,281492064.0,285240096.0,285240096.0,285240096.0,285240096.0,76299228.0,76299228.0,74548696.0,74752596.0,76299228.0,76299228.0,76299228.0,76299228.0,4,Morocco,Wheat,900.4
120,2021,30.007323489795574,9.177784281687542,0.1805429720940689,0.1804525803036089,18.024630907509064,195150.6043268518,117.9296277706597,155.65454540129534,10.355780285364927,5.010493733801889,0.03558796430287985,0.03565229180743638,1.9065138454684667,9816.623862634924,27.58396050462511,6.9166237288727,173686176.0,285240096.0,278833504.0,281492064.0,285240096.0,285240096.0,285240096.0,285240096.0,76299228.0,76299228.0,74567790.0,74752596.0,76299228.0,76299228.0,76299228.0,76299228.0,4,Morocco,Wheat,2633.5
120,2022,22.620969284479006,9.210417294485188,0.17423489865743447,0.1741818079066882,19.205485410160488,194548.8575173895,100.21711494228688,159.2372513183825,8.877428195294511,5.060594054843254,0.03164335664245418,0.03167786185550345,2.014778588359488,9053.12334178418,25.280853244395622,7.769394066350758,173686176.0,285240096.0,278940792.0,281492064.0,285240096.0,285240096.0,285240096.0,285240096.0,76299228.0,76299228.0,74577579.0,74752596.0,76299228.0,76299228.0,76299228.0,76299228.0,4,Morocco,Wheat,1111.4
121,1984,31.9075518021328,13.924172391297287,0.20123253608388558,0.193595979856304,16.17292214764489,175311.13648989392,105.88269832475815,141.84423937095207,10.600068121067945,5.979229308797353,0.03233094124543331,0.03153640372136945,1.3190713687326467,4762.442102708666,27.686697649181475,4.255302243664364,41605920.0,109465632.0,77971492.0,107306352.0,109467648.0,109467648.0,108673920.0,108722736.0,20509308.0,20509308.0,10708323.0,20011932.0,20509308.0,20509308.0,20472948.0,20474424.0,4,Tunisia,Wheat,790.4
121,1985,31.9075518021328,10.517513141652936,0.208907942701545,0.19919586036390582,16.809685346153046,175591.92839028986,104.31669518102471,150.11110709637808,10.600068121067945,4.895722685355839,0.03248470775406098,0.03219860886518731,1.2689896326139738,5058.396693464676,23.385697662238933,4.784508817212544,41605920.0,109465632.0,79487860.0,107306352.0,109467648.0,109467648.0,108673920.0,108722736.0,20509308.0,20509308.0,10401708.0,20011932.0,20509308.0,20509308.0,20472948.0,20474424.0,4,Tunisia,Wheat,1335.9
121,1986,31.9075518021328,13.465958999645094,0.21609159006038678,0.2061921895003566,16.76594516634941,172398.97247862286,90.21345914599647,149.07833719076103,10.600068121067945,5.7063826139680485,0.034822390313761054,0.03291473475380264,1.3638105533894853,4597.28909048383,25.224596466762314,4.914647741604653,41605920.0,109465632.0,70071948.0,107306352.0,109467648.0,109467648.0,108673920.0,108722736.0,20509308.0,20509308.0,10280358.0,20011932.0,20509308.0,20509308.0,20472948.0,20474424.0,4,Tunisia,Wheat,1166.7
121,1987,31.9075518021328,11.899349523567698,0.20930989744032125,0.20378560095240528,17.212718066242005,172445.45672772801,108.62181543515109,147.35567953485815,10.600068121067945,5.144472907038176,0.03011400388153002,0.029571714658676387,1.256783845493441,5081.696231110758,25.484191562044167,4.522963965733869,41605920.0,109465632.0,83285196.0,107306352.0,109467648.0,109467648.0,108673920.0,108722736.0,20509308.0,20509308.0,13533648.0,20011932.0,20509308.0,20509308.0,20472948.0,20474424.0,4,Tunisia,Wheat,1400.5
121,1988,31.9075518021328,11.012650208297659,0.19481739838208467,0.19492618228218375,17.310401565498776,175504.42893615796,80.326913641472,146.8940290702721,10.600068121067945,4.796193979241622,0.022501774144874212,0.024018693449182983,1.3183924150313424,5199.5711777907145,23.52577770279657,4.34031389107193,41605920.0,109465632.0,95956556.0,107306352.0,109467648.0,109467648.0,108673920.0,108722736.0,20509308.0,20509308.0,16965792.0,20011932.0,20509308.0,20509308.0,20472948.0,20474424.0,4,Tunisia,Wheat,1247.0
121,1989,31.9075518021328,10.334783881234538,0.20094295963644976,0.19975950514386887,17.006295575035942,175296.98229790406,102.38021866271582,154.89770188342592,10.600068121067945,4.752449708888435,0.021917323715151243,0.02352337262812749,1.2149560664636105,5282.476504880607,28.289306540567303,4.760966339688633,41605920.0,109465632.0,98767632.0,107306352.0,109467648.0,109467648.0,108673920.0,108722736.0,20509308.0,20509308.0,17476966.0,20011932.0,20509308.0,20509308.0,20472948.0,20474424.0,4,Tunisia,Wheat,754.0
121,1990,31.9075518021328,15.831727843078069,0.20754809998389745,0.20558952649148932,17.209186610248352,171116.96659311585,111.4316691130055,152.11752026641355,10.600068121067945,6.1784676007443675,0.024585878301558627,0.026683199902230437,1.297122699915875,4875.853330179656,26.294396153058344,4.67033675728805,41605920.0,109465632.0,98344164.0,107306352.0,109467648.0,109467648.0,108673920.0,108722736.0,20509308.0,20509308.0,17365577.0,20011932.0,20509308.0,20509308.0,20472948.0,20474424.0,4,Tunisia,Wheat,1272.1
121,1991,31.9075518021328,13.786170813545933,0.21493035751498404,0.21343338140096216,15.955969800551733,172288.39123750268,122.54563604406833,146.90543020233,10.600068121067945,5.90736998741846,0.02489364714160323,0.027189141356943548,1.3642015923627318,5231.484080951789,26.649661074124015,4.360005095383618,41605920.0,109465632.0,98481588.0,107306352.0,109467648.0,109467648.0,108673920.0,108722736.0,20509308.0,20509308.0,17764880.0,20011932.0,20509308.0,20509308.0,20472948.0,20474424.0,4,Tunisia,Wheat,1700.6
121,1992,31.9075518021328,14.880491921899038,0.21445253253397012,0.2135834914101293,16.173687285847134,172699.90533587188,113.78043163128433,145.96148284577112,10.600068121067945,5.805516759227256,0.023255886691223724,0.024358659620559154,1.331304764474047,4799.977619279589,25.136940461484752,4.074165733802602,41605920.0,109465632.0,105176372.0,107306352.0,109467648.0,109467648.0,108673920.0,108722736.0,20509308.0,20509308.0,19210740.0,20011932.0,20509308.0,20509308.0,20472948.0,20474424.0,4,Tunisia,Wheat,1703.0
121,1993,31.9075518021328,9.161720002825247,0.20511583921809987,0.20360283068603743,16.739073756668304,177183.94651788,110.35585775697069,143.3428619589626,10.600068121067945,3.835716065899074,0.022488366634102714,0.024615343696726962,1.3136526537692654,4904.912543532138,21.865669152084653,4.501542687309075,41605920.0,109465632.0,103563620.0,107306352.0,109467648.0,109467648.0,108673920.0,108722736.0,20509308.0,20509308.0,18947011.0,20011932.0,20509308.0,20509308.0,20472948.0,20474424.0,4,Tunisia,Wheat,1370.0
121,1994,31.9075518021328,10.60677446899449,0.19431147626083756,0.1946728901128092,18.005752434333164,179620.10476436763,100.77909007397074,143.45159594154592,10.600068121067945,5.040848855446051,0.0223376192434703,0.02300218796748856,1.3265489292632013,4384.607801586306,22.588513472288028,3.72047659885887,41605920.0,109465632.0,105178812.0,107306352.0,109467648.0,109467648.0,108673920.0,108722736.0,20509308.0,20509308.0,19276827.0,20011932.0,20509308.0,20509308.0,20472948.0,20474424.0,4,Tunisia,Wheat,1069.4
121,1995,31.9075518021328,13.204628371883592,0.19783652563475898,0.19758844752292054,17.32885868350665,175767.71619137278,98.83806647904123,150.17898165031616,10.600068121067945,5.614824734246614,0.02482339189677518,0.025161303735217348,1.367751522345596,4974.745475555904,25.47894106257253,4.6170343551080215,41605920.0,109465632.0,105677772.0,107306352.0,109467648.0,109467648.0,108673920.0,108722736.0,20509308.0,20509308.0,19541426.0,20011932.0,20509308.0,20509308.0,20472948.0,20474424.0,4,Tunisia,Wheat,1278.0
121,1996,31.9075518021328,14.495705390495317,0.20932232857578328,0.20906926263765435,16.870894263188045,172597.8076629147,115.59929564547873,147.15130140918342,10.600068121067945,5.564047032759158,0.023135317835048602,0.023602961624771636,1.3202259634287414,4877.842148076978,24.80913461066468,4.277469876140123,41605920.0,109465632.0,105802824.0,107306352.0,109467648.0,109467648.0,108673920.0,108722736.0,20509308.0,20509308.0,19508394.0,20011932.0,20509308.0,20509308.0,20472948.0,20474424.0,4,Tunisia,Wheat,1615.1
121,1997,31.9075518021328,15.796953659780046,0.20587370586064124,0.2059201262529521,17.625279956393772,173298.8416379803,112.74387489304284,147.74256726511203,10.600068121067945,7.008489653773128,0.023243736812222603,0.02340618638880636,1.3397353428151486,4383.480073646117,27.32427039543378,4.421481115699871,41605920.0,109465632.0,105924360.0,107306352.0,109467648.0,109467648.0,108673920.0,108722736.0,20509308.0,20509308.0,19600269.0,20011932.0,20509308.0,20509308.0,20472948.0,20474424.0,4,Tunisia,Wheat,1106.1
121,1998,31.9075518021328,10.71517055643634,0.22149784293853572,0.22101533087975625,17.16193461749289,176419.01693662012,121.51435643230035,147.46900274841923,10.600068121067945,4.452712237712221,0.02476631066866469,0.02527229778426107,1.364344886125141,4653.80598678958,27.566792527531643,4.550625826685134,41605920.0,109465632.0,106311612.0,107306352.0,109467648.0,109467648.0,108673920.0,108722736.0,20509308.0,20509308.0,19551492.0,20011932.0,20509308.0,20509308.0,20472948.0,20474424.0,4,Tunisia,Wheat,1424.8
121,1999,31.9075518021328,12.72310994351332,0.21643545607932738,0.2157578295443296,18.142476558685303,176073.65563484782,108.78394868957805,144.8994684958213,10.600068121067945,5.366211885754961,0.02592316711790142,0.0266837618297271,1.337225127800214,4259.782256732328,24.725930672701523,4.113521095335823,41605920.0,109465632.0,105767848.0,107306352.0,109467648.0,109467648.0,108673920.0,108722736.0,20509308.0,20509308.0,19473952.0,20011932.0,20509308.0,20509308.0,20472948.0,20474424.0,4,Tunisia,Wheat,1418.4
121,2000,20.523128494848144,10.516385288595098,0.2091193619287676,0.20900041889946908,17.688635792997147,180479.71318999073,94.19587408527312,143.5714388349202,7.2936542862363325,3.995386677185529,0.023717296102273,0.023913331892923148,1.327061884878629,5215.520203956602,24.089471829851078,4.24637328609505,25425840.0,109465632.0,106034652.0,107306352.0,109467648.0,109467648.0,108673920.0,108722736.0,12533466.0,20509308.0,19397966.0,20011932.0,20509308.0,20509308.0,20472948.0,20474424.0,4,Tunisia,Wheat,1172.7
121,2001,28.74890509624703,11.468208271618861,0.21105467326318222,0.20956305943197243,17.969610816902584,178964.33179895778,105.52161166317936,151.80651382483623,11.322262829358912,4.143137561609736,0.022524916834644904,0.0250671784520097,1.2796853252072706,4511.578133956609,28.153670466779815,4.713501724409785,41605920.0,109465632.0,103914616.0,107306352.0,109467648.0,109467648.0,108673920.0,108722736.0,20509308.0,20509308.0,18701854.0,20011932.0,20509308.0,20509308.0,20472948.0,20474424.0,4,Tunisia,Wheat,2000.0
121,2002,22.72313122860931,12.500564417579074,0.21461159528957469,0.2135236637558516,17.63184619612164,175510.12400767815,94.5029101644768,151.42246154167506,11.189336489008435,4.591988763010659,0.0232772910625061,0.0247011230894551,1.2928516260576735,4941.060081214431,28.077265973903707,4.315506306453159,41605920.0,109465632.0,104521252.0,107306352.0,109467648.0,109467648.0,108673920.0,108722736.0,20509308.0,20509308.0,19008894.0,20011932.0,20509308.0,20509308.0,20472948.0,20474424.0,4,Tunisia,Wheat,1414.4
121,2003,33.8282086095967,19.645372093148158,0.2281786025398307,0.22728825496433697,17.98099618487888,169900.1659559695,123.36231227438164,147.22519102323102,10.758042169734956,7.163946607385158,0.01898054098420501,0.02124503111983066,1.294197711945948,5002.127125970796,27.26165820764724,4.047578664113581,41605920.0,109465632.0,103108588.0,107306352.0,109467648.0,109467648.0,108673920.0,108722736.0,20509308.0,20509308.0,18744617.0,20011932.0,20509308.0,20509308.0,20472948.0,20474424.0,4,Tunisia,Wheat,2141.2
121,2004,33.37511220330288,14.194456584361724,0.2291521424841549,0.2285637371441981,17.326269729269875,171587.08328436583,125.70289796665536,147.37794828770413,9.637172831095578,5.932315427387584,0.02059249350834903,0.021750699687591864,1.3131197678791204,5241.65634186241,26.966587905844737,4.397552096423215,41605920.0,109465632.0,105630400.0,107306352.0,109467648.0,109467648.0,108673920.0,108722736.0,20509308.0,20509308.0,19490727.0,20011932.0,20509308.0,20509308.0,20472948.0,20474424.0,4,Tunisia,Wheat,1663.4
121,2005,30.331487249617687,11.854136360672298,0.2254176856949925,0.2248049387267147,17.12811732954449,173599.87802790105,113.33913157340739,146.44438449043477,9.204404466294065,4.734794214884347,0.021254725028045367,0.022303722276422192,1.37223736821307,5310.296412843131,23.496645420464308,4.196599950108599,41605920.0,109465632.0,106046708.0,107306352.0,109467648.0,109467648.0,108673920.0,108722736.0,20509308.0,20509308.0,19656071.0,20011932.0,20509308.0,20509308.0,20472948.0,20474424.0,4,Tunisia,Wheat,1691.8
121,2006,29.5960875217254,14.445108171706352,0.21298159803781241,0.21284952487229106,17.931382285224068,176166.84395057813,109.51818466608718,150.74410964053467,9.072685590061695,5.456260823928843,0.020804901320497744,0.021235410809607298,1.3256984013320676,4731.407829481209,23.263308145460364,4.304000681816388,41605920.0,109465632.0,106661980.0,107306352.0,109467648.0,109467648.0,108673920.0,108722736.0,20509308.0,20509308.0,19748994.0,20011932.0,20509308.0,20509308.0,20472948.0,20474424.0,4,Tunisia,Wheat,1494.1
121,2007,34.056506600368344,14.828519593421829,0.20778432550529635,0.2069151083453759,17.64618956711557,172735.7604036524,115.21150124540357,149.13733529915194,10.541875610479977,5.54058472882222,0.018415138633495663,0.02099440673117693,1.3745788694861831,5688.598930804377,26.640201936646427,5.402865947323495,41605920.0,109465632.0,102533264.0,107306352.0,109467648.0,109467648.0,109313312.0,109322804.0,20509308.0,20509308.0,18498632.0,20011932.0,20509308.0,20509308.0,20502238.0,20502525.0,4,Tunisia,Wheat,1876.2
121,2008,29.482659651401377,10.92318417438969,0.1991524287085566,0.19875900467863064,17.677394251028698,176850.19708398764,116.50784229512662,150.0587332784177,11.23154028683217,4.068661741393482,0.018458066402648403,0.020415478648976165,1.3521635990850591,4524.916131307172,28.65501373585359,5.720657507233168,41605920.0,109465632.0,102604160.0,107306352.0,109467648.0,109467648.0,109467648.0,109467648.0,20509308.0,20509308.0,18503028.0,20011932.0,20509308.0,20509308.0,20509308.0,20509308.0,4,Tunisia,Wheat,1717.4
121,2009,33.612558772765446,17.626948849100508,0.20874340946061742,0.20773022550117964,17.528249780337017,174270.11386147127,125.39027919505169,147.8768432793204,10.244226405386268,6.221706363812287,0.017914566054269707,0.020617319676639632,1.3333353393916128,4800.933402676277,24.99681236178445,5.5072348628251016,41605920.0,109465632.0,102463004.0,107306352.0,109467648.0,109467648.0,109467648.0,109467648.0,20509308.0,20509308.0,18476542.0,20011932.0,20509308.0,20509308.0,20509308.0,20509308.0,4,Tunisia,Wheat,2103.8
121,2010,29.560385148361224,14.343531169070404,0.20041524054896498,0.19978632873657914,17.77242848608229,172481.05887402725,120.04418431328385,149.92390608615358,11.296011737055018,5.2662882696990065,0.018699722318913814,0.020708894537494513,1.2513090806032467,5350.311132943596,28.994310321521734,5.9505484179064805,41605920.0,109465632.0,102358000.0,107306352.0,109467648.0,109467648.0,109467648.0,109467648.0,20509308.0,20509308.0,18369792.0,20011932.0,20509308.0,20509308.0,20509308.0,20509308.0,4,Tunisia,Wheat,1892.3
121,2011,33.77830320382659,15.720620495191554,0.20720608123681608,0.20626542413941829,17.48346447944641,172042.66845961995,126.6859771769672,148.34432855400448,10.264291581689925,6.091790359004782,0.01899106293623297,0.021421030345812567,1.3591451817078366,5000.22473735552,25.770631926720494,5.540140728045042,41605920.0,109465632.0,102591992.0,107306352.0,109467648.0,109467648.0,109467648.0,109467648.0,20509308.0,20509308.0,18497046.0,20011932.0,20509308.0,20509308.0,20509308.0,20509308.0,4,Tunisia,Wheat,2079.1
121,2012,34.59082108969579,13.773142725637767,0.1991058394519819,0.1982552259978433,18.12074135078324,177718.92861453583,128.7467353652167,148.85438085616664,9.92619119241538,5.047990674614899,0.017873596477262624,0.0194953770322387,1.3518862259984645,4660.547879710504,24.51817346224092,5.346793334043674,41605920.0,109465632.0,104348480.0,107306352.0,109467648.0,109467648.0,109467648.0,109467648.0,20509308.0,20509308.0,19144672.0,20011932.0,20509308.0,20509308.0,20509308.0,20509308.0,4,Tunisia,Wheat,2020.3
121,2013,30.809848333078516,14.34443873709815,0.19320587643111742,0.19304395876048444,17.603090524673462,174893.7020243769,119.52603227632459,148.807184698532,11.59953919187817,5.310775574357999,0.019835618539314884,0.02054628646055201,1.3426089344826408,4937.011177185671,29.25743334919069,6.188908231572202,41605920.0,109465632.0,105631032.0,107306352.0,109467648.0,109467648.0,109467648.0,109467648.0,20509308.0,20509308.0,19558573.0,20011932.0,20509308.0,20509308.0,20509308.0,20509308.0,4,Tunisia,Wheat,1461.4
121,2014,33.49384096924106,13.729987706873489,0.18943421568514568,0.1892033406130676,18.23475945658154,176188.4552463096,123.69030343633881,150.28561589825998,9.608317733377389,4.91062764351473,0.020628231951756684,0.020898783129970164,1.287745138949684,4694.594823963818,24.247402042295946,5.525193221367675,41605920.0,109465632.0,106424036.0,107306352.0,109467648.0,109467648.0,109467648.0,109467648.0,20509308.0,20509308.0,19820494.0,20011932.0,20509308.0,20509308.0,20509308.0,20509308.0,4,Tunisia,Wheat,2093.0
121,2015,31.022264908858038,12.572816096190857,0.19539648134054405,0.19506936427863483,17.86326480905215,178343.4013660336,118.68580327142814,149.245037065675,9.946984600851131,4.952551525150502,0.021335282717814107,0.02169193710615542,1.4134455312137184,4805.468602030681,25.689027806349543,5.987447365903265,41605920.0,109465632.0,106404304.0,107306352.0,109467648.0,109467648.0,109467648.0,109467648.0,20509308.0,20509308.0,19803842.0,20011932.0,20509308.0,20509308.0,20509308.0,20509308.0,4,Tunisia,Wheat,1398.5
121,2016,30.53267864162147,12.508686221811356,0.19174978473327223,0.19139562080287933,18.105681783623165,176807.0486632225,118.06298602665441,150.48451138508545,11.2721446386929,5.094909719820599,0.020909177391263915,0.021334983457823968,1.3057699643493301,5153.181364677818,28.28880035681934,5.807398067628832,41605920.0,109465632.0,106623500.0,107306352.0,109467648.0,109467648.0,109467648.0,109467648.0,20509308.0,20509308.0,19833143.0,20011932.0,20509308.0,20509308.0,20509308.0,20509308.0,4,Tunisia,Wheat,1822.7
121,2017,32.24723483574013,9.802005390634662,0.1897827652800414,0.18918877255620561,17.738240006897186,180705.15962818742,122.38449829641644,151.21702962095088,10.061518037918061,4.903897095712046,0.019428860039446008,0.020326344231330434,1.3034370928876808,4852.267919712284,25.081275401692658,5.594537440929589,41605920.0,109465632.0,106365548.0,107306352.0,109467648.0,109467648.0,109467648.0,109467648.0,20509308.0,20509308.0,19762082.0,20011932.0,20509308.0,20509308.0,20509308.0,20509308.0,4,Tunisia,Wheat,1636.0
121,2018,33.04842721627219,14.34209769171665,0.2037524715479877,0.2035033211329221,17.73848025004069,172515.4917742516,121.34827585061215,147.1297359336332,12.638215369028746,5.174713735236896,0.020618656419691645,0.02114322992364205,1.3856400636689044,5019.133997035451,30.356425592236842,6.034279383988479,41605920.0,109465632.0,106399892.0,107306352.0,109467648.0,109467648.0,109467648.0,109467648.0,20509308.0,20509308.0,19758012.0,20011932.0,20509308.0,20509308.0,20509308.0,20509308.0,4,Tunisia,Wheat,1734.5
121,2019,36.96449456921423,15.322417683593548,0.20822923827088538,0.20771243173097104,17.588921878072952,175503.53109273047,131.22594972192107,146.49234554343434,10.95827115706548,6.150898706550813,0.020136596245393535,0.020671887558100857,1.425846994891848,4945.229802379309,26.977150912619592,5.7797827469980865,41605920.0,109465632.0,106284472.0,107306352.0,109467648.0,109467648.0,109467648.0,109467648.0,20509308.0,20509308.0,19752899.0,20011932.0,20509308.0,20509308.0,20509308.0,20509308.0,4,Tunisia,Wheat,2262.8
121,2020,31.9075518021328,11.897796511802662,0.19618306660817728,0.1957534625765556,17.985510673787857,177149.49732487823,120.25009107325491,150.44656193757578,10.600068121067945,4.481836783840456,0.019562281535580758,0.02007014197562631,1.2774946877430868,5170.8752732061575,26.0522794094111,5.7376500610045005,41605920.0,109465632.0,106640564.0,107306352.0,109467648.0,109467648.0,109467648.0,109467648.0,20509308.0,20509308.0,19786028.0,20011932.0,20509308.0,20509308.0,20509308.0,20509308.0,4,Tunisia,Wheat,1719.5
121,2021,32.63530317909781,9.543944613245525,0.18602222462909088,0.18548093165927243,18.561157723267872,176294.44995543745,119.69647300559703,149.7919753460311,10.4826457799343,4.298152565187049,0.02011377640370307,0.020553607649534775,1.2820022317346373,5205.680163666181,26.825619028281256,5.883621049293282,41605920.0,109465632.0,106566100.0,107306352.0,109467648.0,109467648.0,109467648.0,109467648.0,20509308.0,20509308.0,19721539.0,20011932.0,20509308.0,20509308.0,20509308.0,20509308.0,4,Tunisia,Wheat,1952.5
121,2022,31.45060067266453,9.080089073650512,0.18670713399640385,0.1861819716487202,18.92478914393319,178770.99584704603,117.42277226210052,151.89338921802053,11.36509334073286,3.403216300784615,0.019164132894936705,0.019691638341534205,1.300101045181878,4822.238260538706,29.1789961762979,5.83085144740819,41605920.0,109465632.0,106621228.0,107306352.0,109467648.0,109467648.0,109467648.0,109467648.0,20509308.0,20509308.0,19763743.0,20011932.0,20509308.0,20509308.0,20509308.0,20509308.0,4,Tunisia,Wheat,1960.3
141,1984,35.33272974811962,13.273743691516312,0.17810170342110923,0.1765272260167236,16.417829698986477,206693.11640874093,123.54847038904447,140.93489091641135,13.483713161415452,9.150726200682351,0.05494478388661973,0.05335856980561892,2.0300438358161355,16764.323753365614,33.578895084074354,5.417100160823814,1198832400.0,1225664784.0,1123472880.0,1213910064.0,1225664784.0,1225664784.0,1219502088.0,1219603176.0,110637072.0,110637072.0,101092915.0,109824588.0,110637072.0,110637072.0,110324700.0,110331720.0,7,South Africa,Wheat,1208.0
141,1985,35.33272974811962,14.678658860274341,0.17182916226900283,0.171913268836096,16.525072318536264,201493.87536264549,122.11623659752979,147.5383783853278,13.483713161415452,9.721336955063192,0.052525337657122854,0.05118760505242424,1.8078938006850889,15288.813070188578,28.90480102762297,5.676351326661695,1198832400.0,1225664784.0,1147074444.0,1213910064.0,1225664784.0,1225664784.0,1219502088.0,1219603176.0,110637072.0,110637072.0,102214253.0,109824588.0,110637072.0,110637072.0,110324700.0,110331720.0,7,South Africa,Wheat,853.8
141,1986,35.33272974811962,15.070806044611288,0.16889067718552214,0.16812491291704712,16.515853329941077,200908.81200597298,120.87039727801869,145.99941798265448,13.483713161415452,9.71213717424208,0.0559524301167358,0.05109632687403839,1.8296376078352727,16016.772115885302,31.047993737713345,6.038380396071272,1198832400.0,1225664784.0,927102714.0,1213910064.0,1225664784.0,1225664784.0,1219502088.0,1219603176.0,110637072.0,110637072.0,82947884.0,109824588.0,110637072.0,110637072.0,110324700.0,110331720.0,7,South Africa,Wheat,1198.9
141,1987,35.33272974811962,16.072656935202865,0.17239754336575663,0.1748971752604838,16.456289582782322,199031.67743885802,123.95838211280831,143.46527897371868,13.483713161415452,11.695737680599766,0.052117363982806406,0.05070875545796315,1.9230402674036828,15997.878918827148,32.41977894014598,5.848222241777141,1198832400.0,1225664784.0,1040794476.0,1213910064.0,1225664784.0,1225664784.0,1219502088.0,1219603176.0,110637072.0,110637072.0,91130227.0,109824588.0,110637072.0,110637072.0,110324700.0,110331720.0,7,South Africa,Wheat,1803.3
141,1988,35.33272974811962,17.55138440310973,0.18790801628714512,0.18677808365966048,15.988784836398231,196928.55501105796,120.86207826230185,139.48936129190994,13.483713161415452,11.58763471126945,0.04797851913773889,0.047164987097694705,1.8901482831957657,16602.26559255003,29.833318789123048,5.4363158945229415,1198832400.0,1225664784.0,1114237242.0,1213910064.0,1225664784.0,1225664784.0,1219502088.0,1219603176.0,110637072.0,110637072.0,98774802.0,109824588.0,110637072.0,110637072.0,110324700.0,110331720.0,7,South Africa,Wheat,1801.9
141,1989,35.33272974811962,16.856171467716038,0.19471818222491827,0.19253124497212795,15.798948533005184,199657.03391518374,136.66551985836563,148.69575924671335,13.483713161415452,10.692169951537236,0.04751637108665855,0.04679061105668314,1.8951634129588821,15846.891936354716,33.32965479254736,6.370372132354511,1198832400.0,1225664784.0,1148791416.0,1213910064.0,1225664784.0,1225664784.0,1219502088.0,1219603176.0,110637072.0,110637072.0,102597690.0,109824588.0,110637072.0,110637072.0,110324700.0,110331720.0,7,South Africa,Wheat,1090.6
141,1990,35.33272974811962,13.418793914120375,0.18080193777051234,0.17991609589573532,16.185840792126125,202736.66015380205,131.2790634926462,150.30112339372835,13.483713161415452,8.501442593012792,0.04856243427882636,0.04753285527264218,1.9401838375112537,15663.166588068663,32.336195382993544,6.39496592744959,1198832400.0,1225664784.0,1143724536.0,1213910064.0,1225664784.0,1225664784.0,1219502088.0,1219603176.0,110637072.0,110637072.0,101974945.0,109824588.0,110637072.0,110637072.0,110324700.0,110331720.0,7,South Africa,Wheat,1093.4
141,1991,35.33272974811962,16.051396788015392,0.18178507544238254,0.1813234812531824,16.108195892086737,200152.90025510886,134.68081374918455,146.73300656408477,13.483713161415452,10.262554873768165,0.04524288088213019,0.04448095248491998,1.7777427761116784,15742.793371753683,32.00283354236515,5.781107122534909,1198832400.0,1225664784.0,1135353624.0,1213910064.0,1225664784.0,1225664784.0,1219502088.0,1219603176.0,110637072.0,110637072.0,103324863.0,109824588.0,110637072.0,110637072.0,110324700.0,110331720.0,7,South Africa,Wheat,1491.6
141,1992,35.33272974811962,12.571151057267048,0.15696795070888817,0.15723830645498302,16.643763972653282,209433.78998402585,115.66069144340001,147.8294506983844,13.483713161415452,8.6932830241742,0.04713262628759042,0.047080074433179006,1.9382766039796624,16019.627183756198,27.45265142560372,6.054327431307625,1198832400.0,1225664784.0,1201240440.0,1213910064.0,1225664784.0,1225664784.0,1219502088.0,1219603176.0,110637072.0,110637072.0,107824463.0,109824588.0,110637072.0,110637072.0,110324700.0,110331720.0,7,South Africa,Wheat,1765.3
141,1993,35.33272974811962,15.952514973936138,0.1739757466992294,0.17398434326271334,16.51895240721879,203400.89172758994,129.09849961521397,139.5184250718635,13.483713161415452,10.367191295646334,0.049494616342384216,0.04947977305169621,1.8686109246903901,15670.033464637176,28.51067239425242,5.353010848419227,1198832400.0,1225664784.0,1213015914.0,1213910064.0,1225664784.0,1225664784.0,1219502088.0,1219603176.0,110637072.0,110637072.0,109740243.0,109824588.0,110637072.0,110637072.0,110324700.0,110331720.0,7,South Africa,Wheat,1845.4
141,1994,35.33272974811962,12.56233038379681,0.16799384127888412,0.168100656817609,15.940811857029244,206013.7791778688,109.04333270086879,136.45381042122682,13.483713161415452,8.295927723402627,0.05108652131883636,0.051072610226417015,1.954529760135027,15927.50456386264,23.41089993888373,5.005415851804303,1198832400.0,1225664784.0,1205643126.0,1213910064.0,1225664784.0,1225664784.0,1219502088.0,1219603176.0,110637072.0,110637072.0,108984597.0,109824588.0,110637072.0,110637072.0,110324700.0,110331720.0,7,South Africa,Wheat,1756.1
141,1995,35.33272974811962,17.080865578366474,0.17203032549608632,0.17206528728808784,16.266283147864872,200916.88859705476,133.62414817961422,149.14991571981608,13.483713161415452,10.19211127373446,0.0476673842357787,0.04767855936463827,1.9376616744481168,15329.178229494373,32.627593096927754,6.271446464393296,1198832400.0,1225664784.0,1210081704.0,1213910064.0,1225664784.0,1225664784.0,1219502088.0,1219603176.0,110637072.0,110637072.0,109390677.0,109824588.0,110637072.0,110637072.0,110324700.0,110331720.0,7,South Africa,Wheat,1450.7
141,1996,35.33272974811962,19.12350277006106,0.1957658671394542,0.19586846597643906,15.508199089103275,198059.5801349926,141.5061511292308,143.42517395862419,13.483713161415452,12.36198116531806,0.049439523036548305,0.049396441333115944,1.9004551235939287,15773.675034842947,31.977486650822772,5.849486944180891,1198832400.0,1225664784.0,1206588186.0,1213910064.0,1225664784.0,1225664784.0,1219502088.0,1219603176.0,110637072.0,110637072.0,109171138.0,109824588.0,110637072.0,110637072.0,110324700.0,110331720.0,7,South Africa,Wheat,2096.1
141,1997,35.33272974811962,16.174471889765933,0.20031218858504735,0.20030997984795895,15.938913197429091,199553.19178540143,140.659026042156,143.72084331537644,13.483713161415452,10.401378433570878,0.049770402115696305,0.049769771346534646,1.8695997918035734,15900.249305747699,31.853921885049882,5.711903883154728,1198832400.0,1225664784.0,1211348682.0,1213910064.0,1225664784.0,1225664784.0,1219502088.0,1219603176.0,110637072.0,110637072.0,109792967.0,109824588.0,110637072.0,110637072.0,110324700.0,110331720.0,7,South Africa,Wheat,1757.5
141,1998,35.33272974811962,16.698037442320793,0.18230743720023718,0.18222653546929907,16.471844918198055,200962.9441514602,143.2490966401951,143.98609553625795,13.483713161415452,10.246731766758458,0.0476519365797745,0.04757420732458382,1.8056872660784853,16230.299478502488,32.46543212130212,5.451747564555183,1198832400.0,1225664784.0,1191148278.0,1213910064.0,1225664784.0,1225664784.0,1219502088.0,1219603176.0,110637072.0,110637072.0,109097555.0,109824588.0,110637072.0,110637072.0,110324700.0,110331720.0,7,South Africa,Wheat,2529.5
141,1999,35.33272974811962,13.106360432243047,0.17580824986928037,0.1758579192039393,17.001758910991526,202993.54726386737,125.10551205521953,141.46531095972534,13.483713161415452,8.523452414921454,0.04615621416382995,0.04615902757751961,1.8798601378715136,15518.066635482586,30.17823583611828,5.017847047796955,1198832400.0,1225664784.0,1164272100.0,1213910064.0,1225664784.0,1225664784.0,1219502088.0,1219603176.0,110637072.0,110637072.0,108479464.0,109824588.0,110637072.0,110637072.0,110324700.0,110331720.0,7,South Africa,Wheat,2413.7
141,2000,31.78803026463808,15.718911520716675,0.1959984452222232,0.19582290556780427,15.947610336321372,197710.89848654694,125.31272877016335,134.5184399348583,12.887043941706812,9.41731218007998,0.053217547271095324,0.053039891353147545,1.8309714076628467,16982.2134516578,30.931398221276474,4.568172920324138,732619800.0,1225664784.0,1179480630.0,1213910064.0,1225664784.0,1225664784.0,1219502088.0,1219603176.0,67611544.0,110637072.0,108574087.0,109824588.0,110637072.0,110637072.0,110324700.0,110331720.0,7,South Africa,Wheat,2599.7
141,2001,34.28691475087937,15.39478124869038,0.1988856462002904,0.1943063735765886,16.277226677647345,196614.54566177278,136.72539992454668,146.4603669843176,13.257940165073625,8.603743844371616,0.04640228002945785,0.04674840577418556,1.788283388059472,15956.470727033287,31.299606475732507,5.665496053816803,1198832400.0,1225664784.0,1027038564.0,1213910064.0,1225664784.0,1225664784.0,1219502088.0,1219603176.0,110637072.0,110637072.0,101456733.0,109824588.0,110637072.0,110637072.0,110324700.0,110331720.0,7,South Africa,Wheat,2570.8
141,2002,33.82027209370639,13.981827648091338,0.18721864820906406,0.18652518112750982,16.386431912581127,205165.79219600392,131.5814865827408,148.38867078443113,12.963004268543457,7.215064436054895,0.045896936570699716,0.04597470942539856,1.827386586193305,14287.911439376467,30.49065576593564,5.767677518194819,1198832400.0,1225664784.0,1182741384.0,1213910064.0,1225664784.0,1225664784.0,1219502088.0,1219603176.0,110637072.0,110637072.0,108652743.0,109824588.0,110637072.0,110637072.0,110324700.0,110331720.0,7,South Africa,Wheat,2590.6
141,2003,31.816576595575984,11.686453585623473,0.1691534851712209,0.1689606200075005,16.923162113737177,206311.04291496347,125.64404994627606,150.02604424447506,12.922261133345845,6.686242094187463,0.047739676428674285,0.04757997448933935,1.8491202248778138,15420.220315730785,30.05521133763743,5.835671065595227,1198832400.0,1225664784.0,1177012470.0,1213910064.0,1225664784.0,1225664784.0,1219502088.0,1219603176.0,110637072.0,110637072.0,106049154.0,109824588.0,110637072.0,110637072.0,110324700.0,110331720.0,7,South Africa,Wheat,2068.0
141,2004,33.53987466557896,14.798225576273417,0.17474232075942883,0.17434537764585614,16.647945949324853,202781.15287600283,130.7145695587584,146.51580319177083,13.13070875797171,8.633941509059909,0.04782990883388111,0.04766852206043712,1.7568513482800638,15396.430492554395,30.645753140067004,5.479502494359752,1198832400.0,1225664784.0,1172512332.0,1213910064.0,1225664784.0,1225664784.0,1219502088.0,1219603176.0,110637072.0,110637072.0,105480396.0,109824588.0,110637072.0,110637072.0,110324700.0,110331720.0,7,South Africa,Wheat,2032.5
141,2005,35.71945855617342,14.532166144599229,0.17841437631459145,0.1777242844460678,16.952332739476805,203732.7656438909,138.75126216242356,147.05003394783864,13.483713161415452,8.642206538631216,0.04737824660024904,0.04733102461583477,1.9417105977435436,16041.268366190865,32.3847121625389,6.058586815451941,1198832400.0,1225664784.0,1173851418.0,1213910064.0,1225664784.0,1225664784.0,1219502088.0,1219603176.0,110637072.0,110637072.0,105505260.0,109824588.0,110637072.0,110637072.0,110324700.0,110331720.0,7,South Africa,Wheat,2366.5
141,2006,36.71197208658035,18.30529621149015,0.20035658438724496,0.19855467009503552,16.133587148454453,194572.34270779495,137.28828032994045,145.55524587534478,13.818819818988231,10.627861568561483,0.04623020866935223,0.046629545126696384,1.7908516826775593,16983.3701735165,31.4090900498007,5.5701218595328506,1198832400.0,1225664784.0,1176921780.0,1213910064.0,1225664784.0,1225664784.0,1219502088.0,1219603176.0,110637072.0,110637072.0,105491310.0,109824588.0,110637072.0,110637072.0,110324700.0,110331720.0,7,South Africa,Wheat,2751.6
141,2007,32.989212914616004,14.27582578486749,0.1749970778064043,0.1745425618360732,16.648516365775354,206553.9646268042,123.26317895930266,150.0642190269071,13.1771583023565,8.243909221114604,0.04530839430553626,0.04519066860398514,1.7818138910880212,15304.786075263828,32.756516943402595,7.942535645563673,1198832400.0,1225664784.0,1182845580.0,1213910064.0,1225664784.0,1225664784.0,1224466482.0,1224486138.0,110637072.0,110637072.0,107981895.0,109824588.0,110637072.0,110637072.0,110576333.0,110577698.0,7,South Africa,Wheat,3014.2
141,2008,35.104020844529835,14.838615730763763,0.18783728243714126,0.18716392447106125,16.665951953993904,202910.14658890342,140.7859823335257,147.82861848115303,12.97995093448044,9.521868911077469,0.04520207025930643,0.0451934143427975,1.9203022243756076,17020.589919527552,31.157886471845337,8.56063604201473,1198832400.0,1225664784.0,1187407320.0,1213910064.0,1225664784.0,1225664784.0,1225664784.0,1225664784.0,110637072.0,110637072.0,107831391.0,109824588.0,110637072.0,110637072.0,110637072.0,110637072.0,7,South Africa,Wheat,2847.6
141,2009,35.98006736499982,16.9016787731753,0.19609540597432187,0.19501435565799533,16.49377003201732,198835.51145604276,142.33888558797028,145.7477895675656,13.287587020826079,9.63058688034982,0.045484846492655884,0.04567689689486735,1.8468412937339125,16197.875577518293,31.50509631255286,8.419918915759455,1198832400.0,1225664784.0,1185066444.0,1213910064.0,1225664784.0,1225664784.0,1225664784.0,1225664784.0,110637072.0,110637072.0,107374853.0,109824588.0,110637072.0,110637072.0,110637072.0,110637072.0,7,South Africa,Wheat,3047.5
141,2010,35.72756428755694,16.193334994421598,0.18887824440995848,0.1879467308298491,16.87878912025028,200069.81605268814,142.11608369147,146.3886654772436,12.588718084530443,8.847040573626586,0.04590188449423278,0.04595982040938182,1.763266300455598,16440.196341616513,30.24123927426815,8.328290344714205,1198832400.0,1225664784.0,1185608502.0,1213910064.0,1225664784.0,1225664784.0,1225664784.0,1225664784.0,110637072.0,110637072.0,107532734.0,109824588.0,110637072.0,110637072.0,110637072.0,110637072.0,7,South Africa,Wheat,2562.3
141,2011,36.414998976923414,14.144550502521136,0.19654477373869328,0.19584777534417533,16.183348693229533,200577.14963754886,143.6796627888687,145.23279689817122,13.569346471078646,8.37864434236433,0.045165922171578075,0.04517198060457052,1.8207660190339618,16326.249082425004,31.127748625593558,8.615042825308665,1198832400.0,1225664784.0,1188101928.0,1213910064.0,1225664784.0,1225664784.0,1225664784.0,1225664784.0,110637072.0,110637072.0,107987502.0,109824588.0,110637072.0,110637072.0,110637072.0,110637072.0,7,South Africa,Wheat,3315.7
141,2012,35.33272974811962,13.285486916371552,0.17451161032335621,0.17441666786049112,16.76816346027233,205383.46220788665,137.64682439910808,147.62426859370345,14.273371213792014,8.270745546063685,0.04652040022919629,0.046402928189257224,1.851612032564975,16374.345880431545,33.09379534312187,8.506397488865296,1198832400.0,1225664784.0,1197508452.0,1213910064.0,1225664784.0,1225664784.0,1225664784.0,1225664784.0,110637072.0,110637072.0,108743072.0,109824588.0,110637072.0,110637072.0,110637072.0,110637072.0,7,South Africa,Wheat,3747.6
141,2013,34.71903511860089,14.33948793004724,0.17174514783201392,0.17174608306525682,16.877065022786457,205985.8198842389,135.73919070250383,148.2931793622408,13.696780335227825,8.982159144546454,0.04808315625877708,0.048069543247387915,1.8527721904467171,16910.953140253245,32.209968945761744,8.824560983683567,1198832400.0,1225664784.0,1206753696.0,1213910064.0,1225664784.0,1225664784.0,1225664784.0,1225664784.0,110637072.0,110637072.0,109379023.0,109824588.0,110637072.0,110637072.0,110637072.0,110637072.0,7,South Africa,Wheat,3699.3
141,2014,36.89649017835672,13.752640886902267,0.17646449024754537,0.17662299257159034,16.824533131387497,203077.1783938117,139.98356713529768,147.48815832112365,13.189723941064345,8.653030112623965,0.0453073361163121,0.04536939640464523,1.7292362296153796,17107.993262119213,30.821187956406536,8.333739769154139,1198832400.0,1225664784.0,1203769470.0,1213910064.0,1225664784.0,1225664784.0,1225664784.0,1225664784.0,110637072.0,110637072.0,108707742.0,109824588.0,110637072.0,110637072.0,110637072.0,110637072.0,7,South Africa,Wheat,3672.1
141,2015,33.116602483613306,11.23815581429094,0.15961482162000953,0.15964446961033346,17.877440249478376,208549.8957397852,130.27327016140114,150.27439110936032,13.152574826826363,7.4613608486949765,0.04472825613088357,0.04473423831040097,1.8066061728060046,15770.494735864202,31.43473047343418,8.578819420872302,1198832400.0,1225664784.0,1209600252.0,1213910064.0,1225664784.0,1225664784.0,1225664784.0,1225664784.0,110637072.0,110637072.0,109437154.0,109824588.0,110637072.0,110637072.0,110637072.0,110637072.0,7,South Africa,Wheat,2986.6
141,2016,34.18600807539589,14.2140591295357,0.16684881063109192,0.16691754111961157,17.733643571535747,204893.33814169414,134.51273296256036,149.23552923116327,14.14866493842099,9.117527975466528,0.04637147115888032,0.04642166670981336,1.8936387961843542,16243.175965131259,33.17580599708752,8.585834766829594,1198832400.0,1225664784.0,1210448778.0,1213910064.0,1225664784.0,1225664784.0,1225664784.0,1225664784.0,110637072.0,110637072.0,109538585.0,109824588.0,110637072.0,110637072.0,110637072.0,110637072.0,7,South Africa,Wheat,3757.1
141,2017,35.05306578469805,14.224652618308044,0.16539296066319498,0.16545739278024704,17.10285927631237,204327.43910003122,136.37571185575928,148.3087467587258,13.023007451377126,9.276749495387008,0.045314664106922656,0.04537918879797863,1.7159328450166438,16368.83226308282,30.598261204418186,8.375608559757637,1198832400.0,1225664784.0,1201618668.0,1213910064.0,1225664784.0,1225664784.0,1225664784.0,1225664784.0,110637072.0,110637072.0,109636284.0,109824588.0,110637072.0,110637072.0,110637072.0,110637072.0,7,South Africa,Wheat,3122.5
141,2018,35.43547378924523,14.102182704908707,0.16475055249476872,0.16489368186933848,17.331768442083288,207226.42582376173,135.66426145101138,148.2222907234712,14.35191931260368,8.607362687811424,0.04625742701147496,0.046324225231026674,1.9365806428308305,14966.139223908605,32.213835582602286,8.717688622106087,1198832400.0,1225664784.0,1203882786.0,1213910064.0,1225664784.0,1225664784.0,1225664784.0,1225664784.0,110637072.0,110637072.0,109348700.0,109824588.0,110637072.0,110637072.0,110637072.0,110637072.0,7,South Africa,Wheat,3711.1
141,2019,35.09843790342497,14.739310972487763,0.15913374111470246,0.1593138444017805,17.871588892406887,207709.40306716575,134.86440453047706,150.12335324057855,13.699118779703994,9.358885721641117,0.044272511330126586,0.044356233579921765,1.8325208252745009,16914.856951803296,30.84477896835478,8.332125703508877,1198832400.0,1225664784.0,1200779304.0,1213910064.0,1225664784.0,1225664784.0,1225664784.0,1225664784.0,110637072.0,110637072.0,108854835.0,109824588.0,110637072.0,110637072.0,110637072.0,110637072.0,7,South Africa,Wheat,2842.6
141,2020,37.49582337491073,17.670509770885086,0.170235950499773,0.17023936137309792,16.83871501463431,202462.46223709467,139.914056087985,146.8291475686429,14.198532741859262,10.71897470480399,0.04394199572405798,0.0439420017085023,1.8176110026027317,15877.87922964233,31.249406801725225,8.424388539054714,1198832400.0,1225664784.0,1211592726.0,1213910064.0,1225664784.0,1225664784.0,1225664784.0,1225664784.0,110637072.0,110637072.0,109788583.0,109824588.0,110637072.0,110637072.0,110637072.0,110637072.0,7,South Africa,Wheat,4158.5
141,2021,37.739744035736166,19.237473136332135,0.17681921790871352,0.17688698496559627,16.646498002387858,199488.84929664526,136.88107918336053,146.4307596455418,13.881216457549783,12.156585270119024,0.046354940195704554,0.04638647002611897,1.7084438241563138,17379.57825175654,30.327346596200805,8.30021242498575,1198832400.0,1225664784.0,1212071292.0,1213910064.0,1225664784.0,1225664784.0,1225664784.0,1225664784.0,110637072.0,110637072.0,109581766.0,109824588.0,110637072.0,110637072.0,110637072.0,110637072.0,7,South Africa,Wheat,4364.9
141,2022,38.464843624014605,18.28196172793164,0.19201420633881178,0.1920129856108691,16.92987733858603,199542.74606598404,136.73957449689485,144.44820927740597,13.503264605200183,10.187315143125419,0.045039169793699214,0.04503847944875843,1.6822920651246445,14618.974362730758,28.53301871825553,8.056433441116887,1198832400.0,1225664784.0,1213472628.0,1213910064.0,1225664784.0,1225664784.0,1225664784.0,1225664784.0,110637072.0,110637072.0,109804446.0,109824588.0,110637072.0,110637072.0,110637072.0,110637072.0,7,South Africa,Wheat,3684.9
145,1992,28.414465153188186,16.045245188073434,0.2416479296982288,0.24413251388465634,5.406880328597294,115272.57497946676,96.57443565447433,180.8930951779424,13.053304516950922,10.463098928186243,0.03749347273551348,0.03574598052780531,3.1886139813875674,16901.255937015372,27.199530832651945,22.46551782006036,24439774500.0,25631387640.0,10833316400.0,24506909840.0,25676570880.0,25676570880.0,23638215420.0,23670965520.0,1344793716.0,1344945276.0,1320905273.0,1965654804.0,1362564468.0,1362564468.0,1342151856.0,1342181700.0,27,Russian Federation,Wheat,1903.0
145,1993,28.414465153188186,17.670940232397978,0.24530702216757663,0.2505414436232819,4.410366300741831,114593.84271640863,101.7444666718175,179.3265767809199,13.053304516950922,10.426379357347018,0.03922041608681826,0.037137383007975304,3.1750315036977175,16196.448639287277,28.392060616460498,21.456297370031407,24439774500.0,25631387640.0,10737694915.0,24503601245.0,25676570880.0,25676570880.0,23638215420.0,23670965520.0,1344793716.0,1344945276.0,1265788569.0,1965648056.0,1362564468.0,1362564468.0,1342151856.0,1342181700.0,27,Russian Federation,Wheat,1765.5
145,1994,28.414465153188186,15.709101353046517,0.24755706290403998,0.24922883427770326,4.965741967078713,117582.99271310038,97.53674092729861,181.86570149427192,13.053304516950922,10.405433221141578,0.04070754382299291,0.03888325555651589,3.511693010199439,17971.863514298802,26.452333479900794,19.225460329334524,24439774500.0,25631387640.0,11105417745.0,24514081830.0,25676570880.0,25676570880.0,23638215420.0,23670965520.0,1344793716.0,1344945276.0,1293460382.0,1965654378.0,1362564468.0,1362564468.0,1342151856.0,1342181700.0,27,Russian Federation,Wheat,1449.8
145,1995,28.414465153188186,16.42557730715233,0.24205040451553128,0.2424778388014077,7.025149457384315,117123.24156988894,102.55229411106839,172.64463847575243,13.053304516950922,11.687562388127372,0.03744168074119591,0.03607426363721814,3.2346356952470603,15312.382643114946,34.7045439985118,28.77400838050475,24439774500.0,25631387640.0,11311388130.0,24511844395.0,25676570880.0,25676570880.0,23638215420.0,23670965520.0,1344793716.0,1344945276.0,1413825038.0,1965650533.0,1362564468.0,1362564468.0,1342151856.0,1342181700.0,27,Russian Federation,Wheat,1394.6
145,1996,28.414465153188186,13.640361197466076,0.2406112504502137,0.24162505376525667,4.751078384369611,121820.86037451003,109.69050970030821,174.71101320458033,13.053304516950922,9.439761756601003,0.03764512679489971,0.03519598220664748,3.694993969759939,15248.064409893024,45.66183605586946,27.05751902627257,24439774500.0,25631387640.0,10635926885.0,24503603925.0,25676570880.0,25676570880.0,23638215420.0,23670965520.0,1344793716.0,1344945276.0,1255734790.0,1965649461.0,1362564468.0,1362564468.0,1342151856.0,1342181700.0,27,Russian Federation,Wheat,1544.9
145,1997,28.414465153188186,17.41135812919649,0.24088066675596764,0.24387684687043895,5.411822153793441,116169.37232842369,104.29193403918046,172.76670504602677,13.053304516950922,10.957827489686776,0.03831162677997856,0.03566337776939865,3.0468990387193213,16415.303780503316,32.475621332483726,28.488097198164617,24439774500.0,25631387640.0,11340010915.0,24522076195.0,25676570880.0,25676570880.0,23638215420.0,23670965520.0,1344793716.0,1344945276.0,1311352216.0,1965655924.0,1362564468.0,1362564468.0,1342151856.0,1342181700.0,27,Russian Federation,Wheat,1841.7
145,1998,28.414465153188186,15.749913500639733,0.24222085177898403,0.24269792288582967,5.588634690973493,121365.73887614241,97.49316625760449,178.19903257201506,13.053304516950922,11.101553358253836,0.040548981931747566,0.038343295616957776,3.692585557670071,18113.706832936456,30.36469943536433,27.909311706499015,24439774500.0,25631387640.0,10789928750.0,24522908565.0,25676570880.0,25676570880.0,23638215420.0,23670965520.0,1344793716.0,1344945276.0,1262897006.0,1965654101.0,1362564468.0,1362564468.0,1342151856.0,1342181700.0,27,Russian Federation,Wheat,1359.4
145,1999,28.414465153188186,16.096319130416266,0.243756384236945,0.24255640692826147,6.351405061853843,121364.26648889596,102.69264233926525,175.19210958379915,13.053304516950922,11.314212803182329,0.03823503964706786,0.03656619804471921,3.707945313925048,16754.73427869318,32.40829625708682,29.942265901522873,24439774500.0,25631387640.0,11316260385.0,24524736645.0,25676570880.0,25676570880.0,23638215420.0,23670965520.0,1344793716.0,1344945276.0,1330414902.0,1965647577.0,1362564468.0,1362564468.0,1342151856.0,1342181700.0,27,Russian Federation,Wheat,1569.1
145,2000,40.19309654991747,17.250625137273303,0.2438117442031701,0.24432077821121934,6.159732991428529,117590.00014348597,97.76381666869484,175.24809186121314,13.483875782093186,10.5078318417496,0.03844329437562805,0.03638715724935232,3.552997771417377,16188.997834883281,31.362696174890566,26.30389686031043,14935417750.0,25631387640.0,11444096935.0,24525832060.0,25676570880.0,25676570880.0,23638215420.0,23670965520.0,821818382.0,1344945276.0,1332614165.0,1965652010.0,1362564468.0,1362564468.0,1342151856.0,1342181700.0,27,Russian Federation,Wheat,1614.4
145,2001,29.409240186962364,18.10312955651067,0.24021858920653658,0.24256339535177718,6.199398579324285,118341.92410544418,111.1783429067589,174.61562407152218,12.61920720998274,10.885159301864222,0.038967160248850795,0.03722426830814075,3.5470897114792934,16434.68336926936,38.390030620156146,28.71329799077147,24439774500.0,25631387640.0,11976297000.0,24550100300.0,25676570880.0,25676570880.0,23638215420.0,23670965520.0,1344793716.0,1344945276.0,1358894138.0,1965649372.0,1362564468.0,1362564468.0,1342151856.0,1342181700.0,27,Russian Federation,Wheat,2058.3
145,2002,28.1191654417754,16.28733993977404,0.24465789894262946,0.24646066453436916,6.317878174313551,120031.49845183773,109.702953170165,172.8886305153417,12.76033434367261,10.936943491188032,0.04095640570961149,0.03916140236083891,3.1888978345466614,16299.534104874874,37.63557239941118,29.145442319912828,24439774500.0,25631387640.0,13491293935.0,24634003025.0,25676570880.0,25676570880.0,23638215420.0,23670965520.0,1344793716.0,1344945276.0,1452988371.0,1965667393.0,1362564468.0,1362564468.0,1342151856.0,1342181700.0,27,Russian Federation,Wheat,2068.1
145,2003,27.57846808671115,15.34384709599729,0.2593773682084348,0.25744682776511657,5.586349325544305,120491.07013567601,102.5994902907442,177.23616001360364,10.52831771670872,9.751411260694946,0.0432997227311203,0.03898163786820354,3.1496984735612483,15938.867673842198,31.290543714699524,27.578652487289126,24439774500.0,25631387640.0,7885510465.0,24371981810.0,25676570880.0,25676570880.0,23638215420.0,23670965520.0,1344793716.0,1344945276.0,1088845769.0,1965660652.0,1362564468.0,1362564468.0,1342151856.0,1342181700.0,27,Russian Federation,Wheat,1703.0
145,2004,29.357409488067898,18.675499940207093,0.26000986595948533,0.25779961681664393,6.395771021975412,116081.12679237574,110.01717091490177,173.69916893368915,12.935562532014243,11.415694497398654,0.04312790017707279,0.04010128008766824,3.529909708234933,15444.833698652365,37.461901589077364,30.23386991642045,24439774500.0,25631387640.0,8055050110.0,24378099210.0,25676570880.0,25676570880.0,23638215420.0,23670965520.0,1344793716.0,1344945276.0,1272603100.0,1965643590.0,1362564468.0,1362564468.0,1342151856.0,1342181700.0,27,Russian Federation,Wheat,1982.3
145,2005,28.245458726885943,15.662416525241388,0.2555045554207431,0.25342503292897495,6.331470469022396,120960.67090446099,106.16940127286561,176.0587432369843,11.769884167000168,10.453572708318855,0.04373882465721625,0.04014093465973596,3.558698044715822,15181.878217344245,34.340155086403705,27.91839037092145,24439774500.0,25631387640.0,9163934885.0,24396721730.0,25676570880.0,25676570880.0,23638215420.0,23670965520.0,1344793716.0,1344945276.0,1276604977.0,1965657203.0,1362564468.0,1362564468.0,1342151856.0,1342181700.0,27,Russian Federation,Wheat,1929.1
145,2006,28.071824201660903,16.880373542895388,0.25328856201635463,0.25479210829727095,5.736792878434062,118822.62974019692,106.10914496137158,176.25263761511812,11.936319088062534,10.81267540454758,0.04576504467578157,0.04127087871406369,3.6397830537588995,16766.076785921192,39.323754488218746,25.085620782073057,24439774500.0,25631387640.0,8874734200.0,24393651715.0,25676570880.0,25676570880.0,23638215420.0,23670965520.0,1344793716.0,1344945276.0,1273970532.0,1965652904.0,1362564468.0,1362564468.0,1342151856.0,1342181700.0,27,Russian Federation,Wheat,1949.2
145,2007,29.289762196015783,15.981165478395578,0.251454818331533,0.24968733494457657,6.854284930850069,123080.3002402597,106.85276539192857,145.5910035370192,13.569311194326975,10.382582220589658,0.045590561011250606,0.04378118863516616,3.602674710237569,16631.194443983677,42.85610083525513,22.43533065218778,24439774500.0,25631387640.0,12587845740.0,24633148945.0,25676570880.0,25676570880.0,25277549605.0,25283917680.0,1344793716.0,1344945276.0,1450472279.0,1965669613.0,1362564468.0,1362564468.0,1344280021.0,1344285824.0,27,Russian Federation,Wheat,2100.7
145,2008,29.88015231650471,14.89453019521116,0.24964753902620734,0.25137418733051203,6.846663997943202,120124.06700480558,116.51279318910426,116.37655252257595,13.143017113927497,9.466731395807185,0.044796823910943515,0.04155998576006158,3.178630438593748,16225.648371114725,37.5149648021486,14.821650568769785,24439774500.0,25631387640.0,12754499415.0,24615075955.0,25676570880.0,25676570880.0,25673250960.0,25673250960.0,1344793716.0,1344945276.0,1513852898.0,1965671554.0,1362564468.0,1362564468.0,1344793716.0,1344793716.0,27,Russian Federation,Wheat,2445.9
145,2009,27.634799735270978,14.807410945556896,0.2446057922310299,0.24434097823225925,6.069224524911907,122677.03088196646,110.00165941738838,113.61123846722067,13.579139619960314,10.392156979094473,0.047555824116299286,0.04422178624781649,3.7667428650465733,15757.069709747078,40.02396130120112,16.16543670268069,24439774500.0,25631387640.0,12454605010.0,24614714765.0,25676570880.0,25676570880.0,25673250960.0,25673250960.0,1344793716.0,1344945276.0,1443747428.0,1965661027.0,1362564468.0,1362564468.0,1344793716.0,1344793716.0,27,Russian Federation,Wheat,2318.2
145,2010,25.129213025198442,14.01134534391246,0.24461080705126123,0.24131687532446644,6.552744690618582,128015.98029829812,106.07505298092397,116.25250399675507,12.471681876115708,10.055986432761854,0.045972675269104576,0.04276009799796555,4.319152893994636,15941.382731721767,40.2308667380411,16.401375347162908,24439774500.0,25631387640.0,12735314500.0,24635429405.0,25676570880.0,25676570880.0,25673250960.0,25673250960.0,1344793716.0,1344945276.0,1429680918.0,1965675922.0,1362564468.0,1362564468.0,1344793716.0,1344793716.0,27,Russian Federation,Wheat,1918.1
145,2011,28.086894422622937,15.674660858515908,0.2494202355543772,0.2497642008452591,5.434158008462853,122550.52361201335,109.68404825170184,110.44436021037797,13.053304516950922,10.498663009096584,0.041477734796451574,0.03871296269243861,3.470441040654085,16057.586277487682,39.04165223876919,15.49380205306269,24439774500.0,25631387640.0,12981275780.0,24662282865.0,25676570880.0,25676570880.0,25673250960.0,25673250960.0,1344793716.0,1344945276.0,1423767533.0,1965680344.0,1362564468.0,1362564468.0,1344793716.0,1344793716.0,27,Russian Federation,Wheat,2264.5
145,2012,27.99097526292291,15.16461866103158,0.2445464168157842,0.24694786658422135,6.335364622802525,124626.0858980028,108.20233575273218,113.7499423473274,12.871990676009535,10.327245429080817,0.044038542648591264,0.03944621786524961,3.7563793643136907,16674.970040543958,38.22247728722809,15.704402100711844,24439774500.0,25631387640.0,12891943975.0,24651140805.0,25676570880.0,25676570880.0,25673250960.0,25673250960.0,1344793716.0,1344945276.0,1429192130.0,1965672148.0,1362564468.0,1362564468.0,1344793716.0,1344793716.0,27,Russian Federation,Wheat,1772.7
145,2013,30.170387405124316,16.657179737757602,0.25088911271757547,0.2520034778526034,6.885798912658356,118926.08193417662,116.99315186955084,112.9526722854711,14.109626592074743,10.61574199390993,0.04342904154711262,0.04023676462689932,3.423248872688845,16225.755894131436,41.40633530742574,15.661575211476965,24439774500.0,25631387640.0,12737409080.0,24625996820.0,25676570880.0,25676570880.0,25673250960.0,25673250960.0,1344793716.0,1344945276.0,1452960289.0,1965670758.0,1362564468.0,1362564468.0,1344793716.0,1344793716.0,27,Russian Federation,Wheat,2228.8
145,2014,28.414465153188186,13.567714841285202,0.24555454229315118,0.2462997345763583,6.104215402735604,124916.35005076969,111.98903702653124,114.84994497840015,13.334001550608821,10.115235723015292,0.04464438602738744,0.042192100281870204,3.7408693563774915,16592.092647986614,41.25174678700008,16.707925817525922,24439774500.0,25631387640.0,12179575810.0,24617725230.0,25676570880.0,25676570880.0,25673250960.0,25673250960.0,1344793716.0,1344945276.0,1435115854.0,1965655215.0,1362564468.0,1362564468.0,1344793716.0,1344793716.0,27,Russian Federation,Wheat,2497.6
145,2015,27.353195995820073,15.397991476171768,0.2510757779081662,0.2502323982121531,7.062087630759924,123960.04447441695,107.71767104494468,114.02559929296775,12.61671117398446,10.525142146300244,0.04409605151155237,0.042231385325048436,3.418026439028474,17911.18616159231,40.07957967913506,17.26183254564202,24439774500.0,25631387640.0,12091771825.0,24613826100.0,25676570880.0,25676570880.0,25673250960.0,25673250960.0,1344793716.0,1344945276.0,1422733100.0,1965662729.0,1362564468.0,1362564468.0,1344793716.0,1344793716.0,27,Russian Federation,Wheat,2388.3
145,2016,29.797970785185807,17.673485290866417,0.254050536867645,0.2543447081382132,6.595000414431302,119075.37990367245,115.33706513624406,113.70537802233139,13.40477791768699,11.585734756042413,0.04087387245410859,0.03791378374377047,3.435655683415423,16374.69732418841,41.93529777426896,16.823866226075076,24439774500.0,25631387640.0,12076194430.0,24632911645.0,25676570880.0,25676570880.0,25673250960.0,25673250960.0,1344793716.0,1344945276.0,1371442504.0,1965663330.0,1362564468.0,1362564468.0,1344793716.0,1344793716.0,27,Russian Federation,Wheat,2685.4
145,2017,29.156140285085865,16.149046742766934,0.25736422604984704,0.25594734829793225,6.619433535552687,122177.01707790948,111.70588342793835,112.55916638127825,13.012131225684827,10.240986757305391,0.0432317965158885,0.04056384719855985,3.591507080074181,16922.51673411136,39.62295133351561,16.732725668245266,24439774500.0,25631387640.0,12038701335.0,24592316550.0,25676570880.0,25676570880.0,25673250960.0,25673250960.0,1344793716.0,1344945276.0,1448023080.0,1965660495.0,1362564468.0,1362564468.0,1344793716.0,1344793716.0,27,Russian Federation,Wheat,3125.4
145,2018,28.15374203856715,14.32056793856088,0.24924172427919172,0.2503778035351906,5.892708396911621,126449.54543110516,110.54676527547298,112.87874031660631,14.131150892978672,10.185650958578616,0.047285361085667464,0.04360555002410787,3.9848585968554984,17024.59002015935,40.96313131883429,15.89223132258273,24439774500.0,25631387640.0,11692948985.0,24618809155.0,25676570880.0,25676570880.0,25673250960.0,25673250960.0,1344793716.0,1344945276.0,1294419058.0,1965645762.0,1362564468.0,1362564468.0,1344793716.0,1344793716.0,27,Russian Federation,Wheat,2725.0
145,2019,29.496655175868,14.384130383029024,0.2485375376211272,0.24882959993312703,6.961563400344716,123214.77196206016,112.80193535518505,114.69269474747495,14.507724283760652,10.076683542210109,0.044384178195910985,0.04088290226910691,3.563064930702815,16715.524798176157,40.15479164130254,15.37360498066565,24439774500.0,25631387640.0,11784611940.0,24611856905.0,25676570880.0,25676570880.0,25673250960.0,25673250960.0,1344793716.0,1344945276.0,1374313023.0,1965656944.0,1362564468.0,1362564468.0,1344793716.0,1344793716.0,27,Russian Federation,Wheat,2701.6
145,2020,29.85831314630863,13.84349497273651,0.24808411490586066,0.2470729993000803,7.711900235215823,125542.96130235965,114.87666443847388,118.14924894349436,15.285482902089012,10.095362475957165,0.043024480228345346,0.041117718066635715,3.4180179985638803,17670.013636873882,41.700814162366854,16.824511674179607,24439774500.0,25631387640.0,12952565880.0,24649500305.0,25676570880.0,25676570880.0,25673250960.0,25673250960.0,1344793716.0,1344945276.0,1449582000.0,1965663935.0,1362564468.0,1362564468.0,1344793716.0,1344793716.0,27,Russian Federation,Wheat,2975.9
145,2021,27.98472753540842,15.975194375937063,0.2488916051884492,0.24691342011808087,6.704670404322031,124435.481498415,109.40572236826976,113.71882396241634,12.850097267010675,10.85074768695239,0.040876867369172,0.0385460767141186,3.5825486055891744,15924.517011025086,37.75768866518403,16.25867695741484,24439774500.0,25631387640.0,12865954750.0,24622237285.0,25676570880.0,25676570880.0,25673250960.0,25673250960.0,1344793716.0,1344945276.0,1453454567.0,1965661870.0,1362564468.0,1362564468.0,1344793716.0,1344793716.0,27,Russian Federation,Wheat,2724.4
145,2022,29.655024553462013,16.734659275877615,0.24883412081334322,0.24827900410029685,6.789859841857106,121943.82702223811,122.2223492398955,120.47140653765419,15.395937145496946,10.841706323566362,0.04026178057816943,0.03827704573698287,3.656376997429225,15936.11346479965,48.27727061179107,24.647249231064375,24439774500.0,25637454365.0,12839420260.0,24616607445.0,25681559955.0,25681559955.0,25673250960.0,25673250960.0,1344793716.0,1344945276.0,1477353386.0,1965667089.0,1362564468.0,1362564468.0,1344793716.0,1344793716.0,27,Russian Federation,Wheat,3550.8
166,1984,47.05474175136184,26.688718366235346,0.2292572294790593,0.23034892587302885,16.523566690702285,161540.03216726056,167.16890384226866,132.32017087879504,13.799621991483253,15.83083294005565,0.05983046868317557,0.059599120027678004,1.9656508814007039,15620.328798623832,30.051051341879646,5.021829050752011,3259109448.0,3384656856.0,2470772171.0,3267346236.0,3393199656.0,3393199656.0,3446193492.0,3448777752.0,512848476.0,512848476.0,465544734.0,501931058.0,512848476.0,512848476.0,511394076.0,511396560.0,5,Argentina,Wheat,2306.8
166,1985,47.05474175136184,22.264775353955137,0.21780543579232123,0.21832789753752146,17.307352177680485,163836.34119024716,172.93439609798415,137.87639308479865,13.799621991483253,15.439968463189562,0.05858960104916792,0.05837301793170954,1.9373604849701813,14360.670988528684,31.8767966486715,5.691580565633683,3259109448.0,3384656856.0,2609560912.0,3265927826.0,3393199656.0,3393199656.0,3446193492.0,3448777752.0,512848476.0,512848476.0,477099133.0,501931046.0,512848476.0,512848476.0,511394076.0,511396560.0,5,Argentina,Wheat,1617.7
166,1986,47.05474175136184,24.24820557415218,0.2153393773095948,0.21869197613036398,17.368893547663614,167375.35552266563,168.3857222576658,138.37807029376506,13.799621991483253,15.421814066498374,0.05685322652057145,0.05440027651191755,2.133644777758604,14018.831549132465,33.960813017420236,6.330140364700021,3259109448.0,3384656856.0,2117787588.0,3266702740.0,3393199656.0,3393199656.0,3446193492.0,3448777752.0,512848476.0,512848476.0,383036486.0,501931050.0,512848476.0,512848476.0,511394076.0,511396560.0,5,Argentina,Wheat,1781.9
166,1987,47.05474175136184,23.691438042661115,0.21827653626433938,0.2181401577759954,17.08693892615182,171983.25455601583,168.035757027666,136.89891478885298,13.799621991483253,14.28358042059275,0.05449173169797964,0.05327303892039487,1.873049881674469,14272.084985064399,30.85146162899957,5.6663154296623865,3259109448.0,3384656856.0,2478251839.0,3263342558.0,3393199656.0,3393199656.0,3446193492.0,3448777752.0,512848476.0,512848476.0,433936282.0,501931052.0,512848476.0,512848476.0,511394076.0,511396560.0,5,Argentina,Wheat,1884.7
166,1988,47.05474175136184,19.11899556462516,0.21037051258038497,0.20979385403766557,16.753081397404745,178661.0908968685,144.07332032639647,137.5536954407819,13.799621991483253,12.911053236206994,0.05219653037508069,0.05176759637175682,2.056844833200418,14648.222207043098,28.758986233499748,6.337728283014013,3259109448.0,3384656856.0,2708699056.0,3252312119.0,3393199656.0,3393199656.0,3446193492.0,3448777752.0,512848476.0,512848476.0,457846112.0,501931044.0,512848476.0,512848476.0,511394076.0,511396560.0,5,Argentina,Wheat,1834.4
166,1989,47.05474175136184,19.423661400159443,0.20619353001552912,0.2065583317703003,17.649160943334063,177637.0349032264,175.00500219056318,145.91582959089823,13.799621991483253,11.556961247429497,0.0528285069162617,0.05281771664532057,1.9573290753270944,12835.50127562463,34.45134983230129,6.791959165601588,3259109448.0,3384656856.0,2820830691.0,3252759748.0,3393199656.0,3393199656.0,3446193492.0,3448777752.0,512848476.0,512848476.0,479537077.0,501931044.0,512848476.0,512848476.0,511394076.0,511396560.0,5,Argentina,Wheat,1894.7
166,1990,47.05474175136184,24.922764830104683,0.21194326771157126,0.21183173464759542,17.075785196016707,167268.31682883025,187.36579063639024,140.86916359096833,13.799621991483253,15.438923676077202,0.05563965563000618,0.055436545045931485,1.9168951619160903,14544.223412316187,32.10939949246168,6.1483324320267,3259109448.0,3384656856.0,2796218908.0,3252573982.0,3393199656.0,3393199656.0,3446193492.0,3448777752.0,512848476.0,512848476.0,470265349.0,501931044.0,512848476.0,512848476.0,511394076.0,511396560.0,5,Argentina,Wheat,1894.7
166,1991,47.05474175136184,24.32466365298027,0.21787337101404627,0.2187362996213764,16.9093680570996,165343.00176927214,182.99090741133668,138.76201788769018,13.799621991483253,14.570223133074947,0.05405517603998338,0.05345435088567496,1.9005834090500628,14816.294244573177,30.6178457625015,5.706658952202479,3259109448.0,3384656856.0,2668228304.0,3254479473.0,3393199656.0,3393199656.0,3446193492.0,3448777752.0,512848476.0,512848476.0,437850480.0,501931044.0,512848476.0,512848476.0,511394076.0,511396560.0,5,Argentina,Wheat,1897.2
166,1992,47.05474175136184,25.267561370831558,0.22045658753504827,0.22055015567618266,16.63058455028231,168017.9195819064,168.57924602297197,135.6021679013527,13.799621991483253,14.56526504511513,0.053712603269200083,0.05372676994408767,1.8281640936864367,13895.719844693818,28.165800908385478,5.9020601177232175,3259109448.0,3384656856.0,2991177868.0,3257507904.0,3393199656.0,3393199656.0,3446193492.0,3448777752.0,512848476.0,512848476.0,490941564.0,501931044.0,512848476.0,512848476.0,511394076.0,511396560.0,5,Argentina,Wheat,2180.9
166,1993,47.05474175136184,26.58611120292064,0.22276311734366036,0.22281962377542344,16.752539507926457,169342.14846013446,160.59178291456695,134.03682446868044,13.799621991483253,15.09149588236356,0.05541663722753346,0.055369526717610244,1.8428965086208784,14201.66980930042,28.99029281559007,5.711078350613451,3259109448.0,3384656856.0,3087840805.0,3259868759.0,3393199656.0,3393199656.0,3446193492.0,3448777752.0,512848476.0,512848476.0,499532667.0,501931044.0,512848476.0,512848476.0,511394076.0,511396560.0,5,Argentina,Wheat,2327.2
166,1994,47.05474175136184,22.601058029224138,0.21159231875623974,0.21196524782819542,17.489158009725905,172923.4747959337,138.22322370598468,132.60073042217607,13.799621991483253,12.886835380631485,0.052029975125996435,0.05222354888243487,2.0652482495381226,13251.667688321724,24.262957716675547,7.433336279237937,3259109448.0,3384656856.0,3072967688.0,3260053328.0,3393199656.0,3393199656.0,3446193492.0,3448777752.0,512848476.0,512848476.0,497412589.0,501931044.0,512848476.0,512848476.0,511394076.0,511396560.0,5,Argentina,Wheat,2023.7
166,1995,47.05474175136184,20.118932179089473,0.2022112082276079,0.202191102941546,17.04488954468379,179047.03492084265,171.39700904869738,142.58019709129155,13.799621991483253,12.061619999138074,0.052872258728563194,0.052861802157991786,2.1050409501719867,14566.321113598644,31.978806404547328,6.274494977197013,3259109448.0,3384656856.0,3068333499.0,3261113457.0,3393199656.0,3393199656.0,3446193492.0,3448777752.0,512848476.0,512848476.0,499944833.0,501931044.0,512848476.0,512848476.0,511394076.0,511396560.0,5,Argentina,Wheat,2167.5
166,1996,47.05474175136184,23.480065378301173,0.20688058849838042,0.20678534604170845,17.327611777517532,174164.455418152,178.56863724307973,141.64174753768336,13.799621991483253,12.832890664703113,0.05366091558502476,0.05368792851770861,1.9470427831661978,13671.183972723733,32.597848953376236,5.934195906041878,3259109448.0,3384656856.0,3092291118.0,3261023668.0,3393199656.0,3393199656.0,3446193492.0,3448777752.0,512848476.0,512848476.0,498592409.0,501931044.0,512848476.0,512848476.0,511394076.0,511396560.0,5,Argentina,Wheat,1934.4
166,1997,47.05474175136184,23.76861089177533,0.20547466358495134,0.20538025581307495,17.771056574488444,167160.4539908517,175.9956216429571,139.67967670761468,13.799621991483253,13.50575186266884,0.05306403724677638,0.05307571414308042,2.234771054659488,14438.232853749814,33.70481032188446,6.866970060793336,3259109448.0,3384656856.0,3053019865.0,3260014121.0,3393199656.0,3393199656.0,3446193492.0,3448777752.0,512848476.0,512848476.0,495787751.0,501931044.0,512848476.0,512848476.0,511394076.0,511396560.0,5,Argentina,Wheat,2242.6
166,1998,47.05474175136184,24.21389366050615,0.2339384490180583,0.233818181049352,16.972308968740798,168007.32672276915,192.92822652522466,136.78087955248526,13.799621991483253,14.588322491012784,0.05541073882403798,0.05544283654470452,1.8366497453789719,13371.758440981792,31.11412418405388,4.98161569390278,3259109448.0,3384656856.0,3107350869.0,3263390774.0,3393199656.0,3393199656.0,3446193492.0,3448777752.0,512848476.0,512848476.0,497704629.0,501931068.0,512848476.0,512848476.0,511394076.0,511396560.0,5,Argentina,Wheat,2608.8
166,1999,47.05474175136184,23.903681895352502,0.21780413040329535,0.217817734206144,16.894852712040855,168613.5248122873,180.03506707079308,135.12960135858597,13.799621991483253,13.778756060927961,0.04865848492439525,0.0488538125779353,1.9776079902519157,13201.48236212147,30.328132515977554,5.404410000164542,3259109448.0,3384656856.0,3064361748.0,3264283001.0,3393199656.0,3393199656.0,3446193492.0,3448777752.0,512848476.0,512848476.0,494158655.0,501931076.0,512848476.0,512848476.0,511394076.0,511396560.0,5,Argentina,Wheat,2302.8
166,2000,44.44617831411616,28.16453770031072,0.22691111857928925,0.2270089465781618,16.708456943905542,168791.9516516279,159.1867773380396,131.3032027153911,13.00004770737806,17.019351129625623,0.052498236743173,0.05262026632357756,1.9229615413105858,15849.843436844896,29.050017861498176,5.64393878292203,1991677996.0,3384656856.0,3000036592.0,3263797229.0,3393199656.0,3393199656.0,3446193492.0,3448777752.0,313407402.0,512848476.0,486845288.0,501931066.0,512848476.0,512848476.0,511394076.0,511396560.0,5,Argentina,Wheat,2487.3
166,2001,51.05110258095517,30.734376458962817,0.2308206230047203,0.23034200182572895,17.446433956660922,163320.18451430323,189.80413356305377,138.54016229053465,12.921230188330878,15.190644915087184,0.05029770887338431,0.0507124906513932,1.9634081995092723,15926.32215578281,29.01353713910856,5.828622193937294,3259109448.0,3384656856.0,2893358055.0,3266061477.0,3393199656.0,3393199656.0,3446193492.0,3448777752.0,512848476.0,512848476.0,473029754.0,501931072.0,512848476.0,512848476.0,511394076.0,511396560.0,5,Argentina,Wheat,2493.4
166,2002,49.929659537072894,29.79162901467231,0.23403518055639566,0.23406726577421227,17.177113260541642,167410.25624893926,182.3674714116244,138.9305924383214,12.72473038125866,17.003233581362746,0.05194370805029802,0.052015637317158185,2.059665943155156,15323.49020914351,27.82613089555542,5.902839711302314,3259109448.0,3384656856.0,3027286444.0,3262249935.0,3393199656.0,3393199656.0,3446193492.0,3448777752.0,512848476.0,512848476.0,495135451.0,501931062.0,512848476.0,512848476.0,511394076.0,511396560.0,5,Argentina,Wheat,2239.8
166,2003,47.738563675821624,24.86746525627889,0.2281712269380925,0.22796903258883155,17.405475111234757,177067.66996568418,172.99093302033393,140.41313582645836,13.743826373919008,14.505344995939494,0.05545849010594437,0.0556004698228842,2.002739507728393,14944.152871807972,29.81099227252988,6.242504051781509,3259109448.0,3384656856.0,2936434823.0,3261736436.0,3393199656.0,3393199656.0,3446193492.0,3448777752.0,512848476.0,512848476.0,493100859.0,501931066.0,512848476.0,512848476.0,511394076.0,511396560.0,5,Argentina,Wheat,2036.1
166,2004,48.922859042037935,23.92108546189259,0.21477897004002613,0.21480769600322688,17.337513397610376,174881.68982775373,174.755363410728,139.2973292344232,13.560952773701931,12.35628050102947,0.0453282176579606,0.04574026078187714,2.0071813495388446,13687.419696598155,28.486076476161767,6.174291092775905,3259109448.0,3384656856.0,2929827733.0,3261843900.0,3393199656.0,3393199656.0,3446193492.0,3448777752.0,512848476.0,512848476.0,492613895.0,501931070.0,512848476.0,512848476.0,511394076.0,511396560.0,5,Argentina,Wheat,2544.1
166,2005,47.217236344450086,22.032509529713085,0.20904042329343536,0.20917095180114187,17.20235728839087,175037.72011241305,172.8157423554157,140.30668974637896,13.842113654135876,13.154033434800732,0.050934983750629145,0.05113823889195953,2.0429251267254465,14671.378229413283,30.765686278831186,5.88825653010379,3259109448.0,3384656856.0,2878810424.0,3263991199.0,3393199656.0,3393199656.0,3446193492.0,3448777752.0,512848476.0,512848476.0,492593674.0,501931072.0,512848476.0,512848476.0,511394076.0,511396560.0,5,Argentina,Wheat,2635.6
166,2006,47.09453914712826,26.11234360800261,0.20153493806719777,0.20175760340358087,17.761233220024714,177229.14223381988,169.54601891082962,142.38765430196335,13.964052344872725,14.18307247482325,0.048625501093380534,0.048923651142123284,2.130451282117417,14556.685570622527,30.664914334111508,5.912888874763735,3259109448.0,3384656856.0,2913501871.0,3263085980.0,3393199656.0,3393199656.0,3446193492.0,3448777752.0,512848476.0,512848476.0,492424981.0,501931068.0,512848476.0,512848476.0,511394076.0,511396560.0,5,Argentina,Wheat,2530.2
166,2007,47.05474175136184,26.554613076006827,0.21769550147037656,0.21769980744863615,16.697066948527382,173394.77940929832,164.17634639324334,141.78458530996346,13.281285023296897,14.054677914954242,0.0521370026893762,0.052198977042574174,2.0740900250130894,14849.816902291464,29.594889209894973,7.70237683854643,3259109448.0,3384656856.0,3055416770.0,3266273927.0,3393199656.0,3393199656.0,3504890739.0,3505393234.0,512848476.0,512848476.0,500080855.0,501931070.0,512848476.0,512848476.0,512565676.0,512566159.0,5,Argentina,Wheat,2623.4
166,2008,42.40497814005411,19.913529843243857,0.1890576463488359,0.1891161983082688,17.902176993233816,179922.41165789988,164.03584908644777,144.35646088645152,13.27153595955447,11.273272048796384,0.04422620051666579,0.044316032326597504,1.967544051797958,14136.381896919553,30.379403100919173,8.450406838412261,3259109448.0,3384656856.0,3062752238.0,3265470026.0,3393199656.0,3393199656.0,3519059040.0,3519059040.0,512848476.0,512848476.0,500288425.0,501931066.0,512848476.0,512848476.0,512848476.0,512848476.0,5,Argentina,Wheat,2827.1
166,2009,40.1247008149834,23.562812922967098,0.18679744235816453,0.18687070931287486,17.870953268475002,181039.73966235528,160.25192861381615,143.87771327862836,14.239864142012545,12.749031307863811,0.05430912701984116,0.05437341157941259,2.0880815665644774,14287.60762571294,33.81923595715933,9.02488761578098,3259109448.0,3384656856.0,3074382675.0,3265611020.0,3393199656.0,3393199656.0,3519059040.0,3519059040.0,512848476.0,512848476.0,500211419.0,501931070.0,512848476.0,512848476.0,512848476.0,512848476.0,5,Argentina,Wheat,1962.8
166,2010,45.899805963442745,22.78786463109096,0.20752699821004789,0.2076094350276429,17.08574233925532,176990.72834785623,172.88936440043997,141.73184370260546,13.799621991483253,13.333054693520898,0.05456017844985705,0.054621816168183665,1.9060046789419656,13980.314679783694,29.706846496703008,8.411876622575639,3259109448.0,3384656856.0,3039479191.0,3265722327.0,3393199656.0,3393199656.0,3519059040.0,3519059040.0,512848476.0,512848476.0,499724808.0,501931078.0,512848476.0,512848476.0,512848476.0,512848476.0,5,Argentina,Wheat,2711.3
166,2011,44.619230359771144,21.570229682533473,0.1966438946269807,0.19675136856696715,17.279695051056997,179858.79470545225,169.0663887470536,142.14323970389574,13.690247045133216,12.45945644967294,0.05151411889320979,0.051595014482937344,1.9743210910020907,14656.611585367677,29.274181097279225,8.2413896400449,3259109448.0,3384656856.0,3092420471.0,3268523958.0,3393199656.0,3393199656.0,3519059040.0,3519059040.0,512848476.0,512848476.0,499854652.0,501931074.0,512848476.0,512848476.0,512848476.0,512848476.0,5,Argentina,Wheat,3506.3
166,2012,44.42676953366222,30.650333522828706,0.20939826374016107,0.20944334335962006,17.769817019265794,175673.5733305718,169.08442103849129,141.99392673422457,13.523639156163252,16.744284331506964,0.050514990755951776,0.050569152138513845,2.2240837930179667,13789.875681040043,29.75919843071488,8.763526692673528,3259109448.0,3384656856.0,3111808231.0,3267566743.0,3393199656.0,3393199656.0,3519059040.0,3519059040.0,512848476.0,512848476.0,500471720.0,501931072.0,512848476.0,512848476.0,512848476.0,512848476.0,5,Argentina,Wheat,3219.9
166,2013,43.650262320561275,20.83554303215877,0.19196947125924954,0.19195860672772622,17.60964758812435,181812.75496554797,163.78863020903864,143.2544583759671,13.802767557969881,11.986199511099452,0.05053380079515849,0.05054609315123818,2.1602602566002984,13826.943162440972,30.04858603744562,8.830255225371769,3259109448.0,3384656856.0,3117636718.0,3266958310.0,3393199656.0,3393199656.0,3519059040.0,3519059040.0,512848476.0,512848476.0,501221453.0,501931072.0,512848476.0,512848476.0,512848476.0,512848476.0,5,Argentina,Wheat,2658.1
166,2014,48.32339622962327,27.91671374582361,0.21949612201442792,0.21949878002327392,17.700479019255866,172577.1220137802,177.16059616896808,141.8343560428493,14.486163509145637,15.619640896879707,0.0534412047776978,0.05343883886927994,2.0170455116207306,14923.214503884978,30.57083313879989,8.847931930281424,3259109448.0,3384656856.0,3091778802.0,3265810919.0,3393199656.0,3393199656.0,3519059040.0,3519059040.0,512848476.0,512848476.0,501184067.0,501931068.0,512848476.0,512848476.0,512848476.0,512848476.0,5,Argentina,Wheat,2661.9
166,2015,47.39579410849212,27.473345661702645,0.2112827630388358,0.21130260641772133,17.826378595261346,171117.4540944269,170.6383655339561,141.4703572542701,13.54755593738189,15.546681123467236,0.05050523866715428,0.050511960774368835,2.065275292509758,14141.461036127961,28.809767760047357,8.23010568328003,3259109448.0,3384656856.0,3075497376.0,3263390333.0,3393199656.0,3393199656.0,3519059040.0,3519059040.0,512848476.0,512848476.0,501490520.0,501931072.0,512848476.0,512848476.0,512848476.0,512848476.0,5,Argentina,Wheat,2810.0
166,2016,47.280534687173244,28.018357680934155,0.2254698515411407,0.2254726512939859,17.072175968260993,171431.82193875237,178.217287993799,140.58398845528234,13.384513950843493,13.93638158897641,0.0488116411937609,0.048810348852282436,1.900451107087847,14864.855634517364,26.92619582934516,8.37242119432722,3259109448.0,3384656856.0,3031160804.0,3260292364.0,3393199656.0,3393199656.0,3519059040.0,3519059040.0,512848476.0,512848476.0,501472381.0,501931064.0,512848476.0,512848476.0,512848476.0,512848476.0,5,Argentina,Wheat,2862.3
166,2017,47.99126224742198,26.205489724562714,0.22620709607052422,0.226210913434258,17.868952501387824,173700.51108997694,177.69479757278378,142.02885681167533,13.997427964367793,14.85400252828537,0.04982152515851148,0.04982608357517639,1.9554583352069415,12945.163799158434,29.222826004385176,8.510810876379274,3259109448.0,3143553336.0,3054080995.0,3260964987.0,3393199656.0,3393199656.0,3519059040.0,3519059040.0,512848476.0,512798736.0,501609494.0,501931062.0,512848476.0,512848476.0,512848476.0,512848476.0,5,Argentina,Wheat,3304.7
166,2018,45.59928010663447,23.24716866289291,0.20024595557460706,0.20025147786142639,17.71388180293734,175358.52989722704,168.61134793474707,142.03581858641633,14.770474420775198,14.159949478953827,0.04980987314126388,0.049792726354337576,1.9255120905800394,15759.015222454284,32.094875044065155,8.403930372432036,3259109448.0,3384656856.0,3016525575.0,3261086010.0,3393199656.0,3393199656.0,3519059040.0,3519059040.0,512848476.0,512848476.0,500305558.0,501931066.0,512848476.0,512848476.0,512848476.0,512848476.0,5,Argentina,Wheat,3180.6
166,2019,47.57594144297155,24.023767544297666,0.20769522622937245,0.2077098835353829,17.437399587933978,174878.42614705535,172.36569300852864,141.43881610249028,13.973755452840704,14.299032762134887,0.052045646224277355,0.05200000609023076,1.9497096221479555,13502.6966079362,30.456409804355722,8.070969465269226,3259109448.0,3384656856.0,3031562135.0,3261862100.0,3393199656.0,3393199656.0,3519059040.0,3519059040.0,512848476.0,512848476.0,499165787.0,501931064.0,512848476.0,512848476.0,512848476.0,512848476.0,5,Argentina,Wheat,3216.0
166,2020,44.57083518246155,20.187673368777915,0.18819216278100767,0.18819036108488005,17.59721547459799,185260.87683433262,164.36934593471204,143.1722054827898,14.168963203739095,11.643260256099937,0.0474879887139038,0.04748593419903239,2.0822858402271023,13907.261622106878,31.866985306667754,8.682778523804393,3259109448.0,3384656856.0,3053396899.0,3262552384.0,3393199656.0,3393199656.0,3519059040.0,3519059040.0,512848476.0,512848476.0,501674248.0,501931062.0,512848476.0,512848476.0,512848476.0,512848476.0,5,Argentina,Wheat,2938.7
166,2021,47.05046688029589,21.774995124679798,0.1929758824408054,0.1929749499505771,17.63649881075299,179679.09453641006,165.70602486772793,142.68848026542386,14.34226701781267,12.544291526446592,0.04662070336461026,0.04661942980221807,1.9521356077973138,14181.746766226091,30.192932211054607,8.263188004157076,3259109448.0,3384656856.0,3102705263.0,3263305199.0,3393199656.0,3393199656.0,3519059040.0,3519059040.0,512848476.0,512848476.0,501747083.0,501931064.0,512848476.0,512848476.0,512848476.0,512848476.0,5,Argentina,Wheat,2759.5
166,2022,43.05658875970576,19.112445784353532,0.180389145714423,0.18038943976211963,17.433852405775163,187075.7320758791,152.77071532127374,143.19634966209892,13.428690866556217,10.638828676929096,0.046481784691262115,0.04648234642311978,2.04118198698725,12924.216719053775,29.514344892428454,8.927387083541422,3259109448.0,3384656856.0,3089548385.0,3262621859.0,3393199656.0,3393199656.0,3519059040.0,3519059040.0,512848476.0,512848476.0,501700237.0,501931064.0,512848476.0,512848476.0,512848476.0,512848476.0,5,Argentina,Wheat,3382.5
188,1992,20.278630332809875,12.264766731551811,0.2164886819405688,0.2176729906828051,4.092911954762207,123589.70799677313,82.17265426672648,180.6060000813079,9.563210066225329,8.616005086700046,0.04047001243523325,0.03819999501053109,2.992456094830108,17955.10344042677,27.399433055467316,25.36835472532109,2217569904.0,2385985824.0,1612623032.0,2310808992.0,2374992288.0,2374992288.0,2302259040.0,2303552448.0,275202108.0,275202108.0,174227272.0,274837374.0,275202108.0,275202108.0,274829364.0,274836060.0,7,Kazakhstan,Wheat,1332.4
188,1993,20.278630332809875,14.820569493364916,0.22205396369099614,0.22425319974238722,3.0840418111119003,124407.82961888151,85.70197810699827,184.8377288479513,9.563210066225329,9.823364834938902,0.04491947584592046,0.04075061024889249,3.0342791599308088,16821.12178023641,25.365562854058073,23.053260512658483,2217569904.0,2385985824.0,1513378900.0,2310906128.0,2374992288.0,2374992288.0,2302259040.0,2303552448.0,275202108.0,275202108.0,163878903.0,274837371.0,275202108.0,275202108.0,274829364.0,274836060.0,7,Kazakhstan,Wheat,917.8
188,1994,20.278630332809875,13.681297434935736,0.21886779636972478,0.2203521983935003,3.8753135580466025,126845.73256629359,81.65027287409964,184.8030800376696,9.563210066225329,9.363071868764123,0.04709103942500992,0.04398740076950048,3.0284123680420425,18502.10992191007,25.46900544736495,18.49353378176442,2217569904.0,2385985824.0,1619312196.0,2310924068.0,2374992288.0,2374992288.0,2302259040.0,2303552448.0,275202108.0,275202108.0,179365627.0,274837412.0,275202108.0,275202108.0,274829364.0,274836060.0,7,Kazakhstan,Wheat,749.0
188,1995,20.278630332809875,9.97236890157997,0.2124810404040747,0.211911947988279,5.814936093158192,131858.96422850396,89.60641088575652,174.44450434181135,9.563210066225329,6.347530654611794,0.042068796974844766,0.04054412115746519,2.753508302255504,17532.054713056044,34.67613761550866,25.461236552903117,2217569904.0,2385985824.0,1687001292.0,2311010572.0,2374992288.0,2374992288.0,2302259040.0,2303552448.0,275202108.0,275202108.0,188029746.0,274837418.0,275202108.0,275202108.0,274829364.0,274836060.0,7,Kazakhstan,Wheat,574.8
188,1996,20.278630332809875,11.039873147546338,0.20863171035630831,0.2112864570301363,3.1294304790531493,129034.59555971556,94.40287375555707,179.72280944462702,9.563210066225329,7.4909368869244854,0.04199216916719978,0.039396019255248695,3.3821145058336533,17511.74447669761,43.24832755817753,26.661608096345727,2217569904.0,2385985824.0,1576196280.0,2310653936.0,2374992288.0,2374992288.0,2302259040.0,2303552448.0,275202108.0,275202108.0,172216021.0,274837368.0,275202108.0,275202108.0,274829364.0,274836060.0,7,Kazakhstan,Wheat,683.5
188,1997,20.278630332809875,10.332558851519003,0.20740097057488227,0.20512895430191116,5.495170548144314,130155.39833428033,91.98754060161751,177.20194123092162,9.563210066225329,7.05903211693791,0.04057816337149427,0.037875306657015856,2.9183613341609,18117.275775011287,34.567650677331265,23.38462367766454,2217569904.0,2385985824.0,1643212052.0,2310833488.0,2374992288.0,2374992288.0,2302259040.0,2303552448.0,275202108.0,275202108.0,184991971.0,274837400.0,275202108.0,275202108.0,274829364.0,274836060.0,7,Kazakhstan,Wheat,844.9
188,1998,20.278630332809875,10.700193238426557,0.20404302680657965,0.2024195839769121,4.682529498305586,132018.9767204489,77.0330938972334,181.38725421774342,9.563210066225329,8.166153714521187,0.03830788487109807,0.036017168272691025,3.246528019211283,15927.367045089435,25.810460997137078,23.627529160042187,2217569904.0,2385985824.0,1569732764.0,2310901212.0,2374992288.0,2374992288.0,2302259040.0,2303552448.0,275202108.0,275202108.0,173885177.0,274837407.0,275202108.0,275202108.0,274829364.0,274836060.0,7,Kazakhstan,Wheat,520.0
188,1999,20.278630332809875,12.643057958756234,0.2153298791704906,0.2082894874884117,5.034622219206843,128411.73017745333,86.5632096709015,177.46813328375012,9.563210066225329,8.905525169354087,0.04136107304048198,0.03895200768715441,3.1595938605325027,18145.424558967272,28.607351535714105,27.270428157901126,2217569904.0,2385985824.0,1682473532.0,2310781696.0,2374992288.0,2374992288.0,2302259040.0,2303552448.0,275202108.0,275202108.0,184317990.0,274837379.0,275202108.0,275202108.0,274829364.0,274836060.0,7,Kazakhstan,Wheat,1286.8
188,2000,27.767116645766304,12.5713444516543,0.21105633655356035,0.2073644633799291,4.8846459065874415,128084.18898966396,74.66438544277067,180.97628619236775,10.02405629650412,7.4558749885712325,0.040518308973122835,0.038096489722075466,3.2037383795464627,17635.788718959288,28.115266208273027,24.718760828439265,1355181608.0,2385984856.0,1680744840.0,2310907572.0,2374992288.0,2374992288.0,2302259040.0,2303552448.0,168179066.0,275201768.0,180174369.0,274837401.0,275202108.0,275202108.0,274829364.0,274836060.0,7,Kazakhstan,Wheat,902.8
188,2001,21.482409435364755,14.202182615671724,0.21540344020144805,0.213035175643388,5.0903996299538345,127353.64075952023,89.94033086017323,179.36558828730494,9.86538071585972,8.850596960373059,0.04272654720146224,0.04010908567694726,3.095699516424485,18052.829945848243,34.55954928970003,26.170079076290968,2217569904.0,2385985824.0,1721087052.0,2310810860.0,2374992288.0,2374992288.0,2302259040.0,2303552448.0,275202108.0,275202108.0,191721630.0,274837385.0,275202108.0,275202108.0,274829364.0,274836060.0,7,Kazakhstan,Wheat,1180.3
188,2002,23.217165536669842,13.735991296299932,0.22142418256650365,0.22237611375672023,5.636524316554035,125791.61087488376,94.21684790191654,175.59286647704076,9.826036945664239,8.550211301825563,0.044437178679900075,0.041310779426691466,2.9480461489903744,17937.5959930956,33.138400541490455,26.339510264017655,2217569904.0,2385985824.0,1831069244.0,2311262384.0,2374992288.0,2374992288.0,2302259040.0,2303552448.0,275202108.0,275202108.0,198079573.0,274837479.0,275202108.0,275202108.0,274829364.0,274836060.0,7,Kazakhstan,Wheat,1089.5
188,2003,21.714929106729407,12.06442847213119,0.22553842111180222,0.2239295707096397,4.758098451343055,129449.15003826935,86.09901814982774,180.69626753332165,8.693869736522295,8.667504805670914,0.044888828749970654,0.04066626233024508,2.996961031526412,16053.023523227865,28.068874817488407,25.780599297886333,2217569904.0,2385985824.0,1572747216.0,2311102376.0,2374992288.0,2374992288.0,2302259040.0,2303552448.0,275202108.0,275202108.0,174275480.0,274837485.0,275202108.0,275202108.0,274829364.0,274836060.0,7,Kazakhstan,Wheat,1025.0
188,2004,18.70430209324896,11.960998868853741,0.22172834869060248,0.21587528833367045,5.769297731238314,129981.47107697211,79.037867696112,181.72564537836172,9.30419576093312,8.354619752625128,0.040578621708263284,0.03784604839448527,3.146500104442252,17356.571649202244,29.60381102379619,25.88758699045279,2217569904.0,2385985824.0,1758607060.0,2311203880.0,2374992288.0,2374992288.0,2302259040.0,2303552448.0,275202108.0,275202108.0,193872643.0,274837505.0,275202108.0,275202108.0,274829364.0,274836060.0,7,Kazakhstan,Wheat,843.2
188,2005,21.402137433835087,11.41881251061161,0.21633687718874875,0.2187531316096082,5.258099434172942,130520.32482706067,88.61498732726497,182.21485742843885,9.20289454076632,8.75084438738417,0.04520922265018282,0.041188227880619405,3.144909647456945,18039.316380978038,29.859407807253987,23.86557363209188,2217569904.0,2385985824.0,1675078784.0,2311285836.0,2374992288.0,2374992288.0,2302259040.0,2303552448.0,275202108.0,275202108.0,184357857.0,274837503.0,275202108.0,275202108.0,274829364.0,274836060.0,7,Kazakhstan,Wheat,948.0
188,2006,20.051696686418452,12.3354411934319,0.220260435094436,0.22091291338918173,5.238176957186726,128129.28721577255,84.82485158072853,176.1560354215707,9.563210066225329,8.116392604314274,0.0472248118749601,0.04373770979107632,3.268373157377537,18350.493651474862,34.34491327285193,25.48475660686412,2217569904.0,2385985824.0,1681816008.0,2311281312.0,2374992288.0,2374992288.0,2302259040.0,2303552448.0,275202108.0,275202108.0,192060327.0,274837505.0,275202108.0,275202108.0,274829364.0,274836060.0,7,Kazakhstan,Wheat,1134.8
188,2007,21.267144827295706,11.27686416362636,0.22436947572148502,0.22198556804498745,5.585923713580188,131013.39603238071,84.82000816419321,147.9899543766176,9.66655722825921,7.5039484428059575,0.04399147856630574,0.0424488450231571,2.9951038071460143,17073.588243761555,33.10162470140073,19.15199902471397,2217569904.0,2385985340.0,1664924344.0,2311428052.0,2374992288.0,2374992288.0,2369705616.0,2369957112.0,275202108.0,275202108.0,187007895.0,274837497.0,275202108.0,275202108.0,275129630.0,275130932.0,7,Kazakhstan,Wheat,1298.3
188,2008,19.28478405846702,9.939729162670814,0.21158753226821617,0.21300383011120527,5.8101813364725485,132527.61818124814,84.35923420438081,118.18085281643614,8.302332355141765,6.588355928413261,0.04373074818152893,0.04238960769338966,2.8707850665064627,16902.265453449058,25.82523979810034,13.390442633146552,2217569904.0,2385985824.0,1666108176.0,2311572492.0,2374992288.0,2374992288.0,2385985824.0,2385985824.0,275202108.0,275202108.0,200084545.0,274837521.0,275202108.0,275202108.0,275202108.0,275202108.0,7,Kazakhstan,Wheat,971.5
188,2009,20.486704549987007,12.041478534968087,0.22208291374974778,0.21900082559528053,4.750914559298609,129489.25926025638,87.22095503704583,114.0771455588803,10.00212985529381,8.463066784682605,0.043386796303361876,0.04050357086785559,3.2442841067747112,16872.25031241022,30.170397148528952,14.479588094263868,2217569904.0,2385985824.0,1687936472.0,2311281772.0,2374992288.0,2374992288.0,2385985824.0,2385985824.0,275202108.0,275202108.0,195812585.0,274837470.0,275202108.0,275202108.0,275202108.0,275202108.0,7,Kazakhstan,Wheat,1194.1
188,2010,17.05610918593518,9.285770377719793,0.21418393806864816,0.2074140076300911,4.841096528288391,137582.35447072863,79.49268963343255,116.23339301343445,8.686475583833714,7.1962583937414415,0.03868139952924606,0.03536020463894082,3.5807249562901995,14872.42546627655,27.483112954667003,13.926848748626421,2217569904.0,2385985824.0,1709391336.0,2311612648.0,2374992288.0,2374992288.0,2385985824.0,2385985824.0,275202108.0,275202108.0,194676563.0,274837525.0,275202108.0,275202108.0,275202108.0,275202108.0,7,Kazakhstan,Wheat,733.6
188,2011,21.2796874642881,12.464165592445134,0.21995137580153012,0.21989971402827518,4.042119305994776,130795.40873044908,84.88092062815882,111.5407353816433,9.609572639951312,8.632258325650437,0.04513234983521611,0.041531608946124905,3.2349005248094893,17646.17390456101,27.71766149060043,13.649608456733356,2217569904.0,2385985824.0,1619328480.0,2311554600.0,2374992288.0,2374992288.0,2385985824.0,2385985824.0,275202108.0,275202108.0,184964248.0,274837509.0,275202108.0,275202108.0,275202108.0,275202108.0,7,Kazakhstan,Wheat,1660.9
188,2012,18.153092792519182,10.496513999089757,0.2139468704246812,0.21085787483232366,4.741035420085407,133792.90537760765,79.56047017791875,114.89614243361537,8.453645932388389,7.534683006437946,0.04343619244536183,0.04034003475272567,3.099437887302671,17864.033637106735,24.876277887066493,12.186444805039283,2217569904.0,2385985824.0,1631956272.0,2311571088.0,2374992288.0,2374992288.0,2385985824.0,2385985824.0,275202108.0,275202108.0,185609432.0,274837533.0,275202108.0,275202108.0,275202108.0,275202108.0,7,Kazakhstan,Wheat,792.9
188,2013,22.885929080578283,14.030442938584923,0.22778512930704484,0.22540132211931965,5.782967357585828,127806.88876482338,93.14581514501083,113.65537022813072,9.644958592383768,8.450439890556474,0.046055412059928476,0.04254175326460999,3.097270179423896,18244.647831487422,27.996582172249667,13.822100899992225,2217569904.0,2385985824.0,1645930148.0,2311555704.0,2374992288.0,2374992288.0,2385985824.0,2385985824.0,275202108.0,275202108.0,189516048.0,274837525.0,275202108.0,275202108.0,275202108.0,275202108.0,7,Kazakhstan,Wheat,1076.2
188,2014,20.278630332809875,11.714537652990884,0.22013391999320847,0.22009817470284487,4.37099805701938,130896.46495454719,83.54750328958909,111.6176115445059,9.010365124915467,7.514340958152072,0.04490635391398186,0.04247519604318514,3.0110604352152883,18527.978820955195,26.813330242127094,13.6578138277358,2217569904.0,2385985824.0,1587513464.0,2311225692.0,2374992288.0,2374992288.0,2385985824.0,2385985824.0,275202108.0,275202108.0,183736815.0,274837487.0,275202108.0,275202108.0,275202108.0,275202108.0,7,Kazakhstan,Wheat,1090.1
188,2015,20.26455003689584,13.468759269798808,0.23247465936260087,0.22665287910499002,5.544207022111449,130415.86251396383,82.93627820302856,109.8276594158609,9.966766698622688,8.582502224823962,0.045168463830948566,0.043606138862814996,3.1411647492832473,16802.604143460612,30.839112451743834,15.301642746318512,2217569904.0,2385985824.0,1655295700.0,2311293080.0,2374992288.0,2374992288.0,2385985824.0,2385985824.0,275202108.0,275202108.0,188186203.0,274837480.0,275202108.0,275202108.0,275202108.0,275202108.0,7,Kazakhstan,Wheat,1188.2
188,2016,22.596775250503626,14.445125569278767,0.23670413965980208,0.2330466823307406,5.314207176988323,127434.9490824348,88.0025076879279,110.07102184438439,10.824155218100657,9.570894771374476,0.045117561204090495,0.04268836529710143,3.3858425430518215,17160.221247437843,32.90183780534106,15.73887849148401,2217569904.0,2385985824.0,1606837972.0,2310811384.0,2374992288.0,2374992288.0,2385985824.0,2385985824.0,275202108.0,275202108.0,180820692.0,274837391.0,275202108.0,275202108.0,275202108.0,275202108.0,7,Kazakhstan,Wheat,1211.1
188,2017,20.717236438141885,10.516172879533968,0.22689522057771677,0.22483381911330447,5.391196310898522,133234.3904815541,83.80747593310036,112.34666093905149,9.507196871097406,7.50211678395047,0.04407550047681332,0.04164836829010609,2.940290155954229,16600.046907868786,28.401088156783622,13.992534740768305,2217569904.0,2385985824.0,1585888688.0,2310802080.0,2374992288.0,2374992288.0,2385985824.0,2385985824.0,275202108.0,275202108.0,182791422.0,274837395.0,275202108.0,275202108.0,275202108.0,275202108.0,7,Kazakhstan,Wheat,1242.7
188,2018,20.556135868669745,12.453538169238476,0.22976432223286888,0.2290568759003764,3.868429155813323,127926.49332556281,84.33407402041047,109.46892419989862,9.644470177073451,8.269693494014208,0.047620484605976,0.045525545456411576,3.4752069049787675,17984.4365130473,29.876617390311246,14.918169188225862,2217569904.0,2385985824.0,1534872624.0,2310687832.0,2374992288.0,2374992288.0,2385985824.0,2385985824.0,275202108.0,275202108.0,180851526.0,274837356.0,275202108.0,275202108.0,275202108.0,275202108.0,7,Kazakhstan,Wheat,1228.1
188,2019,19.99611838325079,11.137553573165611,0.22734084445983166,0.22406056828475954,5.494315309967432,131410.27665534057,84.20218951508804,113.20247105295306,9.865182024803268,7.568473367931402,0.04605940955011118,0.04499708750792689,3.196525515180788,16627.160520868412,28.623402061032746,14.008160256825873,2217569904.0,2385985824.0,1565356876.0,2310820188.0,2374992288.0,2374992288.0,2385985824.0,2385985824.0,275202108.0,275202108.0,181730159.0,274837406.0,275202108.0,275202108.0,275202108.0,275202108.0,7,Kazakhstan,Wheat,1013.7
188,2020,19.67792742691569,11.348606996569792,0.21931483772479823,0.21735852108755804,6.416427872661087,132882.1703677312,83.70291352131814,114.1653583165266,9.177132676885954,7.951137196852228,0.04326928671911218,0.041156611704353765,2.5433224320216263,16973.49211631593,27.36929227851284,14.280732481236559,2217569904.0,2385985824.0,1596176676.0,2310916104.0,2374992288.0,2374992288.0,2385985824.0,2385985824.0,275202108.0,275202108.0,183516589.0,274837392.0,275202108.0,275202108.0,275202108.0,275202108.0,7,Kazakhstan,Wheat,1182.5
188,2021,17.52526295329327,9.710190592157076,0.2148270833616455,0.20992307064950666,5.228975044356452,136671.67504007334,78.32642996637708,112.62259804341053,8.716124731454572,7.124872276861189,0.04213860330668273,0.039782231408560936,3.359659777732513,16167.716343961474,27.795481421353944,15.95096782151204,2217569904.0,2385985824.0,1661930616.0,2311012976.0,2374992288.0,2374992288.0,2385985824.0,2385985824.0,275202108.0,275202108.0,187698583.0,274837410.0,275202108.0,275202108.0,275202108.0,275202108.0,7,Kazakhstan,Wheat,928.8
188,2022,18.264427330271186,10.333309955663603,0.2192155536678102,0.20999492643319292,5.455626302295261,133076.00987462918,90.83190611726073,122.52110734436759,9.554686397060188,7.412708809146864,0.040659718111724835,0.03803297741509061,3.3368575213415945,16179.987631141299,39.59004151478982,24.5088747924637,2217569904.0,2385985824.0,1682517676.0,2311070676.0,2374992288.0,2374992288.0,2385985824.0,2385985824.0,275202108.0,275202108.0,192751322.0,274837426.0,275202108.0,275202108.0,275202108.0,275202108.0,7,Kazakhstan,Wheat,1272.7
199,1984,37.232127539158526,9.006562216088785,0.15428873168097598,0.15520627516906965,24.36000083817376,184486.4393162998,107.19636091988617,150.14504217425525,11.744120666223402,9.305044389771211,0.049905601393842716,0.05020461376430706,2.535143683651602,15512.726332839267,28.80121352447272,5.842381191627725,371397060.0,662514840.0,560307055.0,644222155.0,662518080.0,662518080.0,651172320.0,651424320.0,150552720.0,150552720.0,141749399.0,148935311.0,150552720.0,150552720.0,147004272.0,147004272.0,4,Pakistan,Wheat,1481.9
199,1985,37.232127539158526,7.077792559935171,0.147286493372586,0.1476805526869578,24.801495345433555,184937.3908766367,102.20444129894709,157.99011640999427,11.744120666223402,6.819642170415352,0.04845590854785891,0.04853117092942253,2.4228208176309227,14875.668233458533,28.84104427402677,6.691302120517967,371397060.0,662514840.0,570315100.0,646243305.0,662518080.0,662518080.0,651172320.0,651424320.0,150552720.0,150552720.0,142675249.0,148945822.0,150552720.0,150552720.0,147004272.0,147004272.0,4,Pakistan,Wheat,1612.3
199,1986,37.232127539158526,8.051497418088328,0.15694732416202037,0.1577345139051214,24.00016566382514,184337.56976690664,106.45707118261907,156.2686815631073,11.744120666223402,8.267512813769397,0.0541759183977069,0.05362588292156666,2.494829586367913,15412.158120070448,31.47163090422594,6.614369952020315,371397060.0,662514840.0,508135995.0,645214650.0,662518080.0,662518080.0,651172320.0,651424320.0,150552720.0,150552720.0,127016819.0,148941529.0,150552720.0,150552720.0,147004272.0,147004272.0,4,Pakistan,Wheat,1880.6
199,1987,37.232127539158526,6.135164098014777,0.15687657973983066,0.15574740067338044,24.903757180107963,187447.3159937244,106.08581048606906,156.83027246287546,11.744120666223402,6.2779680227729875,0.05119744113987802,0.050432242340806,2.6183135821303107,14671.509281565173,30.62547747860703,6.280019535583099,371397060.0,662514840.0,508795980.0,640961235.0,662518080.0,662518080.0,651172320.0,651424320.0,150552720.0,150552720.0,126779950.0,148916128.0,150552720.0,150552720.0,147004272.0,147004272.0,4,Pakistan,Wheat,1559.3
199,1988,37.232127539158526,10.024590474585889,0.1641332600372178,0.16345764066165067,25.142509545220268,183691.32613509978,107.42758317408492,154.21751879315545,11.744120666223402,9.307830567390496,0.04972230452367967,0.049790760799479736,2.4640107710605457,14818.404402401937,29.840543799768476,5.881898491345161,371397060.0,662514840.0,571639610.0,640091380.0,662518080.0,662518080.0,651172320.0,651424320.0,150552720.0,150552720.0,142058190.0,148907722.0,150552720.0,150552720.0,147004272.0,147004272.0,4,Pakistan,Wheat,1734.3
199,1989,37.232127539158526,7.945358741531245,0.16730114325053158,0.1676627007475666,24.215837886598376,186078.30154151356,117.47940749781127,159.70651588895007,11.744120666223402,6.909308965779323,0.04803114066014303,0.04816076059692143,2.400937099442129,13800.522992467291,31.877489706756098,6.605073930935859,371397060.0,662514840.0,586055590.0,640091380.0,662518080.0,662518080.0,651172320.0,651424320.0,150552720.0,150552720.0,146504400.0,148907722.0,150552720.0,150552720.0,147004272.0,147004272.0,4,Pakistan,Wheat,1865.5
199,1990,37.232127539158526,9.369636159566872,0.16410431952940088,0.16437352291804547,24.71959833568997,180829.92986361956,117.49307761048709,157.82578238110895,11.744120666223402,9.933408064892204,0.049508098528072815,0.049523660766075506,2.650614216579151,15255.389098875008,32.840315955754576,7.1177585049068774,371397060.0,662514840.0,590213015.0,640066945.0,662518080.0,662518080.0,651172320.0,651424320.0,150552720.0,150552720.0,147054431.0,148907376.0,150552720.0,150552720.0,147004272.0,147004272.0,4,Pakistan,Wheat,1824.9
199,1991,37.232127539158526,6.367971180099783,0.16270631588995452,0.16293936343993376,24.2339090930091,184645.25823285902,113.42275931335136,157.78719920729642,11.744120666223402,7.510361748950895,0.050962649145987124,0.05095982964721457,2.5955587959393664,15312.378070833682,31.738631042534863,7.055466666245877,371397060.0,662514840.0,582121560.0,641113975.0,662518080.0,662518080.0,651172320.0,651424320.0,150552720.0,150552720.0,142673383.0,148915215.0,150552720.0,150552720.0,147004272.0,147004272.0,4,Pakistan,Wheat,1841.0
199,1992,37.232127539158526,9.6558343457321,0.17243031569653083,0.17252840787415627,23.99245612886217,178976.71637787676,115.58591503746578,153.8758526004541,11.744120666223402,9.036128126896408,0.04800375335963863,0.04804613378774839,2.549882013801001,13371.981878433415,30.76870083373094,6.608447161456452,371397060.0,662514840.0,615743920.0,641808160.0,662518080.0,662518080.0,651172320.0,651424320.0,150552720.0,150552720.0,147404526.0,148919325.0,150552720.0,150552720.0,147004272.0,147004272.0,4,Pakistan,Wheat,1991.0
199,1993,37.232127539158526,6.444555134615828,0.15577301863167017,0.15570016963560065,24.84863385624356,185015.07506684397,117.10279009192895,154.59792628331905,11.744120666223402,6.218188869198799,0.04709183090040074,0.047149475357816134,2.625236450225886,13486.802027701895,28.406802740186308,6.015071448735194,371397060.0,662514840.0,614014165.0,642046060.0,662518080.0,662518080.0,651172320.0,651424320.0,150552720.0,150552720.0,147747618.0,148920726.0,150552720.0,150552720.0,147004272.0,147004272.0,4,Pakistan,Wheat,1946.6
199,1994,37.232127539158526,9.36951762063413,0.16538874775999118,0.16547291843275563,24.28261465496487,177689.90301577435,113.32308494076028,150.39457019100445,11.744120666223402,8.69579026656912,0.04626791765958456,0.046320629269358114,2.3909444742681285,13804.193039430791,26.669019922806818,5.7978670553434455,371397060.0,662514840.0,617802100.0,642219105.0,662518080.0,662518080.0,651172320.0,651424320.0,150552720.0,150552720.0,147059779.0,148922353.0,150552720.0,150552720.0,147004272.0,147004272.0,4,Pakistan,Wheat,1893.5
199,1995,37.232127539158526,10.045594221860219,0.16819900228745405,0.16818412659878504,24.324826818042332,181143.34072185424,119.15236869650472,154.97269890722498,11.744120666223402,9.526611121099311,0.046609568886304124,0.04661200115826831,2.5649585176382446,14582.367658537349,30.643626880326433,6.058285583302225,371397060.0,662514840.0,616790255.0,642174170.0,662518080.0,662518080.0,651172320.0,651424320.0,150552720.0,150552720.0,147684284.0,148921226.0,150552720.0,150552720.0,147004272.0,147004272.0,4,Pakistan,Wheat,2081.1
199,1996,37.232127539158526,8.40846381682608,0.16194341873957047,0.16197911696734152,24.37179748747084,183065.82634499975,119.03259781232444,154.65852203042306,11.744120666223402,9.094781799113825,0.05183981183214472,0.051857815460742085,2.595814923640934,16029.895266650403,30.35228360699531,6.300323499434796,371397060.0,662514840.0,597746225.0,641768215.0,662518080.0,662518080.0,651172320.0,651424320.0,150552720.0,150552720.0,146911841.0,148920655.0,150552720.0,150552720.0,147004272.0,147004272.0,4,Pakistan,Wheat,2018.4
199,1997,37.232127539158526,9.24854819123839,0.17136348320378195,0.1713415360248726,23.79474489423964,177577.22147335013,122.25324639653708,151.84507833982545,11.744120666223402,9.142583208653372,0.0515038923774811,0.05149978036808131,2.5622577961325455,15798.818243924141,32.117939012314444,5.878864569669953,371397060.0,662514840.0,608882285.0,641438920.0,662518080.0,662518080.0,651172320.0,651424320.0,150552720.0,150552720.0,147689887.0,148919765.0,150552720.0,150552720.0,147004272.0,147004272.0,4,Pakistan,Wheat,2053.3
199,1998,37.232127539158526,7.1392257951065154,0.17899603893359498,0.17906811381237955,24.8168440024058,182057.67393458352,123.20336550331687,153.68995496722204,11.744120666223402,6.8640412748092245,0.0537882593122697,0.05372502789977951,2.596595108707195,15050.077971214167,30.541480393017718,5.907101294382776,371397060.0,662514840.0,612549550.0,641213975.0,662518080.0,662518080.0,651172320.0,651424320.0,150552720.0,150552720.0,147496551.0,148917727.0,150552720.0,150552720.0,147004272.0,147004272.0,4,Pakistan,Wheat,2237.6
199,1999,37.232127539158526,5.804610611346331,0.16605882073442138,0.16634297342496118,25.106526109907364,185430.56243535428,115.39522055668252,152.72272055176327,11.744120666223402,6.0674933129506154,0.04956357258777885,0.0497290960153932,2.30503228972424,14338.32515366245,28.22415943211733,5.762928348552191,371397060.0,662514840.0,609594935.0,641816845.0,662518080.0,662518080.0,651172320.0,651424320.0,150552720.0,150552720.0,146035739.0,148921983.0,150552720.0,150552720.0,147004272.0,147004272.0,4,Pakistan,Wheat,2169.8
199,2000,29.200484095123407,6.303475304118455,0.15567344882422018,0.15521171692864547,24.915317010879516,188311.37035302285,97.11793697142934,149.84674070477644,10.084498110553943,6.048105410825356,0.051779901507620865,0.051910254304938536,2.3804545706373967,14654.875827792832,31.193816357198237,5.730508946157981,226964870.0,662514840.0,610940750.0,641705760.0,662518080.0,662518080.0,651172320.0,651424320.0,92004440.0,150552720.0,146325199.0,148919108.0,150552720.0,150552720.0,147004272.0,147004272.0,4,Pakistan,Wheat,2490.7
199,2001,32.83583909927668,7.571355801168209,0.15741545309623078,0.15754941889696272,24.933842759662205,184559.55717816597,113.1164306838466,156.00728540849317,11.43749359399412,5.95034653851842,0.049210961108208294,0.049473788546733385,2.376968235398693,13442.993483712793,32.310509920666696,6.591873798311326,371397060.0,662514840.0,600595425.0,641486460.0,662518080.0,662518080.0,651172320.0,651424320.0,150552720.0,150552720.0,145029753.0,148916466.0,150552720.0,150552720.0,147004272.0,147004272.0,4,Pakistan,Wheat,2325.4
199,2002,32.283057314802484,5.588135274563962,0.14607379577226104,0.14548769788039925,25.440501313739354,188622.54590806158,113.20815084679909,157.58759454180023,11.164628404811422,6.092769638905135,0.04940471581149875,0.04962902219136698,2.3323295096670273,14272.327115021677,30.68518294298872,6.647850193989846,371397060.0,662514840.0,615405025.0,641508360.0,662518080.0,662518080.0,651172320.0,651424320.0,150552720.0,150552720.0,146656880.0,148915635.0,150552720.0,150552720.0,147004272.0,147004272.0,4,Pakistan,Wheat,2262.1
199,2003,34.21387241754858,9.413738246949716,0.1642464375744263,0.16407953033602674,24.704559977849325,183839.89282605436,119.02151510639457,154.5837545154342,11.204576690813678,8.388394176868735,0.04917406895717965,0.049155832401848835,2.32179067602372,13935.002779012779,30.810254812542603,6.340548273904738,371397060.0,662514840.0,609338420.0,640686860.0,662518080.0,662518080.0,651172320.0,651424320.0,150552720.0,150552720.0,147924393.0,148910863.0,150552720.0,150552720.0,147004272.0,147004272.0,4,Pakistan,Wheat,2387.8
199,2004,34.12519594710385,6.782205681154124,0.15304768818120157,0.152601031404045,25.435382689370048,187583.86297594247,117.77765876645998,156.9620941245223,11.07998084991061,7.623508480815579,0.05166040965895597,0.051722644710198204,2.3172822951939542,13029.651544533717,29.629648215036077,6.19060288787757,371397060.0,662514840.0,605901100.0,640553555.0,662518080.0,662518080.0,651172320.0,651424320.0,150552720.0,150552720.0,147335733.0,148910295.0,150552720.0,150552720.0,147004272.0,147004272.0,4,Pakistan,Wheat,2373.3
199,2005,36.05281602488887,8.625692000833757,0.16858486591113933,0.16858196506962048,24.33991290728251,181931.23578457345,121.11549277780667,153.9083001137318,11.67759761346633,8.108675009149106,0.04691713717385305,0.04690705275536631,2.367394601964736,14246.950613406494,30.586904383225576,6.059405935386559,371397060.0,662514840.0,608828285.0,640752335.0,662518080.0,662518080.0,651172320.0,651424320.0,150552720.0,150552720.0,148279155.0,148911960.0,150552720.0,150552720.0,147004272.0,147004272.0,4,Pakistan,Wheat,2585.8
199,2006,35.012003954259946,9.744187786999833,0.16688675139513276,0.1668368601947522,25.218120760387844,180982.61502594966,112.74572619646308,153.9706388725571,11.373181692036962,9.376072919425821,0.047601934970609064,0.04761125932502242,2.2445059819273765,13724.342425601171,30.220497535041925,5.981371233306549,371397060.0,662514840.0,607377700.0,640535470.0,662518080.0,662518080.0,651172320.0,651424320.0,150552720.0,150552720.0,148150860.0,148909003.0,150552720.0,150552720.0,147004272.0,147004272.0,4,Pakistan,Wheat,2518.6
199,2007,37.232127539158526,10.408384662706643,0.16550907683041358,0.16598941633528372,24.81741958194309,182665.74517098803,118.05317606417205,154.32358920311407,11.504274986078553,9.003404714090514,0.0420607305317042,0.042209429466425,2.266273731574592,12710.613835325177,34.25514316328109,12.75262796507149,371397060.0,662514840.0,623039250.0,643251510.0,662518080.0,662518080.0,660311960.0,660360960.0,150552720.0,150552720.0,147493515.0,148920286.0,150552720.0,150552720.0,149862744.0,149862744.0,4,Pakistan,Wheat,2715.6
199,2008,34.73102025865758,9.94892358541293,0.16386136640277169,0.16439672396600613,24.633486800723606,182390.64919715567,126.05218749569494,155.54058495762803,10.921532921697208,9.03704676700137,0.04364363574827704,0.04372867156915343,2.199439644589217,14253.36341610393,32.415667795062525,14.922817816971612,371397060.0,662514840.0,622407005.0,643203540.0,662518080.0,662518080.0,662518080.0,662518080.0,150552720.0,150552720.0,147383458.0,148917549.0,150552720.0,150552720.0,150552720.0,150552720.0,4,Pakistan,Wheat,2451.4
199,2009,35.599149341713975,7.98941528132954,0.15337607959906258,0.15338856362921674,24.9966591252221,186045.51588965798,128.151294497541,157.40387881324622,11.544314000327761,7.421444832141775,0.04022235114860728,0.04021691575761473,2.2552034839127857,13183.103090904628,32.90888408402511,14.640568438867435,371397060.0,662514840.0,621199445.0,643297485.0,662518080.0,662518080.0,662518080.0,662518080.0,150552720.0,150552720.0,148078009.0,148918657.0,150552720.0,150552720.0,150552720.0,150552720.0,4,Pakistan,Wheat,2656.8
199,2010,35.037727761556006,11.053847939319379,0.16275014881458544,0.16262239320431648,25.21491380797492,182083.61853053566,124.95648591993108,156.7198883227416,11.874827382622087,9.209618012553204,0.04098947525146702,0.040942687247957237,2.2193053597760564,13563.787882961007,34.4469399199113,14.762434214395125,371397060.0,662514840.0,622091580.0,643433050.0,662518080.0,662518080.0,662518080.0,662518080.0,150552720.0,150552720.0,147793333.0,148918505.0,150552720.0,150552720.0,150552720.0,150552720.0,4,Pakistan,Wheat,2552.8
199,2011,38.40132894943285,11.428137952681434,0.17000564552015723,0.17004871985811543,24.763566965527005,179288.1557738921,132.0943551460585,154.9691017406054,12.224889049459922,9.892473744646887,0.04575018118650436,0.04576269046049694,2.1788792950573357,13692.684941171143,33.1677201907058,15.047571094339947,371397060.0,662514840.0,626344960.0,642719720.0,662518080.0,662518080.0,662518080.0,662518080.0,150552720.0,150552720.0,148225596.0,148918824.0,150552720.0,150552720.0,150552720.0,150552720.0,4,Pakistan,Wheat,2832.8
199,2012,35.9998259851885,9.616467241407499,0.15124487893448932,0.15131323633402335,24.48699697388543,184253.15643617668,127.70940958663496,155.18076344820312,11.744120666223402,8.64762612148015,0.042411887802265874,0.04243434891673577,2.151151026787649,13540.366040935434,33.19230542942741,15.078643174114632,371397060.0,662514840.0,630879275.0,643657155.0,662518080.0,662518080.0,662518080.0,662518080.0,150552720.0,150552720.0,148381783.0,148924381.0,150552720.0,150552720.0,150552720.0,150552720.0,4,Pakistan,Wheat,2713.8
199,2013,38.063449020214534,10.49901167294886,0.16094219345185487,0.1610044078755561,24.80109150674608,180335.18734468104,130.11851678451293,155.53842080676117,11.714608593047355,10.38117965844891,0.04590113716565231,0.04591585976088646,2.2977329131708726,14244.827332135479,32.58715103949074,14.882067237505433,371397060.0,662514840.0,632064020.0,643817175.0,662518080.0,662518080.0,662518080.0,662518080.0,150552720.0,150552720.0,148411787.0,148925046.0,150552720.0,150552720.0,150552720.0,150552720.0,4,Pakistan,Wheat,2795.7
199,2014,37.89429596525795,9.4678391871675,0.15667443784574664,0.15687384950148114,24.4641753938463,183146.5572640522,130.82119713993134,155.55112227057722,11.881804146263539,10.797995950886698,0.050921952057454326,0.05103419086683707,2.317568415469754,14538.481968206333,33.53620297900584,15.036418469860859,371397060.0,662514840.0,620862470.0,642740960.0,662518080.0,662518080.0,662518080.0,662518080.0,150552720.0,150552720.0,147997532.0,148924673.0,150552720.0,150552720.0,150552720.0,150552720.0,4,Pakistan,Wheat,2824.1
199,2015,38.407912378697084,11.528869766460497,0.16734227947890754,0.1675086513301996,24.49296982023451,179234.21453121086,131.50837109107488,155.2261292975064,11.696023295893411,10.722281433188407,0.04951452368223814,0.04960117475720317,2.3007819381862262,15737.777246122,33.15905531671381,14.92639333728721,371397060.0,662514840.0,626041510.0,643171120.0,662518080.0,662518080.0,662518080.0,662518080.0,150552720.0,150552720.0,148065429.0,148922447.0,150552720.0,150552720.0,150552720.0,150552720.0,4,Pakistan,Wheat,2725.6
199,2016,38.283126380703806,10.610930595043724,0.14913381342258714,0.14928616309077813,25.4676658683353,183260.24448953115,130.73745373540999,156.14955060367504,11.797306240638715,9.407692403434433,0.04474835031840277,0.04483614380112458,2.247449094297702,13505.864478126412,32.83336853644974,14.964762284712368,371397060.0,662514840.0,622394685.0,642318620.0,662518080.0,662518080.0,662518080.0,662518080.0,150552720.0,150552720.0,148104007.0,148917364.0,150552720.0,150552720.0,150552720.0,150552720.0,4,Pakistan,Wheat,2779.0
199,2017,39.094911608346166,10.61321750394673,0.14926692839297978,0.14938184873206753,25.08829690085517,182124.46821638508,132.35317733612916,155.43191614188396,12.222003076364551,9.353461623142561,0.046878814345043415,0.046902649667943094,2.1134910595110883,13858.29705365322,32.745854607772856,14.933758278688657,371397060.0,662514840.0,622227645.0,641757730.0,662518080.0,662518080.0,662518080.0,662518080.0,150552720.0,150552720.0,148043922.0,148914166.0,150552720.0,150552720.0,150552720.0,150552720.0,4,Pakistan,Wheat,2972.9
199,2018,37.09415052991714,8.627778437901894,0.14055863854785755,0.14074707819838303,25.17350426779853,185831.39003416456,126.47348397737431,155.51861855955224,11.862473575818303,9.486253565501295,0.048477964012679405,0.04858697981329927,2.293658480025164,13885.465301533412,33.86826607360288,15.18177894046669,371397060.0,662514840.0,620922900.0,641956565.0,662518080.0,662518080.0,662518080.0,662518080.0,150552720.0,150552720.0,147952922.0,148916711.0,150552720.0,150552720.0,150552720.0,150552720.0,4,Pakistan,Wheat,2850.5
199,2019,40.77872660010747,12.51447696075938,0.16606342448956432,0.1661746454070139,24.51391248173184,177618.95998717222,134.20787944784487,154.04097940205833,12.307734376887938,10.864426792777923,0.04894695157438545,0.048959623382618264,2.2210347416284213,13809.324905240359,34.31778591439419,15.071093000811002,371397060.0,662514840.0,627352825.0,642337745.0,662518080.0,662518080.0,662518080.0,662518080.0,150552720.0,150552720.0,148021369.0,148918893.0,150552720.0,150552720.0,150552720.0,150552720.0,4,Pakistan,Wheat,2805.9
199,2020,41.15955725901946,13.215159342676765,0.17372522114051708,0.17378594680615742,24.44226573838128,180871.28848037397,137.7200285572978,154.18198309007678,12.316871750656803,11.835233577855222,0.04857541624098231,0.048570864132453165,2.2321679998695405,14265.1347665799,33.179019505967574,15.041018705531954,371397060.0,662514840.0,626149015.0,643178075.0,662518080.0,662518080.0,662518080.0,662518080.0,150552720.0,150552720.0,148312077.0,148919436.0,150552720.0,150552720.0,150552720.0,150552720.0,4,Pakistan,Wheat,2867.5
199,2021,39.47858367266215,10.877032007069337,0.15497633852064605,0.1550531816528862,24.98833795653449,185997.77352833672,139.46360598142914,154.9722227773741,12.149700933555462,10.95404983591357,0.04941333886642201,0.04942832777394398,2.082483212245223,13444.588603498336,36.04513074148213,14.94339691114962,371397060.0,662514840.0,621707920.0,643313450.0,662518080.0,662518080.0,662518080.0,662518080.0,150552720.0,150552720.0,148349917.0,148923582.0,150552720.0,150552720.0,150552720.0,150552720.0,4,Pakistan,Wheat,2995.6
199,2022,40.132397752216065,13.147482456091156,0.1716580498549673,0.17168232459840826,25.38444668451945,180804.49934626927,149.0319240287346,156.24637500580346,12.808452959118497,9.137653593586325,0.04778351075473645,0.04775154828497138,2.0342558328927516,13221.598613994356,39.048002511831754,14.829701542177393,371397060.0,662514840.0,627985790.0,643361580.0,662518080.0,662518080.0,662518080.0,662518080.0,150552720.0,150552720.0,148206232.0,148921447.0,150552720.0,150552720.0,150552720.0,150552720.0,4,Pakistan,Wheat,2919.6
220,1992,30.2775404271094,13.764039708067447,0.24880730159142433,0.24271944111610202,4.47436083190971,166459.9766911551,93.27522507662644,164.98495271393165,9.700365581132651,4.904441143600465,0.036209130281118294,0.03133914719171886,3.189920061577685,10818.00828601191,21.848807521853278,26.573523145414633,26271360.0,28351080.0,17859325.0,27791280.0,28351080.0,28351080.0,27217800.0,27219960.0,7962228.0,7962228.0,5091906.0,7947612.0,7962228.0,7962228.0,7947324.0,7947504.0,26,Armenia,Wheat,2160.0
220,1993,30.2775404271094,14.198936908812525,0.2425834057085654,0.23961179540603553,4.987330072042015,165811.96072518223,99.88773340485515,169.39300517733878,9.700365581132651,5.014985689481982,0.035277561992439865,0.03230710413308939,3.096694463374112,10831.490032415617,21.88718810585877,25.155738384468382,26271360.0,28351080.0,17541150.0,27791280.0,28351080.0,28351080.0,27217800.0,27219960.0,7962228.0,7962228.0,5005127.0,7947612.0,7962228.0,7962228.0,7947324.0,7947504.0,26,Armenia,Wheat,2225.7
220,1994,30.2775404271094,12.602548555016805,0.2535631587107976,0.24175583271297899,6.039382975796858,161310.04272316865,102.99137255079835,165.27785789763945,9.700365581132651,4.573574199225618,0.035051921178768576,0.03283295743647468,3.178785580504834,11291.692573168497,23.968184084217214,25.852896608255616,26271360.0,28351080.0,19043995.0,27791280.0,28351080.0,28351080.0,27217800.0,27219960.0,7962228.0,7962228.0,5397136.0,7947612.0,7962228.0,7962228.0,7947324.0,7947504.0,26,Armenia,Wheat,1784.2
220,1995,30.2775404271094,11.935830482021696,0.2507430665194988,0.23779919755836612,6.324962205895119,167549.73918886893,108.30207701394713,143.46795317060509,9.700365581132651,4.013070989502955,0.038110727038470696,0.033202742778054815,3.320004817307448,10715.432028291547,33.958579555885336,27.71566229845268,26271360.0,28351080.0,18718360.0,27791280.0,28351080.0,28351080.0,27217800.0,27219960.0,7962228.0,7962228.0,5294505.0,7947612.0,7962228.0,7962228.0,7947324.0,7947504.0,26,Armenia,Wheat,2548.0
220,1996,30.2775404271094,12.404410736751007,0.2386614396340317,0.2316324392500085,6.635823673009872,165285.024716371,104.93544425705119,141.76570380200207,9.700365581132651,4.52676502932934,0.03809233268141236,0.03265935184993264,3.2601427836400103,11240.172428123922,31.054951419084606,27.553023992169226,26271360.0,28351080.0,19060815.0,27791280.0,28351080.0,28351080.0,27217800.0,27219960.0,7962228.0,7962228.0,5425986.0,7947612.0,7962228.0,7962228.0,7947324.0,7947504.0,26,Armenia,Wheat,2356.9
220,1997,30.2775404271094,12.818851188652065,0.23856643794311413,0.2340874880367475,5.9729692849848,168864.25432677538,108.72325448429045,149.13494600527102,9.700365581132651,4.889140166156634,0.03693282635762741,0.03249920226502544,3.2784359399667786,11150.306620001675,31.238534221256916,31.146138720038874,26271360.0,28351080.0,19416820.0,27791280.0,28351080.0,28351080.0,27217800.0,27219960.0,7962228.0,7962228.0,5529973.0,7947612.0,7962228.0,7962228.0,7947324.0,7947504.0,26,Armenia,Wheat,1700.9
220,1998,30.2775404271094,13.238746286854711,0.24227323987417748,0.2317890374049386,7.201420041246132,168185.08451473588,109.35313595115412,143.8327896191134,9.700365581132651,5.5587262889452065,0.03553333522902074,0.032695600459315154,3.3461547864269505,10434.662820885906,26.765675574600056,27.846552735943522,26271360.0,28351080.0,20154115.0,27791280.0,28351080.0,28351080.0,27217800.0,27219960.0,7962228.0,7962228.0,5724633.0,7947612.0,7962228.0,7962228.0,7947324.0,7947504.0,26,Armenia,Wheat,2065.1
220,1999,30.2775404271094,13.637527323809834,0.2458152517676353,0.2374456065724349,7.108025245026996,168797.59188027866,109.0090303819912,138.35012396303154,9.700365581132651,4.760994086305036,0.03800691475244827,0.033053048352639794,3.4213293502473334,10616.581478411048,29.12480253860208,30.65144386838834,26271360.0,28351080.0,19633600.0,27791280.0,28351080.0,28351080.0,27217800.0,27219960.0,7962228.0,7962228.0,5530403.0,7947612.0,7962228.0,7962228.0,7947324.0,7947504.0,26,Armenia,Wheat,1946.6
220,2000,30.2775404271094,11.91104382474808,0.22996680662035937,0.22540554258143825,6.561762998372109,172771.3403337945,89.66065598831509,152.7912614042494,9.689968718142644,4.1493108749102365,0.04120779376977695,0.032961831369473636,3.4352570061154446,10117.796182041833,22.61520801022307,29.752789364614742,16054720.0,28351080.0,18673475.0,27791280.0,28351080.0,28351080.0,27217800.0,27219960.0,4865806.0,7962228.0,5312344.0,7947612.0,7962228.0,7962228.0,7947324.0,7947504.0,26,Armenia,Wheat,1667.9
220,2001,27.76772893302638,15.619978464528696,0.2386630073189735,0.23330676722358085,7.225182170338101,168614.77366591513,108.9878018471753,146.33570744918757,9.979885761238522,5.3191314159376395,0.03743014075852666,0.03396526530286701,3.422540008204628,10099.063144345919,31.009420366524097,30.464892782360987,26271360.0,28351080.0,19978950.0,27791280.0,28351080.0,28351080.0,27217800.0,27219960.0,7962228.0,7962228.0,5683879.0,7947612.0,7962228.0,7962228.0,7947324.0,7947504.0,26,Armenia,Wheat,2226.3
220,2002,30.639828601648787,16.198977302230766,0.25283538343177897,0.25020197595754434,6.456171024011241,165190.74829010986,113.41361429551417,145.57297710717418,9.966695743684635,5.426567672563351,0.035747311079900555,0.0333209323070562,3.286549434509817,10629.549250890817,30.77903216139461,27.00019443094705,26271360.0,28351080.0,21559560.0,27791280.0,28351080.0,28351080.0,27217800.0,27219960.0,7962228.0,7962228.0,6195467.0,7947612.0,7962228.0,7962228.0,7947324.0,7947504.0,26,Armenia,Wheat,2387.7
220,2003,27.661800278235393,16.572584216900186,0.26264798219005264,0.25386012369924915,6.12725100380679,165521.88804848504,105.51803640723901,154.86439888135848,8.85185456456994,4.948431148554275,0.0320586281578315,0.028337396168474156,3.3044003553972425,11355.90244042675,27.840392297684602,28.43396787559867,26271360.0,28351080.0,16142920.0,27791280.0,28351080.0,28351080.0,27217800.0,27219960.0,7962228.0,7962228.0,4702566.0,7947612.0,7962228.0,7962228.0,7947324.0,7947504.0,26,Armenia,Wheat,1718.3
220,2004,30.137737528838983,13.904754250178373,0.26044146774543653,0.2523324952543906,6.270558775133557,168463.9902698143,111.90061277422653,148.01499014443564,10.143295024885361,4.409031361582602,0.03186705817980086,0.029637528706205,3.3996560625546928,10379.072937719786,31.91539718856538,29.489362089180666,26271360.0,28351080.0,16790555.0,27791280.0,28351080.0,28351080.0,27217800.0,27219960.0,7962228.0,7962228.0,4885714.0,7947612.0,7962228.0,7962228.0,7947324.0,7947504.0,26,Armenia,Wheat,2341.6
220,2005,30.57007281097642,15.950505301430416,0.2637632865872648,0.25367372429451157,6.613913429062814,165163.76675184217,115.46971000291511,145.0230398729309,9.591203106107937,5.389181671212643,0.034885611739724466,0.03033147471657364,3.3093296683687172,11452.167035190689,28.18227580403532,26.77830713502753,26271360.0,28351080.0,16609630.0,27791280.0,28351080.0,28351080.0,27217800.0,27219960.0,7962228.0,7962228.0,4827407.0,7947612.0,7962228.0,7962228.0,7947324.0,7947504.0,26,Armenia,Wheat,2025.2
220,2006,29.761069136213766,15.989056881347526,0.255172934106418,0.24828804596543755,6.906826537019676,168964.89815295942,109.05079961439264,151.7078684547501,9.336476084243515,5.072530146871109,0.03387074865336406,0.030644914952692066,3.3542597739116395,10164.410078493163,29.61749233821029,25.04624938403744,26271360.0,28351080.0,16570755.0,27791280.0,28351080.0,28351080.0,27217800.0,27219960.0,7962228.0,7962228.0,4808797.0,7947612.0,7962228.0,7962228.0,7947324.0,7947504.0,26,Armenia,Wheat,1462.7
220,2007,29.81646475490949,17.316683031151058,0.25859164620439207,0.2528480889624301,6.222180743722452,164979.20392473316,108.0973779783132,140.12910563767016,9.896966693646798,5.669272192142988,0.0305395896330978,0.02890762254466049,3.4393656639857153,11739.589827143398,30.47923083474228,24.246217126211704,26271360.0,28351080.0,21022260.0,27791280.0,28351080.0,28351080.0,28130720.0,28131140.0,7962228.0,7962228.0,6019938.0,7947612.0,7962228.0,7962228.0,7959330.0,7959365.0,26,Armenia,Wheat,2583.7
220,2008,30.483068324711663,13.217472675097676,0.24186420721667148,0.24471212175652848,6.6277005390988455,168166.25273030996,116.88724753768423,126.55289556778112,8.903890284017432,4.527417704698326,0.028939725803779095,0.029226818948489643,3.3311174871657028,11739.61394967645,28.020904402819234,13.623708220271856,26271360.0,28351080.0,20532630.0,27791280.0,28351080.0,28351080.0,28351080.0,28351080.0,7962228.0,7962228.0,5878410.0,7947612.0,7962228.0,7962228.0,7962228.0,7962228.0,26,Armenia,Wheat,2432.2
220,2009,32.840569763221495,21.07064401019975,0.2591136799090438,0.25386169763659894,6.434064861925112,165760.17182568635,120.63839897506493,124.50006975281839,10.06780676531471,7.338198562967975,0.027754887685060486,0.02766865324529177,3.4097795586458237,10352.114310793833,31.303354330480264,16.083574381330745,26271360.0,28351080.0,21048570.0,27791280.0,28351080.0,28351080.0,28351080.0,28351080.0,7962228.0,7962228.0,6107336.0,7947612.0,7962228.0,7962228.0,7962228.0,7962228.0,26,Armenia,Wheat,2237.4
220,2010,34.74109472884516,18.99095617898418,0.2515630391736825,0.2490565398904053,8.52080751779334,166505.97587517736,131.5904558818316,133.2475513329667,9.700365581132651,5.627977735930086,0.032171456797813476,0.03109494617276157,3.2850131711060713,9825.034495574448,27.82303814418348,11.954337804766071,26271360.0,28351080.0,23835835.0,27791280.0,28351080.0,28351080.0,28351080.0,28351080.0,7962228.0,7962228.0,6871548.0,7947612.0,7962228.0,7962228.0,7962228.0,7962228.0,26,Armenia,Wheat,2119.2
220,2011,31.595385401846524,16.97129463642578,0.24585258124603163,0.2387993750031384,6.029532514088269,163946.82094642537,116.2329069714238,124.20282514296197,9.600101089356217,5.006885362639606,0.038129030966639034,0.034011969640979495,3.4085205508784004,11862.69030888392,32.33157364287175,17.023518557549004,26271360.0,28351080.0,20046985.0,27791280.0,28351080.0,28351080.0,28351080.0,28351080.0,7962228.0,7962228.0,5752210.0,7947612.0,7962228.0,7962228.0,7962228.0,7962228.0,26,Armenia,Wheat,2880.0
220,2012,30.091444624412095,15.236858669106972,0.23509871897598103,0.2334517536796929,7.019896173352996,166216.91565384815,113.80729204026491,125.89216681201943,9.392652116205214,5.892658323681153,0.03900890853960226,0.03765155553823219,3.398130549560305,10561.93589939728,30.462358441828954,15.903817935244474,26271360.0,28351080.0,21587915.0,27791280.0,28351080.0,28351080.0,28351080.0,28351080.0,7962228.0,7962228.0,6164495.0,7947612.0,7962228.0,7962228.0,7962228.0,7962228.0,26,Armenia,Wheat,2601.0
220,2013,31.233068598731947,13.632271466609652,0.24345610373549986,0.2349598113763106,6.782879628758463,166151.1766877085,114.63861012852568,125.62158294603313,9.552300918359341,4.586188377469538,0.036896877773275376,0.03707666837139202,3.3952596885302393,11348.661598347178,30.450961033587802,15.361283929446794,26271360.0,28351080.0,21938720.0,27791280.0,28351080.0,28351080.0,28351080.0,28351080.0,7962228.0,7962228.0,6209109.0,7947612.0,7962228.0,7962228.0,7962228.0,7962228.0,26,Armenia,Wheat,3127.3
220,2014,30.09391092612841,14.681770592554198,0.23873864323570484,0.23189204657231957,7.476412553324675,168965.3561907219,114.60209091461375,128.81416921582382,9.619727370130338,4.514249095759712,0.03650943640202011,0.0362136703112834,3.363022681130166,10125.151386061956,30.7649898625869,15.688083168161306,26271360.0,28351080.0,22333283.0,27791280.0,28351080.0,28351080.0,28351080.0,28351080.0,7962228.0,7962228.0,6338437.0,7947612.0,7962228.0,7962228.0,7962228.0,7962228.0,26,Armenia,Wheat,3226.0
220,2015,31.845544932219017,16.467061828819,0.24393233540985315,0.23530081019566346,7.371982785231538,168560.81672199676,118.34709267338802,128.66948659599404,10.699431207245631,5.6696480890074,0.03719666621590831,0.03777656757202634,3.360657792083852,10148.57459309,33.177244371911556,16.515391891847575,26271360.0,28351080.0,21706820.0,27791280.0,28351080.0,28351080.0,28351080.0,28351080.0,7962228.0,7962228.0,6159703.0,7947612.0,7962228.0,7962228.0,7962228.0,7962228.0,26,Armenia,Wheat,3343.7
220,2016,33.21092951420326,17.372338153625694,0.25324103972978057,0.24670164697861452,6.6656481775248215,165973.40839283963,122.46942019843918,126.28142472054762,10.284242823050672,6.275807020860076,0.039912597008949294,0.038389314424642954,3.367666212400579,10756.400348731673,32.64693675820967,16.375830687706504,26271360.0,28351080.0,21329250.0,27791280.0,28351080.0,28351080.0,28351080.0,28351080.0,7962228.0,7962228.0,6022098.0,7947612.0,7962228.0,7962228.0,7962228.0,7962228.0,26,Armenia,Wheat,3242.7
220,2017,28.488565485957512,14.141038140520418,0.23327367033277235,0.2330153076319211,6.839104737403492,173910.66035845032,110.11511238082566,125.82523544948587,9.19458797746355,5.07895041566882,0.035958850961539876,0.03548635099919996,3.348961129557387,9496.1549556457,29.494112530709717,15.036861204996685,26271360.0,28351080.0,21679720.0,27791280.0,28351080.0,28351080.0,28351080.0,28351080.0,7962228.0,7962228.0,6195406.0,7947612.0,7962228.0,7962228.0,7962228.0,7962228.0,26,Armenia,Wheat,2178.3
220,2018,34.82219873757692,20.078333928821753,0.2496115168763531,0.2454024958768573,8.25698191643589,164705.8138526654,126.17354814386981,130.013707454902,10.730917999804426,7.43968717977899,0.03749192908304976,0.036695903359382824,3.389004166151454,9994.53575124162,32.116667683296,15.70824561759978,26271360.0,28351080.0,24274660.0,27791280.0,28351080.0,28351080.0,28351080.0,28351080.0,7962228.0,7962228.0,6871375.0,7947612.0,7962228.0,7962228.0,7962228.0,7962228.0,26,Armenia,Wheat,2824.0
220,2019,29.736594812420964,15.286708062583735,0.23436999014682236,0.230985966475857,7.420724904806249,169658.140972551,111.56504322871312,128.0670658338828,10.448182714631574,6.293478890644086,0.032787148891007686,0.033171080573285036,3.4050695110520723,9804.033970720235,34.645777018236245,20.280354658361425,26271360.0,28351080.0,22520185.0,27791280.0,28351080.0,28351080.0,28351080.0,28351080.0,7962228.0,7962228.0,6385906.0,7947612.0,7962228.0,7962228.0,7962228.0,7962228.0,26,Armenia,Wheat,1956.5
220,2020,31.23531341246452,15.520365798041542,0.24180708651741342,0.2386624990410335,7.253027398801512,167395.6232204671,120.33953781245596,131.87834432326554,9.590924255241966,5.354711187133866,0.03174396604656727,0.03051645728176275,3.3930245531875363,9536.284220128806,30.833940423825485,16.94393565358427,26271360.0,28351080.0,22133630.0,27791280.0,28351080.0,28351080.0,28351080.0,28351080.0,7962228.0,7962228.0,6314873.0,7947612.0,7962228.0,7962228.0,7962228.0,7962228.0,26,Armenia,Wheat,2252.8
220,2021,28.52365174257607,13.465142453432968,0.23793697075711354,0.233022594941668,7.751058708607323,172076.99915854473,111.91788614060917,130.33213722833852,10.065079050939008,5.18382180989768,0.03346166059294082,0.03239370488320202,3.439322869311583,10185.618162750303,34.42648331834031,20.202725285070713,26271360.0,28351080.0,23520215.0,27791280.0,28351080.0,28351080.0,28351080.0,28351080.0,7962228.0,7962228.0,6669421.0,7947612.0,7962228.0,7962228.0,7962228.0,7962228.0,26,Armenia,Wheat,1676.6
220,2022,29.122123403774065,13.314802499246413,0.23781886771321292,0.23285658861405045,7.573164803182913,171303.7670564535,116.11446332488302,131.87062444189112,10.35959117661976,5.242484558044273,0.032041152952738315,0.02999345296277931,3.457506336103949,9847.62389547713,33.90845780225774,19.11592429716663,26271360.0,28351080.0,22357075.0,27791280.0,28351080.0,28351080.0,28351080.0,28351080.0,7962228.0,7962228.0,6353220.0,7947612.0,7962228.0,7962228.0,7962228.0,7962228.0,26,Armenia,Wheat,2450.9
